offset,polarity,k,earth_max_rounds,leo_max_rounds,jitter_scale,seed,leo_enabled,earth_start,tail,livelock_min_preempted_rounds,outcome,decided_by,decided_ballot,rounds_overlapped,preempted_earth_rounds,preempted_leo_rounds,earth_success,earth_rounds,earth_p1_nacks,earth_p2_nacks,earth_late_nacks,earth_commit_latency_s,leo_success,leo_p1_quorums,leo_p2_failures,leo_p1_nacks,leo_p2_nacks,leo_late_nacks
-10.0,leo_high,5,1,8,1.0,40,1,20.0,45.0,3,leo_blocked,,,0,1,0,0,1,3,4,3,,0,8,8,0,0,0
-10.0,leo_high,5,1,8,1.0,41,1,20.0,45.0,3,leo_blocked,,,0,1,0,0,1,3,4,3,,0,8,8,0,0,0
-10.0,leo_high,5,1,8,1.0,42,1,20.0,45.0,3,leo_blocked,,,0,1,0,0,1,3,4,3,,0,8,8,0,0,0
-10.0,leo_high,5,1,8,1.0,43,1,20.0,45.0,3,leo_blocked,,,0,1,0,0,1,3,4,3,,0,8,8,0,0,0
-10.0,leo_high,5,1,8,1.0,44,1,20.0,45.0,3,leo_blocked,,,0,1,0,0,1,3,4,3,,0,8,8,0,0,0
-10.0,leo_high,5,1,8,1.0,45,1,20.0,45.0,3,leo_blocked,,,0,1,0,0,1,3,4,3,,0,8,8,0,0,0
-10.0,leo_high,5,1,8,1.0,46,1,20.0,45.0,3,leo_blocked,,,0,1,0,0,1,3,4,3,,0,8,8,0,0,0
-10.0,leo_high,5,1,8,1.0,47,1,20.0,45.0,3,leo_blocked,,,0,1,0,0,1,3,4,3,,0,8,8,0,0,0
-10.0,leo_high,5,1,8,1.0,48,1,20.0,45.0,3,leo_blocked,,,0,1,0,0,1,3,4,3,,0,8,8,0,0,0
-10.0,leo_high,5,1,8,1.0,49,1,20.0,45.0,3,leo_blocked,,,0,1,0,0,1,3,4,3,,0,8,8,0,0,0
-10.0,leo_high,5,1,8,1.0,50,1,20.0,45.0,3,leo_blocked,,,0,1,0,0,1,3,4,3,,0,8,8,0,0,0
-10.0,leo_high,5,1,8,1.0,51,1,20.0,45.0,3,leo_blocked,,,0,1,0,0,1,3,4,3,,0,8,8,0,0,0
-10.0,leo_high,5,1,8,1.0,52,1,20.0,45.0,3,leo_blocked,,,0,1,0,0,1,3,4,3,,0,8,8,0,0,0
-10.0,leo_high,5,1,8,1.0,53,1,20.0,45.0,3,leo_blocked,,,0,1,0,0,1,3,4,3,,0,8,8,0,0,0
-10.0,leo_high,5,1,8,1.0,54,1,20.0,45.0,3,leo_blocked,,,0,1,0,0,1,3,4,3,,0,8,8,0,0,0
-10.0,leo_high,5,1,8,1.0,55,1,20.0,45.0,3,leo_blocked,,,0,1,0,0,1,3,4,3,,0,8,8,0,0,0
-10.0,leo_high,5,1,8,1.0,56,1,20.0,45.0,3,leo_blocked,,,0,1,0,0,1,3,4,3,,0,8,8,0,0,0
-10.0,leo_high,5,1,8,1.0,57,1,20.0,45.0,3,leo_blocked,,,0,1,0,0,1,3,4,3,,0,8,8,0,0,0
-10.0,leo_high,5,1,8,1.0,58,1,20.0,45.0,3,leo_blocked,,,0,1,0,0,1,3,4,3,,0,8,8,0,0,0
-10.0,leo_high,5,1,8,1.0,59,1,20.0,45.0,3,leo_blocked,,,0,1,0,0,1,3,4,3,,0,8,8,0,0,0
-5.0,leo_high,5,1,8,1.0,40,1,20.0,45.0,3,leo_blocked,,,1,1,0,0,1,3,4,3,,0,8,8,0,0,0
-5.0,leo_high,5,1,8,1.0,41,1,20.0,45.0,3,leo_blocked,,,1,1,0,0,1,3,4,3,,0,8,8,0,0,0
-5.0,leo_high,5,1,8,1.0,42,1,20.0,45.0,3,leo_blocked,,,1,1,0,0,1,3,4,3,,0,8,8,0,0,0
-5.0,leo_high,5,1,8,1.0,43,1,20.0,45.0,3,leo_blocked,,,1,1,0,0,1,3,4,3,,0,8,8,0,0,0
-5.0,leo_high,5,1,8,1.0,44,1,20.0,45.0,3,leo_blocked,,,1,1,0,0,1,3,4,3,,0,8,8,0,0,0
-5.0,leo_high,5,1,8,1.0,45,1,20.0,45.0,3,leo_blocked,,,1,1,0,0,1,3,4,3,,0,8,8,0,0,0
-5.0,leo_high,5,1,8,1.0,46,1,20.0,45.0,3,leo_blocked,,,1,1,0,0,1,3,4,3,,0,8,8,0,0,0
-5.0,leo_high,5,1,8,1.0,47,1,20.0,45.0,3,leo_blocked,,,1,1,0,0,1,3,4,3,,0,8,8,0,0,0
-5.0,leo_high,5,1,8,1.0,48,1,20.0,45.0,3,leo_blocked,,,1,1,0,0,1,3,4,3,,0,8,8,0,0,0
-5.0,leo_high,5,1,8,1.0,49,1,20.0,45.0,3,leo_blocked,,,1,1,0,0,1,3,4,3,,0,8,8,0,0,0
-5.0,leo_high,5,1,8,1.0,50,1,20.0,45.0,3,leo_blocked,,,1,1,0,0,1,3,4,3,,0,8,8,0,0,0
-5.0,leo_high,5,1,8,1.0,51,1,20.0,45.0,3,leo_blocked,,,1,1,0,0,1,3,4,3,,0,8,8,0,0,0
-5.0,leo_high,5,1,8,1.0,52,1,20.0,45.0,3,leo_blocked,,,1,1,0,0,1,3,4,3,,0,8,8,0,0,0
-5.0,leo_high,5,1,8,1.0,53,1,20.0,45.0,3,leo_blocked,,,1,1,0,0,1,3,4,3,,0,8,8,0,0,0
-5.0,leo_high,5,1,8,1.0,54,1,20.0,45.0,3,leo_blocked,,,1,1,0,0,1,3,4,3,,0,8,8,0,0,0
-5.0,leo_high,5,1,8,1.0,55,1,20.0,45.0,3,leo_blocked,,,1,1,0,0,1,3,4,3,,0,8,8,0,0,0
-5.0,leo_high,5,1,8,1.0,56,1,20.0,45.0,3,leo_blocked,,,1,1,0,0,1,3,4,3,,0,8,8,0,0,0
-5.0,leo_high,5,1,8,1.0,57,1,20.0,45.0,3,leo_blocked,,,1,1,0,0,1,3,4,3,,0,8,8,0,0,0
-5.0,leo_high,5,1,8,1.0,58,1,20.0,45.0,3,leo_blocked,,,1,1,0,0,1,3,4,3,,0,8,8,0,0,0
-5.0,leo_high,5,1,8,1.0,59,1,20.0,45.0,3,leo_blocked,,,1,1,0,0,1,3,4,3,,0,8,8,0,0,0
-2.0,leo_high,5,1,8,1.0,40,1,20.0,45.0,3,leo_blocked,,,1,1,0,0,1,3,4,3,,0,8,8,0,0,0
-2.0,leo_high,5,1,8,1.0,41,1,20.0,45.0,3,leo_blocked,,,1,1,0,0,1,3,4,3,,0,8,8,0,0,0
-2.0,leo_high,5,1,8,1.0,42,1,20.0,45.0,3,leo_blocked,,,1,1,0,0,1,3,4,3,,0,8,8,0,0,0
-2.0,leo_high,5,1,8,1.0,43,1,20.0,45.0,3,leo_blocked,,,1,1,0,0,1,3,4,3,,0,8,8,0,0,0
-2.0,leo_high,5,1,8,1.0,44,1,20.0,45.0,3,leo_blocked,,,1,1,0,0,1,3,4,3,,0,8,8,0,0,0
-2.0,leo_high,5,1,8,1.0,45,1,20.0,45.0,3,leo_blocked,,,1,1,0,0,1,3,4,3,,0,8,8,0,0,0
-2.0,leo_high,5,1,8,1.0,46,1,20.0,45.0,3,leo_blocked,,,1,1,0,0,1,3,4,3,,0,8,8,0,0,0
-2.0,leo_high,5,1,8,1.0,47,1,20.0,45.0,3,leo_blocked,,,1,1,0,0,1,3,4,3,,0,8,8,0,0,0
-2.0,leo_high,5,1,8,1.0,48,1,20.0,45.0,3,leo_blocked,,,1,1,0,0,1,3,4,3,,0,8,8,0,0,0
-2.0,leo_high,5,1,8,1.0,49,1,20.0,45.0,3,leo_blocked,,,1,1,0,0,1,3,4,3,,0,8,8,0,0,0
-2.0,leo_high,5,1,8,1.0,50,1,20.0,45.0,3,leo_blocked,,,1,1,0,0,1,3,4,3,,0,8,8,0,0,0
-2.0,leo_high,5,1,8,1.0,51,1,20.0,45.0,3,leo_blocked,,,1,1,0,0,1,3,4,3,,0,8,8,0,0,0
-2.0,leo_high,5,1,8,1.0,52,1,20.0,45.0,3,leo_blocked,,,1,1,0,0,1,3,4,3,,0,8,8,0,0,0
-2.0,leo_high,5,1,8,1.0,53,1,20.0,45.0,3,leo_blocked,,,1,1,0,0,1,3,4,3,,0,8,8,0,0,0
-2.0,leo_high,5,1,8,1.0,54,1,20.0,45.0,3,leo_blocked,,,1,1,0,0,1,3,4,3,,0,8,8,0,0,0
-2.0,leo_high,5,1,8,1.0,55,1,20.0,45.0,3,leo_blocked,,,1,1,0,0,1,3,4,3,,0,8,8,0,0,0
-2.0,leo_high,5,1,8,1.0,56,1,20.0,45.0,3,leo_blocked,,,1,1,0,0,1,3,4,3,,0,8,8,0,0,0
-2.0,leo_high,5,1,8,1.0,57,1,20.0,45.0,3,leo_blocked,,,1,1,0,0,1,3,4,3,,0,8,8,0,0,0
-2.0,leo_high,5,1,8,1.0,58,1,20.0,45.0,3,leo_blocked,,,1,1,0,0,1,3,4,3,,0,8,8,0,0,0
-2.0,leo_high,5,1,8,1.0,59,1,20.0,45.0,3,leo_blocked,,,1,1,0,0,1,3,4,3,,0,8,8,0,0,0
-1.0,leo_high,5,1,8,1.0,40,1,20.0,45.0,3,leo_blocked,,,1,1,0,0,1,3,4,3,,0,8,8,0,0,0
-1.0,leo_high,5,1,8,1.0,41,1,20.0,45.0,3,leo_blocked,,,1,1,0,0,1,3,4,3,,0,8,8,0,0,0
-1.0,leo_high,5,1,8,1.0,42,1,20.0,45.0,3,leo_blocked,,,1,1,0,0,1,3,4,3,,0,8,8,0,0,0
-1.0,leo_high,5,1,8,1.0,43,1,20.0,45.0,3,leo_blocked,,,1,1,0,0,1,3,4,3,,0,8,8,0,0,0
-1.0,leo_high,5,1,8,1.0,44,1,20.0,45.0,3,leo_blocked,,,1,1,0,0,1,3,4,3,,0,8,8,0,0,0
-1.0,leo_high,5,1,8,1.0,45,1,20.0,45.0,3,leo_blocked,,,1,1,0,0,1,3,4,3,,0,8,8,0,0,0
-1.0,leo_high,5,1,8,1.0,46,1,20.0,45.0,3,leo_blocked,,,1,1,0,0,1,3,4,3,,0,8,8,0,0,0
-1.0,leo_high,5,1,8,1.0,47,1,20.0,45.0,3,leo_blocked,,,1,1,0,0,1,3,4,3,,0,8,8,0,0,0
-1.0,leo_high,5,1,8,1.0,48,1,20.0,45.0,3,leo_blocked,,,1,1,0,0,1,3,4,3,,0,8,8,0,0,0
-1.0,leo_high,5,1,8,1.0,49,1,20.0,45.0,3,leo_blocked,,,1,1,0,0,1,3,4,3,,0,8,8,0,0,0
-1.0,leo_high,5,1,8,1.0,50,1,20.0,45.0,3,leo_blocked,,,1,1,0,0,1,3,4,3,,0,8,8,0,0,0
-1.0,leo_high,5,1,8,1.0,51,1,20.0,45.0,3,leo_blocked,,,1,1,0,0,1,3,4,3,,0,8,8,0,0,0
-1.0,leo_high,5,1,8,1.0,52,1,20.0,45.0,3,leo_blocked,,,1,1,0,0,1,3,4,3,,0,8,8,0,0,0
-1.0,leo_high,5,1,8,1.0,53,1,20.0,45.0,3,leo_blocked,,,1,1,0,0,1,3,4,3,,0,8,8,0,0,0
-1.0,leo_high,5,1,8,1.0,54,1,20.0,45.0,3,leo_blocked,,,1,1,0,0,1,3,4,3,,0,8,8,0,0,0
-1.0,leo_high,5,1,8,1.0,55,1,20.0,45.0,3,leo_blocked,,,1,1,0,0,1,3,4,3,,0,8,8,0,0,0
-1.0,leo_high,5,1,8,1.0,56,1,20.0,45.0,3,leo_blocked,,,1,1,0,0,1,3,4,3,,0,8,8,0,0,0
-1.0,leo_high,5,1,8,1.0,57,1,20.0,45.0,3,leo_blocked,,,1,1,0,0,1,3,4,3,,0,8,8,0,0,0
-1.0,leo_high,5,1,8,1.0,58,1,20.0,45.0,3,leo_blocked,,,1,1,0,0,1,3,4,3,,0,8,8,0,0,0
-1.0,leo_high,5,1,8,1.0,59,1,20.0,45.0,3,leo_blocked,,,1,1,0,0,1,3,4,3,,0,8,8,0,0,0
-0.5,leo_high,5,1,8,1.0,40,1,20.0,45.0,3,leo_blocked,,,1,1,0,0,1,3,4,3,,0,8,8,0,0,0
-0.5,leo_high,5,1,8,1.0,41,1,20.0,45.0,3,leo_blocked,,,1,1,0,0,1,3,4,3,,0,8,8,0,0,0
-0.5,leo_high,5,1,8,1.0,42,1,20.0,45.0,3,leo_blocked,,,1,1,0,0,1,3,4,3,,0,8,8,0,0,0
-0.5,leo_high,5,1,8,1.0,43,1,20.0,45.0,3,leo_blocked,,,1,1,0,0,1,3,4,3,,0,8,8,0,0,0
-0.5,leo_high,5,1,8,1.0,44,1,20.0,45.0,3,leo_blocked,,,1,1,0,0,1,3,4,3,,0,8,8,0,0,0
-0.5,leo_high,5,1,8,1.0,45,1,20.0,45.0,3,leo_blocked,,,1,1,0,0,1,3,4,3,,0,8,8,0,0,0
-0.5,leo_high,5,1,8,1.0,46,1,20.0,45.0,3,leo_blocked,,,1,1,0,0,1,3,4,3,,0,8,8,0,0,0
-0.5,leo_high,5,1,8,1.0,47,1,20.0,45.0,3,leo_blocked,,,1,1,0,0,1,3,4,3,,0,8,8,0,0,0
-0.5,leo_high,5,1,8,1.0,48,1,20.0,45.0,3,leo_blocked,,,1,1,0,0,1,3,4,3,,0,8,8,0,0,0
-0.5,leo_high,5,1,8,1.0,49,1,20.0,45.0,3,leo_blocked,,,1,1,0,0,1,3,4,3,,0,8,8,0,0,0
-0.5,leo_high,5,1,8,1.0,50,1,20.0,45.0,3,leo_blocked,,,1,1,0,0,1,3,4,3,,0,8,8,0,0,0
-0.5,leo_high,5,1,8,1.0,51,1,20.0,45.0,3,leo_blocked,,,1,1,0,0,1,3,4,3,,0,8,8,0,0,0
-0.5,leo_high,5,1,8,1.0,52,1,20.0,45.0,3,leo_blocked,,,1,1,0,0,1,3,4,3,,0,8,8,0,0,0
-0.5,leo_high,5,1,8,1.0,53,1,20.0,45.0,3,leo_blocked,,,1,1,0,0,1,3,4,3,,0,8,8,0,0,0
-0.5,leo_high,5,1,8,1.0,54,1,20.0,45.0,3,leo_blocked,,,1,1,0,0,1,3,4,3,,0,8,8,0,0,0
-0.5,leo_high,5,1,8,1.0,55,1,20.0,45.0,3,leo_blocked,,,1,1,0,0,1,3,4,3,,0,8,8,0,0,0
-0.5,leo_high,5,1,8,1.0,56,1,20.0,45.0,3,leo_blocked,,,1,1,0,0,1,3,4,3,,0,8,8,0,0,0
-0.5,leo_high,5,1,8,1.0,57,1,20.0,45.0,3,leo_blocked,,,1,1,0,0,1,3,4,3,,0,8,8,0,0,0
-0.5,leo_high,5,1,8,1.0,58,1,20.0,45.0,3,leo_blocked,,,1,1,0,0,1,3,4,3,,0,8,8,0,0,0
-0.5,leo_high,5,1,8,1.0,59,1,20.0,45.0,3,leo_blocked,,,1,1,0,0,1,3,4,3,,0,8,8,0,0,0
-0.2,leo_high,5,1,8,1.0,40,1,20.0,45.0,3,leo_blocked,,,1,1,0,0,1,3,4,3,,0,8,8,0,0,0
-0.2,leo_high,5,1,8,1.0,41,1,20.0,45.0,3,leo_blocked,,,1,1,0,0,1,3,4,3,,0,8,8,0,0,0
-0.2,leo_high,5,1,8,1.0,42,1,20.0,45.0,3,leo_blocked,,,1,1,0,0,1,3,4,3,,0,8,8,0,0,0
-0.2,leo_high,5,1,8,1.0,43,1,20.0,45.0,3,leo_blocked,,,1,1,0,0,1,3,4,3,,0,8,8,0,0,0
-0.2,leo_high,5,1,8,1.0,44,1,20.0,45.0,3,leo_blocked,,,1,1,0,0,1,3,4,3,,0,8,8,0,0,0
-0.2,leo_high,5,1,8,1.0,45,1,20.0,45.0,3,leo_blocked,,,1,1,0,0,1,3,4,3,,0,8,8,0,0,0
-0.2,leo_high,5,1,8,1.0,46,1,20.0,45.0,3,leo_blocked,,,1,1,0,0,1,3,4,3,,0,8,8,0,0,0
-0.2,leo_high,5,1,8,1.0,47,1,20.0,45.0,3,leo_blocked,,,1,1,0,0,1,3,4,3,,0,8,8,0,0,0
-0.2,leo_high,5,1,8,1.0,48,1,20.0,45.0,3,leo_blocked,,,1,1,0,0,1,3,4,3,,0,8,8,0,0,0
-0.2,leo_high,5,1,8,1.0,49,1,20.0,45.0,3,leo_blocked,,,1,1,0,0,1,3,4,3,,0,8,8,0,0,0
-0.2,leo_high,5,1,8,1.0,50,1,20.0,45.0,3,leo_blocked,,,1,1,0,0,1,3,4,3,,0,8,8,0,0,0
-0.2,leo_high,5,1,8,1.0,51,1,20.0,45.0,3,leo_blocked,,,1,1,0,0,1,3,4,3,,0,8,8,0,0,0
-0.2,leo_high,5,1,8,1.0,52,1,20.0,45.0,3,leo_blocked,,,1,1,0,0,1,3,4,3,,0,8,8,0,0,0
-0.2,leo_high,5,1,8,1.0,53,1,20.0,45.0,3,leo_blocked,,,1,1,0,0,1,3,4,3,,0,8,8,0,0,0
-0.2,leo_high,5,1,8,1.0,54,1,20.0,45.0,3,leo_blocked,,,1,1,0,0,1,3,4,3,,0,8,8,0,0,0
-0.2,leo_high,5,1,8,1.0,55,1,20.0,45.0,3,leo_blocked,,,1,1,0,0,1,3,4,3,,0,8,8,0,0,0
-0.2,leo_high,5,1,8,1.0,56,1,20.0,45.0,3,leo_blocked,,,1,1,0,0,1,3,4,3,,0,8,8,0,0,0
-0.2,leo_high,5,1,8,1.0,57,1,20.0,45.0,3,leo_blocked,,,1,1,0,0,1,3,4,3,,0,8,8,0,0,0
-0.2,leo_high,5,1,8,1.0,58,1,20.0,45.0,3,leo_blocked,,,1,1,0,0,1,3,4,3,,0,8,8,0,0,0
-0.2,leo_high,5,1,8,1.0,59,1,20.0,45.0,3,leo_blocked,,,1,1,0,0,1,3,4,3,,0,8,8,0,0,0
-0.05,leo_high,5,1,8,1.0,40,1,20.0,45.0,3,leo_blocked,,,1,1,0,0,1,3,4,3,,0,8,8,0,0,0
-0.05,leo_high,5,1,8,1.0,41,1,20.0,45.0,3,leo_blocked,,,1,1,0,0,1,3,4,3,,0,8,8,0,0,0
-0.05,leo_high,5,1,8,1.0,42,1,20.0,45.0,3,leo_blocked,,,1,1,0,0,1,3,4,3,,0,8,8,0,0,0
-0.05,leo_high,5,1,8,1.0,43,1,20.0,45.0,3,leo_blocked,,,1,1,0,0,1,3,4,3,,0,8,8,0,0,0
-0.05,leo_high,5,1,8,1.0,44,1,20.0,45.0,3,leo_blocked,,,1,1,0,0,1,3,4,3,,0,8,8,0,0,0
-0.05,leo_high,5,1,8,1.0,45,1,20.0,45.0,3,leo_blocked,,,1,1,0,0,1,3,4,3,,0,8,8,0,0,0
-0.05,leo_high,5,1,8,1.0,46,1,20.0,45.0,3,leo_blocked,,,1,1,0,0,1,3,4,3,,0,8,8,0,0,0
-0.05,leo_high,5,1,8,1.0,47,1,20.0,45.0,3,leo_blocked,,,1,1,0,0,1,3,4,3,,0,8,8,0,0,0
-0.05,leo_high,5,1,8,1.0,48,1,20.0,45.0,3,leo_blocked,,,1,1,0,0,1,3,4,3,,0,8,8,0,0,0
-0.05,leo_high,5,1,8,1.0,49,1,20.0,45.0,3,leo_blocked,,,1,1,0,0,1,3,4,3,,0,8,8,0,0,0
-0.05,leo_high,5,1,8,1.0,50,1,20.0,45.0,3,leo_blocked,,,1,1,0,0,1,3,4,3,,0,8,8,0,0,0
-0.05,leo_high,5,1,8,1.0,51,1,20.0,45.0,3,leo_blocked,,,1,1,0,0,1,3,4,3,,0,8,8,0,0,0
-0.05,leo_high,5,1,8,1.0,52,1,20.0,45.0,3,leo_blocked,,,1,1,0,0,1,3,4,3,,0,8,8,0,0,0
-0.05,leo_high,5,1,8,1.0,53,1,20.0,45.0,3,leo_blocked,,,1,1,0,0,1,3,4,3,,0,8,8,0,0,0
-0.05,leo_high,5,1,8,1.0,54,1,20.0,45.0,3,leo_blocked,,,1,1,0,0,1,3,4,3,,0,8,8,0,0,0
-0.05,leo_high,5,1,8,1.0,55,1,20.0,45.0,3,leo_blocked,,,1,1,0,0,1,3,4,3,,0,8,8,0,0,0
-0.05,leo_high,5,1,8,1.0,56,1,20.0,45.0,3,leo_blocked,,,1,1,0,0,1,3,4,3,,0,8,8,0,0,0
-0.05,leo_high,5,1,8,1.0,57,1,20.0,45.0,3,leo_blocked,,,1,1,0,0,1,3,4,3,,0,8,8,0,0,0
-0.05,leo_high,5,1,8,1.0,58,1,20.0,45.0,3,leo_blocked,,,1,1,0,0,1,3,4,3,,0,8,8,0,0,0
-0.05,leo_high,5,1,8,1.0,59,1,20.0,45.0,3,leo_blocked,,,1,1,0,0,1,3,4,3,,0,8,8,0,0,0
0.05,leo_high,5,1,8,1.0,40,1,20.0,45.0,3,earth_commit,earth,8502,1,0,0,1,1,0,0,1,0.184130,0,8,8,0,0,0
0.05,leo_high,5,1,8,1.0,41,1,20.0,45.0,3,earth_commit,earth,8502,1,0,0,1,1,0,0,2,0.194959,0,8,8,0,0,0
0.05,leo_high,5,1,8,1.0,42,1,20.0,45.0,3,earth_commit,earth,8502,1,0,0,1,1,0,0,5,0.170340,0,8,8,0,0,0
0.05,leo_high,5,1,8,1.0,43,1,20.0,45.0,3,earth_commit,earth,8502,1,0,0,1,1,0,0,1,0.188288,0,8,8,0,0,0
0.05,leo_high,5,1,8,1.0,44,1,20.0,45.0,3,earth_commit,earth,8502,1,0,0,1,1,0,0,4,0.179384,0,8,8,0,0,0
0.05,leo_high,5,1,8,1.0,45,1,20.0,45.0,3,earth_commit,earth,8502,1,0,0,1,1,0,0,3,0.185774,0,8,8,0,0,0
0.05,leo_high,5,1,8,1.0,46,1,20.0,45.0,3,earth_commit,earth,8502,1,0,0,1,1,0,0,2,0.194257,0,8,8,0,0,0
0.05,leo_high,5,1,8,1.0,47,1,20.0,45.0,3,earth_commit,earth,8502,1,0,0,1,1,0,0,2,0.171718,0,8,8,0,0,0
0.05,leo_high,5,1,8,1.0,48,1,20.0,45.0,3,earth_commit,earth,8502,1,0,0,1,1,0,0,1,0.183875,0,8,8,0,0,0
0.05,leo_high,5,1,8,1.0,49,1,20.0,45.0,3,earth_commit,earth,8502,1,0,0,1,1,0,0,2,0.174289,0,8,8,0,0,0
0.05,leo_high,5,1,8,1.0,50,1,20.0,45.0,3,earth_commit,earth,8502,1,0,0,1,1,0,0,3,0.190066,0,8,8,0,0,0
0.05,leo_high,5,1,8,1.0,51,1,20.0,45.0,3,earth_commit,earth,8502,1,0,0,1,1,0,0,3,0.181191,0,8,8,0,0,0
0.05,leo_high,5,1,8,1.0,52,1,20.0,45.0,3,earth_commit,earth,8502,1,0,0,1,1,0,0,3,0.180847,0,8,8,0,0,0
0.05,leo_high,5,1,8,1.0,53,1,20.0,45.0,3,earth_commit,earth,8502,1,0,0,1,1,0,0,1,0.185194,0,8,8,0,0,0
0.05,leo_high,5,1,8,1.0,54,1,20.0,45.0,3,earth_commit,earth,8502,1,0,0,1,1,0,0,3,0.198442,0,8,8,0,0,0
0.05,leo_high,5,1,8,1.0,55,1,20.0,45.0,3,earth_commit,earth,8502,1,0,0,1,1,0,0,3,0.198735,0,8,8,0,0,0
0.05,leo_high,5,1,8,1.0,56,1,20.0,45.0,3,earth_commit,earth,8502,1,0,0,1,1,0,0,4,0.188226,0,8,8,0,0,0
0.05,leo_high,5,1,8,1.0,57,1,20.0,45.0,3,earth_commit,earth,8502,1,0,0,1,1,0,0,1,0.193045,0,8,8,0,0,0
0.05,leo_high,5,1,8,1.0,58,1,20.0,45.0,3,earth_commit,earth,8502,1,0,0,1,1,0,0,1,0.193590,0,8,8,0,0,0
0.05,leo_high,5,1,8,1.0,59,1,20.0,45.0,3,earth_commit,earth,8502,1,0,0,1,1,0,0,1,0.186530,0,8,8,0,0,0
0.2,leo_high,5,1,8,1.0,40,1,20.0,45.0,3,earth_commit,earth,8502,0,0,0,1,1,0,0,1,0.184130,0,8,8,0,0,0
0.2,leo_high,5,1,8,1.0,41,1,20.0,45.0,3,earth_commit,earth,8502,0,0,0,1,1,0,0,2,0.194959,0,8,8,0,0,0
0.2,leo_high,5,1,8,1.0,42,1,20.0,45.0,3,earth_commit,earth,8502,0,0,0,1,1,0,0,5,0.170340,0,8,8,0,0,0
0.2,leo_high,5,1,8,1.0,43,1,20.0,45.0,3,earth_commit,earth,8502,0,0,0,1,1,0,0,1,0.188288,0,8,8,0,0,0
0.2,leo_high,5,1,8,1.0,44,1,20.0,45.0,3,earth_commit,earth,8502,0,0,0,1,1,0,0,4,0.179384,0,8,8,0,0,0
0.2,leo_high,5,1,8,1.0,45,1,20.0,45.0,3,earth_commit,earth,8502,0,0,0,1,1,0,0,3,0.185774,0,8,8,0,0,0
0.2,leo_high,5,1,8,1.0,46,1,20.0,45.0,3,earth_commit,earth,8502,0,0,0,1,1,0,0,2,0.194257,0,8,8,0,0,0
0.2,leo_high,5,1,8,1.0,47,1,20.0,45.0,3,earth_commit,earth,8502,0,0,0,1,1,0,0,2,0.171718,0,8,8,0,0,0
0.2,leo_high,5,1,8,1.0,48,1,20.0,45.0,3,earth_commit,earth,8502,0,0,0,1,1,0,0,1,0.183875,0,8,8,0,0,0
0.2,leo_high,5,1,8,1.0,49,1,20.0,45.0,3,earth_commit,earth,8502,0,0,0,1,1,0,0,2,0.174289,0,8,8,0,0,0
0.2,leo_high,5,1,8,1.0,50,1,20.0,45.0,3,earth_commit,earth,8502,0,0,0,1,1,0,0,3,0.190066,0,8,8,0,0,0
0.2,leo_high,5,1,8,1.0,51,1,20.0,45.0,3,earth_commit,earth,8502,0,0,0,1,1,0,0,3,0.181191,0,8,8,0,0,0
0.2,leo_high,5,1,8,1.0,52,1,20.0,45.0,3,earth_commit,earth,8502,0,0,0,1,1,0,0,3,0.180847,0,8,8,0,0,0
0.2,leo_high,5,1,8,1.0,53,1,20.0,45.0,3,earth_commit,earth,8502,0,0,0,1,1,0,0,1,0.185194,0,8,8,0,0,0
0.2,leo_high,5,1,8,1.0,54,1,20.0,45.0,3,earth_commit,earth,8502,0,0,0,1,1,0,0,3,0.198442,0,8,8,0,0,0
0.2,leo_high,5,1,8,1.0,55,1,20.0,45.0,3,earth_commit,earth,8502,0,0,0,1,1,0,0,3,0.198735,0,8,8,0,0,0
0.2,leo_high,5,1,8,1.0,56,1,20.0,45.0,3,earth_commit,earth,8502,0,0,0,1,1,0,0,4,0.188226,0,8,8,0,0,0
0.2,leo_high,5,1,8,1.0,57,1,20.0,45.0,3,earth_commit,earth,8502,0,0,0,1,1,0,0,1,0.193045,0,8,8,0,0,0
0.2,leo_high,5,1,8,1.0,58,1,20.0,45.0,3,earth_commit,earth,8502,0,0,0,1,1,0,0,1,0.193590,0,8,8,0,0,0
0.2,leo_high,5,1,8,1.0,59,1,20.0,45.0,3,earth_commit,earth,8502,0,0,0,1,1,0,0,1,0.186530,0,8,8,0,0,0
0.5,leo_high,5,1,8,1.0,40,1,20.0,45.0,3,earth_commit,earth,8502,0,0,0,1,1,0,0,1,0.184130,0,8,8,0,0,0
0.5,leo_high,5,1,8,1.0,41,1,20.0,45.0,3,earth_commit,earth,8502,0,0,0,1,1,0,0,2,0.194959,0,8,8,0,0,0
0.5,leo_high,5,1,8,1.0,42,1,20.0,45.0,3,earth_commit,earth,8502,0,0,0,1,1,0,0,5,0.170340,0,8,8,0,0,0
0.5,leo_high,5,1,8,1.0,43,1,20.0,45.0,3,earth_commit,earth,8502,0,0,0,1,1,0,0,1,0.188288,0,8,8,0,0,0
0.5,leo_high,5,1,8,1.0,44,1,20.0,45.0,3,earth_commit,earth,8502,0,0,0,1,1,0,0,4,0.179384,0,8,8,0,0,0
0.5,leo_high,5,1,8,1.0,45,1,20.0,45.0,3,earth_commit,earth,8502,0,0,0,1,1,0,0,3,0.185774,0,8,8,0,0,0
0.5,leo_high,5,1,8,1.0,46,1,20.0,45.0,3,earth_commit,earth,8502,0,0,0,1,1,0,0,2,0.194257,0,8,8,0,0,0
0.5,leo_high,5,1,8,1.0,47,1,20.0,45.0,3,earth_commit,earth,8502,0,0,0,1,1,0,0,2,0.171718,0,8,8,0,0,0
0.5,leo_high,5,1,8,1.0,48,1,20.0,45.0,3,earth_commit,earth,8502,0,0,0,1,1,0,0,1,0.183875,0,8,8,0,0,0
0.5,leo_high,5,1,8,1.0,49,1,20.0,45.0,3,earth_commit,earth,8502,0,0,0,1,1,0,0,2,0.174289,0,8,8,0,0,0
0.5,leo_high,5,1,8,1.0,50,1,20.0,45.0,3,earth_commit,earth,8502,0,0,0,1,1,0,0,3,0.190066,0,8,8,0,0,0
0.5,leo_high,5,1,8,1.0,51,1,20.0,45.0,3,earth_commit,earth,8502,0,0,0,1,1,0,0,3,0.181191,0,8,8,0,0,0
0.5,leo_high,5,1,8,1.0,52,1,20.0,45.0,3,earth_commit,earth,8502,0,0,0,1,1,0,0,3,0.180847,0,8,8,0,0,0
0.5,leo_high,5,1,8,1.0,53,1,20.0,45.0,3,earth_commit,earth,8502,0,0,0,1,1,0,0,1,0.185194,0,8,8,0,0,0
0.5,leo_high,5,1,8,1.0,54,1,20.0,45.0,3,earth_commit,earth,8502,0,0,0,1,1,0,0,3,0.198442,0,8,8,0,0,0
0.5,leo_high,5,1,8,1.0,55,1,20.0,45.0,3,earth_commit,earth,8502,0,0,0,1,1,0,0,3,0.198735,0,8,8,0,0,0
0.5,leo_high,5,1,8,1.0,56,1,20.0,45.0,3,earth_commit,earth,8502,0,0,0,1,1,0,0,4,0.188226,0,8,8,0,0,0
0.5,leo_high,5,1,8,1.0,57,1,20.0,45.0,3,earth_commit,earth,8502,0,0,0,1,1,0,0,1,0.193045,0,8,8,0,0,0
0.5,leo_high,5,1,8,1.0,58,1,20.0,45.0,3,earth_commit,earth,8502,0,0,0,1,1,0,0,1,0.193590,0,8,8,0,0,0
0.5,leo_high,5,1,8,1.0,59,1,20.0,45.0,3,earth_commit,earth,8502,0,0,0,1,1,0,0,1,0.186530,0,8,8,0,0,0
1.0,leo_high,5,1,8,1.0,40,1,20.0,45.0,3,earth_commit,earth,8502,0,0,0,1,1,0,0,1,0.184130,0,8,8,0,0,0
1.0,leo_high,5,1,8,1.0,41,1,20.0,45.0,3,earth_commit,earth,8502,0,0,0,1,1,0,0,2,0.194959,0,8,8,0,0,0
1.0,leo_high,5,1,8,1.0,42,1,20.0,45.0,3,earth_commit,earth,8502,0,0,0,1,1,0,0,5,0.170340,0,8,8,0,0,0
1.0,leo_high,5,1,8,1.0,43,1,20.0,45.0,3,earth_commit,earth,8502,0,0,0,1,1,0,0,1,0.188288,0,8,8,0,0,0
1.0,leo_high,5,1,8,1.0,44,1,20.0,45.0,3,earth_commit,earth,8502,0,0,0,1,1,0,0,4,0.179384,0,8,8,0,0,0
1.0,leo_high,5,1,8,1.0,45,1,20.0,45.0,3,earth_commit,earth,8502,0,0,0,1,1,0,0,3,0.185774,0,8,8,0,0,0
1.0,leo_high,5,1,8,1.0,46,1,20.0,45.0,3,earth_commit,earth,8502,0,0,0,1,1,0,0,2,0.194257,0,8,8,0,0,0
1.0,leo_high,5,1,8,1.0,47,1,20.0,45.0,3,earth_commit,earth,8502,0,0,0,1,1,0,0,2,0.171718,0,8,8,0,0,0
1.0,leo_high,5,1,8,1.0,48,1,20.0,45.0,3,earth_commit,earth,8502,0,0,0,1,1,0,0,1,0.183875,0,8,8,0,0,0
1.0,leo_high,5,1,8,1.0,49,1,20.0,45.0,3,earth_commit,earth,8502,0,0,0,1,1,0,0,2,0.174289,0,8,8,0,0,0
1.0,leo_high,5,1,8,1.0,50,1,20.0,45.0,3,earth_commit,earth,8502,0,0,0,1,1,0,0,3,0.190066,0,8,8,0,0,0
1.0,leo_high,5,1,8,1.0,51,1,20.0,45.0,3,earth_commit,earth,8502,0,0,0,1,1,0,0,3,0.181191,0,8,8,0,0,0
1.0,leo_high,5,1,8,1.0,52,1,20.0,45.0,3,earth_commit,earth,8502,0,0,0,1,1,0,0,3,0.180847,0,8,8,0,0,0
1.0,leo_high,5,1,8,1.0,53,1,20.0,45.0,3,earth_commit,earth,8502,0,0,0,1,1,0,0,1,0.185194,0,8,8,0,0,0
1.0,leo_high,5,1,8,1.0,54,1,20.0,45.0,3,earth_commit,earth,8502,0,0,0,1,1,0,0,3,0.198442,0,8,8,0,0,0
1.0,leo_high,5,1,8,1.0,55,1,20.0,45.0,3,earth_commit,earth,8502,0,0,0,1,1,0,0,3,0.198735,0,8,8,0,0,0
1.0,leo_high,5,1,8,1.0,56,1,20.0,45.0,3,earth_commit,earth,8502,0,0,0,1,1,0,0,4,0.188226,0,8,8,0,0,0
1.0,leo_high,5,1,8,1.0,57,1,20.0,45.0,3,earth_commit,earth,8502,0,0,0,1,1,0,0,1,0.193045,0,8,8,0,0,0
1.0,leo_high,5,1,8,1.0,58,1,20.0,45.0,3,earth_commit,earth,8502,0,0,0,1,1,0,0,1,0.193590,0,8,8,0,0,0
1.0,leo_high,5,1,8,1.0,59,1,20.0,45.0,3,earth_commit,earth,8502,0,0,0,1,1,0,0,1,0.186530,0,8,8,0,0,0
2.0,leo_high,5,1,8,1.0,40,1,20.0,45.0,3,earth_commit,earth,8502,0,0,0,1,1,0,0,1,0.184130,0,8,8,0,0,0
2.0,leo_high,5,1,8,1.0,41,1,20.0,45.0,3,earth_commit,earth,8502,0,0,0,1,1,0,0,2,0.194959,0,8,8,0,0,0
2.0,leo_high,5,1,8,1.0,42,1,20.0,45.0,3,earth_commit,earth,8502,0,0,0,1,1,0,0,5,0.170340,0,8,8,0,0,0
2.0,leo_high,5,1,8,1.0,43,1,20.0,45.0,3,earth_commit,earth,8502,0,0,0,1,1,0,0,1,0.188288,0,8,8,0,0,0
2.0,leo_high,5,1,8,1.0,44,1,20.0,45.0,3,earth_commit,earth,8502,0,0,0,1,1,0,0,4,0.179384,0,8,8,0,0,0
2.0,leo_high,5,1,8,1.0,45,1,20.0,45.0,3,earth_commit,earth,8502,0,0,0,1,1,0,0,3,0.185774,0,8,8,0,0,0
2.0,leo_high,5,1,8,1.0,46,1,20.0,45.0,3,earth_commit,earth,8502,0,0,0,1,1,0,0,2,0.194257,0,8,8,0,0,0
2.0,leo_high,5,1,8,1.0,47,1,20.0,45.0,3,earth_commit,earth,8502,0,0,0,1,1,0,0,2,0.171718,0,8,8,0,0,0
2.0,leo_high,5,1,8,1.0,48,1,20.0,45.0,3,earth_commit,earth,8502,0,0,0,1,1,0,0,1,0.183875,0,8,8,0,0,0
2.0,leo_high,5,1,8,1.0,49,1,20.0,45.0,3,earth_commit,earth,8502,0,0,0,1,1,0,0,2,0.174289,0,8,8,0,0,0
2.0,leo_high,5,1,8,1.0,50,1,20.0,45.0,3,earth_commit,earth,8502,0,0,0,1,1,0,0,3,0.190066,0,8,8,0,0,0
2.0,leo_high,5,1,8,1.0,51,1,20.0,45.0,3,earth_commit,earth,8502,0,0,0,1,1,0,0,3,0.181191,0,8,8,0,0,0
2.0,leo_high,5,1,8,1.0,52,1,20.0,45.0,3,earth_commit,earth,8502,0,0,0,1,1,0,0,3,0.180847,0,8,8,0,0,0
2.0,leo_high,5,1,8,1.0,53,1,20.0,45.0,3,earth_commit,earth,8502,0,0,0,1,1,0,0,1,0.185194,0,8,8,0,0,0
2.0,leo_high,5,1,8,1.0,54,1,20.0,45.0,3,earth_commit,earth,8502,0,0,0,1,1,0,0,3,0.198442,0,8,8,0,0,0
2.0,leo_high,5,1,8,1.0,55,1,20.0,45.0,3,earth_commit,earth,8502,0,0,0,1,1,0,0,3,0.198735,0,8,8,0,0,0
2.0,leo_high,5,1,8,1.0,56,1,20.0,45.0,3,earth_commit,earth,8502,0,0,0,1,1,0,0,4,0.188226,0,8,8,0,0,0
2.0,leo_high,5,1,8,1.0,57,1,20.0,45.0,3,earth_commit,earth,8502,0,0,0,1,1,0,0,1,0.193045,0,8,8,0,0,0
2.0,leo_high,5,1,8,1.0,58,1,20.0,45.0,3,earth_commit,earth,8502,0,0,0,1,1,0,0,1,0.193590,0,8,8,0,0,0
2.0,leo_high,5,1,8,1.0,59,1,20.0,45.0,3,earth_commit,earth,8502,0,0,0,1,1,0,0,1,0.186530,0,8,8,0,0,0
30.0,leo_high,5,1,8,1.0,40,1,20.0,45.0,3,earth_commit,earth,8502,0,0,0,1,1,0,0,1,0.184130,0,8,8,0,0,0
30.0,leo_high,5,1,8,1.0,41,1,20.0,45.0,3,earth_commit,earth,8502,0,0,0,1,1,0,0,2,0.194959,0,8,8,0,0,0
30.0,leo_high,5,1,8,1.0,42,1,20.0,45.0,3,earth_commit,earth,8502,0,0,0,1,1,0,0,5,0.170340,0,8,8,0,0,0
30.0,leo_high,5,1,8,1.0,43,1,20.0,45.0,3,earth_commit,earth,8502,0,0,0,1,1,0,0,1,0.188288,0,8,8,0,0,0
30.0,leo_high,5,1,8,1.0,44,1,20.0,45.0,3,earth_commit,earth,8502,0,0,0,1,1,0,0,4,0.179384,0,8,8,0,0,0
30.0,leo_high,5,1,8,1.0,45,1,20.0,45.0,3,earth_commit,earth,8502,0,0,0,1,1,0,0,3,0.185774,0,8,8,0,0,0
30.0,leo_high,5,1,8,1.0,46,1,20.0,45.0,3,earth_commit,earth,8502,0,0,0,1,1,0,0,2,0.194257,0,8,8,0,0,0
30.0,leo_high,5,1,8,1.0,47,1,20.0,45.0,3,earth_commit,earth,8502,0,0,0,1,1,0,0,2,0.171718,0,8,8,0,0,0
30.0,leo_high,5,1,8,1.0,48,1,20.0,45.0,3,earth_commit,earth,8502,0,0,0,1,1,0,0,1,0.183875,0,8,8,0,0,0
30.0,leo_high,5,1,8,1.0,49,1,20.0,45.0,3,earth_commit,earth,8502,0,0,0,1,1,0,0,2,0.174289,0,8,8,0,0,0
30.0,leo_high,5,1,8,1.0,50,1,20.0,45.0,3,earth_commit,earth,8502,0,0,0,1,1,0,0,3,0.190066,0,8,8,0,0,0
30.0,leo_high,5,1,8,1.0,51,1,20.0,45.0,3,earth_commit,earth,8502,0,0,0,1,1,0,0,3,0.181191,0,8,8,0,0,0
30.0,leo_high,5,1,8,1.0,52,1,20.0,45.0,3,earth_commit,earth,8502,0,0,0,1,1,0,0,3,0.180847,0,8,8,0,0,0
30.0,leo_high,5,1,8,1.0,53,1,20.0,45.0,3,earth_commit,earth,8502,0,0,0,1,1,0,0,1,0.185194,0,8,8,0,0,0
30.0,leo_high,5,1,8,1.0,54,1,20.0,45.0,3,earth_commit,earth,8502,0,0,0,1,1,0,0,3,0.198442,0,8,8,0,0,0
30.0,leo_high,5,1,8,1.0,55,1,20.0,45.0,3,earth_commit,earth,8502,0,0,0,1,1,0,0,3,0.198735,0,8,8,0,0,0
30.0,leo_high,5,1,8,1.0,56,1,20.0,45.0,3,earth_commit,earth,8502,0,0,0,1,1,0,0,4,0.188226,0,8,8,0,0,0
30.0,leo_high,5,1,8,1.0,57,1,20.0,45.0,3,earth_commit,earth,8502,0,0,0,1,1,0,0,1,0.193045,0,8,8,0,0,0
30.0,leo_high,5,1,8,1.0,58,1,20.0,45.0,3,earth_commit,earth,8502,0,0,0,1,1,0,0,1,0.193590,0,8,8,0,0,0
30.0,leo_high,5,1,8,1.0,59,1,20.0,45.0,3,earth_commit,earth,8502,0,0,0,1,1,0,0,1,0.186530,0,8,8,0,0,0
90.0,leo_high,5,1,8,1.0,40,1,20.0,45.0,3,earth_commit,earth,8502,0,0,0,1,1,0,0,1,0.184130,0,8,8,0,0,0
90.0,leo_high,5,1,8,1.0,41,1,20.0,45.0,3,earth_commit,earth,8502,0,0,0,1,1,0,0,2,0.194959,0,8,8,0,0,0
90.0,leo_high,5,1,8,1.0,42,1,20.0,45.0,3,earth_commit,earth,8502,0,0,0,1,1,0,0,5,0.170340,0,8,8,0,0,0
90.0,leo_high,5,1,8,1.0,43,1,20.0,45.0,3,earth_commit,earth,8502,0,0,0,1,1,0,0,1,0.188288,0,8,8,0,0,0
90.0,leo_high,5,1,8,1.0,44,1,20.0,45.0,3,earth_commit,earth,8502,0,0,0,1,1,0,0,4,0.179384,0,8,8,0,0,0
90.0,leo_high,5,1,8,1.0,45,1,20.0,45.0,3,earth_commit,earth,8502,0,0,0,1,1,0,0,3,0.185774,0,8,8,0,0,0
90.0,leo_high,5,1,8,1.0,46,1,20.0,45.0,3,earth_commit,earth,8502,0,0,0,1,1,0,0,2,0.194257,0,8,8,0,0,0
90.0,leo_high,5,1,8,1.0,47,1,20.0,45.0,3,earth_commit,earth,8502,0,0,0,1,1,0,0,2,0.171718,0,8,8,0,0,0
90.0,leo_high,5,1,8,1.0,48,1,20.0,45.0,3,earth_commit,earth,8502,0,0,0,1,1,0,0,1,0.183875,0,8,8,0,0,0
90.0,leo_high,5,1,8,1.0,49,1,20.0,45.0,3,earth_commit,earth,8502,0,0,0,1,1,0,0,2,0.174289,0,8,8,0,0,0
90.0,leo_high,5,1,8,1.0,50,1,20.0,45.0,3,earth_commit,earth,8502,0,0,0,1,1,0,0,3,0.190066,0,8,8,0,0,0
90.0,leo_high,5,1,8,1.0,51,1,20.0,45.0,3,earth_commit,earth,8502,0,0,0,1,1,0,0,3,0.181191,0,8,8,0,0,0
90.0,leo_high,5,1,8,1.0,52,1,20.0,45.0,3,earth_commit,earth,8502,0,0,0,1,1,0,0,3,0.180847,0,8,8,0,0,0
90.0,leo_high,5,1,8,1.0,53,1,20.0,45.0,3,earth_commit,earth,8502,0,0,0,1,1,0,0,1,0.185194,0,8,8,0,0,0
90.0,leo_high,5,1,8,1.0,54,1,20.0,45.0,3,earth_commit,earth,8502,0,0,0,1,1,0,0,3,0.198442,0,8,8,0,0,0
90.0,leo_high,5,1,8,1.0,55,1,20.0,45.0,3,earth_commit,earth,8502,0,0,0,1,1,0,0,3,0.198735,0,8,8,0,0,0
90.0,leo_high,5,1,8,1.0,56,1,20.0,45.0,3,earth_commit,earth,8502,0,0,0,1,1,0,0,4,0.188226,0,8,8,0,0,0
90.0,leo_high,5,1,8,1.0,57,1,20.0,45.0,3,earth_commit,earth,8502,0,0,0,1,1,0,0,1,0.193045,0,8,8,0,0,0
90.0,leo_high,5,1,8,1.0,58,1,20.0,45.0,3,earth_commit,earth,8502,0,0,0,1,1,0,0,1,0.193590,0,8,8,0,0,0
90.0,leo_high,5,1,8,1.0,59,1,20.0,45.0,3,earth_commit,earth,8502,0,0,0,1,1,0,0,1,0.186530,0,8,8,0,0,0
-10.0,leo_high,5,5,8,1.0,40,1,20.0,45.0,3,leo_blocked,,,0,5,0,0,5,15,20,15,,0,8,8,0,0,0
-10.0,leo_high,5,5,8,1.0,41,1,20.0,45.0,3,leo_blocked,,,0,5,0,0,5,15,20,15,,0,8,8,0,0,0
-10.0,leo_high,5,5,8,1.0,42,1,20.0,45.0,3,leo_blocked,,,0,5,0,0,5,15,20,15,,0,8,8,0,0,0
-10.0,leo_high,5,5,8,1.0,43,1,20.0,45.0,3,leo_blocked,,,0,5,0,0,5,15,20,15,,0,8,8,0,0,0
-10.0,leo_high,5,5,8,1.0,44,1,20.0,45.0,3,leo_blocked,,,0,5,0,0,5,15,20,15,,0,8,8,0,0,0
-10.0,leo_high,5,5,8,1.0,45,1,20.0,45.0,3,leo_blocked,,,0,5,0,0,5,15,20,15,,0,8,8,0,0,0
-10.0,leo_high,5,5,8,1.0,46,1,20.0,45.0,3,leo_blocked,,,0,5,0,0,5,15,20,15,,0,8,8,0,0,0
-10.0,leo_high,5,5,8,1.0,47,1,20.0,45.0,3,leo_blocked,,,0,5,0,0,5,15,20,15,,0,8,8,0,0,0
-10.0,leo_high,5,5,8,1.0,48,1,20.0,45.0,3,leo_blocked,,,0,5,0,0,5,15,20,15,,0,8,8,0,0,0
-10.0,leo_high,5,5,8,1.0,49,1,20.0,45.0,3,leo_blocked,,,0,5,0,0,5,15,20,15,,0,8,8,0,0,0
-10.0,leo_high,5,5,8,1.0,50,1,20.0,45.0,3,leo_blocked,,,0,5,0,0,5,15,20,15,,0,8,8,0,0,0
-10.0,leo_high,5,5,8,1.0,51,1,20.0,45.0,3,leo_blocked,,,0,5,0,0,5,15,20,15,,0,8,8,0,0,0
-10.0,leo_high,5,5,8,1.0,52,1,20.0,45.0,3,leo_blocked,,,0,5,0,0,5,15,20,15,,0,8,8,0,0,0
-10.0,leo_high,5,5,8,1.0,53,1,20.0,45.0,3,leo_blocked,,,0,5,0,0,5,15,20,15,,0,8,8,0,0,0
-10.0,leo_high,5,5,8,1.0,54,1,20.0,45.0,3,leo_blocked,,,0,5,0,0,5,15,20,15,,0,8,8,0,0,0
-10.0,leo_high,5,5,8,1.0,55,1,20.0,45.0,3,leo_blocked,,,0,5,0,0,5,15,20,15,,0,8,8,0,0,0
-10.0,leo_high,5,5,8,1.0,56,1,20.0,45.0,3,leo_blocked,,,0,5,0,0,5,15,20,15,,0,8,8,0,0,0
-10.0,leo_high,5,5,8,1.0,57,1,20.0,45.0,3,leo_blocked,,,0,5,0,0,5,15,20,15,,0,8,8,0,0,0
-10.0,leo_high,5,5,8,1.0,58,1,20.0,45.0,3,leo_blocked,,,0,5,0,0,5,15,20,15,,0,8,8,0,0,0
-10.0,leo_high,5,5,8,1.0,59,1,20.0,45.0,3,leo_blocked,,,0,5,0,0,5,15,20,15,,0,8,8,0,0,0
-5.0,leo_high,5,5,8,1.0,40,1,20.0,45.0,3,leo_blocked,,,1,5,0,0,5,15,20,15,,0,8,8,0,0,0
-5.0,leo_high,5,5,8,1.0,41,1,20.0,45.0,3,leo_blocked,,,1,5,0,0,5,15,20,15,,0,8,8,0,0,0
-5.0,leo_high,5,5,8,1.0,42,1,20.0,45.0,3,leo_blocked,,,1,5,0,0,5,15,20,15,,0,8,8,0,0,0
-5.0,leo_high,5,5,8,1.0,43,1,20.0,45.0,3,leo_blocked,,,1,5,0,0,5,15,20,15,,0,8,8,0,0,0
-5.0,leo_high,5,5,8,1.0,44,1,20.0,45.0,3,leo_blocked,,,1,5,0,0,5,15,20,15,,0,8,8,0,0,0
-5.0,leo_high,5,5,8,1.0,45,1,20.0,45.0,3,leo_blocked,,,1,5,0,0,5,15,20,15,,0,8,8,0,0,0
-5.0,leo_high,5,5,8,1.0,46,1,20.0,45.0,3,leo_blocked,,,1,5,0,0,5,15,20,15,,0,8,8,0,0,0
-5.0,leo_high,5,5,8,1.0,47,1,20.0,45.0,3,leo_blocked,,,1,5,0,0,5,15,20,15,,0,8,8,0,0,0
-5.0,leo_high,5,5,8,1.0,48,1,20.0,45.0,3,leo_blocked,,,1,5,0,0,5,15,20,15,,0,8,8,0,0,0
-5.0,leo_high,5,5,8,1.0,49,1,20.0,45.0,3,leo_blocked,,,1,5,0,0,5,15,20,15,,0,8,8,0,0,0
-5.0,leo_high,5,5,8,1.0,50,1,20.0,45.0,3,leo_blocked,,,1,5,0,0,5,15,20,15,,0,8,8,0,0,0
-5.0,leo_high,5,5,8,1.0,51,1,20.0,45.0,3,leo_blocked,,,1,5,0,0,5,15,20,15,,0,8,8,0,0,0
-5.0,leo_high,5,5,8,1.0,52,1,20.0,45.0,3,leo_blocked,,,1,5,0,0,5,15,20,15,,0,8,8,0,0,0
-5.0,leo_high,5,5,8,1.0,53,1,20.0,45.0,3,leo_blocked,,,1,5,0,0,5,15,20,15,,0,8,8,0,0,0
-5.0,leo_high,5,5,8,1.0,54,1,20.0,45.0,3,leo_blocked,,,1,5,0,0,5,15,20,15,,0,8,8,0,0,0
-5.0,leo_high,5,5,8,1.0,55,1,20.0,45.0,3,leo_blocked,,,1,5,0,0,5,15,20,15,,0,8,8,0,0,0
-5.0,leo_high,5,5,8,1.0,56,1,20.0,45.0,3,leo_blocked,,,1,5,0,0,5,15,20,15,,0,8,8,0,0,0
-5.0,leo_high,5,5,8,1.0,57,1,20.0,45.0,3,leo_blocked,,,1,5,0,0,5,15,20,15,,0,8,8,0,0,0
-5.0,leo_high,5,5,8,1.0,58,1,20.0,45.0,3,leo_blocked,,,1,5,0,0,5,15,20,15,,0,8,8,0,0,0
-5.0,leo_high,5,5,8,1.0,59,1,20.0,45.0,3,leo_blocked,,,1,5,0,0,5,15,20,15,,0,8,8,0,0,0
-2.0,leo_high,5,5,8,1.0,40,1,20.0,45.0,3,leo_blocked,,,1,5,0,0,5,15,20,15,,0,8,8,0,0,0
-2.0,leo_high,5,5,8,1.0,41,1,20.0,45.0,3,leo_blocked,,,1,5,0,0,5,15,20,15,,0,8,8,0,0,0
-2.0,leo_high,5,5,8,1.0,42,1,20.0,45.0,3,leo_blocked,,,1,5,0,0,5,15,20,15,,0,8,8,0,0,0
-2.0,leo_high,5,5,8,1.0,43,1,20.0,45.0,3,leo_blocked,,,1,5,0,0,5,15,20,15,,0,8,8,0,0,0
-2.0,leo_high,5,5,8,1.0,44,1,20.0,45.0,3,leo_blocked,,,1,5,0,0,5,15,20,15,,0,8,8,0,0,0
-2.0,leo_high,5,5,8,1.0,45,1,20.0,45.0,3,leo_blocked,,,1,5,0,0,5,15,20,15,,0,8,8,0,0,0
-2.0,leo_high,5,5,8,1.0,46,1,20.0,45.0,3,leo_blocked,,,1,5,0,0,5,15,20,15,,0,8,8,0,0,0
-2.0,leo_high,5,5,8,1.0,47,1,20.0,45.0,3,leo_blocked,,,1,5,0,0,5,15,20,15,,0,8,8,0,0,0
-2.0,leo_high,5,5,8,1.0,48,1,20.0,45.0,3,leo_blocked,,,1,5,0,0,5,15,20,15,,0,8,8,0,0,0
-2.0,leo_high,5,5,8,1.0,49,1,20.0,45.0,3,leo_blocked,,,1,5,0,0,5,15,20,15,,0,8,8,0,0,0
-2.0,leo_high,5,5,8,1.0,50,1,20.0,45.0,3,leo_blocked,,,1,5,0,0,5,15,20,15,,0,8,8,0,0,0
-2.0,leo_high,5,5,8,1.0,51,1,20.0,45.0,3,leo_blocked,,,1,5,0,0,5,15,20,15,,0,8,8,0,0,0
-2.0,leo_high,5,5,8,1.0,52,1,20.0,45.0,3,leo_blocked,,,1,5,0,0,5,15,20,15,,0,8,8,0,0,0
-2.0,leo_high,5,5,8,1.0,53,1,20.0,45.0,3,leo_blocked,,,1,5,0,0,5,15,20,15,,0,8,8,0,0,0
-2.0,leo_high,5,5,8,1.0,54,1,20.0,45.0,3,leo_blocked,,,1,5,0,0,5,15,20,15,,0,8,8,0,0,0
-2.0,leo_high,5,5,8,1.0,55,1,20.0,45.0,3,leo_blocked,,,1,5,0,0,5,15,20,15,,0,8,8,0,0,0
-2.0,leo_high,5,5,8,1.0,56,1,20.0,45.0,3,leo_blocked,,,1,5,0,0,5,15,20,15,,0,8,8,0,0,0
-2.0,leo_high,5,5,8,1.0,57,1,20.0,45.0,3,leo_blocked,,,1,5,0,0,5,15,20,15,,0,8,8,0,0,0
-2.0,leo_high,5,5,8,1.0,58,1,20.0,45.0,3,leo_blocked,,,1,5,0,0,5,15,20,15,,0,8,8,0,0,0
-2.0,leo_high,5,5,8,1.0,59,1,20.0,45.0,3,leo_blocked,,,1,5,0,0,5,15,20,15,,0,8,8,0,0,0
-1.0,leo_high,5,5,8,1.0,40,1,20.0,45.0,3,leo_blocked,,,1,5,0,0,5,15,20,15,,0,8,8,0,0,0
-1.0,leo_high,5,5,8,1.0,41,1,20.0,45.0,3,leo_blocked,,,1,5,0,0,5,15,20,15,,0,8,8,0,0,0
-1.0,leo_high,5,5,8,1.0,42,1,20.0,45.0,3,leo_blocked,,,1,5,0,0,5,15,20,15,,0,8,8,0,0,0
-1.0,leo_high,5,5,8,1.0,43,1,20.0,45.0,3,leo_blocked,,,1,5,0,0,5,15,20,15,,0,8,8,0,0,0
-1.0,leo_high,5,5,8,1.0,44,1,20.0,45.0,3,leo_blocked,,,1,5,0,0,5,15,20,15,,0,8,8,0,0,0
-1.0,leo_high,5,5,8,1.0,45,1,20.0,45.0,3,leo_blocked,,,1,5,0,0,5,15,20,15,,0,8,8,0,0,0
-1.0,leo_high,5,5,8,1.0,46,1,20.0,45.0,3,leo_blocked,,,1,5,0,0,5,15,20,15,,0,8,8,0,0,0
-1.0,leo_high,5,5,8,1.0,47,1,20.0,45.0,3,leo_blocked,,,1,5,0,0,5,15,20,15,,0,8,8,0,0,0
-1.0,leo_high,5,5,8,1.0,48,1,20.0,45.0,3,leo_blocked,,,1,5,0,0,5,15,20,15,,0,8,8,0,0,0
-1.0,leo_high,5,5,8,1.0,49,1,20.0,45.0,3,leo_blocked,,,1,5,0,0,5,15,20,15,,0,8,8,0,0,0
-1.0,leo_high,5,5,8,1.0,50,1,20.0,45.0,3,leo_blocked,,,1,5,0,0,5,15,20,15,,0,8,8,0,0,0
-1.0,leo_high,5,5,8,1.0,51,1,20.0,45.0,3,leo_blocked,,,1,5,0,0,5,15,20,15,,0,8,8,0,0,0
-1.0,leo_high,5,5,8,1.0,52,1,20.0,45.0,3,leo_blocked,,,1,5,0,0,5,15,20,15,,0,8,8,0,0,0
-1.0,leo_high,5,5,8,1.0,53,1,20.0,45.0,3,leo_blocked,,,1,5,0,0,5,15,20,15,,0,8,8,0,0,0
-1.0,leo_high,5,5,8,1.0,54,1,20.0,45.0,3,leo_blocked,,,1,5,0,0,5,15,20,15,,0,8,8,0,0,0
-1.0,leo_high,5,5,8,1.0,55,1,20.0,45.0,3,leo_blocked,,,1,5,0,0,5,15,20,15,,0,8,8,0,0,0
-1.0,leo_high,5,5,8,1.0,56,1,20.0,45.0,3,leo_blocked,,,1,5,0,0,5,15,20,15,,0,8,8,0,0,0
-1.0,leo_high,5,5,8,1.0,57,1,20.0,45.0,3,leo_blocked,,,1,5,0,0,5,15,20,15,,0,8,8,0,0,0
-1.0,leo_high,5,5,8,1.0,58,1,20.0,45.0,3,leo_blocked,,,1,5,0,0,5,15,20,15,,0,8,8,0,0,0
-1.0,leo_high,5,5,8,1.0,59,1,20.0,45.0,3,leo_blocked,,,1,5,0,0,5,15,20,15,,0,8,8,0,0,0
-0.5,leo_high,5,5,8,1.0,40,1,20.0,45.0,3,leo_blocked,,,1,5,0,0,5,15,20,15,,0,8,8,0,0,0
-0.5,leo_high,5,5,8,1.0,41,1,20.0,45.0,3,leo_blocked,,,1,5,0,0,5,15,20,15,,0,8,8,0,0,0
-0.5,leo_high,5,5,8,1.0,42,1,20.0,45.0,3,leo_blocked,,,1,5,0,0,5,15,20,15,,0,8,8,0,0,0
-0.5,leo_high,5,5,8,1.0,43,1,20.0,45.0,3,leo_blocked,,,1,5,0,0,5,15,20,15,,0,8,8,0,0,0
-0.5,leo_high,5,5,8,1.0,44,1,20.0,45.0,3,leo_blocked,,,1,5,0,0,5,15,20,15,,0,8,8,0,0,0
-0.5,leo_high,5,5,8,1.0,45,1,20.0,45.0,3,leo_blocked,,,1,5,0,0,5,15,20,15,,0,8,8,0,0,0
-0.5,leo_high,5,5,8,1.0,46,1,20.0,45.0,3,leo_blocked,,,1,5,0,0,5,15,20,15,,0,8,8,0,0,0
-0.5,leo_high,5,5,8,1.0,47,1,20.0,45.0,3,leo_blocked,,,1,5,0,0,5,15,20,15,,0,8,8,0,0,0
-0.5,leo_high,5,5,8,1.0,48,1,20.0,45.0,3,leo_blocked,,,1,5,0,0,5,15,20,15,,0,8,8,0,0,0
-0.5,leo_high,5,5,8,1.0,49,1,20.0,45.0,3,leo_blocked,,,1,5,0,0,5,15,20,15,,0,8,8,0,0,0
-0.5,leo_high,5,5,8,1.0,50,1,20.0,45.0,3,leo_blocked,,,1,5,0,0,5,15,20,15,,0,8,8,0,0,0
-0.5,leo_high,5,5,8,1.0,51,1,20.0,45.0,3,leo_blocked,,,1,5,0,0,5,15,20,15,,0,8,8,0,0,0
-0.5,leo_high,5,5,8,1.0,52,1,20.0,45.0,3,leo_blocked,,,1,5,0,0,5,15,20,15,,0,8,8,0,0,0
-0.5,leo_high,5,5,8,1.0,53,1,20.0,45.0,3,leo_blocked,,,1,5,0,0,5,15,20,15,,0,8,8,0,0,0
-0.5,leo_high,5,5,8,1.0,54,1,20.0,45.0,3,leo_blocked,,,1,5,0,0,5,15,20,15,,0,8,8,0,0,0
-0.5,leo_high,5,5,8,1.0,55,1,20.0,45.0,3,leo_blocked,,,1,5,0,0,5,15,20,15,,0,8,8,0,0,0
-0.5,leo_high,5,5,8,1.0,56,1,20.0,45.0,3,leo_blocked,,,1,5,0,0,5,15,20,15,,0,8,8,0,0,0
-0.5,leo_high,5,5,8,1.0,57,1,20.0,45.0,3,leo_blocked,,,1,5,0,0,5,15,20,15,,0,8,8,0,0,0
-0.5,leo_high,5,5,8,1.0,58,1,20.0,45.0,3,leo_blocked,,,1,5,0,0,5,15,20,15,,0,8,8,0,0,0
-0.5,leo_high,5,5,8,1.0,59,1,20.0,45.0,3,leo_blocked,,,1,5,0,0,5,15,20,15,,0,8,8,0,0,0
-0.2,leo_high,5,5,8,1.0,40,1,20.0,45.0,3,leo_blocked,,,1,5,0,0,5,15,20,15,,0,8,8,0,0,0
-0.2,leo_high,5,5,8,1.0,41,1,20.0,45.0,3,leo_blocked,,,1,5,0,0,5,15,20,15,,0,8,8,0,0,0
-0.2,leo_high,5,5,8,1.0,42,1,20.0,45.0,3,leo_blocked,,,1,5,0,0,5,15,20,15,,0,8,8,0,0,0
-0.2,leo_high,5,5,8,1.0,43,1,20.0,45.0,3,leo_blocked,,,1,5,0,0,5,15,20,15,,0,8,8,0,0,0
-0.2,leo_high,5,5,8,1.0,44,1,20.0,45.0,3,leo_blocked,,,1,5,0,0,5,15,20,15,,0,8,8,0,0,0
-0.2,leo_high,5,5,8,1.0,45,1,20.0,45.0,3,leo_blocked,,,1,5,0,0,5,15,20,15,,0,8,8,0,0,0
-0.2,leo_high,5,5,8,1.0,46,1,20.0,45.0,3,leo_blocked,,,1,5,0,0,5,15,20,15,,0,8,8,0,0,0
-0.2,leo_high,5,5,8,1.0,47,1,20.0,45.0,3,leo_blocked,,,1,5,0,0,5,15,20,15,,0,8,8,0,0,0
-0.2,leo_high,5,5,8,1.0,48,1,20.0,45.0,3,leo_blocked,,,1,5,0,0,5,15,20,15,,0,8,8,0,0,0
-0.2,leo_high,5,5,8,1.0,49,1,20.0,45.0,3,leo_blocked,,,1,5,0,0,5,15,20,15,,0,8,8,0,0,0
-0.2,leo_high,5,5,8,1.0,50,1,20.0,45.0,3,leo_blocked,,,1,5,0,0,5,15,20,15,,0,8,8,0,0,0
-0.2,leo_high,5,5,8,1.0,51,1,20.0,45.0,3,leo_blocked,,,1,5,0,0,5,15,20,15,,0,8,8,0,0,0
-0.2,leo_high,5,5,8,1.0,52,1,20.0,45.0,3,leo_blocked,,,1,5,0,0,5,15,20,15,,0,8,8,0,0,0
-0.2,leo_high,5,5,8,1.0,53,1,20.0,45.0,3,leo_blocked,,,1,5,0,0,5,15,20,15,,0,8,8,0,0,0
-0.2,leo_high,5,5,8,1.0,54,1,20.0,45.0,3,leo_blocked,,,1,5,0,0,5,15,20,15,,0,8,8,0,0,0
-0.2,leo_high,5,5,8,1.0,55,1,20.0,45.0,3,leo_blocked,,,1,5,0,0,5,15,20,15,,0,8,8,0,0,0
-0.2,leo_high,5,5,8,1.0,56,1,20.0,45.0,3,leo_blocked,,,1,5,0,0,5,15,20,15,,0,8,8,0,0,0
-0.2,leo_high,5,5,8,1.0,57,1,20.0,45.0,3,leo_blocked,,,1,5,0,0,5,15,20,15,,0,8,8,0,0,0
-0.2,leo_high,5,5,8,1.0,58,1,20.0,45.0,3,leo_blocked,,,1,5,0,0,5,15,20,15,,0,8,8,0,0,0
-0.2,leo_high,5,5,8,1.0,59,1,20.0,45.0,3,leo_blocked,,,1,5,0,0,5,15,20,15,,0,8,8,0,0,0
-0.05,leo_high,5,5,8,1.0,40,1,20.0,45.0,3,leo_blocked,,,1,5,0,0,5,15,20,15,,0,8,8,0,0,0
-0.05,leo_high,5,5,8,1.0,41,1,20.0,45.0,3,leo_blocked,,,1,5,0,0,5,15,20,15,,0,8,8,0,0,0
-0.05,leo_high,5,5,8,1.0,42,1,20.0,45.0,3,leo_blocked,,,1,5,0,0,5,15,20,15,,0,8,8,0,0,0
-0.05,leo_high,5,5,8,1.0,43,1,20.0,45.0,3,leo_blocked,,,1,5,0,0,5,15,20,15,,0,8,8,0,0,0
-0.05,leo_high,5,5,8,1.0,44,1,20.0,45.0,3,leo_blocked,,,1,5,0,0,5,15,20,15,,0,8,8,0,0,0
-0.05,leo_high,5,5,8,1.0,45,1,20.0,45.0,3,leo_blocked,,,1,5,0,0,5,15,20,15,,0,8,8,0,0,0
-0.05,leo_high,5,5,8,1.0,46,1,20.0,45.0,3,leo_blocked,,,1,5,0,0,5,15,20,15,,0,8,8,0,0,0
-0.05,leo_high,5,5,8,1.0,47,1,20.0,45.0,3,leo_blocked,,,1,5,0,0,5,15,20,15,,0,8,8,0,0,0
-0.05,leo_high,5,5,8,1.0,48,1,20.0,45.0,3,leo_blocked,,,1,5,0,0,5,15,20,15,,0,8,8,0,0,0
-0.05,leo_high,5,5,8,1.0,49,1,20.0,45.0,3,leo_blocked,,,1,5,0,0,5,15,20,15,,0,8,8,0,0,0
-0.05,leo_high,5,5,8,1.0,50,1,20.0,45.0,3,leo_blocked,,,1,5,0,0,5,15,20,15,,0,8,8,0,0,0
-0.05,leo_high,5,5,8,1.0,51,1,20.0,45.0,3,leo_blocked,,,1,5,0,0,5,15,20,15,,0,8,8,0,0,0
-0.05,leo_high,5,5,8,1.0,52,1,20.0,45.0,3,leo_blocked,,,1,5,0,0,5,15,20,15,,0,8,8,0,0,0
-0.05,leo_high,5,5,8,1.0,53,1,20.0,45.0,3,leo_blocked,,,1,5,0,0,5,15,20,15,,0,8,8,0,0,0
-0.05,leo_high,5,5,8,1.0,54,1,20.0,45.0,3,leo_blocked,,,1,5,0,0,5,15,20,15,,0,8,8,0,0,0
-0.05,leo_high,5,5,8,1.0,55,1,20.0,45.0,3,leo_blocked,,,1,5,0,0,5,15,20,15,,0,8,8,0,0,0
-0.05,leo_high,5,5,8,1.0,56,1,20.0,45.0,3,leo_blocked,,,1,5,0,0,5,15,20,15,,0,8,8,0,0,0
-0.05,leo_high,5,5,8,1.0,57,1,20.0,45.0,3,leo_blocked,,,1,5,0,0,5,15,20,15,,0,8,8,0,0,0
-0.05,leo_high,5,5,8,1.0,58,1,20.0,45.0,3,leo_blocked,,,1,5,0,0,5,15,20,15,,0,8,8,0,0,0
-0.05,leo_high,5,5,8,1.0,59,1,20.0,45.0,3,leo_blocked,,,1,5,0,0,5,15,20,15,,0,8,8,0,0,0
0.05,leo_high,5,5,8,1.0,40,1,20.0,45.0,3,earth_commit,earth,8502,1,0,0,1,1,0,0,1,0.184130,0,8,8,0,0,0
0.05,leo_high,5,5,8,1.0,41,1,20.0,45.0,3,earth_commit,earth,8502,1,0,0,1,1,0,0,2,0.194959,0,8,8,0,0,0
0.05,leo_high,5,5,8,1.0,42,1,20.0,45.0,3,earth_commit,earth,8502,1,0,0,1,1,0,0,5,0.170340,0,8,8,0,0,0
0.05,leo_high,5,5,8,1.0,43,1,20.0,45.0,3,earth_commit,earth,8502,1,0,0,1,1,0,0,1,0.188288,0,8,8,0,0,0
0.05,leo_high,5,5,8,1.0,44,1,20.0,45.0,3,earth_commit,earth,8502,1,0,0,1,1,0,0,4,0.179384,0,8,8,0,0,0
0.05,leo_high,5,5,8,1.0,45,1,20.0,45.0,3,earth_commit,earth,8502,1,0,0,1,1,0,0,3,0.185774,0,8,8,0,0,0
0.05,leo_high,5,5,8,1.0,46,1,20.0,45.0,3,earth_commit,earth,8502,1,0,0,1,1,0,0,2,0.194257,0,8,8,0,0,0
0.05,leo_high,5,5,8,1.0,47,1,20.0,45.0,3,earth_commit,earth,8502,1,0,0,1,1,0,0,2,0.171718,0,8,8,0,0,0
0.05,leo_high,5,5,8,1.0,48,1,20.0,45.0,3,earth_commit,earth,8502,1,0,0,1,1,0,0,1,0.183875,0,8,8,0,0,0
0.05,leo_high,5,5,8,1.0,49,1,20.0,45.0,3,earth_commit,earth,8502,1,0,0,1,1,0,0,2,0.174289,0,8,8,0,0,0
0.05,leo_high,5,5,8,1.0,50,1,20.0,45.0,3,earth_commit,earth,8502,1,0,0,1,1,0,0,3,0.190066,0,8,8,0,0,0
0.05,leo_high,5,5,8,1.0,51,1,20.0,45.0,3,earth_commit,earth,8502,1,0,0,1,1,0,0,3,0.181191,0,8,8,0,0,0
0.05,leo_high,5,5,8,1.0,52,1,20.0,45.0,3,earth_commit,earth,8502,1,0,0,1,1,0,0,3,0.180847,0,8,8,0,0,0
0.05,leo_high,5,5,8,1.0,53,1,20.0,45.0,3,earth_commit,earth,8502,1,0,0,1,1,0,0,1,0.185194,0,8,8,0,0,0
0.05,leo_high,5,5,8,1.0,54,1,20.0,45.0,3,earth_commit,earth,8502,1,0,0,1,1,0,0,3,0.198442,0,8,8,0,0,0
0.05,leo_high,5,5,8,1.0,55,1,20.0,45.0,3,earth_commit,earth,8502,1,0,0,1,1,0,0,3,0.198735,0,8,8,0,0,0
0.05,leo_high,5,5,8,1.0,56,1,20.0,45.0,3,earth_commit,earth,8502,1,0,0,1,1,0,0,4,0.188226,0,8,8,0,0,0
0.05,leo_high,5,5,8,1.0,57,1,20.0,45.0,3,earth_commit,earth,8502,1,0,0,1,1,0,0,1,0.193045,0,8,8,0,0,0
0.05,leo_high,5,5,8,1.0,58,1,20.0,45.0,3,earth_commit,earth,8502,1,0,0,1,1,0,0,1,0.193590,0,8,8,0,0,0
0.05,leo_high,5,5,8,1.0,59,1,20.0,45.0,3,earth_commit,earth,8502,1,0,0,1,1,0,0,1,0.186530,0,8,8,0,0,0
0.2,leo_high,5,5,8,1.0,40,1,20.0,45.0,3,earth_commit,earth,8502,0,0,0,1,1,0,0,1,0.184130,0,8,8,0,0,0
0.2,leo_high,5,5,8,1.0,41,1,20.0,45.0,3,earth_commit,earth,8502,0,0,0,1,1,0,0,2,0.194959,0,8,8,0,0,0
0.2,leo_high,5,5,8,1.0,42,1,20.0,45.0,3,earth_commit,earth,8502,0,0,0,1,1,0,0,5,0.170340,0,8,8,0,0,0
0.2,leo_high,5,5,8,1.0,43,1,20.0,45.0,3,earth_commit,earth,8502,0,0,0,1,1,0,0,1,0.188288,0,8,8,0,0,0
0.2,leo_high,5,5,8,1.0,44,1,20.0,45.0,3,earth_commit,earth,8502,0,0,0,1,1,0,0,4,0.179384,0,8,8,0,0,0
0.2,leo_high,5,5,8,1.0,45,1,20.0,45.0,3,earth_commit,earth,8502,0,0,0,1,1,0,0,3,0.185774,0,8,8,0,0,0
0.2,leo_high,5,5,8,1.0,46,1,20.0,45.0,3,earth_commit,earth,8502,0,0,0,1,1,0,0,2,0.194257,0,8,8,0,0,0
0.2,leo_high,5,5,8,1.0,47,1,20.0,45.0,3,earth_commit,earth,8502,0,0,0,1,1,0,0,2,0.171718,0,8,8,0,0,0
0.2,leo_high,5,5,8,1.0,48,1,20.0,45.0,3,earth_commit,earth,8502,0,0,0,1,1,0,0,1,0.183875,0,8,8,0,0,0
0.2,leo_high,5,5,8,1.0,49,1,20.0,45.0,3,earth_commit,earth,8502,0,0,0,1,1,0,0,2,0.174289,0,8,8,0,0,0
0.2,leo_high,5,5,8,1.0,50,1,20.0,45.0,3,earth_commit,earth,8502,0,0,0,1,1,0,0,3,0.190066,0,8,8,0,0,0
0.2,leo_high,5,5,8,1.0,51,1,20.0,45.0,3,earth_commit,earth,8502,0,0,0,1,1,0,0,3,0.181191,0,8,8,0,0,0
0.2,leo_high,5,5,8,1.0,52,1,20.0,45.0,3,earth_commit,earth,8502,0,0,0,1,1,0,0,3,0.180847,0,8,8,0,0,0
0.2,leo_high,5,5,8,1.0,53,1,20.0,45.0,3,earth_commit,earth,8502,0,0,0,1,1,0,0,1,0.185194,0,8,8,0,0,0
0.2,leo_high,5,5,8,1.0,54,1,20.0,45.0,3,earth_commit,earth,8502,0,0,0,1,1,0,0,3,0.198442,0,8,8,0,0,0
0.2,leo_high,5,5,8,1.0,55,1,20.0,45.0,3,earth_commit,earth,8502,0,0,0,1,1,0,0,3,0.198735,0,8,8,0,0,0
0.2,leo_high,5,5,8,1.0,56,1,20.0,45.0,3,earth_commit,earth,8502,0,0,0,1,1,0,0,4,0.188226,0,8,8,0,0,0
0.2,leo_high,5,5,8,1.0,57,1,20.0,45.0,3,earth_commit,earth,8502,0,0,0,1,1,0,0,1,0.193045,0,8,8,0,0,0
0.2,leo_high,5,5,8,1.0,58,1,20.0,45.0,3,earth_commit,earth,8502,0,0,0,1,1,0,0,1,0.193590,0,8,8,0,0,0
0.2,leo_high,5,5,8,1.0,59,1,20.0,45.0,3,earth_commit,earth,8502,0,0,0,1,1,0,0,1,0.186530,0,8,8,0,0,0
0.5,leo_high,5,5,8,1.0,40,1,20.0,45.0,3,earth_commit,earth,8502,0,0,0,1,1,0,0,1,0.184130,0,8,8,0,0,0
0.5,leo_high,5,5,8,1.0,41,1,20.0,45.0,3,earth_commit,earth,8502,0,0,0,1,1,0,0,2,0.194959,0,8,8,0,0,0
0.5,leo_high,5,5,8,1.0,42,1,20.0,45.0,3,earth_commit,earth,8502,0,0,0,1,1,0,0,5,0.170340,0,8,8,0,0,0
0.5,leo_high,5,5,8,1.0,43,1,20.0,45.0,3,earth_commit,earth,8502,0,0,0,1,1,0,0,1,0.188288,0,8,8,0,0,0
0.5,leo_high,5,5,8,1.0,44,1,20.0,45.0,3,earth_commit,earth,8502,0,0,0,1,1,0,0,4,0.179384,0,8,8,0,0,0
0.5,leo_high,5,5,8,1.0,45,1,20.0,45.0,3,earth_commit,earth,8502,0,0,0,1,1,0,0,3,0.185774,0,8,8,0,0,0
0.5,leo_high,5,5,8,1.0,46,1,20.0,45.0,3,earth_commit,earth,8502,0,0,0,1,1,0,0,2,0.194257,0,8,8,0,0,0
0.5,leo_high,5,5,8,1.0,47,1,20.0,45.0,3,earth_commit,earth,8502,0,0,0,1,1,0,0,2,0.171718,0,8,8,0,0,0
0.5,leo_high,5,5,8,1.0,48,1,20.0,45.0,3,earth_commit,earth,8502,0,0,0,1,1,0,0,1,0.183875,0,8,8,0,0,0
0.5,leo_high,5,5,8,1.0,49,1,20.0,45.0,3,earth_commit,earth,8502,0,0,0,1,1,0,0,2,0.174289,0,8,8,0,0,0
0.5,leo_high,5,5,8,1.0,50,1,20.0,45.0,3,earth_commit,earth,8502,0,0,0,1,1,0,0,3,0.190066,0,8,8,0,0,0
0.5,leo_high,5,5,8,1.0,51,1,20.0,45.0,3,earth_commit,earth,8502,0,0,0,1,1,0,0,3,0.181191,0,8,8,0,0,0
0.5,leo_high,5,5,8,1.0,52,1,20.0,45.0,3,earth_commit,earth,8502,0,0,0,1,1,0,0,3,0.180847,0,8,8,0,0,0
0.5,leo_high,5,5,8,1.0,53,1,20.0,45.0,3,earth_commit,earth,8502,0,0,0,1,1,0,0,1,0.185194,0,8,8,0,0,0
0.5,leo_high,5,5,8,1.0,54,1,20.0,45.0,3,earth_commit,earth,8502,0,0,0,1,1,0,0,3,0.198442,0,8,8,0,0,0
0.5,leo_high,5,5,8,1.0,55,1,20.0,45.0,3,earth_commit,earth,8502,0,0,0,1,1,0,0,3,0.198735,0,8,8,0,0,0
0.5,leo_high,5,5,8,1.0,56,1,20.0,45.0,3,earth_commit,earth,8502,0,0,0,1,1,0,0,4,0.188226,0,8,8,0,0,0
0.5,leo_high,5,5,8,1.0,57,1,20.0,45.0,3,earth_commit,earth,8502,0,0,0,1,1,0,0,1,0.193045,0,8,8,0,0,0
0.5,leo_high,5,5,8,1.0,58,1,20.0,45.0,3,earth_commit,earth,8502,0,0,0,1,1,0,0,1,0.193590,0,8,8,0,0,0
0.5,leo_high,5,5,8,1.0,59,1,20.0,45.0,3,earth_commit,earth,8502,0,0,0,1,1,0,0,1,0.186530,0,8,8,0,0,0
1.0,leo_high,5,5,8,1.0,40,1,20.0,45.0,3,earth_commit,earth,8502,0,0,0,1,1,0,0,1,0.184130,0,8,8,0,0,0
1.0,leo_high,5,5,8,1.0,41,1,20.0,45.0,3,earth_commit,earth,8502,0,0,0,1,1,0,0,2,0.194959,0,8,8,0,0,0
1.0,leo_high,5,5,8,1.0,42,1,20.0,45.0,3,earth_commit,earth,8502,0,0,0,1,1,0,0,5,0.170340,0,8,8,0,0,0
1.0,leo_high,5,5,8,1.0,43,1,20.0,45.0,3,earth_commit,earth,8502,0,0,0,1,1,0,0,1,0.188288,0,8,8,0,0,0
1.0,leo_high,5,5,8,1.0,44,1,20.0,45.0,3,earth_commit,earth,8502,0,0,0,1,1,0,0,4,0.179384,0,8,8,0,0,0
1.0,leo_high,5,5,8,1.0,45,1,20.0,45.0,3,earth_commit,earth,8502,0,0,0,1,1,0,0,3,0.185774,0,8,8,0,0,0
1.0,leo_high,5,5,8,1.0,46,1,20.0,45.0,3,earth_commit,earth,8502,0,0,0,1,1,0,0,2,0.194257,0,8,8,0,0,0
1.0,leo_high,5,5,8,1.0,47,1,20.0,45.0,3,earth_commit,earth,8502,0,0,0,1,1,0,0,2,0.171718,0,8,8,0,0,0
1.0,leo_high,5,5,8,1.0,48,1,20.0,45.0,3,earth_commit,earth,8502,0,0,0,1,1,0,0,1,0.183875,0,8,8,0,0,0
1.0,leo_high,5,5,8,1.0,49,1,20.0,45.0,3,earth_commit,earth,8502,0,0,0,1,1,0,0,2,0.174289,0,8,8,0,0,0
1.0,leo_high,5,5,8,1.0,50,1,20.0,45.0,3,earth_commit,earth,8502,0,0,0,1,1,0,0,3,0.190066,0,8,8,0,0,0
1.0,leo_high,5,5,8,1.0,51,1,20.0,45.0,3,earth_commit,earth,8502,0,0,0,1,1,0,0,3,0.181191,0,8,8,0,0,0
1.0,leo_high,5,5,8,1.0,52,1,20.0,45.0,3,earth_commit,earth,8502,0,0,0,1,1,0,0,3,0.180847,0,8,8,0,0,0
1.0,leo_high,5,5,8,1.0,53,1,20.0,45.0,3,earth_commit,earth,8502,0,0,0,1,1,0,0,1,0.185194,0,8,8,0,0,0
1.0,leo_high,5,5,8,1.0,54,1,20.0,45.0,3,earth_commit,earth,8502,0,0,0,1,1,0,0,3,0.198442,0,8,8,0,0,0
1.0,leo_high,5,5,8,1.0,55,1,20.0,45.0,3,earth_commit,earth,8502,0,0,0,1,1,0,0,3,0.198735,0,8,8,0,0,0
1.0,leo_high,5,5,8,1.0,56,1,20.0,45.0,3,earth_commit,earth,8502,0,0,0,1,1,0,0,4,0.188226,0,8,8,0,0,0
1.0,leo_high,5,5,8,1.0,57,1,20.0,45.0,3,earth_commit,earth,8502,0,0,0,1,1,0,0,1,0.193045,0,8,8,0,0,0
1.0,leo_high,5,5,8,1.0,58,1,20.0,45.0,3,earth_commit,earth,8502,0,0,0,1,1,0,0,1,0.193590,0,8,8,0,0,0
1.0,leo_high,5,5,8,1.0,59,1,20.0,45.0,3,earth_commit,earth,8502,0,0,0,1,1,0,0,1,0.186530,0,8,8,0,0,0
2.0,leo_high,5,5,8,1.0,40,1,20.0,45.0,3,earth_commit,earth,8502,0,0,0,1,1,0,0,1,0.184130,0,8,8,0,0,0
2.0,leo_high,5,5,8,1.0,41,1,20.0,45.0,3,earth_commit,earth,8502,0,0,0,1,1,0,0,2,0.194959,0,8,8,0,0,0
2.0,leo_high,5,5,8,1.0,42,1,20.0,45.0,3,earth_commit,earth,8502,0,0,0,1,1,0,0,5,0.170340,0,8,8,0,0,0
2.0,leo_high,5,5,8,1.0,43,1,20.0,45.0,3,earth_commit,earth,8502,0,0,0,1,1,0,0,1,0.188288,0,8,8,0,0,0
2.0,leo_high,5,5,8,1.0,44,1,20.0,45.0,3,earth_commit,earth,8502,0,0,0,1,1,0,0,4,0.179384,0,8,8,0,0,0
2.0,leo_high,5,5,8,1.0,45,1,20.0,45.0,3,earth_commit,earth,8502,0,0,0,1,1,0,0,3,0.185774,0,8,8,0,0,0
2.0,leo_high,5,5,8,1.0,46,1,20.0,45.0,3,earth_commit,earth,8502,0,0,0,1,1,0,0,2,0.194257,0,8,8,0,0,0
2.0,leo_high,5,5,8,1.0,47,1,20.0,45.0,3,earth_commit,earth,8502,0,0,0,1,1,0,0,2,0.171718,0,8,8,0,0,0
2.0,leo_high,5,5,8,1.0,48,1,20.0,45.0,3,earth_commit,earth,8502,0,0,0,1,1,0,0,1,0.183875,0,8,8,0,0,0
2.0,leo_high,5,5,8,1.0,49,1,20.0,45.0,3,earth_commit,earth,8502,0,0,0,1,1,0,0,2,0.174289,0,8,8,0,0,0
2.0,leo_high,5,5,8,1.0,50,1,20.0,45.0,3,earth_commit,earth,8502,0,0,0,1,1,0,0,3,0.190066,0,8,8,0,0,0
2.0,leo_high,5,5,8,1.0,51,1,20.0,45.0,3,earth_commit,earth,8502,0,0,0,1,1,0,0,3,0.181191,0,8,8,0,0,0
2.0,leo_high,5,5,8,1.0,52,1,20.0,45.0,3,earth_commit,earth,8502,0,0,0,1,1,0,0,3,0.180847,0,8,8,0,0,0
2.0,leo_high,5,5,8,1.0,53,1,20.0,45.0,3,earth_commit,earth,8502,0,0,0,1,1,0,0,1,0.185194,0,8,8,0,0,0
2.0,leo_high,5,5,8,1.0,54,1,20.0,45.0,3,earth_commit,earth,8502,0,0,0,1,1,0,0,3,0.198442,0,8,8,0,0,0
2.0,leo_high,5,5,8,1.0,55,1,20.0,45.0,3,earth_commit,earth,8502,0,0,0,1,1,0,0,3,0.198735,0,8,8,0,0,0
2.0,leo_high,5,5,8,1.0,56,1,20.0,45.0,3,earth_commit,earth,8502,0,0,0,1,1,0,0,4,0.188226,0,8,8,0,0,0
2.0,leo_high,5,5,8,1.0,57,1,20.0,45.0,3,earth_commit,earth,8502,0,0,0,1,1,0,0,1,0.193045,0,8,8,0,0,0
2.0,leo_high,5,5,8,1.0,58,1,20.0,45.0,3,earth_commit,earth,8502,0,0,0,1,1,0,0,1,0.193590,0,8,8,0,0,0
2.0,leo_high,5,5,8,1.0,59,1,20.0,45.0,3,earth_commit,earth,8502,0,0,0,1,1,0,0,1,0.186530,0,8,8,0,0,0
30.0,leo_high,5,5,8,1.0,40,1,20.0,45.0,3,earth_commit,earth,8502,0,0,0,1,1,0,0,1,0.184130,0,8,8,0,0,0
30.0,leo_high,5,5,8,1.0,41,1,20.0,45.0,3,earth_commit,earth,8502,0,0,0,1,1,0,0,2,0.194959,0,8,8,0,0,0
30.0,leo_high,5,5,8,1.0,42,1,20.0,45.0,3,earth_commit,earth,8502,0,0,0,1,1,0,0,5,0.170340,0,8,8,0,0,0
30.0,leo_high,5,5,8,1.0,43,1,20.0,45.0,3,earth_commit,earth,8502,0,0,0,1,1,0,0,1,0.188288,0,8,8,0,0,0
30.0,leo_high,5,5,8,1.0,44,1,20.0,45.0,3,earth_commit,earth,8502,0,0,0,1,1,0,0,4,0.179384,0,8,8,0,0,0
30.0,leo_high,5,5,8,1.0,45,1,20.0,45.0,3,earth_commit,earth,8502,0,0,0,1,1,0,0,3,0.185774,0,8,8,0,0,0
30.0,leo_high,5,5,8,1.0,46,1,20.0,45.0,3,earth_commit,earth,8502,0,0,0,1,1,0,0,2,0.194257,0,8,8,0,0,0
30.0,leo_high,5,5,8,1.0,47,1,20.0,45.0,3,earth_commit,earth,8502,0,0,0,1,1,0,0,2,0.171718,0,8,8,0,0,0
30.0,leo_high,5,5,8,1.0,48,1,20.0,45.0,3,earth_commit,earth,8502,0,0,0,1,1,0,0,1,0.183875,0,8,8,0,0,0
30.0,leo_high,5,5,8,1.0,49,1,20.0,45.0,3,earth_commit,earth,8502,0,0,0,1,1,0,0,2,0.174289,0,8,8,0,0,0
30.0,leo_high,5,5,8,1.0,50,1,20.0,45.0,3,earth_commit,earth,8502,0,0,0,1,1,0,0,3,0.190066,0,8,8,0,0,0
30.0,leo_high,5,5,8,1.0,51,1,20.0,45.0,3,earth_commit,earth,8502,0,0,0,1,1,0,0,3,0.181191,0,8,8,0,0,0
30.0,leo_high,5,5,8,1.0,52,1,20.0,45.0,3,earth_commit,earth,8502,0,0,0,1,1,0,0,3,0.180847,0,8,8,0,0,0
30.0,leo_high,5,5,8,1.0,53,1,20.0,45.0,3,earth_commit,earth,8502,0,0,0,1,1,0,0,1,0.185194,0,8,8,0,0,0
30.0,leo_high,5,5,8,1.0,54,1,20.0,45.0,3,earth_commit,earth,8502,0,0,0,1,1,0,0,3,0.198442,0,8,8,0,0,0
30.0,leo_high,5,5,8,1.0,55,1,20.0,45.0,3,earth_commit,earth,8502,0,0,0,1,1,0,0,3,0.198735,0,8,8,0,0,0
30.0,leo_high,5,5,8,1.0,56,1,20.0,45.0,3,earth_commit,earth,8502,0,0,0,1,1,0,0,4,0.188226,0,8,8,0,0,0
30.0,leo_high,5,5,8,1.0,57,1,20.0,45.0,3,earth_commit,earth,8502,0,0,0,1,1,0,0,1,0.193045,0,8,8,0,0,0
30.0,leo_high,5,5,8,1.0,58,1,20.0,45.0,3,earth_commit,earth,8502,0,0,0,1,1,0,0,1,0.193590,0,8,8,0,0,0
30.0,leo_high,5,5,8,1.0,59,1,20.0,45.0,3,earth_commit,earth,8502,0,0,0,1,1,0,0,1,0.186530,0,8,8,0,0,0
90.0,leo_high,5,5,8,1.0,40,1,20.0,45.0,3,earth_commit,earth,8502,0,0,0,1,1,0,0,1,0.184130,0,8,8,0,0,0
90.0,leo_high,5,5,8,1.0,41,1,20.0,45.0,3,earth_commit,earth,8502,0,0,0,1,1,0,0,2,0.194959,0,8,8,0,0,0
90.0,leo_high,5,5,8,1.0,42,1,20.0,45.0,3,earth_commit,earth,8502,0,0,0,1,1,0,0,5,0.170340,0,8,8,0,0,0
90.0,leo_high,5,5,8,1.0,43,1,20.0,45.0,3,earth_commit,earth,8502,0,0,0,1,1,0,0,1,0.188288,0,8,8,0,0,0
90.0,leo_high,5,5,8,1.0,44,1,20.0,45.0,3,earth_commit,earth,8502,0,0,0,1,1,0,0,4,0.179384,0,8,8,0,0,0
90.0,leo_high,5,5,8,1.0,45,1,20.0,45.0,3,earth_commit,earth,8502,0,0,0,1,1,0,0,3,0.185774,0,8,8,0,0,0
90.0,leo_high,5,5,8,1.0,46,1,20.0,45.0,3,earth_commit,earth,8502,0,0,0,1,1,0,0,2,0.194257,0,8,8,0,0,0
90.0,leo_high,5,5,8,1.0,47,1,20.0,45.0,3,earth_commit,earth,8502,0,0,0,1,1,0,0,2,0.171718,0,8,8,0,0,0
90.0,leo_high,5,5,8,1.0,48,1,20.0,45.0,3,earth_commit,earth,8502,0,0,0,1,1,0,0,1,0.183875,0,8,8,0,0,0
90.0,leo_high,5,5,8,1.0,49,1,20.0,45.0,3,earth_commit,earth,8502,0,0,0,1,1,0,0,2,0.174289,0,8,8,0,0,0
90.0,leo_high,5,5,8,1.0,50,1,20.0,45.0,3,earth_commit,earth,8502,0,0,0,1,1,0,0,3,0.190066,0,8,8,0,0,0
90.0,leo_high,5,5,8,1.0,51,1,20.0,45.0,3,earth_commit,earth,8502,0,0,0,1,1,0,0,3,0.181191,0,8,8,0,0,0
90.0,leo_high,5,5,8,1.0,52,1,20.0,45.0,3,earth_commit,earth,8502,0,0,0,1,1,0,0,3,0.180847,0,8,8,0,0,0
90.0,leo_high,5,5,8,1.0,53,1,20.0,45.0,3,earth_commit,earth,8502,0,0,0,1,1,0,0,1,0.185194,0,8,8,0,0,0
90.0,leo_high,5,5,8,1.0,54,1,20.0,45.0,3,earth_commit,earth,8502,0,0,0,1,1,0,0,3,0.198442,0,8,8,0,0,0
90.0,leo_high,5,5,8,1.0,55,1,20.0,45.0,3,earth_commit,earth,8502,0,0,0,1,1,0,0,3,0.198735,0,8,8,0,0,0
90.0,leo_high,5,5,8,1.0,56,1,20.0,45.0,3,earth_commit,earth,8502,0,0,0,1,1,0,0,4,0.188226,0,8,8,0,0,0
90.0,leo_high,5,5,8,1.0,57,1,20.0,45.0,3,earth_commit,earth,8502,0,0,0,1,1,0,0,1,0.193045,0,8,8,0,0,0
90.0,leo_high,5,5,8,1.0,58,1,20.0,45.0,3,earth_commit,earth,8502,0,0,0,1,1,0,0,1,0.193590,0,8,8,0,0,0
90.0,leo_high,5,5,8,1.0,59,1,20.0,45.0,3,earth_commit,earth,8502,0,0,0,1,1,0,0,1,0.186530,0,8,8,0,0,0
-10.0,leo_high,3,1,8,1.0,40,1,20.0,45.0,3,leo_commit,leo,1502,0,1,0,0,1,4,0,1,,1,1,0,0,0,0
-10.0,leo_high,3,1,8,1.0,41,1,20.0,45.0,3,leo_commit,leo,1502,0,1,0,0,1,4,0,1,,1,1,0,0,0,0
-10.0,leo_high,3,1,8,1.0,42,1,20.0,45.0,3,leo_commit,leo,1502,0,1,0,0,1,4,0,1,,1,1,0,0,0,0
-10.0,leo_high,3,1,8,1.0,43,1,20.0,45.0,3,leo_commit,leo,1502,0,1,0,0,1,4,0,1,,1,1,0,0,0,0
-10.0,leo_high,3,1,8,1.0,44,1,20.0,45.0,3,leo_commit,leo,1502,0,1,0,0,1,4,0,1,,1,1,0,0,0,0
-10.0,leo_high,3,1,8,1.0,45,1,20.0,45.0,3,leo_commit,leo,1502,0,1,0,0,1,4,0,1,,1,1,0,0,0,0
-10.0,leo_high,3,1,8,1.0,46,1,20.0,45.0,3,leo_commit,leo,1502,0,1,0,0,1,4,0,1,,1,1,0,0,0,0
-10.0,leo_high,3,1,8,1.0,47,1,20.0,45.0,3,leo_commit,leo,1502,0,1,0,0,1,4,0,1,,1,1,0,0,0,0
-10.0,leo_high,3,1,8,1.0,48,1,20.0,45.0,3,leo_commit,leo,1502,0,1,0,0,1,4,0,1,,1,1,0,0,0,0
-10.0,leo_high,3,1,8,1.0,49,1,20.0,45.0,3,leo_commit,leo,1502,0,1,0,0,1,4,0,1,,1,1,0,0,0,0
-10.0,leo_high,3,1,8,1.0,50,1,20.0,45.0,3,leo_commit,leo,1502,0,1,0,0,1,4,0,1,,1,1,0,0,0,0
-10.0,leo_high,3,1,8,1.0,51,1,20.0,45.0,3,leo_commit,leo,1502,0,1,0,0,1,4,0,1,,1,1,0,0,0,0
-10.0,leo_high,3,1,8,1.0,52,1,20.0,45.0,3,leo_commit,leo,1502,0,1,0,0,1,4,0,1,,1,1,0,0,0,0
-10.0,leo_high,3,1,8,1.0,53,1,20.0,45.0,3,leo_commit,leo,1502,0,1,0,0,1,4,0,1,,1,1,0,0,0,0
-10.0,leo_high,3,1,8,1.0,54,1,20.0,45.0,3,leo_commit,leo,1502,0,1,0,0,1,4,0,1,,1,1,0,0,0,0
-10.0,leo_high,3,1,8,1.0,55,1,20.0,45.0,3,leo_commit,leo,1502,0,1,0,0,1,4,0,1,,1,1,0,0,0,0
-10.0,leo_high,3,1,8,1.0,56,1,20.0,45.0,3,leo_commit,leo,1502,0,1,0,0,1,4,0,1,,1,1,0,0,0,0
-10.0,leo_high,3,1,8,1.0,57,1,20.0,45.0,3,leo_commit,leo,1502,0,1,0,0,1,4,0,1,,1,1,0,0,0,0
-10.0,leo_high,3,1,8,1.0,58,1,20.0,45.0,3,leo_commit,leo,1502,0,1,0,0,1,4,0,1,,1,1,0,0,0,0
-10.0,leo_high,3,1,8,1.0,59,1,20.0,45.0,3,leo_commit,leo,1502,0,1,0,0,1,4,0,1,,1,1,0,0,0,0
-5.0,leo_high,3,1,8,1.0,40,1,20.0,45.0,3,leo_commit,leo,1502,0,1,0,0,1,4,0,1,,1,1,0,0,0,0
-5.0,leo_high,3,1,8,1.0,41,1,20.0,45.0,3,leo_commit,leo,1502,0,1,0,0,1,4,0,1,,1,1,0,0,0,0
-5.0,leo_high,3,1,8,1.0,42,1,20.0,45.0,3,leo_commit,leo,1502,0,1,0,0,1,4,0,1,,1,1,0,0,0,0
-5.0,leo_high,3,1,8,1.0,43,1,20.0,45.0,3,leo_commit,leo,1502,0,1,0,0,1,4,0,1,,1,1,0,0,0,0
-5.0,leo_high,3,1,8,1.0,44,1,20.0,45.0,3,leo_commit,leo,1502,0,1,0,0,1,4,0,1,,1,1,0,0,0,0
-5.0,leo_high,3,1,8,1.0,45,1,20.0,45.0,3,leo_commit,leo,1502,0,1,0,0,1,4,0,1,,1,1,0,0,0,0
-5.0,leo_high,3,1,8,1.0,46,1,20.0,45.0,3,leo_commit,leo,1502,0,1,0,0,1,4,0,1,,1,1,0,0,0,0
-5.0,leo_high,3,1,8,1.0,47,1,20.0,45.0,3,leo_commit,leo,1502,0,1,0,0,1,4,0,1,,1,1,0,0,0,0
-5.0,leo_high,3,1,8,1.0,48,1,20.0,45.0,3,leo_commit,leo,1502,0,1,0,0,1,4,0,1,,1,1,0,0,0,0
-5.0,leo_high,3,1,8,1.0,49,1,20.0,45.0,3,leo_commit,leo,1502,0,1,0,0,1,4,0,1,,1,1,0,0,0,0
-5.0,leo_high,3,1,8,1.0,50,1,20.0,45.0,3,leo_commit,leo,1502,0,1,0,0,1,4,0,1,,1,1,0,0,0,0
-5.0,leo_high,3,1,8,1.0,51,1,20.0,45.0,3,leo_commit,leo,1502,0,1,0,0,1,4,0,1,,1,1,0,0,0,0
-5.0,leo_high,3,1,8,1.0,52,1,20.0,45.0,3,leo_commit,leo,1502,0,1,0,0,1,4,0,1,,1,1,0,0,0,0
-5.0,leo_high,3,1,8,1.0,53,1,20.0,45.0,3,leo_commit,leo,1502,0,1,0,0,1,4,0,1,,1,1,0,0,0,0
-5.0,leo_high,3,1,8,1.0,54,1,20.0,45.0,3,leo_commit,leo,1502,0,1,0,0,1,4,0,1,,1,1,0,0,0,0
-5.0,leo_high,3,1,8,1.0,55,1,20.0,45.0,3,leo_commit,leo,1502,0,1,0,0,1,4,0,1,,1,1,0,0,0,0
-5.0,leo_high,3,1,8,1.0,56,1,20.0,45.0,3,leo_commit,leo,1502,0,1,0,0,1,4,0,1,,1,1,0,0,0,0
-5.0,leo_high,3,1,8,1.0,57,1,20.0,45.0,3,leo_commit,leo,1502,0,1,0,0,1,4,0,1,,1,1,0,0,0,0
-5.0,leo_high,3,1,8,1.0,58,1,20.0,45.0,3,leo_commit,leo,1502,0,1,0,0,1,4,0,1,,1,1,0,0,0,0
-5.0,leo_high,3,1,8,1.0,59,1,20.0,45.0,3,leo_commit,leo,1502,0,1,0,0,1,4,0,1,,1,1,0,0,0,0
-2.0,leo_high,3,1,8,1.0,40,1,20.0,45.0,3,leo_commit,leo,1502,0,1,0,0,1,4,0,1,,1,1,0,0,0,0
-2.0,leo_high,3,1,8,1.0,41,1,20.0,45.0,3,leo_commit,leo,1502,0,1,0,0,1,4,0,1,,1,1,0,0,0,0
-2.0,leo_high,3,1,8,1.0,42,1,20.0,45.0,3,leo_commit,leo,1502,0,1,0,0,1,4,0,1,,1,1,0,0,0,0
-2.0,leo_high,3,1,8,1.0,43,1,20.0,45.0,3,leo_commit,leo,1502,0,1,0,0,1,4,0,1,,1,1,0,0,0,0
-2.0,leo_high,3,1,8,1.0,44,1,20.0,45.0,3,leo_commit,leo,1502,0,1,0,0,1,4,0,1,,1,1,0,0,0,0
-2.0,leo_high,3,1,8,1.0,45,1,20.0,45.0,3,leo_commit,leo,1502,0,1,0,0,1,4,0,1,,1,1,0,0,0,0
-2.0,leo_high,3,1,8,1.0,46,1,20.0,45.0,3,leo_commit,leo,1502,0,1,0,0,1,4,0,1,,1,1,0,0,0,0
-2.0,leo_high,3,1,8,1.0,47,1,20.0,45.0,3,leo_commit,leo,1502,0,1,0,0,1,4,0,1,,1,1,0,0,0,0
-2.0,leo_high,3,1,8,1.0,48,1,20.0,45.0,3,leo_commit,leo,1502,0,1,0,0,1,4,0,1,,1,1,0,0,0,0
-2.0,leo_high,3,1,8,1.0,49,1,20.0,45.0,3,leo_commit,leo,1502,0,1,0,0,1,4,0,1,,1,1,0,0,0,0
-2.0,leo_high,3,1,8,1.0,50,1,20.0,45.0,3,leo_commit,leo,1502,0,1,0,0,1,4,0,1,,1,1,0,0,0,0
-2.0,leo_high,3,1,8,1.0,51,1,20.0,45.0,3,leo_commit,leo,1502,0,1,0,0,1,4,0,1,,1,1,0,0,0,0
-2.0,leo_high,3,1,8,1.0,52,1,20.0,45.0,3,leo_commit,leo,1502,0,1,0,0,1,4,0,1,,1,1,0,0,0,0
-2.0,leo_high,3,1,8,1.0,53,1,20.0,45.0,3,leo_commit,leo,1502,0,1,0,0,1,4,0,1,,1,1,0,0,0,0
-2.0,leo_high,3,1,8,1.0,54,1,20.0,45.0,3,leo_commit,leo,1502,0,1,0,0,1,4,0,1,,1,1,0,0,0,0
-2.0,leo_high,3,1,8,1.0,55,1,20.0,45.0,3,leo_commit,leo,1502,0,1,0,0,1,4,0,1,,1,1,0,0,0,0
-2.0,leo_high,3,1,8,1.0,56,1,20.0,45.0,3,leo_commit,leo,1502,0,1,0,0,1,4,0,1,,1,1,0,0,0,0
-2.0,leo_high,3,1,8,1.0,57,1,20.0,45.0,3,leo_commit,leo,1502,0,1,0,0,1,4,0,1,,1,1,0,0,0,0
-2.0,leo_high,3,1,8,1.0,58,1,20.0,45.0,3,leo_commit,leo,1502,0,1,0,0,1,4,0,1,,1,1,0,0,0,0
-2.0,leo_high,3,1,8,1.0,59,1,20.0,45.0,3,leo_commit,leo,1502,0,1,0,0,1,4,0,1,,1,1,0,0,0,0
-1.0,leo_high,3,1,8,1.0,40,1,20.0,45.0,3,leo_commit,leo,1502,0,1,0,0,1,4,0,1,,1,1,0,0,0,0
-1.0,leo_high,3,1,8,1.0,41,1,20.0,45.0,3,leo_commit,leo,1502,0,1,0,0,1,4,0,1,,1,1,0,0,0,0
-1.0,leo_high,3,1,8,1.0,42,1,20.0,45.0,3,leo_commit,leo,1502,0,1,0,0,1,4,0,1,,1,1,0,0,0,0
-1.0,leo_high,3,1,8,1.0,43,1,20.0,45.0,3,leo_commit,leo,1502,0,1,0,0,1,4,0,1,,1,1,0,0,0,0
-1.0,leo_high,3,1,8,1.0,44,1,20.0,45.0,3,leo_commit,leo,1502,0,1,0,0,1,4,0,1,,1,1,0,0,0,0
-1.0,leo_high,3,1,8,1.0,45,1,20.0,45.0,3,leo_commit,leo,1502,0,1,0,0,1,4,0,1,,1,1,0,0,0,0
-1.0,leo_high,3,1,8,1.0,46,1,20.0,45.0,3,leo_commit,leo,1502,0,1,0,0,1,4,0,1,,1,1,0,0,0,0
-1.0,leo_high,3,1,8,1.0,47,1,20.0,45.0,3,leo_commit,leo,1502,0,1,0,0,1,4,0,1,,1,1,0,0,0,0
-1.0,leo_high,3,1,8,1.0,48,1,20.0,45.0,3,leo_commit,leo,1502,0,1,0,0,1,4,0,1,,1,1,0,0,0,0
-1.0,leo_high,3,1,8,1.0,49,1,20.0,45.0,3,leo_commit,leo,1502,0,1,0,0,1,4,0,1,,1,1,0,0,0,0
-1.0,leo_high,3,1,8,1.0,50,1,20.0,45.0,3,leo_commit,leo,1502,0,1,0,0,1,4,0,1,,1,1,0,0,0,0
-1.0,leo_high,3,1,8,1.0,51,1,20.0,45.0,3,leo_commit,leo,1502,0,1,0,0,1,4,0,1,,1,1,0,0,0,0
-1.0,leo_high,3,1,8,1.0,52,1,20.0,45.0,3,leo_commit,leo,1502,0,1,0,0,1,4,0,1,,1,1,0,0,0,0
-1.0,leo_high,3,1,8,1.0,53,1,20.0,45.0,3,leo_commit,leo,1502,0,1,0,0,1,4,0,1,,1,1,0,0,0,0
-1.0,leo_high,3,1,8,1.0,54,1,20.0,45.0,3,leo_commit,leo,1502,0,1,0,0,1,4,0,1,,1,1,0,0,0,0
-1.0,leo_high,3,1,8,1.0,55,1,20.0,45.0,3,leo_commit,leo,1502,0,1,0,0,1,4,0,1,,1,1,0,0,0,0
-1.0,leo_high,3,1,8,1.0,56,1,20.0,45.0,3,leo_commit,leo,1502,0,1,0,0,1,4,0,1,,1,1,0,0,0,0
-1.0,leo_high,3,1,8,1.0,57,1,20.0,45.0,3,leo_commit,leo,1502,0,1,0,0,1,4,0,1,,1,1,0,0,0,0
-1.0,leo_high,3,1,8,1.0,58,1,20.0,45.0,3,leo_commit,leo,1502,0,1,0,0,1,4,0,1,,1,1,0,0,0,0
-1.0,leo_high,3,1,8,1.0,59,1,20.0,45.0,3,leo_commit,leo,1502,0,1,0,0,1,4,0,1,,1,1,0,0,0,0
-0.5,leo_high,3,1,8,1.0,40,1,20.0,45.0,3,leo_commit,leo,1502,0,1,0,0,1,4,0,1,,1,1,0,0,0,0
-0.5,leo_high,3,1,8,1.0,41,1,20.0,45.0,3,leo_commit,leo,1502,0,1,0,0,1,4,0,1,,1,1,0,0,0,0
-0.5,leo_high,3,1,8,1.0,42,1,20.0,45.0,3,leo_commit,leo,1502,0,1,0,0,1,4,0,1,,1,1,0,0,0,0
-0.5,leo_high,3,1,8,1.0,43,1,20.0,45.0,3,leo_commit,leo,1502,0,1,0,0,1,4,0,1,,1,1,0,0,0,0
-0.5,leo_high,3,1,8,1.0,44,1,20.0,45.0,3,leo_commit,leo,1502,0,1,0,0,1,4,0,1,,1,1,0,0,0,0
-0.5,leo_high,3,1,8,1.0,45,1,20.0,45.0,3,leo_commit,leo,1502,0,1,0,0,1,4,0,1,,1,1,0,0,0,0
-0.5,leo_high,3,1,8,1.0,46,1,20.0,45.0,3,leo_commit,leo,1502,0,1,0,0,1,4,0,1,,1,1,0,0,0,0
-0.5,leo_high,3,1,8,1.0,47,1,20.0,45.0,3,leo_commit,leo,1502,0,1,0,0,1,4,0,1,,1,1,0,0,0,0
-0.5,leo_high,3,1,8,1.0,48,1,20.0,45.0,3,leo_commit,leo,1502,0,1,0,0,1,4,0,1,,1,1,0,0,0,0
-0.5,leo_high,3,1,8,1.0,49,1,20.0,45.0,3,leo_commit,leo,1502,0,1,0,0,1,4,0,1,,1,1,0,0,0,0
-0.5,leo_high,3,1,8,1.0,50,1,20.0,45.0,3,leo_commit,leo,1502,0,1,0,0,1,4,0,1,,1,1,0,0,0,0
-0.5,leo_high,3,1,8,1.0,51,1,20.0,45.0,3,leo_commit,leo,1502,0,1,0,0,1,4,0,1,,1,1,0,0,0,0
-0.5,leo_high,3,1,8,1.0,52,1,20.0,45.0,3,leo_commit,leo,1502,0,1,0,0,1,4,0,1,,1,1,0,0,0,0
-0.5,leo_high,3,1,8,1.0,53,1,20.0,45.0,3,leo_commit,leo,1502,0,1,0,0,1,4,0,1,,1,1,0,0,0,0
-0.5,leo_high,3,1,8,1.0,54,1,20.0,45.0,3,leo_commit,leo,1502,0,1,0,0,1,4,0,1,,1,1,0,0,0,0
-0.5,leo_high,3,1,8,1.0,55,1,20.0,45.0,3,leo_commit,leo,1502,0,1,0,0,1,4,0,1,,1,1,0,0,0,0
-0.5,leo_high,3,1,8,1.0,56,1,20.0,45.0,3,leo_commit,leo,1502,0,1,0,0,1,4,0,1,,1,1,0,0,0,0
-0.5,leo_high,3,1,8,1.0,57,1,20.0,45.0,3,leo_commit,leo,1502,0,1,0,0,1,4,0,1,,1,1,0,0,0,0
-0.5,leo_high,3,1,8,1.0,58,1,20.0,45.0,3,leo_commit,leo,1502,0,1,0,0,1,4,0,1,,1,1,0,0,0,0
-0.5,leo_high,3,1,8,1.0,59,1,20.0,45.0,3,leo_commit,leo,1502,0,1,0,0,1,4,0,1,,1,1,0,0,0,0
-0.2,leo_high,3,1,8,1.0,40,1,20.0,45.0,3,leo_commit,leo,1502,0,1,0,0,1,4,0,1,,1,1,0,0,0,0
-0.2,leo_high,3,1,8,1.0,41,1,20.0,45.0,3,leo_commit,leo,1502,0,1,0,0,1,4,0,1,,1,1,0,0,0,0
-0.2,leo_high,3,1,8,1.0,42,1,20.0,45.0,3,leo_commit,leo,1502,0,1,0,0,1,4,0,1,,1,1,0,0,0,0
-0.2,leo_high,3,1,8,1.0,43,1,20.0,45.0,3,leo_commit,leo,1502,0,1,0,0,1,4,0,1,,1,1,0,0,0,0
-0.2,leo_high,3,1,8,1.0,44,1,20.0,45.0,3,leo_commit,leo,1502,0,1,0,0,1,4,0,1,,1,1,0,0,0,0
-0.2,leo_high,3,1,8,1.0,45,1,20.0,45.0,3,leo_commit,leo,1502,0,1,0,0,1,4,0,1,,1,1,0,0,0,0
-0.2,leo_high,3,1,8,1.0,46,1,20.0,45.0,3,leo_commit,leo,1502,0,1,0,0,1,4,0,1,,1,1,0,0,0,0
-0.2,leo_high,3,1,8,1.0,47,1,20.0,45.0,3,leo_commit,leo,1502,0,1,0,0,1,4,0,1,,1,1,0,0,0,0
-0.2,leo_high,3,1,8,1.0,48,1,20.0,45.0,3,leo_commit,leo,1502,0,1,0,0,1,4,0,1,,1,1,0,0,0,0
-0.2,leo_high,3,1,8,1.0,49,1,20.0,45.0,3,leo_commit,leo,1502,0,1,0,0,1,4,0,1,,1,1,0,0,0,0
-0.2,leo_high,3,1,8,1.0,50,1,20.0,45.0,3,leo_commit,leo,1502,0,1,0,0,1,4,0,1,,1,1,0,0,0,0
-0.2,leo_high,3,1,8,1.0,51,1,20.0,45.0,3,leo_commit,leo,1502,0,1,0,0,1,4,0,1,,1,1,0,0,0,0
-0.2,leo_high,3,1,8,1.0,52,1,20.0,45.0,3,leo_commit,leo,1502,0,1,0,0,1,4,0,1,,1,1,0,0,0,0
-0.2,leo_high,3,1,8,1.0,53,1,20.0,45.0,3,leo_commit,leo,1502,0,1,0,0,1,4,0,1,,1,1,0,0,0,0
-0.2,leo_high,3,1,8,1.0,54,1,20.0,45.0,3,leo_commit,leo,1502,0,1,0,0,1,4,0,1,,1,1,0,0,0,0
-0.2,leo_high,3,1,8,1.0,55,1,20.0,45.0,3,leo_commit,leo,1502,0,1,0,0,1,4,0,1,,1,1,0,0,0,0
-0.2,leo_high,3,1,8,1.0,56,1,20.0,45.0,3,leo_commit,leo,1502,0,1,0,0,1,4,0,1,,1,1,0,0,0,0
-0.2,leo_high,3,1,8,1.0,57,1,20.0,45.0,3,leo_commit,leo,1502,0,1,0,0,1,4,0,1,,1,1,0,0,0,0
-0.2,leo_high,3,1,8,1.0,58,1,20.0,45.0,3,leo_commit,leo,1502,0,1,0,0,1,4,0,1,,1,1,0,0,0,0
-0.2,leo_high,3,1,8,1.0,59,1,20.0,45.0,3,leo_commit,leo,1502,0,1,0,0,1,4,0,1,,1,1,0,0,0,0
-0.05,leo_high,3,1,8,1.0,40,1,20.0,45.0,3,leo_commit,leo,1502,1,1,0,0,1,4,0,1,,1,1,0,0,0,0
-0.05,leo_high,3,1,8,1.0,41,1,20.0,45.0,3,leo_commit,leo,1502,1,1,0,0,1,4,0,1,,1,1,0,0,0,0
-0.05,leo_high,3,1,8,1.0,42,1,20.0,45.0,3,leo_commit,leo,1502,1,1,0,0,1,4,0,1,,1,1,0,0,0,0
-0.05,leo_high,3,1,8,1.0,43,1,20.0,45.0,3,leo_commit,leo,1502,1,1,0,0,1,4,0,1,,1,1,0,0,0,0
-0.05,leo_high,3,1,8,1.0,44,1,20.0,45.0,3,leo_commit,leo,1502,1,1,0,0,1,4,0,1,,1,1,0,0,0,0
-0.05,leo_high,3,1,8,1.0,45,1,20.0,45.0,3,leo_commit,leo,1502,1,1,0,0,1,4,0,1,,1,1,0,0,0,0
-0.05,leo_high,3,1,8,1.0,46,1,20.0,45.0,3,leo_commit,leo,1502,1,1,0,0,1,4,0,1,,1,1,0,0,0,0
-0.05,leo_high,3,1,8,1.0,47,1,20.0,45.0,3,leo_commit,leo,1502,1,1,0,0,1,4,0,1,,1,1,0,0,0,0
-0.05,leo_high,3,1,8,1.0,48,1,20.0,45.0,3,leo_commit,leo,1502,1,1,0,0,1,4,0,1,,1,1,0,0,0,0
-0.05,leo_high,3,1,8,1.0,49,1,20.0,45.0,3,leo_commit,leo,1502,1,1,0,0,1,4,0,1,,1,1,0,0,0,0
-0.05,leo_high,3,1,8,1.0,50,1,20.0,45.0,3,leo_commit,leo,1502,1,1,0,0,1,4,0,1,,1,1,0,0,0,0
-0.05,leo_high,3,1,8,1.0,51,1,20.0,45.0,3,leo_commit,leo,1502,1,1,0,0,1,4,0,1,,1,1,0,0,0,0
-0.05,leo_high,3,1,8,1.0,52,1,20.0,45.0,3,leo_commit,leo,1502,1,1,0,0,1,4,0,1,,1,1,0,0,0,0
-0.05,leo_high,3,1,8,1.0,53,1,20.0,45.0,3,leo_commit,leo,1502,1,1,0,0,1,4,0,1,,1,1,0,0,0,0
-0.05,leo_high,3,1,8,1.0,54,1,20.0,45.0,3,leo_commit,leo,1502,1,1,0,0,1,4,0,1,,1,1,0,0,0,0
-0.05,leo_high,3,1,8,1.0,55,1,20.0,45.0,3,leo_commit,leo,1502,1,1,0,0,1,4,0,1,,1,1,0,0,0,0
-0.05,leo_high,3,1,8,1.0,56,1,20.0,45.0,3,leo_commit,leo,1502,1,1,0,0,1,4,0,1,,1,1,0,0,0,0
-0.05,leo_high,3,1,8,1.0,57,1,20.0,45.0,3,leo_commit,leo,1502,1,1,0,0,1,4,0,1,,1,1,0,0,0,0
-0.05,leo_high,3,1,8,1.0,58,1,20.0,45.0,3,leo_commit,leo,1502,1,1,0,0,1,4,0,1,,1,1,0,0,0,0
-0.05,leo_high,3,1,8,1.0,59,1,20.0,45.0,3,leo_commit,leo,1502,1,1,0,0,1,4,0,1,,1,1,0,0,0,0
0.05,leo_high,3,1,8,1.0,40,1,20.0,45.0,3,leo_commit,leo,1502,1,1,0,0,1,0,4,1,,1,1,0,0,0,0
0.05,leo_high,3,1,8,1.0,41,1,20.0,45.0,3,leo_commit,leo,1502,1,1,0,0,1,0,4,1,,1,1,0,0,0,0
0.05,leo_high,3,1,8,1.0,42,1,20.0,45.0,3,leo_commit,leo,1502,1,1,0,0,1,0,4,1,,1,1,0,0,0,0
0.05,leo_high,3,1,8,1.0,43,1,20.0,45.0,3,leo_commit,leo,1502,1,1,0,0,1,0,4,1,,1,1,0,0,0,0
0.05,leo_high,3,1,8,1.0,44,1,20.0,45.0,3,leo_commit,leo,1502,1,1,0,0,1,0,4,1,,1,1,0,0,0,0
0.05,leo_high,3,1,8,1.0,45,1,20.0,45.0,3,leo_commit,leo,1502,1,1,0,0,1,0,4,1,,1,1,0,0,0,0
0.05,leo_high,3,1,8,1.0,46,1,20.0,45.0,3,leo_commit,leo,1502,1,1,0,0,1,0,4,1,,1,1,0,0,0,0
0.05,leo_high,3,1,8,1.0,47,1,20.0,45.0,3,leo_commit,leo,1502,1,1,0,0,1,0,4,1,,1,1,0,0,0,0
0.05,leo_high,3,1,8,1.0,48,1,20.0,45.0,3,leo_commit,leo,1502,1,1,0,0,1,0,4,1,,1,1,0,0,0,0
0.05,leo_high,3,1,8,1.0,49,1,20.0,45.0,3,leo_commit,leo,1502,1,1,0,0,1,0,4,2,,1,1,0,0,0,0
0.05,leo_high,3,1,8,1.0,50,1,20.0,45.0,3,leo_commit,leo,1502,1,1,0,0,1,0,4,1,,1,1,0,0,0,0
0.05,leo_high,3,1,8,1.0,51,1,20.0,45.0,3,leo_commit,leo,1502,1,1,0,0,1,0,4,1,,1,1,0,0,0,0
0.05,leo_high,3,1,8,1.0,52,1,20.0,45.0,3,leo_commit,leo,1502,1,1,0,0,1,0,4,1,,1,1,0,0,0,0
0.05,leo_high,3,1,8,1.0,53,1,20.0,45.0,3,leo_commit,leo,1502,1,1,0,0,1,0,4,1,,1,1,0,0,0,0
0.05,leo_high,3,1,8,1.0,54,1,20.0,45.0,3,leo_commit,leo,1502,1,1,0,0,1,0,4,2,,1,1,0,0,0,0
0.05,leo_high,3,1,8,1.0,55,1,20.0,45.0,3,leo_commit,leo,1502,1,1,0,0,1,0,4,1,,1,1,0,0,0,0
0.05,leo_high,3,1,8,1.0,56,1,20.0,45.0,3,leo_commit,leo,1502,1,1,0,0,1,0,4,1,,1,1,0,0,0,0
0.05,leo_high,3,1,8,1.0,57,1,20.0,45.0,3,leo_commit,leo,1502,1,1,0,0,1,0,4,1,,1,1,0,0,0,0
0.05,leo_high,3,1,8,1.0,58,1,20.0,45.0,3,leo_commit,leo,1502,1,1,0,0,1,0,4,1,,1,1,0,0,0,0
0.05,leo_high,3,1,8,1.0,59,1,20.0,45.0,3,leo_commit,leo,1502,1,1,0,0,1,0,4,1,,1,1,0,0,0,0
0.2,leo_high,3,1,8,1.0,40,1,20.0,45.0,3,earth_commit,earth,1502,1,0,0,1,1,0,0,0,0.238118,1,1,0,0,0,0
0.2,leo_high,3,1,8,1.0,41,1,20.0,45.0,3,earth_commit,earth,1502,1,0,0,1,1,0,0,0,0.236649,1,1,0,0,0,0
0.2,leo_high,3,1,8,1.0,42,1,20.0,45.0,3,earth_commit,earth,1502,1,0,0,1,1,0,0,0,0.239794,1,1,0,0,0,0
0.2,leo_high,3,1,8,1.0,43,1,20.0,45.0,3,earth_commit,earth,1502,1,0,0,1,1,0,0,0,0.228766,1,1,0,0,0,0
0.2,leo_high,3,1,8,1.0,44,1,20.0,45.0,3,earth_commit,earth,1502,1,0,0,1,1,0,0,0,0.234743,1,1,0,0,0,0
0.2,leo_high,3,1,8,1.0,45,1,20.0,45.0,3,earth_commit,earth,1502,1,0,0,1,1,0,0,0,0.247890,1,1,0,0,0,0
0.2,leo_high,3,1,8,1.0,46,1,20.0,45.0,3,earth_commit,earth,1502,1,0,0,1,1,0,0,0,0.236342,1,1,0,0,0,0
0.2,leo_high,3,1,8,1.0,47,1,20.0,45.0,3,earth_commit,earth,1502,1,0,0,1,1,0,0,0,0.244710,1,1,0,0,0,0
0.2,leo_high,3,1,8,1.0,48,1,20.0,45.0,3,earth_commit,earth,1502,1,0,0,1,1,0,0,0,0.242545,1,1,0,0,0,0
0.2,leo_high,3,1,8,1.0,49,1,20.0,45.0,3,earth_commit,earth,1502,1,0,0,1,1,0,0,0,0.230155,1,1,0,0,0,0
0.2,leo_high,3,1,8,1.0,50,1,20.0,45.0,3,earth_commit,earth,1502,1,0,0,1,1,0,0,0,0.251806,1,1,0,0,0,0
0.2,leo_high,3,1,8,1.0,51,1,20.0,45.0,3,earth_commit,earth,1502,1,0,0,1,1,0,0,0,0.260398,1,1,0,0,0,0
0.2,leo_high,3,1,8,1.0,52,1,20.0,45.0,3,earth_commit,earth,1502,1,0,0,1,1,0,0,0,0.251718,1,1,0,0,0,0
0.2,leo_high,3,1,8,1.0,53,1,20.0,45.0,3,earth_commit,earth,1502,1,0,0,1,1,0,0,0,0.231496,1,1,0,0,0,0
0.2,leo_high,3,1,8,1.0,54,1,20.0,45.0,3,earth_commit,earth,1502,1,0,0,1,1,0,0,0,0.228098,1,1,0,0,0,0
0.2,leo_high,3,1,8,1.0,55,1,20.0,45.0,3,earth_commit,earth,1502,1,0,0,1,1,0,0,0,0.226755,1,1,0,0,0,0
0.2,leo_high,3,1,8,1.0,56,1,20.0,45.0,3,earth_commit,earth,1502,1,0,0,1,1,0,0,0,0.237196,1,1,0,0,0,0
0.2,leo_high,3,1,8,1.0,57,1,20.0,45.0,3,earth_commit,earth,1502,1,0,0,1,1,0,0,0,0.246444,1,1,0,0,0,0
0.2,leo_high,3,1,8,1.0,58,1,20.0,45.0,3,earth_commit,earth,1502,1,0,0,1,1,0,0,0,0.251694,1,1,0,0,0,0
0.2,leo_high,3,1,8,1.0,59,1,20.0,45.0,3,earth_commit,earth,1502,1,0,0,1,1,0,0,0,0.252589,1,1,0,0,0,0
0.5,leo_high,3,1,8,1.0,40,1,20.0,45.0,3,earth_commit,earth,1502,0,0,0,1,1,0,0,0,0.238118,1,1,0,0,0,0
0.5,leo_high,3,1,8,1.0,41,1,20.0,45.0,3,earth_commit,earth,1502,0,0,0,1,1,0,0,0,0.236649,1,1,0,0,0,0
0.5,leo_high,3,1,8,1.0,42,1,20.0,45.0,3,earth_commit,earth,1502,0,0,0,1,1,0,0,0,0.239794,1,1,0,0,0,0
0.5,leo_high,3,1,8,1.0,43,1,20.0,45.0,3,earth_commit,earth,1502,0,0,0,1,1,0,0,0,0.228766,1,1,0,0,0,0
0.5,leo_high,3,1,8,1.0,44,1,20.0,45.0,3,earth_commit,earth,1502,0,0,0,1,1,0,0,0,0.234743,1,1,0,0,0,0
0.5,leo_high,3,1,8,1.0,45,1,20.0,45.0,3,earth_commit,earth,1502,0,0,0,1,1,0,0,0,0.247890,1,1,0,0,0,0
0.5,leo_high,3,1,8,1.0,46,1,20.0,45.0,3,earth_commit,earth,1502,0,0,0,1,1,0,0,0,0.236342,1,1,0,0,0,0
0.5,leo_high,3,1,8,1.0,47,1,20.0,45.0,3,earth_commit,earth,1502,0,0,0,1,1,0,0,0,0.244710,1,1,0,0,0,0
0.5,leo_high,3,1,8,1.0,48,1,20.0,45.0,3,earth_commit,earth,1502,0,0,0,1,1,0,0,0,0.242545,1,1,0,0,0,0
0.5,leo_high,3,1,8,1.0,49,1,20.0,45.0,3,earth_commit,earth,1502,0,0,0,1,1,0,0,0,0.230155,1,1,0,0,0,0
0.5,leo_high,3,1,8,1.0,50,1,20.0,45.0,3,earth_commit,earth,1502,0,0,0,1,1,0,0,0,0.251806,1,1,0,0,0,0
0.5,leo_high,3,1,8,1.0,51,1,20.0,45.0,3,earth_commit,earth,1502,0,0,0,1,1,0,0,0,0.260398,1,1,0,0,0,0
0.5,leo_high,3,1,8,1.0,52,1,20.0,45.0,3,earth_commit,earth,1502,0,0,0,1,1,0,0,0,0.251718,1,1,0,0,0,0
0.5,leo_high,3,1,8,1.0,53,1,20.0,45.0,3,earth_commit,earth,1502,0,0,0,1,1,0,0,0,0.231496,1,1,0,0,0,0
0.5,leo_high,3,1,8,1.0,54,1,20.0,45.0,3,earth_commit,earth,1502,0,0,0,1,1,0,0,0,0.228098,1,1,0,0,0,0
0.5,leo_high,3,1,8,1.0,55,1,20.0,45.0,3,earth_commit,earth,1502,0,0,0,1,1,0,0,0,0.226755,1,1,0,0,0,0
0.5,leo_high,3,1,8,1.0,56,1,20.0,45.0,3,earth_commit,earth,1502,0,0,0,1,1,0,0,0,0.237196,1,1,0,0,0,0
0.5,leo_high,3,1,8,1.0,57,1,20.0,45.0,3,earth_commit,earth,1502,0,0,0,1,1,0,0,0,0.246444,1,1,0,0,0,0
0.5,leo_high,3,1,8,1.0,58,1,20.0,45.0,3,earth_commit,earth,1502,0,0,0,1,1,0,0,0,0.251694,1,1,0,0,0,0
0.5,leo_high,3,1,8,1.0,59,1,20.0,45.0,3,earth_commit,earth,1502,0,0,0,1,1,0,0,0,0.252589,1,1,0,0,0,0
1.0,leo_high,3,1,8,1.0,40,1,20.0,45.0,3,earth_commit,earth,1502,0,0,0,1,1,0,0,0,0.238118,1,1,0,0,0,0
1.0,leo_high,3,1,8,1.0,41,1,20.0,45.0,3,earth_commit,earth,1502,0,0,0,1,1,0,0,0,0.236649,1,1,0,0,0,0
1.0,leo_high,3,1,8,1.0,42,1,20.0,45.0,3,earth_commit,earth,1502,0,0,0,1,1,0,0,0,0.239794,1,1,0,0,0,0
1.0,leo_high,3,1,8,1.0,43,1,20.0,45.0,3,earth_commit,earth,1502,0,0,0,1,1,0,0,0,0.228766,1,1,0,0,0,0
1.0,leo_high,3,1,8,1.0,44,1,20.0,45.0,3,earth_commit,earth,1502,0,0,0,1,1,0,0,0,0.234743,1,1,0,0,0,0
1.0,leo_high,3,1,8,1.0,45,1,20.0,45.0,3,earth_commit,earth,1502,0,0,0,1,1,0,0,0,0.247890,1,1,0,0,0,0
1.0,leo_high,3,1,8,1.0,46,1,20.0,45.0,3,earth_commit,earth,1502,0,0,0,1,1,0,0,0,0.236342,1,1,0,0,0,0
1.0,leo_high,3,1,8,1.0,47,1,20.0,45.0,3,earth_commit,earth,1502,0,0,0,1,1,0,0,0,0.244710,1,1,0,0,0,0
1.0,leo_high,3,1,8,1.0,48,1,20.0,45.0,3,earth_commit,earth,1502,0,0,0,1,1,0,0,0,0.242545,1,1,0,0,0,0
1.0,leo_high,3,1,8,1.0,49,1,20.0,45.0,3,earth_commit,earth,1502,0,0,0,1,1,0,0,0,0.230155,1,1,0,0,0,0
1.0,leo_high,3,1,8,1.0,50,1,20.0,45.0,3,earth_commit,earth,1502,0,0,0,1,1,0,0,0,0.251806,1,1,0,0,0,0
1.0,leo_high,3,1,8,1.0,51,1,20.0,45.0,3,earth_commit,earth,1502,0,0,0,1,1,0,0,0,0.260398,1,1,0,0,0,0
1.0,leo_high,3,1,8,1.0,52,1,20.0,45.0,3,earth_commit,earth,1502,0,0,0,1,1,0,0,0,0.251718,1,1,0,0,0,0
1.0,leo_high,3,1,8,1.0,53,1,20.0,45.0,3,earth_commit,earth,1502,0,0,0,1,1,0,0,0,0.231496,1,1,0,0,0,0
1.0,leo_high,3,1,8,1.0,54,1,20.0,45.0,3,earth_commit,earth,1502,0,0,0,1,1,0,0,0,0.228098,1,1,0,0,0,0
1.0,leo_high,3,1,8,1.0,55,1,20.0,45.0,3,earth_commit,earth,1502,0,0,0,1,1,0,0,0,0.226755,1,1,0,0,0,0
1.0,leo_high,3,1,8,1.0,56,1,20.0,45.0,3,earth_commit,earth,1502,0,0,0,1,1,0,0,0,0.237196,1,1,0,0,0,0
1.0,leo_high,3,1,8,1.0,57,1,20.0,45.0,3,earth_commit,earth,1502,0,0,0,1,1,0,0,0,0.246444,1,1,0,0,0,0
1.0,leo_high,3,1,8,1.0,58,1,20.0,45.0,3,earth_commit,earth,1502,0,0,0,1,1,0,0,0,0.251694,1,1,0,0,0,0
1.0,leo_high,3,1,8,1.0,59,1,20.0,45.0,3,earth_commit,earth,1502,0,0,0,1,1,0,0,0,0.252589,1,1,0,0,0,0
2.0,leo_high,3,1,8,1.0,40,1,20.0,45.0,3,earth_commit,earth,1502,0,0,0,1,1,0,0,0,0.238118,1,1,0,0,0,0
2.0,leo_high,3,1,8,1.0,41,1,20.0,45.0,3,earth_commit,earth,1502,0,0,0,1,1,0,0,0,0.236649,1,1,0,0,0,0
2.0,leo_high,3,1,8,1.0,42,1,20.0,45.0,3,earth_commit,earth,1502,0,0,0,1,1,0,0,0,0.239794,1,1,0,0,0,0
2.0,leo_high,3,1,8,1.0,43,1,20.0,45.0,3,earth_commit,earth,1502,0,0,0,1,1,0,0,0,0.228766,1,1,0,0,0,0
2.0,leo_high,3,1,8,1.0,44,1,20.0,45.0,3,earth_commit,earth,1502,0,0,0,1,1,0,0,0,0.234743,1,1,0,0,0,0
2.0,leo_high,3,1,8,1.0,45,1,20.0,45.0,3,earth_commit,earth,1502,0,0,0,1,1,0,0,0,0.247890,1,1,0,0,0,0
2.0,leo_high,3,1,8,1.0,46,1,20.0,45.0,3,earth_commit,earth,1502,0,0,0,1,1,0,0,0,0.236342,1,1,0,0,0,0
2.0,leo_high,3,1,8,1.0,47,1,20.0,45.0,3,earth_commit,earth,1502,0,0,0,1,1,0,0,0,0.244710,1,1,0,0,0,0
2.0,leo_high,3,1,8,1.0,48,1,20.0,45.0,3,earth_commit,earth,1502,0,0,0,1,1,0,0,0,0.242545,1,1,0,0,0,0
2.0,leo_high,3,1,8,1.0,49,1,20.0,45.0,3,earth_commit,earth,1502,0,0,0,1,1,0,0,0,0.230155,1,1,0,0,0,0
2.0,leo_high,3,1,8,1.0,50,1,20.0,45.0,3,earth_commit,earth,1502,0,0,0,1,1,0,0,0,0.251806,1,1,0,0,0,0
2.0,leo_high,3,1,8,1.0,51,1,20.0,45.0,3,earth_commit,earth,1502,0,0,0,1,1,0,0,0,0.260398,1,1,0,0,0,0
2.0,leo_high,3,1,8,1.0,52,1,20.0,45.0,3,earth_commit,earth,1502,0,0,0,1,1,0,0,0,0.251718,1,1,0,0,0,0
2.0,leo_high,3,1,8,1.0,53,1,20.0,45.0,3,earth_commit,earth,1502,0,0,0,1,1,0,0,0,0.231496,1,1,0,0,0,0
2.0,leo_high,3,1,8,1.0,54,1,20.0,45.0,3,earth_commit,earth,1502,0,0,0,1,1,0,0,0,0.228098,1,1,0,0,0,0
2.0,leo_high,3,1,8,1.0,55,1,20.0,45.0,3,earth_commit,earth,1502,0,0,0,1,1,0,0,0,0.226755,1,1,0,0,0,0
2.0,leo_high,3,1,8,1.0,56,1,20.0,45.0,3,earth_commit,earth,1502,0,0,0,1,1,0,0,0,0.237196,1,1,0,0,0,0
2.0,leo_high,3,1,8,1.0,57,1,20.0,45.0,3,earth_commit,earth,1502,0,0,0,1,1,0,0,0,0.246444,1,1,0,0,0,0
2.0,leo_high,3,1,8,1.0,58,1,20.0,45.0,3,earth_commit,earth,1502,0,0,0,1,1,0,0,0,0.251694,1,1,0,0,0,0
2.0,leo_high,3,1,8,1.0,59,1,20.0,45.0,3,earth_commit,earth,1502,0,0,0,1,1,0,0,0,0.252589,1,1,0,0,0,0
30.0,leo_high,3,1,8,1.0,40,1,20.0,45.0,3,earth_commit,earth,1502,0,0,0,1,1,0,0,0,0.238118,1,1,0,0,0,0
30.0,leo_high,3,1,8,1.0,41,1,20.0,45.0,3,earth_commit,earth,1502,0,0,0,1,1,0,0,0,0.236649,1,1,0,0,0,0
30.0,leo_high,3,1,8,1.0,42,1,20.0,45.0,3,earth_commit,earth,1502,0,0,0,1,1,0,0,0,0.239794,1,1,0,0,0,0
30.0,leo_high,3,1,8,1.0,43,1,20.0,45.0,3,earth_commit,earth,1502,0,0,0,1,1,0,0,0,0.228766,1,1,0,0,0,0
30.0,leo_high,3,1,8,1.0,44,1,20.0,45.0,3,earth_commit,earth,1502,0,0,0,1,1,0,0,0,0.234743,1,1,0,0,0,0
30.0,leo_high,3,1,8,1.0,45,1,20.0,45.0,3,earth_commit,earth,1502,0,0,0,1,1,0,0,0,0.247890,1,1,0,0,0,0
30.0,leo_high,3,1,8,1.0,46,1,20.0,45.0,3,earth_commit,earth,1502,0,0,0,1,1,0,0,0,0.236342,1,1,0,0,0,0
30.0,leo_high,3,1,8,1.0,47,1,20.0,45.0,3,earth_commit,earth,1502,0,0,0,1,1,0,0,0,0.244710,1,1,0,0,0,0
30.0,leo_high,3,1,8,1.0,48,1,20.0,45.0,3,earth_commit,earth,1502,0,0,0,1,1,0,0,0,0.242545,1,1,0,0,0,0
30.0,leo_high,3,1,8,1.0,49,1,20.0,45.0,3,earth_commit,earth,1502,0,0,0,1,1,0,0,0,0.230155,1,1,0,0,0,0
30.0,leo_high,3,1,8,1.0,50,1,20.0,45.0,3,earth_commit,earth,1502,0,0,0,1,1,0,0,0,0.251806,1,1,0,0,0,0
30.0,leo_high,3,1,8,1.0,51,1,20.0,45.0,3,earth_commit,earth,1502,0,0,0,1,1,0,0,0,0.260398,1,1,0,0,0,0
30.0,leo_high,3,1,8,1.0,52,1,20.0,45.0,3,earth_commit,earth,1502,0,0,0,1,1,0,0,0,0.251718,1,1,0,0,0,0
30.0,leo_high,3,1,8,1.0,53,1,20.0,45.0,3,earth_commit,earth,1502,0,0,0,1,1,0,0,0,0.231496,1,1,0,0,0,0
30.0,leo_high,3,1,8,1.0,54,1,20.0,45.0,3,earth_commit,earth,1502,0,0,0,1,1,0,0,0,0.228098,1,1,0,0,0,0
30.0,leo_high,3,1,8,1.0,55,1,20.0,45.0,3,earth_commit,earth,1502,0,0,0,1,1,0,0,0,0.226755,1,1,0,0,0,0
30.0,leo_high,3,1,8,1.0,56,1,20.0,45.0,3,earth_commit,earth,1502,0,0,0,1,1,0,0,0,0.237196,1,1,0,0,0,0
30.0,leo_high,3,1,8,1.0,57,1,20.0,45.0,3,earth_commit,earth,1502,0,0,0,1,1,0,0,0,0.246444,1,1,0,0,0,0
30.0,leo_high,3,1,8,1.0,58,1,20.0,45.0,3,earth_commit,earth,1502,0,0,0,1,1,0,0,0,0.251694,1,1,0,0,0,0
30.0,leo_high,3,1,8,1.0,59,1,20.0,45.0,3,earth_commit,earth,1502,0,0,0,1,1,0,0,0,0.252589,1,1,0,0,0,0
90.0,leo_high,3,1,8,1.0,40,1,20.0,45.0,3,earth_commit,earth,1502,0,0,0,1,1,0,0,0,0.238118,1,1,0,0,0,0
90.0,leo_high,3,1,8,1.0,41,1,20.0,45.0,3,earth_commit,earth,1502,0,0,0,1,1,0,0,0,0.236649,1,1,0,0,0,0
90.0,leo_high,3,1,8,1.0,42,1,20.0,45.0,3,earth_commit,earth,1502,0,0,0,1,1,0,0,0,0.239794,1,1,0,0,0,0
90.0,leo_high,3,1,8,1.0,43,1,20.0,45.0,3,earth_commit,earth,1502,0,0,0,1,1,0,0,0,0.228766,1,1,0,0,0,0
90.0,leo_high,3,1,8,1.0,44,1,20.0,45.0,3,earth_commit,earth,1502,0,0,0,1,1,0,0,0,0.234743,1,1,0,0,0,0
90.0,leo_high,3,1,8,1.0,45,1,20.0,45.0,3,earth_commit,earth,1502,0,0,0,1,1,0,0,0,0.247890,1,1,0,0,0,0
90.0,leo_high,3,1,8,1.0,46,1,20.0,45.0,3,earth_commit,earth,1502,0,0,0,1,1,0,0,0,0.236342,1,1,0,0,0,0
90.0,leo_high,3,1,8,1.0,47,1,20.0,45.0,3,earth_commit,earth,1502,0,0,0,1,1,0,0,0,0.244710,1,1,0,0,0,0
90.0,leo_high,3,1,8,1.0,48,1,20.0,45.0,3,earth_commit,earth,1502,0,0,0,1,1,0,0,0,0.242545,1,1,0,0,0,0
90.0,leo_high,3,1,8,1.0,49,1,20.0,45.0,3,earth_commit,earth,1502,0,0,0,1,1,0,0,0,0.230155,1,1,0,0,0,0
90.0,leo_high,3,1,8,1.0,50,1,20.0,45.0,3,earth_commit,earth,1502,0,0,0,1,1,0,0,0,0.251806,1,1,0,0,0,0
90.0,leo_high,3,1,8,1.0,51,1,20.0,45.0,3,earth_commit,earth,1502,0,0,0,1,1,0,0,0,0.260398,1,1,0,0,0,0
90.0,leo_high,3,1,8,1.0,52,1,20.0,45.0,3,earth_commit,earth,1502,0,0,0,1,1,0,0,0,0.251718,1,1,0,0,0,0
90.0,leo_high,3,1,8,1.0,53,1,20.0,45.0,3,earth_commit,earth,1502,0,0,0,1,1,0,0,0,0.231496,1,1,0,0,0,0
90.0,leo_high,3,1,8,1.0,54,1,20.0,45.0,3,earth_commit,earth,1502,0,0,0,1,1,0,0,0,0.228098,1,1,0,0,0,0
90.0,leo_high,3,1,8,1.0,55,1,20.0,45.0,3,earth_commit,earth,1502,0,0,0,1,1,0,0,0,0.226755,1,1,0,0,0,0
90.0,leo_high,3,1,8,1.0,56,1,20.0,45.0,3,earth_commit,earth,1502,0,0,0,1,1,0,0,0,0.237196,1,1,0,0,0,0
90.0,leo_high,3,1,8,1.0,57,1,20.0,45.0,3,earth_commit,earth,1502,0,0,0,1,1,0,0,0,0.246444,1,1,0,0,0,0
90.0,leo_high,3,1,8,1.0,58,1,20.0,45.0,3,earth_commit,earth,1502,0,0,0,1,1,0,0,0,0.251694,1,1,0,0,0,0
90.0,leo_high,3,1,8,1.0,59,1,20.0,45.0,3,earth_commit,earth,1502,0,0,0,1,1,0,0,0,0.252589,1,1,0,0,0,0
-10.0,leo_high,3,5,8,1.0,40,1,20.0,45.0,3,leo_commit,leo,2501,0,1,0,1,2,4,0,1,1.242465,1,1,0,0,0,0
-10.0,leo_high,3,5,8,1.0,41,1,20.0,45.0,3,leo_commit,leo,2501,0,1,0,1,2,4,0,1,1.255694,1,1,0,0,0,0
-10.0,leo_high,3,5,8,1.0,42,1,20.0,45.0,3,leo_commit,leo,2501,0,1,0,1,2,4,0,1,1.242266,1,1,0,0,0,0
-10.0,leo_high,3,5,8,1.0,43,1,20.0,45.0,3,leo_commit,leo,2501,0,1,0,1,2,4,0,1,1.249569,1,1,0,0,0,0
-10.0,leo_high,3,5,8,1.0,44,1,20.0,45.0,3,leo_commit,leo,2501,0,1,0,1,2,4,0,1,1.250748,1,1,0,0,0,0
-10.0,leo_high,3,5,8,1.0,45,1,20.0,45.0,3,leo_commit,leo,2501,0,1,0,1,2,4,0,1,1.245449,1,1,0,0,0,0
-10.0,leo_high,3,5,8,1.0,46,1,20.0,45.0,3,leo_commit,leo,2501,0,1,0,1,2,4,0,1,1.252610,1,1,0,0,0,0
-10.0,leo_high,3,5,8,1.0,47,1,20.0,45.0,3,leo_commit,leo,2501,0,1,0,1,2,4,0,1,1.248859,1,1,0,0,0,0
-10.0,leo_high,3,5,8,1.0,48,1,20.0,45.0,3,leo_commit,leo,2501,0,1,0,1,2,4,0,1,1.260054,1,1,0,0,0,0
-10.0,leo_high,3,5,8,1.0,49,1,20.0,45.0,3,leo_commit,leo,2501,0,1,0,1,2,4,0,1,1.247517,1,1,0,0,0,0
-10.0,leo_high,3,5,8,1.0,50,1,20.0,45.0,3,leo_commit,leo,2501,0,1,0,1,2,4,0,1,1.247689,1,1,0,0,0,0
-10.0,leo_high,3,5,8,1.0,51,1,20.0,45.0,3,leo_commit,leo,2501,0,1,0,1,2,4,0,1,1.265623,1,1,0,0,0,0
-10.0,leo_high,3,5,8,1.0,52,1,20.0,45.0,3,leo_commit,leo,2501,0,1,0,1,2,4,0,1,1.252875,1,1,0,0,0,0
-10.0,leo_high,3,5,8,1.0,53,1,20.0,45.0,3,leo_commit,leo,2501,0,1,0,1,2,4,0,1,1.257848,1,1,0,0,0,0
-10.0,leo_high,3,5,8,1.0,54,1,20.0,45.0,3,leo_commit,leo,2501,0,1,0,1,2,4,0,1,1.248200,1,1,0,0,0,0
-10.0,leo_high,3,5,8,1.0,55,1,20.0,45.0,3,leo_commit,leo,2501,0,1,0,1,2,4,0,1,1.248147,1,1,0,0,0,0
-10.0,leo_high,3,5,8,1.0,56,1,20.0,45.0,3,leo_commit,leo,2501,0,1,0,1,2,4,0,1,1.247445,1,1,0,0,0,0
-10.0,leo_high,3,5,8,1.0,57,1,20.0,45.0,3,leo_commit,leo,2501,0,1,0,1,2,4,0,1,1.254860,1,1,0,0,0,0
-10.0,leo_high,3,5,8,1.0,58,1,20.0,45.0,3,leo_commit,leo,2501,0,1,0,1,2,4,0,1,1.248621,1,1,0,0,0,0
-10.0,leo_high,3,5,8,1.0,59,1,20.0,45.0,3,leo_commit,leo,2501,0,1,0,1,2,4,0,1,1.250882,1,1,0,0,0,0
-5.0,leo_high,3,5,8,1.0,40,1,20.0,45.0,3,leo_commit,leo,2501,0,1,0,1,2,4,0,1,1.242465,1,1,0,0,0,0
-5.0,leo_high,3,5,8,1.0,41,1,20.0,45.0,3,leo_commit,leo,2501,0,1,0,1,2,4,0,1,1.255694,1,1,0,0,0,0
-5.0,leo_high,3,5,8,1.0,42,1,20.0,45.0,3,leo_commit,leo,2501,0,1,0,1,2,4,0,1,1.242266,1,1,0,0,0,0
-5.0,leo_high,3,5,8,1.0,43,1,20.0,45.0,3,leo_commit,leo,2501,0,1,0,1,2,4,0,1,1.249569,1,1,0,0,0,0
-5.0,leo_high,3,5,8,1.0,44,1,20.0,45.0,3,leo_commit,leo,2501,0,1,0,1,2,4,0,1,1.250748,1,1,0,0,0,0
-5.0,leo_high,3,5,8,1.0,45,1,20.0,45.0,3,leo_commit,leo,2501,0,1,0,1,2,4,0,1,1.245449,1,1,0,0,0,0
-5.0,leo_high,3,5,8,1.0,46,1,20.0,45.0,3,leo_commit,leo,2501,0,1,0,1,2,4,0,1,1.252610,1,1,0,0,0,0
-5.0,leo_high,3,5,8,1.0,47,1,20.0,45.0,3,leo_commit,leo,2501,0,1,0,1,2,4,0,1,1.248859,1,1,0,0,0,0
-5.0,leo_high,3,5,8,1.0,48,1,20.0,45.0,3,leo_commit,leo,2501,0,1,0,1,2,4,0,1,1.260054,1,1,0,0,0,0
-5.0,leo_high,3,5,8,1.0,49,1,20.0,45.0,3,leo_commit,leo,2501,0,1,0,1,2,4,0,1,1.247517,1,1,0,0,0,0
-5.0,leo_high,3,5,8,1.0,50,1,20.0,45.0,3,leo_commit,leo,2501,0,1,0,1,2,4,0,1,1.247689,1,1,0,0,0,0
-5.0,leo_high,3,5,8,1.0,51,1,20.0,45.0,3,leo_commit,leo,2501,0,1,0,1,2,4,0,1,1.265623,1,1,0,0,0,0
-5.0,leo_high,3,5,8,1.0,52,1,20.0,45.0,3,leo_commit,leo,2501,0,1,0,1,2,4,0,1,1.252875,1,1,0,0,0,0
-5.0,leo_high,3,5,8,1.0,53,1,20.0,45.0,3,leo_commit,leo,2501,0,1,0,1,2,4,0,1,1.257848,1,1,0,0,0,0
-5.0,leo_high,3,5,8,1.0,54,1,20.0,45.0,3,leo_commit,leo,2501,0,1,0,1,2,4,0,1,1.248200,1,1,0,0,0,0
-5.0,leo_high,3,5,8,1.0,55,1,20.0,45.0,3,leo_commit,leo,2501,0,1,0,1,2,4,0,1,1.248147,1,1,0,0,0,0
-5.0,leo_high,3,5,8,1.0,56,1,20.0,45.0,3,leo_commit,leo,2501,0,1,0,1,2,4,0,1,1.247445,1,1,0,0,0,0
-5.0,leo_high,3,5,8,1.0,57,1,20.0,45.0,3,leo_commit,leo,2501,0,1,0,1,2,4,0,1,1.254860,1,1,0,0,0,0
-5.0,leo_high,3,5,8,1.0,58,1,20.0,45.0,3,leo_commit,leo,2501,0,1,0,1,2,4,0,1,1.248621,1,1,0,0,0,0
-5.0,leo_high,3,5,8,1.0,59,1,20.0,45.0,3,leo_commit,leo,2501,0,1,0,1,2,4,0,1,1.250882,1,1,0,0,0,0
-2.0,leo_high,3,5,8,1.0,40,1,20.0,45.0,3,leo_commit,leo,2501,0,1,0,1,2,4,0,1,1.242465,1,1,0,0,0,0
-2.0,leo_high,3,5,8,1.0,41,1,20.0,45.0,3,leo_commit,leo,2501,0,1,0,1,2,4,0,1,1.255694,1,1,0,0,0,0
-2.0,leo_high,3,5,8,1.0,42,1,20.0,45.0,3,leo_commit,leo,2501,0,1,0,1,2,4,0,1,1.242266,1,1,0,0,0,0
-2.0,leo_high,3,5,8,1.0,43,1,20.0,45.0,3,leo_commit,leo,2501,0,1,0,1,2,4,0,1,1.249569,1,1,0,0,0,0
-2.0,leo_high,3,5,8,1.0,44,1,20.0,45.0,3,leo_commit,leo,2501,0,1,0,1,2,4,0,1,1.250748,1,1,0,0,0,0
-2.0,leo_high,3,5,8,1.0,45,1,20.0,45.0,3,leo_commit,leo,2501,0,1,0,1,2,4,0,1,1.245449,1,1,0,0,0,0
-2.0,leo_high,3,5,8,1.0,46,1,20.0,45.0,3,leo_commit,leo,2501,0,1,0,1,2,4,0,1,1.252610,1,1,0,0,0,0
-2.0,leo_high,3,5,8,1.0,47,1,20.0,45.0,3,leo_commit,leo,2501,0,1,0,1,2,4,0,1,1.248859,1,1,0,0,0,0
-2.0,leo_high,3,5,8,1.0,48,1,20.0,45.0,3,leo_commit,leo,2501,0,1,0,1,2,4,0,1,1.260054,1,1,0,0,0,0
-2.0,leo_high,3,5,8,1.0,49,1,20.0,45.0,3,leo_commit,leo,2501,0,1,0,1,2,4,0,1,1.247517,1,1,0,0,0,0
-2.0,leo_high,3,5,8,1.0,50,1,20.0,45.0,3,leo_commit,leo,2501,0,1,0,1,2,4,0,1,1.247689,1,1,0,0,0,0
-2.0,leo_high,3,5,8,1.0,51,1,20.0,45.0,3,leo_commit,leo,2501,0,1,0,1,2,4,0,1,1.265623,1,1,0,0,0,0
-2.0,leo_high,3,5,8,1.0,52,1,20.0,45.0,3,leo_commit,leo,2501,0,1,0,1,2,4,0,1,1.252875,1,1,0,0,0,0
-2.0,leo_high,3,5,8,1.0,53,1,20.0,45.0,3,leo_commit,leo,2501,0,1,0,1,2,4,0,1,1.257848,1,1,0,0,0,0
-2.0,leo_high,3,5,8,1.0,54,1,20.0,45.0,3,leo_commit,leo,2501,0,1,0,1,2,4,0,1,1.248200,1,1,0,0,0,0
-2.0,leo_high,3,5,8,1.0,55,1,20.0,45.0,3,leo_commit,leo,2501,0,1,0,1,2,4,0,1,1.248147,1,1,0,0,0,0
-2.0,leo_high,3,5,8,1.0,56,1,20.0,45.0,3,leo_commit,leo,2501,0,1,0,1,2,4,0,1,1.247445,1,1,0,0,0,0
-2.0,leo_high,3,5,8,1.0,57,1,20.0,45.0,3,leo_commit,leo,2501,0,1,0,1,2,4,0,1,1.254860,1,1,0,0,0,0
-2.0,leo_high,3,5,8,1.0,58,1,20.0,45.0,3,leo_commit,leo,2501,0,1,0,1,2,4,0,1,1.248621,1,1,0,0,0,0
-2.0,leo_high,3,5,8,1.0,59,1,20.0,45.0,3,leo_commit,leo,2501,0,1,0,1,2,4,0,1,1.250882,1,1,0,0,0,0
-1.0,leo_high,3,5,8,1.0,40,1,20.0,45.0,3,leo_commit,leo,2501,0,1,0,1,2,4,0,1,1.242465,1,1,0,0,0,0
-1.0,leo_high,3,5,8,1.0,41,1,20.0,45.0,3,leo_commit,leo,2501,0,1,0,1,2,4,0,1,1.255694,1,1,0,0,0,0
-1.0,leo_high,3,5,8,1.0,42,1,20.0,45.0,3,leo_commit,leo,2501,0,1,0,1,2,4,0,1,1.242266,1,1,0,0,0,0
-1.0,leo_high,3,5,8,1.0,43,1,20.0,45.0,3,leo_commit,leo,2501,0,1,0,1,2,4,0,1,1.249569,1,1,0,0,0,0
-1.0,leo_high,3,5,8,1.0,44,1,20.0,45.0,3,leo_commit,leo,2501,0,1,0,1,2,4,0,1,1.250748,1,1,0,0,0,0
-1.0,leo_high,3,5,8,1.0,45,1,20.0,45.0,3,leo_commit,leo,2501,0,1,0,1,2,4,0,1,1.245449,1,1,0,0,0,0
-1.0,leo_high,3,5,8,1.0,46,1,20.0,45.0,3,leo_commit,leo,2501,0,1,0,1,2,4,0,1,1.252610,1,1,0,0,0,0
-1.0,leo_high,3,5,8,1.0,47,1,20.0,45.0,3,leo_commit,leo,2501,0,1,0,1,2,4,0,1,1.248859,1,1,0,0,0,0
-1.0,leo_high,3,5,8,1.0,48,1,20.0,45.0,3,leo_commit,leo,2501,0,1,0,1,2,4,0,1,1.260054,1,1,0,0,0,0
-1.0,leo_high,3,5,8,1.0,49,1,20.0,45.0,3,leo_commit,leo,2501,0,1,0,1,2,4,0,1,1.247517,1,1,0,0,0,0
-1.0,leo_high,3,5,8,1.0,50,1,20.0,45.0,3,leo_commit,leo,2501,0,1,0,1,2,4,0,1,1.247689,1,1,0,0,0,0
-1.0,leo_high,3,5,8,1.0,51,1,20.0,45.0,3,leo_commit,leo,2501,0,1,0,1,2,4,0,1,1.265623,1,1,0,0,0,0
-1.0,leo_high,3,5,8,1.0,52,1,20.0,45.0,3,leo_commit,leo,2501,0,1,0,1,2,4,0,1,1.252875,1,1,0,0,0,0
-1.0,leo_high,3,5,8,1.0,53,1,20.0,45.0,3,leo_commit,leo,2501,0,1,0,1,2,4,0,1,1.257848,1,1,0,0,0,0
-1.0,leo_high,3,5,8,1.0,54,1,20.0,45.0,3,leo_commit,leo,2501,0,1,0,1,2,4,0,1,1.248200,1,1,0,0,0,0
-1.0,leo_high,3,5,8,1.0,55,1,20.0,45.0,3,leo_commit,leo,2501,0,1,0,1,2,4,0,1,1.248147,1,1,0,0,0,0
-1.0,leo_high,3,5,8,1.0,56,1,20.0,45.0,3,leo_commit,leo,2501,0,1,0,1,2,4,0,1,1.247445,1,1,0,0,0,0
-1.0,leo_high,3,5,8,1.0,57,1,20.0,45.0,3,leo_commit,leo,2501,0,1,0,1,2,4,0,1,1.254860,1,1,0,0,0,0
-1.0,leo_high,3,5,8,1.0,58,1,20.0,45.0,3,leo_commit,leo,2501,0,1,0,1,2,4,0,1,1.248621,1,1,0,0,0,0
-1.0,leo_high,3,5,8,1.0,59,1,20.0,45.0,3,leo_commit,leo,2501,0,1,0,1,2,4,0,1,1.250882,1,1,0,0,0,0
-0.5,leo_high,3,5,8,1.0,40,1,20.0,45.0,3,leo_commit,leo,2501,0,1,0,1,2,4,0,1,1.242465,1,1,0,0,0,0
-0.5,leo_high,3,5,8,1.0,41,1,20.0,45.0,3,leo_commit,leo,2501,0,1,0,1,2,4,0,1,1.255694,1,1,0,0,0,0
-0.5,leo_high,3,5,8,1.0,42,1,20.0,45.0,3,leo_commit,leo,2501,0,1,0,1,2,4,0,1,1.242266,1,1,0,0,0,0
-0.5,leo_high,3,5,8,1.0,43,1,20.0,45.0,3,leo_commit,leo,2501,0,1,0,1,2,4,0,1,1.249569,1,1,0,0,0,0
-0.5,leo_high,3,5,8,1.0,44,1,20.0,45.0,3,leo_commit,leo,2501,0,1,0,1,2,4,0,1,1.250748,1,1,0,0,0,0
-0.5,leo_high,3,5,8,1.0,45,1,20.0,45.0,3,leo_commit,leo,2501,0,1,0,1,2,4,0,1,1.245449,1,1,0,0,0,0
-0.5,leo_high,3,5,8,1.0,46,1,20.0,45.0,3,leo_commit,leo,2501,0,1,0,1,2,4,0,1,1.252610,1,1,0,0,0,0
-0.5,leo_high,3,5,8,1.0,47,1,20.0,45.0,3,leo_commit,leo,2501,0,1,0,1,2,4,0,1,1.248859,1,1,0,0,0,0
-0.5,leo_high,3,5,8,1.0,48,1,20.0,45.0,3,leo_commit,leo,2501,0,1,0,1,2,4,0,1,1.260054,1,1,0,0,0,0
-0.5,leo_high,3,5,8,1.0,49,1,20.0,45.0,3,leo_commit,leo,2501,0,1,0,1,2,4,0,1,1.247517,1,1,0,0,0,0
-0.5,leo_high,3,5,8,1.0,50,1,20.0,45.0,3,leo_commit,leo,2501,0,1,0,1,2,4,0,1,1.247689,1,1,0,0,0,0
-0.5,leo_high,3,5,8,1.0,51,1,20.0,45.0,3,leo_commit,leo,2501,0,1,0,1,2,4,0,1,1.265623,1,1,0,0,0,0
-0.5,leo_high,3,5,8,1.0,52,1,20.0,45.0,3,leo_commit,leo,2501,0,1,0,1,2,4,0,1,1.252875,1,1,0,0,0,0
-0.5,leo_high,3,5,8,1.0,53,1,20.0,45.0,3,leo_commit,leo,2501,0,1,0,1,2,4,0,1,1.257848,1,1,0,0,0,0
-0.5,leo_high,3,5,8,1.0,54,1,20.0,45.0,3,leo_commit,leo,2501,0,1,0,1,2,4,0,1,1.248200,1,1,0,0,0,0
-0.5,leo_high,3,5,8,1.0,55,1,20.0,45.0,3,leo_commit,leo,2501,0,1,0,1,2,4,0,1,1.248147,1,1,0,0,0,0
-0.5,leo_high,3,5,8,1.0,56,1,20.0,45.0,3,leo_commit,leo,2501,0,1,0,1,2,4,0,1,1.247445,1,1,0,0,0,0
-0.5,leo_high,3,5,8,1.0,57,1,20.0,45.0,3,leo_commit,leo,2501,0,1,0,1,2,4,0,1,1.254860,1,1,0,0,0,0
-0.5,leo_high,3,5,8,1.0,58,1,20.0,45.0,3,leo_commit,leo,2501,0,1,0,1,2,4,0,1,1.248621,1,1,0,0,0,0
-0.5,leo_high,3,5,8,1.0,59,1,20.0,45.0,3,leo_commit,leo,2501,0,1,0,1,2,4,0,1,1.250882,1,1,0,0,0,0
-0.2,leo_high,3,5,8,1.0,40,1,20.0,45.0,3,leo_commit,leo,2501,0,1,0,1,2,4,0,1,1.242465,1,1,0,0,0,0
-0.2,leo_high,3,5,8,1.0,41,1,20.0,45.0,3,leo_commit,leo,2501,0,1,0,1,2,4,0,1,1.255694,1,1,0,0,0,0
-0.2,leo_high,3,5,8,1.0,42,1,20.0,45.0,3,leo_commit,leo,2501,0,1,0,1,2,4,0,1,1.242266,1,1,0,0,0,0
-0.2,leo_high,3,5,8,1.0,43,1,20.0,45.0,3,leo_commit,leo,2501,0,1,0,1,2,4,0,1,1.249569,1,1,0,0,0,0
-0.2,leo_high,3,5,8,1.0,44,1,20.0,45.0,3,leo_commit,leo,2501,0,1,0,1,2,4,0,1,1.250748,1,1,0,0,0,0
-0.2,leo_high,3,5,8,1.0,45,1,20.0,45.0,3,leo_commit,leo,2501,0,1,0,1,2,4,0,1,1.245449,1,1,0,0,0,0
-0.2,leo_high,3,5,8,1.0,46,1,20.0,45.0,3,leo_commit,leo,2501,0,1,0,1,2,4,0,1,1.252610,1,1,0,0,0,0
-0.2,leo_high,3,5,8,1.0,47,1,20.0,45.0,3,leo_commit,leo,2501,0,1,0,1,2,4,0,1,1.248859,1,1,0,0,0,0
-0.2,leo_high,3,5,8,1.0,48,1,20.0,45.0,3,leo_commit,leo,2501,0,1,0,1,2,4,0,1,1.260054,1,1,0,0,0,0
-0.2,leo_high,3,5,8,1.0,49,1,20.0,45.0,3,leo_commit,leo,2501,0,1,0,1,2,4,0,1,1.247517,1,1,0,0,0,0
-0.2,leo_high,3,5,8,1.0,50,1,20.0,45.0,3,leo_commit,leo,2501,0,1,0,1,2,4,0,1,1.247689,1,1,0,0,0,0
-0.2,leo_high,3,5,8,1.0,51,1,20.0,45.0,3,leo_commit,leo,2501,0,1,0,1,2,4,0,1,1.265623,1,1,0,0,0,0
-0.2,leo_high,3,5,8,1.0,52,1,20.0,45.0,3,leo_commit,leo,2501,0,1,0,1,2,4,0,1,1.252875,1,1,0,0,0,0
-0.2,leo_high,3,5,8,1.0,53,1,20.0,45.0,3,leo_commit,leo,2501,0,1,0,1,2,4,0,1,1.257848,1,1,0,0,0,0
-0.2,leo_high,3,5,8,1.0,54,1,20.0,45.0,3,leo_commit,leo,2501,0,1,0,1,2,4,0,1,1.248200,1,1,0,0,0,0
-0.2,leo_high,3,5,8,1.0,55,1,20.0,45.0,3,leo_commit,leo,2501,0,1,0,1,2,4,0,1,1.248147,1,1,0,0,0,0
-0.2,leo_high,3,5,8,1.0,56,1,20.0,45.0,3,leo_commit,leo,2501,0,1,0,1,2,4,0,1,1.247445,1,1,0,0,0,0
-0.2,leo_high,3,5,8,1.0,57,1,20.0,45.0,3,leo_commit,leo,2501,0,1,0,1,2,4,0,1,1.254860,1,1,0,0,0,0
-0.2,leo_high,3,5,8,1.0,58,1,20.0,45.0,3,leo_commit,leo,2501,0,1,0,1,2,4,0,1,1.248621,1,1,0,0,0,0
-0.2,leo_high,3,5,8,1.0,59,1,20.0,45.0,3,leo_commit,leo,2501,0,1,0,1,2,4,0,1,1.250882,1,1,0,0,0,0
-0.05,leo_high,3,5,8,1.0,40,1,20.0,45.0,3,leo_commit,leo,2501,1,1,0,1,2,4,0,1,1.242465,1,1,0,0,0,0
-0.05,leo_high,3,5,8,1.0,41,1,20.0,45.0,3,leo_commit,leo,2501,1,1,0,1,2,4,0,1,1.255694,1,1,0,0,0,0
-0.05,leo_high,3,5,8,1.0,42,1,20.0,45.0,3,leo_commit,leo,2501,1,1,0,1,2,4,0,1,1.242266,1,1,0,0,0,0
-0.05,leo_high,3,5,8,1.0,43,1,20.0,45.0,3,leo_commit,leo,2501,1,1,0,1,2,4,0,1,1.249569,1,1,0,0,0,0
-0.05,leo_high,3,5,8,1.0,44,1,20.0,45.0,3,leo_commit,leo,2501,1,1,0,1,2,4,0,1,1.250748,1,1,0,0,0,0
-0.05,leo_high,3,5,8,1.0,45,1,20.0,45.0,3,leo_commit,leo,2501,1,1,0,1,2,4,0,1,1.245449,1,1,0,0,0,0
-0.05,leo_high,3,5,8,1.0,46,1,20.0,45.0,3,leo_commit,leo,2501,1,1,0,1,2,4,0,1,1.252610,1,1,0,0,0,0
-0.05,leo_high,3,5,8,1.0,47,1,20.0,45.0,3,leo_commit,leo,2501,1,1,0,1,2,4,0,1,1.248859,1,1,0,0,0,0
-0.05,leo_high,3,5,8,1.0,48,1,20.0,45.0,3,leo_commit,leo,2501,1,1,0,1,2,4,0,1,1.260054,1,1,0,0,0,0
-0.05,leo_high,3,5,8,1.0,49,1,20.0,45.0,3,leo_commit,leo,2501,1,1,0,1,2,4,0,1,1.247517,1,1,0,0,0,0
-0.05,leo_high,3,5,8,1.0,50,1,20.0,45.0,3,leo_commit,leo,2501,1,1,0,1,2,4,0,1,1.247689,1,1,0,0,0,0
-0.05,leo_high,3,5,8,1.0,51,1,20.0,45.0,3,leo_commit,leo,2501,1,1,0,1,2,4,0,1,1.265623,1,1,0,0,0,0
-0.05,leo_high,3,5,8,1.0,52,1,20.0,45.0,3,leo_commit,leo,2501,1,1,0,1,2,4,0,1,1.252875,1,1,0,0,0,0
-0.05,leo_high,3,5,8,1.0,53,1,20.0,45.0,3,leo_commit,leo,2501,1,1,0,1,2,4,0,1,1.257848,1,1,0,0,0,0
-0.05,leo_high,3,5,8,1.0,54,1,20.0,45.0,3,leo_commit,leo,2501,1,1,0,1,2,4,0,1,1.248200,1,1,0,0,0,0
-0.05,leo_high,3,5,8,1.0,55,1,20.0,45.0,3,leo_commit,leo,2501,1,1,0,1,2,4,0,1,1.248147,1,1,0,0,0,0
-0.05,leo_high,3,5,8,1.0,56,1,20.0,45.0,3,leo_commit,leo,2501,1,1,0,1,2,4,0,1,1.247445,1,1,0,0,0,0
-0.05,leo_high,3,5,8,1.0,57,1,20.0,45.0,3,leo_commit,leo,2501,1,1,0,1,2,4,0,1,1.254860,1,1,0,0,0,0
-0.05,leo_high,3,5,8,1.0,58,1,20.0,45.0,3,leo_commit,leo,2501,1,1,0,1,2,4,0,1,1.248621,1,1,0,0,0,0
-0.05,leo_high,3,5,8,1.0,59,1,20.0,45.0,3,leo_commit,leo,2501,1,1,0,1,2,4,0,1,1.250882,1,1,0,0,0,0
0.05,leo_high,3,5,8,1.0,40,1,20.0,45.0,3,leo_commit,leo,2501,1,1,0,1,2,0,4,1,1.349209,1,1,0,0,0,0
0.05,leo_high,3,5,8,1.0,41,1,20.0,45.0,3,leo_commit,leo,2501,1,1,0,1,2,0,4,1,1.363555,1,1,0,0,0,0
0.05,leo_high,3,5,8,1.0,42,1,20.0,45.0,3,leo_commit,leo,2501,1,1,0,1,2,0,4,1,1.368381,1,1,0,0,0,0
0.05,leo_high,3,5,8,1.0,43,1,20.0,45.0,3,leo_commit,leo,2501,1,1,0,1,2,0,4,1,1.356696,1,1,0,0,0,0
0.05,leo_high,3,5,8,1.0,44,1,20.0,45.0,3,leo_commit,leo,2501,1,1,0,1,2,0,4,1,1.355910,1,1,0,0,0,0
0.05,leo_high,3,5,8,1.0,45,1,20.0,45.0,3,leo_commit,leo,2501,1,1,0,1,2,0,4,1,1.366376,1,1,0,0,0,0
0.05,leo_high,3,5,8,1.0,46,1,20.0,45.0,3,leo_commit,leo,2501,1,1,0,1,2,0,4,1,1.374228,1,1,0,0,0,0
0.05,leo_high,3,5,8,1.0,47,1,20.0,45.0,3,leo_commit,leo,2501,1,1,0,1,2,0,4,1,1.367582,1,1,0,0,0,0
0.05,leo_high,3,5,8,1.0,48,1,20.0,45.0,3,leo_commit,leo,2501,1,1,0,1,2,0,4,1,1.388215,1,1,0,0,0,0
0.05,leo_high,3,5,8,1.0,49,1,20.0,45.0,3,leo_commit,leo,2501,1,1,0,1,2,0,4,2,1.372001,1,1,0,0,0,0
0.05,leo_high,3,5,8,1.0,50,1,20.0,45.0,3,leo_commit,leo,2501,1,1,0,1,2,0,4,1,1.383527,1,1,0,0,0,0
0.05,leo_high,3,5,8,1.0,51,1,20.0,45.0,3,leo_commit,leo,2501,1,1,0,1,2,0,4,1,1.382602,1,1,0,0,0,0
0.05,leo_high,3,5,8,1.0,52,1,20.0,45.0,3,leo_commit,leo,2501,1,1,0,1,2,0,4,1,1.384316,1,1,0,0,0,0
0.05,leo_high,3,5,8,1.0,53,1,20.0,45.0,3,leo_commit,leo,2501,1,1,0,1,2,0,4,1,1.370165,1,1,0,0,0,0
0.05,leo_high,3,5,8,1.0,54,1,20.0,45.0,3,leo_commit,leo,2501,1,1,0,1,2,0,4,2,1.370397,1,1,0,0,0,0
0.05,leo_high,3,5,8,1.0,55,1,20.0,45.0,3,leo_commit,leo,2501,1,1,0,1,2,0,4,1,1.378805,1,1,0,0,0,0
0.05,leo_high,3,5,8,1.0,56,1,20.0,45.0,3,leo_commit,leo,2501,1,1,0,1,2,0,4,1,1.367735,1,1,0,0,0,0
0.05,leo_high,3,5,8,1.0,57,1,20.0,45.0,3,leo_commit,leo,2501,1,1,0,1,2,0,4,1,1.371114,1,1,0,0,0,0
0.05,leo_high,3,5,8,1.0,58,1,20.0,45.0,3,leo_commit,leo,2501,1,1,0,1,2,0,4,1,1.379201,1,1,0,0,0,0
0.05,leo_high,3,5,8,1.0,59,1,20.0,45.0,3,leo_commit,leo,2501,1,1,0,1,2,0,4,1,1.367186,1,1,0,0,0,0
0.2,leo_high,3,5,8,1.0,40,1,20.0,45.0,3,earth_commit,earth,1502,1,0,0,1,1,0,0,0,0.238118,1,1,0,0,0,0
0.2,leo_high,3,5,8,1.0,41,1,20.0,45.0,3,earth_commit,earth,1502,1,0,0,1,1,0,0,0,0.236649,1,1,0,0,0,0
0.2,leo_high,3,5,8,1.0,42,1,20.0,45.0,3,earth_commit,earth,1502,1,0,0,1,1,0,0,0,0.239794,1,1,0,0,0,0
0.2,leo_high,3,5,8,1.0,43,1,20.0,45.0,3,earth_commit,earth,1502,1,0,0,1,1,0,0,0,0.228766,1,1,0,0,0,0
0.2,leo_high,3,5,8,1.0,44,1,20.0,45.0,3,earth_commit,earth,1502,1,0,0,1,1,0,0,0,0.234743,1,1,0,0,0,0
0.2,leo_high,3,5,8,1.0,45,1,20.0,45.0,3,earth_commit,earth,1502,1,0,0,1,1,0,0,0,0.247890,1,1,0,0,0,0
0.2,leo_high,3,5,8,1.0,46,1,20.0,45.0,3,earth_commit,earth,1502,1,0,0,1,1,0,0,0,0.236342,1,1,0,0,0,0
0.2,leo_high,3,5,8,1.0,47,1,20.0,45.0,3,earth_commit,earth,1502,1,0,0,1,1,0,0,0,0.244710,1,1,0,0,0,0
0.2,leo_high,3,5,8,1.0,48,1,20.0,45.0,3,earth_commit,earth,1502,1,0,0,1,1,0,0,0,0.242545,1,1,0,0,0,0
0.2,leo_high,3,5,8,1.0,49,1,20.0,45.0,3,earth_commit,earth,1502,1,0,0,1,1,0,0,0,0.230155,1,1,0,0,0,0
0.2,leo_high,3,5,8,1.0,50,1,20.0,45.0,3,earth_commit,earth,1502,1,0,0,1,1,0,0,0,0.251806,1,1,0,0,0,0
0.2,leo_high,3,5,8,1.0,51,1,20.0,45.0,3,earth_commit,earth,1502,1,0,0,1,1,0,0,0,0.260398,1,1,0,0,0,0
0.2,leo_high,3,5,8,1.0,52,1,20.0,45.0,3,earth_commit,earth,1502,1,0,0,1,1,0,0,0,0.251718,1,1,0,0,0,0
0.2,leo_high,3,5,8,1.0,53,1,20.0,45.0,3,earth_commit,earth,1502,1,0,0,1,1,0,0,0,0.231496,1,1,0,0,0,0
0.2,leo_high,3,5,8,1.0,54,1,20.0,45.0,3,earth_commit,earth,1502,1,0,0,1,1,0,0,0,0.228098,1,1,0,0,0,0
0.2,leo_high,3,5,8,1.0,55,1,20.0,45.0,3,earth_commit,earth,1502,1,0,0,1,1,0,0,0,0.226755,1,1,0,0,0,0
0.2,leo_high,3,5,8,1.0,56,1,20.0,45.0,3,earth_commit,earth,1502,1,0,0,1,1,0,0,0,0.237196,1,1,0,0,0,0
0.2,leo_high,3,5,8,1.0,57,1,20.0,45.0,3,earth_commit,earth,1502,1,0,0,1,1,0,0,0,0.246444,1,1,0,0,0,0
0.2,leo_high,3,5,8,1.0,58,1,20.0,45.0,3,earth_commit,earth,1502,1,0,0,1,1,0,0,0,0.251694,1,1,0,0,0,0
0.2,leo_high,3,5,8,1.0,59,1,20.0,45.0,3,earth_commit,earth,1502,1,0,0,1,1,0,0,0,0.252589,1,1,0,0,0,0
0.5,leo_high,3,5,8,1.0,40,1,20.0,45.0,3,earth_commit,earth,1502,0,0,0,1,1,0,0,0,0.238118,1,1,0,0,0,0
0.5,leo_high,3,5,8,1.0,41,1,20.0,45.0,3,earth_commit,earth,1502,0,0,0,1,1,0,0,0,0.236649,1,1,0,0,0,0
0.5,leo_high,3,5,8,1.0,42,1,20.0,45.0,3,earth_commit,earth,1502,0,0,0,1,1,0,0,0,0.239794,1,1,0,0,0,0
0.5,leo_high,3,5,8,1.0,43,1,20.0,45.0,3,earth_commit,earth,1502,0,0,0,1,1,0,0,0,0.228766,1,1,0,0,0,0
0.5,leo_high,3,5,8,1.0,44,1,20.0,45.0,3,earth_commit,earth,1502,0,0,0,1,1,0,0,0,0.234743,1,1,0,0,0,0
0.5,leo_high,3,5,8,1.0,45,1,20.0,45.0,3,earth_commit,earth,1502,0,0,0,1,1,0,0,0,0.247890,1,1,0,0,0,0
0.5,leo_high,3,5,8,1.0,46,1,20.0,45.0,3,earth_commit,earth,1502,0,0,0,1,1,0,0,0,0.236342,1,1,0,0,0,0
0.5,leo_high,3,5,8,1.0,47,1,20.0,45.0,3,earth_commit,earth,1502,0,0,0,1,1,0,0,0,0.244710,1,1,0,0,0,0
0.5,leo_high,3,5,8,1.0,48,1,20.0,45.0,3,earth_commit,earth,1502,0,0,0,1,1,0,0,0,0.242545,1,1,0,0,0,0
0.5,leo_high,3,5,8,1.0,49,1,20.0,45.0,3,earth_commit,earth,1502,0,0,0,1,1,0,0,0,0.230155,1,1,0,0,0,0
0.5,leo_high,3,5,8,1.0,50,1,20.0,45.0,3,earth_commit,earth,1502,0,0,0,1,1,0,0,0,0.251806,1,1,0,0,0,0
0.5,leo_high,3,5,8,1.0,51,1,20.0,45.0,3,earth_commit,earth,1502,0,0,0,1,1,0,0,0,0.260398,1,1,0,0,0,0
0.5,leo_high,3,5,8,1.0,52,1,20.0,45.0,3,earth_commit,earth,1502,0,0,0,1,1,0,0,0,0.251718,1,1,0,0,0,0
0.5,leo_high,3,5,8,1.0,53,1,20.0,45.0,3,earth_commit,earth,1502,0,0,0,1,1,0,0,0,0.231496,1,1,0,0,0,0
0.5,leo_high,3,5,8,1.0,54,1,20.0,45.0,3,earth_commit,earth,1502,0,0,0,1,1,0,0,0,0.228098,1,1,0,0,0,0
0.5,leo_high,3,5,8,1.0,55,1,20.0,45.0,3,earth_commit,earth,1502,0,0,0,1,1,0,0,0,0.226755,1,1,0,0,0,0
0.5,leo_high,3,5,8,1.0,56,1,20.0,45.0,3,earth_commit,earth,1502,0,0,0,1,1,0,0,0,0.237196,1,1,0,0,0,0
0.5,leo_high,3,5,8,1.0,57,1,20.0,45.0,3,earth_commit,earth,1502,0,0,0,1,1,0,0,0,0.246444,1,1,0,0,0,0
0.5,leo_high,3,5,8,1.0,58,1,20.0,45.0,3,earth_commit,earth,1502,0,0,0,1,1,0,0,0,0.251694,1,1,0,0,0,0
0.5,leo_high,3,5,8,1.0,59,1,20.0,45.0,3,earth_commit,earth,1502,0,0,0,1,1,0,0,0,0.252589,1,1,0,0,0,0
1.0,leo_high,3,5,8,1.0,40,1,20.0,45.0,3,earth_commit,earth,1502,0,0,0,1,1,0,0,0,0.238118,1,1,0,0,0,0
1.0,leo_high,3,5,8,1.0,41,1,20.0,45.0,3,earth_commit,earth,1502,0,0,0,1,1,0,0,0,0.236649,1,1,0,0,0,0
1.0,leo_high,3,5,8,1.0,42,1,20.0,45.0,3,earth_commit,earth,1502,0,0,0,1,1,0,0,0,0.239794,1,1,0,0,0,0
1.0,leo_high,3,5,8,1.0,43,1,20.0,45.0,3,earth_commit,earth,1502,0,0,0,1,1,0,0,0,0.228766,1,1,0,0,0,0
1.0,leo_high,3,5,8,1.0,44,1,20.0,45.0,3,earth_commit,earth,1502,0,0,0,1,1,0,0,0,0.234743,1,1,0,0,0,0
1.0,leo_high,3,5,8,1.0,45,1,20.0,45.0,3,earth_commit,earth,1502,0,0,0,1,1,0,0,0,0.247890,1,1,0,0,0,0
1.0,leo_high,3,5,8,1.0,46,1,20.0,45.0,3,earth_commit,earth,1502,0,0,0,1,1,0,0,0,0.236342,1,1,0,0,0,0
1.0,leo_high,3,5,8,1.0,47,1,20.0,45.0,3,earth_commit,earth,1502,0,0,0,1,1,0,0,0,0.244710,1,1,0,0,0,0
1.0,leo_high,3,5,8,1.0,48,1,20.0,45.0,3,earth_commit,earth,1502,0,0,0,1,1,0,0,0,0.242545,1,1,0,0,0,0
1.0,leo_high,3,5,8,1.0,49,1,20.0,45.0,3,earth_commit,earth,1502,0,0,0,1,1,0,0,0,0.230155,1,1,0,0,0,0
1.0,leo_high,3,5,8,1.0,50,1,20.0,45.0,3,earth_commit,earth,1502,0,0,0,1,1,0,0,0,0.251806,1,1,0,0,0,0
1.0,leo_high,3,5,8,1.0,51,1,20.0,45.0,3,earth_commit,earth,1502,0,0,0,1,1,0,0,0,0.260398,1,1,0,0,0,0
1.0,leo_high,3,5,8,1.0,52,1,20.0,45.0,3,earth_commit,earth,1502,0,0,0,1,1,0,0,0,0.251718,1,1,0,0,0,0
1.0,leo_high,3,5,8,1.0,53,1,20.0,45.0,3,earth_commit,earth,1502,0,0,0,1,1,0,0,0,0.231496,1,1,0,0,0,0
1.0,leo_high,3,5,8,1.0,54,1,20.0,45.0,3,earth_commit,earth,1502,0,0,0,1,1,0,0,0,0.228098,1,1,0,0,0,0
1.0,leo_high,3,5,8,1.0,55,1,20.0,45.0,3,earth_commit,earth,1502,0,0,0,1,1,0,0,0,0.226755,1,1,0,0,0,0
1.0,leo_high,3,5,8,1.0,56,1,20.0,45.0,3,earth_commit,earth,1502,0,0,0,1,1,0,0,0,0.237196,1,1,0,0,0,0
1.0,leo_high,3,5,8,1.0,57,1,20.0,45.0,3,earth_commit,earth,1502,0,0,0,1,1,0,0,0,0.246444,1,1,0,0,0,0
1.0,leo_high,3,5,8,1.0,58,1,20.0,45.0,3,earth_commit,earth,1502,0,0,0,1,1,0,0,0,0.251694,1,1,0,0,0,0
1.0,leo_high,3,5,8,1.0,59,1,20.0,45.0,3,earth_commit,earth,1502,0,0,0,1,1,0,0,0,0.252589,1,1,0,0,0,0
2.0,leo_high,3,5,8,1.0,40,1,20.0,45.0,3,earth_commit,earth,1502,0,0,0,1,1,0,0,0,0.238118,1,1,0,0,0,0
2.0,leo_high,3,5,8,1.0,41,1,20.0,45.0,3,earth_commit,earth,1502,0,0,0,1,1,0,0,0,0.236649,1,1,0,0,0,0
2.0,leo_high,3,5,8,1.0,42,1,20.0,45.0,3,earth_commit,earth,1502,0,0,0,1,1,0,0,0,0.239794,1,1,0,0,0,0
2.0,leo_high,3,5,8,1.0,43,1,20.0,45.0,3,earth_commit,earth,1502,0,0,0,1,1,0,0,0,0.228766,1,1,0,0,0,0
2.0,leo_high,3,5,8,1.0,44,1,20.0,45.0,3,earth_commit,earth,1502,0,0,0,1,1,0,0,0,0.234743,1,1,0,0,0,0
2.0,leo_high,3,5,8,1.0,45,1,20.0,45.0,3,earth_commit,earth,1502,0,0,0,1,1,0,0,0,0.247890,1,1,0,0,0,0
2.0,leo_high,3,5,8,1.0,46,1,20.0,45.0,3,earth_commit,earth,1502,0,0,0,1,1,0,0,0,0.236342,1,1,0,0,0,0
2.0,leo_high,3,5,8,1.0,47,1,20.0,45.0,3,earth_commit,earth,1502,0,0,0,1,1,0,0,0,0.244710,1,1,0,0,0,0
2.0,leo_high,3,5,8,1.0,48,1,20.0,45.0,3,earth_commit,earth,1502,0,0,0,1,1,0,0,0,0.242545,1,1,0,0,0,0
2.0,leo_high,3,5,8,1.0,49,1,20.0,45.0,3,earth_commit,earth,1502,0,0,0,1,1,0,0,0,0.230155,1,1,0,0,0,0
2.0,leo_high,3,5,8,1.0,50,1,20.0,45.0,3,earth_commit,earth,1502,0,0,0,1,1,0,0,0,0.251806,1,1,0,0,0,0
2.0,leo_high,3,5,8,1.0,51,1,20.0,45.0,3,earth_commit,earth,1502,0,0,0,1,1,0,0,0,0.260398,1,1,0,0,0,0
2.0,leo_high,3,5,8,1.0,52,1,20.0,45.0,3,earth_commit,earth,1502,0,0,0,1,1,0,0,0,0.251718,1,1,0,0,0,0
2.0,leo_high,3,5,8,1.0,53,1,20.0,45.0,3,earth_commit,earth,1502,0,0,0,1,1,0,0,0,0.231496,1,1,0,0,0,0
2.0,leo_high,3,5,8,1.0,54,1,20.0,45.0,3,earth_commit,earth,1502,0,0,0,1,1,0,0,0,0.228098,1,1,0,0,0,0
2.0,leo_high,3,5,8,1.0,55,1,20.0,45.0,3,earth_commit,earth,1502,0,0,0,1,1,0,0,0,0.226755,1,1,0,0,0,0
2.0,leo_high,3,5,8,1.0,56,1,20.0,45.0,3,earth_commit,earth,1502,0,0,0,1,1,0,0,0,0.237196,1,1,0,0,0,0
2.0,leo_high,3,5,8,1.0,57,1,20.0,45.0,3,earth_commit,earth,1502,0,0,0,1,1,0,0,0,0.246444,1,1,0,0,0,0
2.0,leo_high,3,5,8,1.0,58,1,20.0,45.0,3,earth_commit,earth,1502,0,0,0,1,1,0,0,0,0.251694,1,1,0,0,0,0
2.0,leo_high,3,5,8,1.0,59,1,20.0,45.0,3,earth_commit,earth,1502,0,0,0,1,1,0,0,0,0.252589,1,1,0,0,0,0
30.0,leo_high,3,5,8,1.0,40,1,20.0,45.0,3,earth_commit,earth,1502,0,0,0,1,1,0,0,0,0.238118,1,1,0,0,0,0
30.0,leo_high,3,5,8,1.0,41,1,20.0,45.0,3,earth_commit,earth,1502,0,0,0,1,1,0,0,0,0.236649,1,1,0,0,0,0
30.0,leo_high,3,5,8,1.0,42,1,20.0,45.0,3,earth_commit,earth,1502,0,0,0,1,1,0,0,0,0.239794,1,1,0,0,0,0
30.0,leo_high,3,5,8,1.0,43,1,20.0,45.0,3,earth_commit,earth,1502,0,0,0,1,1,0,0,0,0.228766,1,1,0,0,0,0
30.0,leo_high,3,5,8,1.0,44,1,20.0,45.0,3,earth_commit,earth,1502,0,0,0,1,1,0,0,0,0.234743,1,1,0,0,0,0
30.0,leo_high,3,5,8,1.0,45,1,20.0,45.0,3,earth_commit,earth,1502,0,0,0,1,1,0,0,0,0.247890,1,1,0,0,0,0
30.0,leo_high,3,5,8,1.0,46,1,20.0,45.0,3,earth_commit,earth,1502,0,0,0,1,1,0,0,0,0.236342,1,1,0,0,0,0
30.0,leo_high,3,5,8,1.0,47,1,20.0,45.0,3,earth_commit,earth,1502,0,0,0,1,1,0,0,0,0.244710,1,1,0,0,0,0
30.0,leo_high,3,5,8,1.0,48,1,20.0,45.0,3,earth_commit,earth,1502,0,0,0,1,1,0,0,0,0.242545,1,1,0,0,0,0
30.0,leo_high,3,5,8,1.0,49,1,20.0,45.0,3,earth_commit,earth,1502,0,0,0,1,1,0,0,0,0.230155,1,1,0,0,0,0
30.0,leo_high,3,5,8,1.0,50,1,20.0,45.0,3,earth_commit,earth,1502,0,0,0,1,1,0,0,0,0.251806,1,1,0,0,0,0
30.0,leo_high,3,5,8,1.0,51,1,20.0,45.0,3,earth_commit,earth,1502,0,0,0,1,1,0,0,0,0.260398,1,1,0,0,0,0
30.0,leo_high,3,5,8,1.0,52,1,20.0,45.0,3,earth_commit,earth,1502,0,0,0,1,1,0,0,0,0.251718,1,1,0,0,0,0
30.0,leo_high,3,5,8,1.0,53,1,20.0,45.0,3,earth_commit,earth,1502,0,0,0,1,1,0,0,0,0.231496,1,1,0,0,0,0
30.0,leo_high,3,5,8,1.0,54,1,20.0,45.0,3,earth_commit,earth,1502,0,0,0,1,1,0,0,0,0.228098,1,1,0,0,0,0
30.0,leo_high,3,5,8,1.0,55,1,20.0,45.0,3,earth_commit,earth,1502,0,0,0,1,1,0,0,0,0.226755,1,1,0,0,0,0
30.0,leo_high,3,5,8,1.0,56,1,20.0,45.0,3,earth_commit,earth,1502,0,0,0,1,1,0,0,0,0.237196,1,1,0,0,0,0
30.0,leo_high,3,5,8,1.0,57,1,20.0,45.0,3,earth_commit,earth,1502,0,0,0,1,1,0,0,0,0.246444,1,1,0,0,0,0
30.0,leo_high,3,5,8,1.0,58,1,20.0,45.0,3,earth_commit,earth,1502,0,0,0,1,1,0,0,0,0.251694,1,1,0,0,0,0
30.0,leo_high,3,5,8,1.0,59,1,20.0,45.0,3,earth_commit,earth,1502,0,0,0,1,1,0,0,0,0.252589,1,1,0,0,0,0
90.0,leo_high,3,5,8,1.0,40,1,20.0,45.0,3,earth_commit,earth,1502,0,0,0,1,1,0,0,0,0.238118,1,1,0,0,0,0
90.0,leo_high,3,5,8,1.0,41,1,20.0,45.0,3,earth_commit,earth,1502,0,0,0,1,1,0,0,0,0.236649,1,1,0,0,0,0
90.0,leo_high,3,5,8,1.0,42,1,20.0,45.0,3,earth_commit,earth,1502,0,0,0,1,1,0,0,0,0.239794,1,1,0,0,0,0
90.0,leo_high,3,5,8,1.0,43,1,20.0,45.0,3,earth_commit,earth,1502,0,0,0,1,1,0,0,0,0.228766,1,1,0,0,0,0
90.0,leo_high,3,5,8,1.0,44,1,20.0,45.0,3,earth_commit,earth,1502,0,0,0,1,1,0,0,0,0.234743,1,1,0,0,0,0
90.0,leo_high,3,5,8,1.0,45,1,20.0,45.0,3,earth_commit,earth,1502,0,0,0,1,1,0,0,0,0.247890,1,1,0,0,0,0
90.0,leo_high,3,5,8,1.0,46,1,20.0,45.0,3,earth_commit,earth,1502,0,0,0,1,1,0,0,0,0.236342,1,1,0,0,0,0
90.0,leo_high,3,5,8,1.0,47,1,20.0,45.0,3,earth_commit,earth,1502,0,0,0,1,1,0,0,0,0.244710,1,1,0,0,0,0
90.0,leo_high,3,5,8,1.0,48,1,20.0,45.0,3,earth_commit,earth,1502,0,0,0,1,1,0,0,0,0.242545,1,1,0,0,0,0
90.0,leo_high,3,5,8,1.0,49,1,20.0,45.0,3,earth_commit,earth,1502,0,0,0,1,1,0,0,0,0.230155,1,1,0,0,0,0
90.0,leo_high,3,5,8,1.0,50,1,20.0,45.0,3,earth_commit,earth,1502,0,0,0,1,1,0,0,0,0.251806,1,1,0,0,0,0
90.0,leo_high,3,5,8,1.0,51,1,20.0,45.0,3,earth_commit,earth,1502,0,0,0,1,1,0,0,0,0.260398,1,1,0,0,0,0
90.0,leo_high,3,5,8,1.0,52,1,20.0,45.0,3,earth_commit,earth,1502,0,0,0,1,1,0,0,0,0.251718,1,1,0,0,0,0
90.0,leo_high,3,5,8,1.0,53,1,20.0,45.0,3,earth_commit,earth,1502,0,0,0,1,1,0,0,0,0.231496,1,1,0,0,0,0
90.0,leo_high,3,5,8,1.0,54,1,20.0,45.0,3,earth_commit,earth,1502,0,0,0,1,1,0,0,0,0.228098,1,1,0,0,0,0
90.0,leo_high,3,5,8,1.0,55,1,20.0,45.0,3,earth_commit,earth,1502,0,0,0,1,1,0,0,0,0.226755,1,1,0,0,0,0
90.0,leo_high,3,5,8,1.0,56,1,20.0,45.0,3,earth_commit,earth,1502,0,0,0,1,1,0,0,0,0.237196,1,1,0,0,0,0
90.0,leo_high,3,5,8,1.0,57,1,20.0,45.0,3,earth_commit,earth,1502,0,0,0,1,1,0,0,0,0.246444,1,1,0,0,0,0
90.0,leo_high,3,5,8,1.0,58,1,20.0,45.0,3,earth_commit,earth,1502,0,0,0,1,1,0,0,0,0.251694,1,1,0,0,0,0
90.0,leo_high,3,5,8,1.0,59,1,20.0,45.0,3,earth_commit,earth,1502,0,0,0,1,1,0,0,0,0.252589,1,1,0,0,0,0
-10.0,earth_high,5,1,8,1.0,40,1,20.0,45.0,3,leo_blocked,,,0,1,0,0,1,3,4,3,,0,8,8,0,0,0
-10.0,earth_high,5,1,8,1.0,41,1,20.0,45.0,3,leo_blocked,,,0,1,0,0,1,3,4,3,,0,8,8,0,0,0
-10.0,earth_high,5,1,8,1.0,42,1,20.0,45.0,3,leo_blocked,,,0,1,0,0,1,3,4,3,,0,8,8,0,0,0
-10.0,earth_high,5,1,8,1.0,43,1,20.0,45.0,3,leo_blocked,,,0,1,0,0,1,3,4,3,,0,8,8,0,0,0
-10.0,earth_high,5,1,8,1.0,44,1,20.0,45.0,3,leo_blocked,,,0,1,0,0,1,3,4,3,,0,8,8,0,0,0
-10.0,earth_high,5,1,8,1.0,45,1,20.0,45.0,3,leo_blocked,,,0,1,0,0,1,3,4,3,,0,8,8,0,0,0
-10.0,earth_high,5,1,8,1.0,46,1,20.0,45.0,3,leo_blocked,,,0,1,0,0,1,3,4,3,,0,8,8,0,0,0
-10.0,earth_high,5,1,8,1.0,47,1,20.0,45.0,3,leo_blocked,,,0,1,0,0,1,3,4,3,,0,8,8,0,0,0
-10.0,earth_high,5,1,8,1.0,48,1,20.0,45.0,3,leo_blocked,,,0,1,0,0,1,3,4,3,,0,8,8,0,0,0
-10.0,earth_high,5,1,8,1.0,49,1,20.0,45.0,3,leo_blocked,,,0,1,0,0,1,3,4,3,,0,8,8,0,0,0
-10.0,earth_high,5,1,8,1.0,50,1,20.0,45.0,3,leo_blocked,,,0,1,0,0,1,3,4,3,,0,8,8,0,0,0
-10.0,earth_high,5,1,8,1.0,51,1,20.0,45.0,3,leo_blocked,,,0,1,0,0,1,3,4,3,,0,8,8,0,0,0
-10.0,earth_high,5,1,8,1.0,52,1,20.0,45.0,3,leo_blocked,,,0,1,0,0,1,3,4,3,,0,8,8,0,0,0
-10.0,earth_high,5,1,8,1.0,53,1,20.0,45.0,3,leo_blocked,,,0,1,0,0,1,3,4,3,,0,8,8,0,0,0
-10.0,earth_high,5,1,8,1.0,54,1,20.0,45.0,3,leo_blocked,,,0,1,0,0,1,3,4,3,,0,8,8,0,0,0
-10.0,earth_high,5,1,8,1.0,55,1,20.0,45.0,3,leo_blocked,,,0,1,0,0,1,3,4,3,,0,8,8,0,0,0
-10.0,earth_high,5,1,8,1.0,56,1,20.0,45.0,3,leo_blocked,,,0,1,0,0,1,3,4,3,,0,8,8,0,0,0
-10.0,earth_high,5,1,8,1.0,57,1,20.0,45.0,3,leo_blocked,,,0,1,0,0,1,3,4,3,,0,8,8,0,0,0
-10.0,earth_high,5,1,8,1.0,58,1,20.0,45.0,3,leo_blocked,,,0,1,0,0,1,3,4,3,,0,8,8,0,0,0
-10.0,earth_high,5,1,8,1.0,59,1,20.0,45.0,3,leo_blocked,,,0,1,0,0,1,3,4,3,,0,8,8,0,0,0
-5.0,earth_high,5,1,8,1.0,40,1,20.0,45.0,3,leo_blocked,,,1,1,0,0,1,3,4,3,,0,8,8,0,0,0
-5.0,earth_high,5,1,8,1.0,41,1,20.0,45.0,3,leo_blocked,,,1,1,0,0,1,3,4,3,,0,8,8,0,0,0
-5.0,earth_high,5,1,8,1.0,42,1,20.0,45.0,3,leo_blocked,,,1,1,0,0,1,3,4,3,,0,8,8,0,0,0
-5.0,earth_high,5,1,8,1.0,43,1,20.0,45.0,3,leo_blocked,,,1,1,0,0,1,3,4,3,,0,8,8,0,0,0
-5.0,earth_high,5,1,8,1.0,44,1,20.0,45.0,3,leo_blocked,,,1,1,0,0,1,3,4,3,,0,8,8,0,0,0
-5.0,earth_high,5,1,8,1.0,45,1,20.0,45.0,3,leo_blocked,,,1,1,0,0,1,3,4,3,,0,8,8,0,0,0
-5.0,earth_high,5,1,8,1.0,46,1,20.0,45.0,3,leo_blocked,,,1,1,0,0,1,3,4,3,,0,8,8,0,0,0
-5.0,earth_high,5,1,8,1.0,47,1,20.0,45.0,3,leo_blocked,,,1,1,0,0,1,3,4,3,,0,8,8,0,0,0
-5.0,earth_high,5,1,8,1.0,48,1,20.0,45.0,3,leo_blocked,,,1,1,0,0,1,3,4,3,,0,8,8,0,0,0
-5.0,earth_high,5,1,8,1.0,49,1,20.0,45.0,3,leo_blocked,,,1,1,0,0,1,3,4,3,,0,8,8,0,0,0
-5.0,earth_high,5,1,8,1.0,50,1,20.0,45.0,3,leo_blocked,,,1,1,0,0,1,3,4,3,,0,8,8,0,0,0
-5.0,earth_high,5,1,8,1.0,51,1,20.0,45.0,3,leo_blocked,,,1,1,0,0,1,3,4,3,,0,8,8,0,0,0
-5.0,earth_high,5,1,8,1.0,52,1,20.0,45.0,3,leo_blocked,,,1,1,0,0,1,3,4,3,,0,8,8,0,0,0
-5.0,earth_high,5,1,8,1.0,53,1,20.0,45.0,3,leo_blocked,,,1,1,0,0,1,3,4,3,,0,8,8,0,0,0
-5.0,earth_high,5,1,8,1.0,54,1,20.0,45.0,3,leo_blocked,,,1,1,0,0,1,3,4,3,,0,8,8,0,0,0
-5.0,earth_high,5,1,8,1.0,55,1,20.0,45.0,3,leo_blocked,,,1,1,0,0,1,3,4,3,,0,8,8,0,0,0
-5.0,earth_high,5,1,8,1.0,56,1,20.0,45.0,3,leo_blocked,,,1,1,0,0,1,3,4,3,,0,8,8,0,0,0
-5.0,earth_high,5,1,8,1.0,57,1,20.0,45.0,3,leo_blocked,,,1,1,0,0,1,3,4,3,,0,8,8,0,0,0
-5.0,earth_high,5,1,8,1.0,58,1,20.0,45.0,3,leo_blocked,,,1,1,0,0,1,3,4,3,,0,8,8,0,0,0
-5.0,earth_high,5,1,8,1.0,59,1,20.0,45.0,3,leo_blocked,,,1,1,0,0,1,3,4,3,,0,8,8,0,0,0
-2.0,earth_high,5,1,8,1.0,40,1,20.0,45.0,3,leo_blocked,,,1,1,0,0,1,3,4,3,,0,8,8,0,0,0
-2.0,earth_high,5,1,8,1.0,41,1,20.0,45.0,3,leo_blocked,,,1,1,0,0,1,3,4,3,,0,8,8,0,0,0
-2.0,earth_high,5,1,8,1.0,42,1,20.0,45.0,3,leo_blocked,,,1,1,0,0,1,3,4,3,,0,8,8,0,0,0
-2.0,earth_high,5,1,8,1.0,43,1,20.0,45.0,3,leo_blocked,,,1,1,0,0,1,3,4,3,,0,8,8,0,0,0
-2.0,earth_high,5,1,8,1.0,44,1,20.0,45.0,3,leo_blocked,,,1,1,0,0,1,3,4,3,,0,8,8,0,0,0
-2.0,earth_high,5,1,8,1.0,45,1,20.0,45.0,3,leo_blocked,,,1,1,0,0,1,3,4,3,,0,8,8,0,0,0
-2.0,earth_high,5,1,8,1.0,46,1,20.0,45.0,3,leo_blocked,,,1,1,0,0,1,3,4,3,,0,8,8,0,0,0
-2.0,earth_high,5,1,8,1.0,47,1,20.0,45.0,3,leo_blocked,,,1,1,0,0,1,3,4,3,,0,8,8,0,0,0
-2.0,earth_high,5,1,8,1.0,48,1,20.0,45.0,3,leo_blocked,,,1,1,0,0,1,3,4,3,,0,8,8,0,0,0
-2.0,earth_high,5,1,8,1.0,49,1,20.0,45.0,3,leo_blocked,,,1,1,0,0,1,3,4,3,,0,8,8,0,0,0
-2.0,earth_high,5,1,8,1.0,50,1,20.0,45.0,3,leo_blocked,,,1,1,0,0,1,3,4,3,,0,8,8,0,0,0
-2.0,earth_high,5,1,8,1.0,51,1,20.0,45.0,3,leo_blocked,,,1,1,0,0,1,3,4,3,,0,8,8,0,0,0
-2.0,earth_high,5,1,8,1.0,52,1,20.0,45.0,3,leo_blocked,,,1,1,0,0,1,3,4,3,,0,8,8,0,0,0
-2.0,earth_high,5,1,8,1.0,53,1,20.0,45.0,3,leo_blocked,,,1,1,0,0,1,3,4,3,,0,8,8,0,0,0
-2.0,earth_high,5,1,8,1.0,54,1,20.0,45.0,3,leo_blocked,,,1,1,0,0,1,3,4,3,,0,8,8,0,0,0
-2.0,earth_high,5,1,8,1.0,55,1,20.0,45.0,3,leo_blocked,,,1,1,0,0,1,3,4,3,,0,8,8,0,0,0
-2.0,earth_high,5,1,8,1.0,56,1,20.0,45.0,3,leo_blocked,,,1,1,0,0,1,3,4,3,,0,8,8,0,0,0
-2.0,earth_high,5,1,8,1.0,57,1,20.0,45.0,3,leo_blocked,,,1,1,0,0,1,3,4,3,,0,8,8,0,0,0
-2.0,earth_high,5,1,8,1.0,58,1,20.0,45.0,3,leo_blocked,,,1,1,0,0,1,3,4,3,,0,8,8,0,0,0
-2.0,earth_high,5,1,8,1.0,59,1,20.0,45.0,3,leo_blocked,,,1,1,0,0,1,3,4,3,,0,8,8,0,0,0
-1.0,earth_high,5,1,8,1.0,40,1,20.0,45.0,3,leo_commit,leo,8501,1,0,0,1,1,0,0,1,0.184130,0,8,8,0,0,0
-1.0,earth_high,5,1,8,1.0,41,1,20.0,45.0,3,leo_commit,leo,8501,1,0,0,1,1,0,0,2,0.194959,0,8,8,0,0,0
-1.0,earth_high,5,1,8,1.0,42,1,20.0,45.0,3,leo_commit,leo,8501,1,0,0,1,1,0,0,5,0.170340,0,8,8,0,0,0
-1.0,earth_high,5,1,8,1.0,43,1,20.0,45.0,3,leo_commit,leo,8501,1,0,0,1,1,0,0,1,0.188288,0,8,8,0,0,0
-1.0,earth_high,5,1,8,1.0,44,1,20.0,45.0,3,leo_commit,leo,8501,1,0,0,1,1,0,0,4,0.179384,0,8,8,0,0,0
-1.0,earth_high,5,1,8,1.0,45,1,20.0,45.0,3,leo_commit,leo,8501,1,0,0,1,1,0,0,3,0.185774,0,8,8,0,0,0
-1.0,earth_high,5,1,8,1.0,46,1,20.0,45.0,3,leo_commit,leo,8501,1,0,0,1,1,0,0,2,0.194257,0,8,8,0,0,0
-1.0,earth_high,5,1,8,1.0,47,1,20.0,45.0,3,leo_commit,leo,8501,1,0,0,1,1,0,0,2,0.171718,0,8,8,0,0,0
-1.0,earth_high,5,1,8,1.0,48,1,20.0,45.0,3,leo_commit,leo,8501,1,1,0,0,1,0,1,1,,0,8,8,0,0,0
-1.0,earth_high,5,1,8,1.0,49,1,20.0,45.0,3,leo_commit,leo,8501,1,0,0,1,1,0,0,2,0.174289,0,8,8,0,0,0
-1.0,earth_high,5,1,8,1.0,50,1,20.0,45.0,3,leo_commit,leo,8501,1,0,0,1,1,0,0,3,0.190066,0,8,8,0,0,0
-1.0,earth_high,5,1,8,1.0,51,1,20.0,45.0,3,leo_commit,leo,8501,1,0,0,1,1,0,0,3,0.181191,0,8,8,0,0,0
-1.0,earth_high,5,1,8,1.0,52,1,20.0,45.0,3,leo_commit,leo,8501,1,0,0,1,1,0,0,3,0.180847,0,8,8,0,0,0
-1.0,earth_high,5,1,8,1.0,53,1,20.0,45.0,3,leo_commit,leo,8501,1,0,0,1,1,0,0,1,0.185194,0,8,8,0,0,0
-1.0,earth_high,5,1,8,1.0,54,1,20.0,45.0,3,leo_commit,leo,8501,1,0,0,1,1,0,0,3,0.198442,0,8,8,0,0,0
-1.0,earth_high,5,1,8,1.0,55,1,20.0,45.0,3,leo_commit,leo,8501,1,0,0,1,1,0,0,3,0.198735,0,8,8,0,0,0
-1.0,earth_high,5,1,8,1.0,56,1,20.0,45.0,3,leo_commit,leo,8501,1,0,0,1,1,0,0,4,0.188226,0,8,8,0,0,0
-1.0,earth_high,5,1,8,1.0,57,1,20.0,45.0,3,leo_commit,leo,8501,1,0,0,1,1,0,0,1,0.193045,0,8,8,0,0,0
-1.0,earth_high,5,1,8,1.0,58,1,20.0,45.0,3,leo_commit,leo,8501,1,0,0,1,1,0,0,1,0.193590,0,8,8,0,0,0
-1.0,earth_high,5,1,8,1.0,59,1,20.0,45.0,3,leo_commit,leo,8501,1,0,0,1,1,0,0,1,0.186530,0,8,8,0,0,0
-0.5,earth_high,5,1,8,1.0,40,1,20.0,45.0,3,leo_commit,leo,8501,1,0,0,1,1,0,0,1,0.184130,0,8,8,0,0,0
-0.5,earth_high,5,1,8,1.0,41,1,20.0,45.0,3,leo_commit,leo,8501,1,0,0,1,1,0,0,2,0.194959,0,8,8,0,0,0
-0.5,earth_high,5,1,8,1.0,42,1,20.0,45.0,3,leo_commit,leo,8501,1,0,0,1,1,0,0,5,0.170340,0,8,8,0,0,0
-0.5,earth_high,5,1,8,1.0,43,1,20.0,45.0,3,leo_commit,leo,8501,1,0,0,1,1,0,0,1,0.188288,0,8,8,0,0,0
-0.5,earth_high,5,1,8,1.0,44,1,20.0,45.0,3,leo_commit,leo,8501,1,0,0,1,1,0,0,4,0.179384,0,8,8,0,0,0
-0.5,earth_high,5,1,8,1.0,45,1,20.0,45.0,3,leo_commit,leo,8501,1,0,0,1,1,0,0,3,0.185774,0,8,8,0,0,0
-0.5,earth_high,5,1,8,1.0,46,1,20.0,45.0,3,leo_commit,leo,8501,1,0,0,1,1,0,0,2,0.194257,0,8,8,0,0,0
-0.5,earth_high,5,1,8,1.0,47,1,20.0,45.0,3,leo_commit,leo,8501,1,0,0,1,1,0,0,2,0.171718,0,8,8,0,0,0
-0.5,earth_high,5,1,8,1.0,48,1,20.0,45.0,3,leo_commit,leo,8501,1,0,0,1,1,0,0,1,0.183875,0,8,8,0,0,0
-0.5,earth_high,5,1,8,1.0,49,1,20.0,45.0,3,leo_commit,leo,8501,1,0,0,1,1,0,0,2,0.174289,0,8,8,0,0,0
-0.5,earth_high,5,1,8,1.0,50,1,20.0,45.0,3,leo_commit,leo,8501,1,0,0,1,1,0,0,3,0.190066,0,8,8,0,0,0
-0.5,earth_high,5,1,8,1.0,51,1,20.0,45.0,3,leo_commit,leo,8501,1,0,0,1,1,0,0,3,0.181191,0,8,8,0,0,0
-0.5,earth_high,5,1,8,1.0,52,1,20.0,45.0,3,leo_commit,leo,8501,1,0,0,1,1,0,0,3,0.180847,0,8,8,0,0,0
-0.5,earth_high,5,1,8,1.0,53,1,20.0,45.0,3,leo_commit,leo,8501,1,0,0,1,1,0,0,1,0.185194,0,8,8,0,0,0
-0.5,earth_high,5,1,8,1.0,54,1,20.0,45.0,3,leo_commit,leo,8501,1,0,0,1,1,0,0,3,0.198442,0,8,8,0,0,0
-0.5,earth_high,5,1,8,1.0,55,1,20.0,45.0,3,leo_commit,leo,8501,1,0,0,1,1,0,0,3,0.198735,0,8,8,0,0,0
-0.5,earth_high,5,1,8,1.0,56,1,20.0,45.0,3,leo_commit,leo,8501,1,0,0,1,1,0,0,4,0.188226,0,8,8,0,0,0
-0.5,earth_high,5,1,8,1.0,57,1,20.0,45.0,3,leo_commit,leo,8501,1,0,0,1,1,0,0,1,0.193045,0,8,8,0,0,0
-0.5,earth_high,5,1,8,1.0,58,1,20.0,45.0,3,leo_commit,leo,8501,1,0,0,1,1,0,0,1,0.193590,0,8,8,0,0,0
-0.5,earth_high,5,1,8,1.0,59,1,20.0,45.0,3,leo_commit,leo,8501,1,0,0,1,1,0,0,1,0.186530,0,8,8,0,0,0
-0.2,earth_high,5,1,8,1.0,40,1,20.0,45.0,3,leo_commit,leo,8501,1,0,0,1,1,0,0,1,0.184130,0,8,8,0,0,0
-0.2,earth_high,5,1,8,1.0,41,1,20.0,45.0,3,leo_commit,leo,8501,1,0,0,1,1,0,0,2,0.194959,0,8,8,0,0,0
-0.2,earth_high,5,1,8,1.0,42,1,20.0,45.0,3,leo_commit,leo,8501,1,0,0,1,1,0,0,5,0.170340,0,8,8,0,0,0
-0.2,earth_high,5,1,8,1.0,43,1,20.0,45.0,3,leo_commit,leo,8501,1,0,0,1,1,0,0,1,0.188288,0,8,8,0,0,0
-0.2,earth_high,5,1,8,1.0,44,1,20.0,45.0,3,leo_commit,leo,8501,1,0,0,1,1,0,0,4,0.179384,0,8,8,0,0,0
-0.2,earth_high,5,1,8,1.0,45,1,20.0,45.0,3,leo_commit,leo,8501,1,0,0,1,1,0,0,3,0.185774,0,8,8,0,0,0
-0.2,earth_high,5,1,8,1.0,46,1,20.0,45.0,3,leo_commit,leo,8501,1,0,0,1,1,0,0,2,0.194257,0,8,8,0,0,0
-0.2,earth_high,5,1,8,1.0,47,1,20.0,45.0,3,leo_commit,leo,8501,1,0,0,1,1,0,0,2,0.171718,0,8,8,0,0,0
-0.2,earth_high,5,1,8,1.0,48,1,20.0,45.0,3,leo_commit,leo,8501,1,0,0,1,1,0,0,1,0.183875,0,8,8,0,0,0
-0.2,earth_high,5,1,8,1.0,49,1,20.0,45.0,3,leo_commit,leo,8501,1,0,0,1,1,0,0,2,0.174289,0,8,8,0,0,0
-0.2,earth_high,5,1,8,1.0,50,1,20.0,45.0,3,leo_commit,leo,8501,1,0,0,1,1,0,0,3,0.190066,0,8,8,0,0,0
-0.2,earth_high,5,1,8,1.0,51,1,20.0,45.0,3,leo_commit,leo,8501,1,0,0,1,1,0,0,3,0.181191,0,8,8,0,0,0
-0.2,earth_high,5,1,8,1.0,52,1,20.0,45.0,3,leo_commit,leo,8501,1,0,0,1,1,0,0,3,0.180847,0,8,8,0,0,0
-0.2,earth_high,5,1,8,1.0,53,1,20.0,45.0,3,leo_commit,leo,8501,1,0,0,1,1,0,0,1,0.185194,0,8,8,0,0,0
-0.2,earth_high,5,1,8,1.0,54,1,20.0,45.0,3,leo_commit,leo,8501,1,0,0,1,1,0,0,3,0.198442,0,8,8,0,0,0
-0.2,earth_high,5,1,8,1.0,55,1,20.0,45.0,3,leo_commit,leo,8501,1,0,0,1,1,0,0,3,0.198735,0,8,8,0,0,0
-0.2,earth_high,5,1,8,1.0,56,1,20.0,45.0,3,leo_commit,leo,8501,1,0,0,1,1,0,0,4,0.188226,0,8,8,0,0,0
-0.2,earth_high,5,1,8,1.0,57,1,20.0,45.0,3,leo_commit,leo,8501,1,0,0,1,1,0,0,1,0.193045,0,8,8,0,0,0
-0.2,earth_high,5,1,8,1.0,58,1,20.0,45.0,3,leo_commit,leo,8501,1,0,0,1,1,0,0,1,0.193590,0,8,8,0,0,0
-0.2,earth_high,5,1,8,1.0,59,1,20.0,45.0,3,leo_commit,leo,8501,1,0,0,1,1,0,0,1,0.186530,0,8,8,0,0,0
-0.05,earth_high,5,1,8,1.0,40,1,20.0,45.0,3,earth_commit,earth,8501,1,0,1,1,1,0,0,1,0.184130,0,8,8,0,1,0
-0.05,earth_high,5,1,8,1.0,41,1,20.0,45.0,3,earth_commit,earth,8501,1,0,1,1,1,0,0,2,0.194959,0,8,8,0,1,0
-0.05,earth_high,5,1,8,1.0,42,1,20.0,45.0,3,earth_commit,earth,8501,1,0,1,1,1,0,0,5,0.170340,0,8,8,0,1,0
-0.05,earth_high,5,1,8,1.0,43,1,20.0,45.0,3,earth_commit,earth,8501,1,0,1,1,1,0,0,1,0.188288,0,8,8,0,1,0
-0.05,earth_high,5,1,8,1.0,44,1,20.0,45.0,3,earth_commit,earth,8501,1,0,1,1,1,0,0,4,0.179384,0,8,8,0,1,0
-0.05,earth_high,5,1,8,1.0,45,1,20.0,45.0,3,earth_commit,earth,8501,1,0,1,1,1,0,0,3,0.185774,0,8,8,0,1,0
-0.05,earth_high,5,1,8,1.0,46,1,20.0,45.0,3,earth_commit,earth,8501,1,0,1,1,1,0,0,2,0.194257,0,8,8,0,1,1
-0.05,earth_high,5,1,8,1.0,47,1,20.0,45.0,3,earth_commit,earth,8501,1,0,1,1,1,0,0,2,0.171718,0,8,8,0,1,1
-0.05,earth_high,5,1,8,1.0,48,1,20.0,45.0,3,earth_commit,earth,8501,1,0,1,1,1,0,0,1,0.183875,0,8,8,0,1,1
-0.05,earth_high,5,1,8,1.0,49,1,20.0,45.0,3,earth_commit,earth,8501,1,0,1,1,1,0,0,2,0.174289,0,8,8,0,1,1
-0.05,earth_high,5,1,8,1.0,50,1,20.0,45.0,3,earth_commit,earth,8501,1,0,1,1,1,0,0,3,0.190066,0,8,8,0,1,1
-0.05,earth_high,5,1,8,1.0,51,1,20.0,45.0,3,earth_commit,earth,8501,1,0,1,1,1,0,0,3,0.181191,0,8,8,0,1,0
-0.05,earth_high,5,1,8,1.0,52,1,20.0,45.0,3,earth_commit,earth,8501,1,0,1,1,1,0,0,3,0.180847,0,8,8,0,1,0
-0.05,earth_high,5,1,8,1.0,53,1,20.0,45.0,3,earth_commit,earth,8501,1,0,1,1,1,0,0,1,0.185194,0,8,8,0,1,0
-0.05,earth_high,5,1,8,1.0,54,1,20.0,45.0,3,earth_commit,earth,8501,1,0,1,1,1,0,0,3,0.198442,0,8,8,0,1,0
-0.05,earth_high,5,1,8,1.0,55,1,20.0,45.0,3,earth_commit,earth,8501,1,0,1,1,1,0,0,3,0.198735,0,8,8,0,1,0
-0.05,earth_high,5,1,8,1.0,56,1,20.0,45.0,3,earth_commit,earth,8501,1,0,1,1,1,0,0,4,0.188226,0,8,8,0,1,0
-0.05,earth_high,5,1,8,1.0,57,1,20.0,45.0,3,earth_commit,earth,8501,1,0,1,1,1,0,0,1,0.193045,0,8,8,0,1,0
-0.05,earth_high,5,1,8,1.0,58,1,20.0,45.0,3,earth_commit,earth,8501,1,0,1,1,1,0,0,1,0.193590,0,8,8,0,1,0
-0.05,earth_high,5,1,8,1.0,59,1,20.0,45.0,3,earth_commit,earth,8501,1,0,1,1,1,0,0,1,0.186530,0,8,8,0,1,0
0.05,earth_high,5,1,8,1.0,40,1,20.0,45.0,3,earth_commit,earth,8501,1,0,1,1,1,0,0,1,0.184130,0,7,7,4,0,1
0.05,earth_high,5,1,8,1.0,41,1,20.0,45.0,3,earth_commit,earth,8501,1,0,1,1,1,0,0,2,0.194959,0,7,7,4,0,1
0.05,earth_high,5,1,8,1.0,42,1,20.0,45.0,3,earth_commit,earth,8501,1,0,1,1,1,0,0,5,0.170340,0,7,7,4,0,1
0.05,earth_high,5,1,8,1.0,43,1,20.0,45.0,3,earth_commit,earth,8501,1,0,1,1,1,0,0,1,0.188288,0,7,7,4,0,1
0.05,earth_high,5,1,8,1.0,44,1,20.0,45.0,3,earth_commit,earth,8501,1,0,1,1,1,0,0,4,0.179384,0,7,7,4,0,1
0.05,earth_high,5,1,8,1.0,45,1,20.0,45.0,3,earth_commit,earth,8501,1,0,1,1,1,0,0,3,0.185774,0,7,7,4,0,1
0.05,earth_high,5,1,8,1.0,46,1,20.0,45.0,3,earth_commit,earth,8501,1,0,1,1,1,0,0,2,0.194257,0,7,7,4,0,1
0.05,earth_high,5,1,8,1.0,47,1,20.0,45.0,3,earth_commit,earth,8501,1,0,1,1,1,0,0,2,0.171718,0,7,7,4,0,1
0.05,earth_high,5,1,8,1.0,48,1,20.0,45.0,3,earth_commit,earth,8501,1,0,1,1,1,0,0,1,0.183875,0,7,7,4,0,1
0.05,earth_high,5,1,8,1.0,49,1,20.0,45.0,3,earth_commit,earth,8501,1,0,1,1,1,0,0,2,0.174289,0,7,7,4,0,1
0.05,earth_high,5,1,8,1.0,50,1,20.0,45.0,3,earth_commit,earth,8501,1,0,1,1,1,0,0,3,0.190066,0,7,7,4,0,1
0.05,earth_high,5,1,8,1.0,51,1,20.0,45.0,3,earth_commit,earth,8501,1,0,1,1,1,0,0,3,0.181191,0,7,7,4,0,1
0.05,earth_high,5,1,8,1.0,52,1,20.0,45.0,3,earth_commit,earth,8501,1,0,1,1,1,0,0,3,0.180847,0,7,7,4,0,1
0.05,earth_high,5,1,8,1.0,53,1,20.0,45.0,3,earth_commit,earth,8501,1,0,1,1,1,0,0,1,0.185194,0,7,7,4,0,1
0.05,earth_high,5,1,8,1.0,54,1,20.0,45.0,3,earth_commit,earth,8501,1,0,1,1,1,0,0,3,0.198442,0,7,7,4,0,1
0.05,earth_high,5,1,8,1.0,55,1,20.0,45.0,3,earth_commit,earth,8501,1,0,1,1,1,0,0,3,0.198735,0,7,7,4,0,1
0.05,earth_high,5,1,8,1.0,56,1,20.0,45.0,3,earth_commit,earth,8501,1,0,1,1,1,0,0,4,0.188226,0,7,7,4,0,1
0.05,earth_high,5,1,8,1.0,57,1,20.0,45.0,3,earth_commit,earth,8501,1,0,1,1,1,0,0,1,0.193045,0,7,7,4,0,1
0.05,earth_high,5,1,8,1.0,58,1,20.0,45.0,3,earth_commit,earth,8501,1,0,1,1,1,0,0,1,0.193590,0,7,7,4,0,1
0.05,earth_high,5,1,8,1.0,59,1,20.0,45.0,3,earth_commit,earth,8501,1,0,1,1,1,0,0,1,0.186530,0,7,7,4,0,1
0.2,earth_high,5,1,8,1.0,40,1,20.0,45.0,3,earth_commit,earth,8501,0,0,1,1,1,0,0,1,0.184130,0,7,7,4,0,1
0.2,earth_high,5,1,8,1.0,41,1,20.0,45.0,3,earth_commit,earth,8501,0,0,1,1,1,0,0,2,0.194959,0,7,7,4,0,1
0.2,earth_high,5,1,8,1.0,42,1,20.0,45.0,3,earth_commit,earth,8501,0,0,1,1,1,0,0,5,0.170340,0,7,7,4,0,1
0.2,earth_high,5,1,8,1.0,43,1,20.0,45.0,3,earth_commit,earth,8501,0,0,1,1,1,0,0,1,0.188288,0,7,7,4,0,1
0.2,earth_high,5,1,8,1.0,44,1,20.0,45.0,3,earth_commit,earth,8501,0,0,1,1,1,0,0,4,0.179384,0,7,7,4,0,1
0.2,earth_high,5,1,8,1.0,45,1,20.0,45.0,3,earth_commit,earth,8501,0,0,1,1,1,0,0,3,0.185774,0,7,7,4,0,1
0.2,earth_high,5,1,8,1.0,46,1,20.0,45.0,3,earth_commit,earth,8501,0,0,1,1,1,0,0,2,0.194257,0,7,7,4,0,1
0.2,earth_high,5,1,8,1.0,47,1,20.0,45.0,3,earth_commit,earth,8501,0,0,1,1,1,0,0,2,0.171718,0,7,7,4,0,1
0.2,earth_high,5,1,8,1.0,48,1,20.0,45.0,3,earth_commit,earth,8501,0,0,1,1,1,0,0,1,0.183875,0,7,7,4,0,1
0.2,earth_high,5,1,8,1.0,49,1,20.0,45.0,3,earth_commit,earth,8501,0,0,1,1,1,0,0,2,0.174289,0,7,7,4,0,1
0.2,earth_high,5,1,8,1.0,50,1,20.0,45.0,3,earth_commit,earth,8501,0,0,1,1,1,0,0,3,0.190066,0,7,7,4,0,1
0.2,earth_high,5,1,8,1.0,51,1,20.0,45.0,3,earth_commit,earth,8501,0,0,1,1,1,0,0,3,0.181191,0,7,7,4,0,1
0.2,earth_high,5,1,8,1.0,52,1,20.0,45.0,3,earth_commit,earth,8501,0,0,1,1,1,0,0,3,0.180847,0,7,7,4,0,1
0.2,earth_high,5,1,8,1.0,53,1,20.0,45.0,3,earth_commit,earth,8501,0,0,1,1,1,0,0,1,0.185194,0,7,7,4,0,1
0.2,earth_high,5,1,8,1.0,54,1,20.0,45.0,3,earth_commit,earth,8501,0,0,1,1,1,0,0,3,0.198442,0,7,7,4,0,1
0.2,earth_high,5,1,8,1.0,55,1,20.0,45.0,3,earth_commit,earth,8501,0,0,1,1,1,0,0,3,0.198735,0,7,7,4,0,1
0.2,earth_high,5,1,8,1.0,56,1,20.0,45.0,3,earth_commit,earth,8501,0,0,1,1,1,0,0,4,0.188226,0,7,7,4,0,1
0.2,earth_high,5,1,8,1.0,57,1,20.0,45.0,3,earth_commit,earth,8501,0,0,1,1,1,0,0,1,0.193045,0,7,7,4,0,1
0.2,earth_high,5,1,8,1.0,58,1,20.0,45.0,3,earth_commit,earth,8501,0,0,1,1,1,0,0,1,0.193590,0,7,7,4,0,1
0.2,earth_high,5,1,8,1.0,59,1,20.0,45.0,3,earth_commit,earth,8501,0,0,1,1,1,0,0,1,0.186530,0,7,7,4,0,1
0.5,earth_high,5,1,8,1.0,40,1,20.0,45.0,3,earth_commit,earth,8501,0,0,1,1,1,0,0,1,0.184130,0,7,7,4,0,1
0.5,earth_high,5,1,8,1.0,41,1,20.0,45.0,3,earth_commit,earth,8501,0,0,1,1,1,0,0,2,0.194959,0,7,7,4,0,1
0.5,earth_high,5,1,8,1.0,42,1,20.0,45.0,3,earth_commit,earth,8501,0,0,1,1,1,0,0,5,0.170340,0,7,7,4,0,1
0.5,earth_high,5,1,8,1.0,43,1,20.0,45.0,3,earth_commit,earth,8501,0,0,1,1,1,0,0,1,0.188288,0,7,7,4,0,1
0.5,earth_high,5,1,8,1.0,44,1,20.0,45.0,3,earth_commit,earth,8501,0,0,1,1,1,0,0,4,0.179384,0,7,7,4,0,1
0.5,earth_high,5,1,8,1.0,45,1,20.0,45.0,3,earth_commit,earth,8501,0,0,1,1,1,0,0,3,0.185774,0,7,7,4,0,1
0.5,earth_high,5,1,8,1.0,46,1,20.0,45.0,3,earth_commit,earth,8501,0,0,1,1,1,0,0,2,0.194257,0,7,7,4,0,1
0.5,earth_high,5,1,8,1.0,47,1,20.0,45.0,3,earth_commit,earth,8501,0,0,1,1,1,0,0,2,0.171718,0,7,7,4,0,1
0.5,earth_high,5,1,8,1.0,48,1,20.0,45.0,3,earth_commit,earth,8501,0,0,1,1,1,0,0,1,0.183875,0,7,7,4,0,1
0.5,earth_high,5,1,8,1.0,49,1,20.0,45.0,3,earth_commit,earth,8501,0,0,1,1,1,0,0,2,0.174289,0,7,7,4,0,1
0.5,earth_high,5,1,8,1.0,50,1,20.0,45.0,3,earth_commit,earth,8501,0,0,1,1,1,0,0,3,0.190066,0,7,7,4,0,1
0.5,earth_high,5,1,8,1.0,51,1,20.0,45.0,3,earth_commit,earth,8501,0,0,1,1,1,0,0,3,0.181191,0,7,7,4,0,1
0.5,earth_high,5,1,8,1.0,52,1,20.0,45.0,3,earth_commit,earth,8501,0,0,1,1,1,0,0,3,0.180847,0,7,7,4,0,1
0.5,earth_high,5,1,8,1.0,53,1,20.0,45.0,3,earth_commit,earth,8501,0,0,1,1,1,0,0,1,0.185194,0,7,7,4,0,1
0.5,earth_high,5,1,8,1.0,54,1,20.0,45.0,3,earth_commit,earth,8501,0,0,1,1,1,0,0,3,0.198442,0,7,7,4,0,1
0.5,earth_high,5,1,8,1.0,55,1,20.0,45.0,3,earth_commit,earth,8501,0,0,1,1,1,0,0,3,0.198735,0,7,7,4,0,1
0.5,earth_high,5,1,8,1.0,56,1,20.0,45.0,3,earth_commit,earth,8501,0,0,1,1,1,0,0,4,0.188226,0,7,7,4,0,1
0.5,earth_high,5,1,8,1.0,57,1,20.0,45.0,3,earth_commit,earth,8501,0,0,1,1,1,0,0,1,0.193045,0,7,7,4,0,1
0.5,earth_high,5,1,8,1.0,58,1,20.0,45.0,3,earth_commit,earth,8501,0,0,1,1,1,0,0,1,0.193590,0,7,7,4,0,1
0.5,earth_high,5,1,8,1.0,59,1,20.0,45.0,3,earth_commit,earth,8501,0,0,1,1,1,0,0,1,0.186530,0,7,7,4,0,1
1.0,earth_high,5,1,8,1.0,40,1,20.0,45.0,3,earth_commit,earth,8501,0,0,1,1,1,0,0,1,0.184130,0,7,7,4,0,1
1.0,earth_high,5,1,8,1.0,41,1,20.0,45.0,3,earth_commit,earth,8501,0,0,1,1,1,0,0,2,0.194959,0,7,7,4,0,1
1.0,earth_high,5,1,8,1.0,42,1,20.0,45.0,3,earth_commit,earth,8501,0,0,1,1,1,0,0,5,0.170340,0,7,7,4,0,1
1.0,earth_high,5,1,8,1.0,43,1,20.0,45.0,3,earth_commit,earth,8501,0,0,1,1,1,0,0,1,0.188288,0,7,7,4,0,1
1.0,earth_high,5,1,8,1.0,44,1,20.0,45.0,3,earth_commit,earth,8501,0,0,1,1,1,0,0,4,0.179384,0,7,7,4,0,1
1.0,earth_high,5,1,8,1.0,45,1,20.0,45.0,3,earth_commit,earth,8501,0,0,1,1,1,0,0,3,0.185774,0,7,7,4,0,1
1.0,earth_high,5,1,8,1.0,46,1,20.0,45.0,3,earth_commit,earth,8501,0,0,1,1,1,0,0,2,0.194257,0,7,7,4,0,1
1.0,earth_high,5,1,8,1.0,47,1,20.0,45.0,3,earth_commit,earth,8501,0,0,1,1,1,0,0,2,0.171718,0,7,7,4,0,1
1.0,earth_high,5,1,8,1.0,48,1,20.0,45.0,3,earth_commit,earth,8501,0,0,1,1,1,0,0,1,0.183875,0,7,7,4,0,1
1.0,earth_high,5,1,8,1.0,49,1,20.0,45.0,3,earth_commit,earth,8501,0,0,1,1,1,0,0,2,0.174289,0,7,7,4,0,1
1.0,earth_high,5,1,8,1.0,50,1,20.0,45.0,3,earth_commit,earth,8501,0,0,1,1,1,0,0,3,0.190066,0,7,7,4,0,1
1.0,earth_high,5,1,8,1.0,51,1,20.0,45.0,3,earth_commit,earth,8501,0,0,1,1,1,0,0,3,0.181191,0,7,7,4,0,1
1.0,earth_high,5,1,8,1.0,52,1,20.0,45.0,3,earth_commit,earth,8501,0,0,1,1,1,0,0,3,0.180847,0,7,7,4,0,1
1.0,earth_high,5,1,8,1.0,53,1,20.0,45.0,3,earth_commit,earth,8501,0,0,1,1,1,0,0,1,0.185194,0,7,7,4,0,1
1.0,earth_high,5,1,8,1.0,54,1,20.0,45.0,3,earth_commit,earth,8501,0,0,1,1,1,0,0,3,0.198442,0,7,7,4,0,1
1.0,earth_high,5,1,8,1.0,55,1,20.0,45.0,3,earth_commit,earth,8501,0,0,1,1,1,0,0,3,0.198735,0,7,7,4,0,1
1.0,earth_high,5,1,8,1.0,56,1,20.0,45.0,3,earth_commit,earth,8501,0,0,1,1,1,0,0,4,0.188226,0,7,7,4,0,1
1.0,earth_high,5,1,8,1.0,57,1,20.0,45.0,3,earth_commit,earth,8501,0,0,1,1,1,0,0,1,0.193045,0,7,7,4,0,1
1.0,earth_high,5,1,8,1.0,58,1,20.0,45.0,3,earth_commit,earth,8501,0,0,1,1,1,0,0,1,0.193590,0,7,7,4,0,1
1.0,earth_high,5,1,8,1.0,59,1,20.0,45.0,3,earth_commit,earth,8501,0,0,1,1,1,0,0,1,0.186530,0,7,7,4,0,1
2.0,earth_high,5,1,8,1.0,40,1,20.0,45.0,3,earth_commit,earth,8501,0,0,1,1,1,0,0,1,0.184130,0,7,7,4,0,1
2.0,earth_high,5,1,8,1.0,41,1,20.0,45.0,3,earth_commit,earth,8501,0,0,1,1,1,0,0,2,0.194959,0,7,7,4,0,1
2.0,earth_high,5,1,8,1.0,42,1,20.0,45.0,3,earth_commit,earth,8501,0,0,1,1,1,0,0,5,0.170340,0,7,7,4,0,1
2.0,earth_high,5,1,8,1.0,43,1,20.0,45.0,3,earth_commit,earth,8501,0,0,1,1,1,0,0,1,0.188288,0,7,7,4,0,1
2.0,earth_high,5,1,8,1.0,44,1,20.0,45.0,3,earth_commit,earth,8501,0,0,1,1,1,0,0,4,0.179384,0,7,7,4,0,1
2.0,earth_high,5,1,8,1.0,45,1,20.0,45.0,3,earth_commit,earth,8501,0,0,1,1,1,0,0,3,0.185774,0,7,7,4,0,1
2.0,earth_high,5,1,8,1.0,46,1,20.0,45.0,3,earth_commit,earth,8501,0,0,1,1,1,0,0,2,0.194257,0,7,7,4,0,1
2.0,earth_high,5,1,8,1.0,47,1,20.0,45.0,3,earth_commit,earth,8501,0,0,1,1,1,0,0,2,0.171718,0,7,7,4,0,1
2.0,earth_high,5,1,8,1.0,48,1,20.0,45.0,3,earth_commit,earth,8501,0,0,1,1,1,0,0,1,0.183875,0,7,7,4,0,1
2.0,earth_high,5,1,8,1.0,49,1,20.0,45.0,3,earth_commit,earth,8501,0,0,1,1,1,0,0,2,0.174289,0,7,7,4,0,1
2.0,earth_high,5,1,8,1.0,50,1,20.0,45.0,3,earth_commit,earth,8501,0,0,1,1,1,0,0,3,0.190066,0,7,7,4,0,1
2.0,earth_high,5,1,8,1.0,51,1,20.0,45.0,3,earth_commit,earth,8501,0,0,1,1,1,0,0,3,0.181191,0,7,7,4,0,1
2.0,earth_high,5,1,8,1.0,52,1,20.0,45.0,3,earth_commit,earth,8501,0,0,1,1,1,0,0,3,0.180847,0,7,7,4,0,1
2.0,earth_high,5,1,8,1.0,53,1,20.0,45.0,3,earth_commit,earth,8501,0,0,1,1,1,0,0,1,0.185194,0,7,7,4,0,1
2.0,earth_high,5,1,8,1.0,54,1,20.0,45.0,3,earth_commit,earth,8501,0,0,1,1,1,0,0,3,0.198442,0,7,7,4,0,1
2.0,earth_high,5,1,8,1.0,55,1,20.0,45.0,3,earth_commit,earth,8501,0,0,1,1,1,0,0,3,0.198735,0,7,7,4,0,1
2.0,earth_high,5,1,8,1.0,56,1,20.0,45.0,3,earth_commit,earth,8501,0,0,1,1,1,0,0,4,0.188226,0,7,7,4,0,1
2.0,earth_high,5,1,8,1.0,57,1,20.0,45.0,3,earth_commit,earth,8501,0,0,1,1,1,0,0,1,0.193045,0,7,7,4,0,1
2.0,earth_high,5,1,8,1.0,58,1,20.0,45.0,3,earth_commit,earth,8501,0,0,1,1,1,0,0,1,0.193590,0,7,7,4,0,1
2.0,earth_high,5,1,8,1.0,59,1,20.0,45.0,3,earth_commit,earth,8501,0,0,1,1,1,0,0,1,0.186530,0,7,7,4,0,1
30.0,earth_high,5,1,8,1.0,40,1,20.0,45.0,3,earth_commit,earth,8501,0,0,1,1,1,0,0,1,0.184130,0,7,7,4,0,1
30.0,earth_high,5,1,8,1.0,41,1,20.0,45.0,3,earth_commit,earth,8501,0,0,1,1,1,0,0,2,0.194959,0,7,7,4,0,1
30.0,earth_high,5,1,8,1.0,42,1,20.0,45.0,3,earth_commit,earth,8501,0,0,1,1,1,0,0,5,0.170340,0,7,7,4,0,1
30.0,earth_high,5,1,8,1.0,43,1,20.0,45.0,3,earth_commit,earth,8501,0,0,1,1,1,0,0,1,0.188288,0,7,7,4,0,1
30.0,earth_high,5,1,8,1.0,44,1,20.0,45.0,3,earth_commit,earth,8501,0,0,1,1,1,0,0,4,0.179384,0,7,7,4,0,1
30.0,earth_high,5,1,8,1.0,45,1,20.0,45.0,3,earth_commit,earth,8501,0,0,1,1,1,0,0,3,0.185774,0,7,7,4,0,1
30.0,earth_high,5,1,8,1.0,46,1,20.0,45.0,3,earth_commit,earth,8501,0,0,1,1,1,0,0,2,0.194257,0,7,7,4,0,1
30.0,earth_high,5,1,8,1.0,47,1,20.0,45.0,3,earth_commit,earth,8501,0,0,1,1,1,0,0,2,0.171718,0,7,7,4,0,1
30.0,earth_high,5,1,8,1.0,48,1,20.0,45.0,3,earth_commit,earth,8501,0,0,1,1,1,0,0,1,0.183875,0,7,7,4,0,1
30.0,earth_high,5,1,8,1.0,49,1,20.0,45.0,3,earth_commit,earth,8501,0,0,1,1,1,0,0,2,0.174289,0,7,7,4,0,1
30.0,earth_high,5,1,8,1.0,50,1,20.0,45.0,3,earth_commit,earth,8501,0,0,1,1,1,0,0,3,0.190066,0,7,7,4,0,1
30.0,earth_high,5,1,8,1.0,51,1,20.0,45.0,3,earth_commit,earth,8501,0,0,1,1,1,0,0,3,0.181191,0,7,7,4,0,1
30.0,earth_high,5,1,8,1.0,52,1,20.0,45.0,3,earth_commit,earth,8501,0,0,1,1,1,0,0,3,0.180847,0,7,7,4,0,1
30.0,earth_high,5,1,8,1.0,53,1,20.0,45.0,3,earth_commit,earth,8501,0,0,1,1,1,0,0,1,0.185194,0,7,7,4,0,1
30.0,earth_high,5,1,8,1.0,54,1,20.0,45.0,3,earth_commit,earth,8501,0,0,1,1,1,0,0,3,0.198442,0,7,7,4,0,1
30.0,earth_high,5,1,8,1.0,55,1,20.0,45.0,3,earth_commit,earth,8501,0,0,1,1,1,0,0,3,0.198735,0,7,7,4,0,1
30.0,earth_high,5,1,8,1.0,56,1,20.0,45.0,3,earth_commit,earth,8501,0,0,1,1,1,0,0,4,0.188226,0,7,7,4,0,1
30.0,earth_high,5,1,8,1.0,57,1,20.0,45.0,3,earth_commit,earth,8501,0,0,1,1,1,0,0,1,0.193045,0,7,7,4,0,1
30.0,earth_high,5,1,8,1.0,58,1,20.0,45.0,3,earth_commit,earth,8501,0,0,1,1,1,0,0,1,0.193590,0,7,7,4,0,1
30.0,earth_high,5,1,8,1.0,59,1,20.0,45.0,3,earth_commit,earth,8501,0,0,1,1,1,0,0,1,0.186530,0,7,7,4,0,1
90.0,earth_high,5,1,8,1.0,40,1,20.0,45.0,3,earth_commit,earth,8501,0,0,1,1,1,0,0,1,0.184130,0,7,7,4,0,1
90.0,earth_high,5,1,8,1.0,41,1,20.0,45.0,3,earth_commit,earth,8501,0,0,1,1,1,0,0,2,0.194959,0,7,7,4,0,1
90.0,earth_high,5,1,8,1.0,42,1,20.0,45.0,3,earth_commit,earth,8501,0,0,1,1,1,0,0,5,0.170340,0,7,7,4,0,1
90.0,earth_high,5,1,8,1.0,43,1,20.0,45.0,3,earth_commit,earth,8501,0,0,1,1,1,0,0,1,0.188288,0,7,7,4,0,1
90.0,earth_high,5,1,8,1.0,44,1,20.0,45.0,3,earth_commit,earth,8501,0,0,1,1,1,0,0,4,0.179384,0,7,7,4,0,1
90.0,earth_high,5,1,8,1.0,45,1,20.0,45.0,3,earth_commit,earth,8501,0,0,1,1,1,0,0,3,0.185774,0,7,7,4,0,1
90.0,earth_high,5,1,8,1.0,46,1,20.0,45.0,3,earth_commit,earth,8501,0,0,1,1,1,0,0,2,0.194257,0,7,7,4,0,1
90.0,earth_high,5,1,8,1.0,47,1,20.0,45.0,3,earth_commit,earth,8501,0,0,1,1,1,0,0,2,0.171718,0,7,7,4,0,1
90.0,earth_high,5,1,8,1.0,48,1,20.0,45.0,3,earth_commit,earth,8501,0,0,1,1,1,0,0,1,0.183875,0,7,7,4,0,1
90.0,earth_high,5,1,8,1.0,49,1,20.0,45.0,3,earth_commit,earth,8501,0,0,1,1,1,0,0,2,0.174289,0,7,7,4,0,1
90.0,earth_high,5,1,8,1.0,50,1,20.0,45.0,3,earth_commit,earth,8501,0,0,1,1,1,0,0,3,0.190066,0,7,7,4,0,1
90.0,earth_high,5,1,8,1.0,51,1,20.0,45.0,3,earth_commit,earth,8501,0,0,1,1,1,0,0,3,0.181191,0,7,7,4,0,1
90.0,earth_high,5,1,8,1.0,52,1,20.0,45.0,3,earth_commit,earth,8501,0,0,1,1,1,0,0,3,0.180847,0,7,7,4,0,1
90.0,earth_high,5,1,8,1.0,53,1,20.0,45.0,3,earth_commit,earth,8501,0,0,1,1,1,0,0,1,0.185194,0,7,7,4,0,1
90.0,earth_high,5,1,8,1.0,54,1,20.0,45.0,3,earth_commit,earth,8501,0,0,1,1,1,0,0,3,0.198442,0,7,7,4,0,1
90.0,earth_high,5,1,8,1.0,55,1,20.0,45.0,3,earth_commit,earth,8501,0,0,1,1,1,0,0,3,0.198735,0,7,7,4,0,1
90.0,earth_high,5,1,8,1.0,56,1,20.0,45.0,3,earth_commit,earth,8501,0,0,1,1,1,0,0,4,0.188226,0,7,7,4,0,1
90.0,earth_high,5,1,8,1.0,57,1,20.0,45.0,3,earth_commit,earth,8501,0,0,1,1,1,0,0,1,0.193045,0,7,7,4,0,1
90.0,earth_high,5,1,8,1.0,58,1,20.0,45.0,3,earth_commit,earth,8501,0,0,1,1,1,0,0,1,0.193590,0,7,7,4,0,1
90.0,earth_high,5,1,8,1.0,59,1,20.0,45.0,3,earth_commit,earth,8501,0,0,1,1,1,0,0,1,0.186530,0,7,7,4,0,1
-10.0,earth_high,5,5,8,1.0,40,1,20.0,45.0,3,leo_blocked,,,0,5,0,0,5,15,20,15,,0,8,8,0,0,0
-10.0,earth_high,5,5,8,1.0,41,1,20.0,45.0,3,leo_blocked,,,0,5,0,0,5,15,20,15,,0,8,8,0,0,0
-10.0,earth_high,5,5,8,1.0,42,1,20.0,45.0,3,leo_blocked,,,0,5,0,0,5,15,20,15,,0,8,8,0,0,0
-10.0,earth_high,5,5,8,1.0,43,1,20.0,45.0,3,leo_blocked,,,0,5,0,0,5,15,20,15,,0,8,8,0,0,0
-10.0,earth_high,5,5,8,1.0,44,1,20.0,45.0,3,leo_blocked,,,0,5,0,0,5,15,20,15,,0,8,8,0,0,0
-10.0,earth_high,5,5,8,1.0,45,1,20.0,45.0,3,leo_blocked,,,0,5,0,0,5,15,20,15,,0,8,8,0,0,0
-10.0,earth_high,5,5,8,1.0,46,1,20.0,45.0,3,leo_blocked,,,0,5,0,0,5,15,20,15,,0,8,8,0,0,0
-10.0,earth_high,5,5,8,1.0,47,1,20.0,45.0,3,leo_blocked,,,0,5,0,0,5,15,20,15,,0,8,8,0,0,0
-10.0,earth_high,5,5,8,1.0,48,1,20.0,45.0,3,leo_blocked,,,0,5,0,0,5,15,20,15,,0,8,8,0,0,0
-10.0,earth_high,5,5,8,1.0,49,1,20.0,45.0,3,leo_blocked,,,0,5,0,0,5,15,20,15,,0,8,8,0,0,0
-10.0,earth_high,5,5,8,1.0,50,1,20.0,45.0,3,leo_blocked,,,0,5,0,0,5,15,20,15,,0,8,8,0,0,0
-10.0,earth_high,5,5,8,1.0,51,1,20.0,45.0,3,leo_blocked,,,0,5,0,0,5,15,20,15,,0,8,8,0,0,0
-10.0,earth_high,5,5,8,1.0,52,1,20.0,45.0,3,leo_blocked,,,0,5,0,0,5,15,20,15,,0,8,8,0,0,0
-10.0,earth_high,5,5,8,1.0,53,1,20.0,45.0,3,leo_blocked,,,0,5,0,0,5,15,20,15,,0,8,8,0,0,0
-10.0,earth_high,5,5,8,1.0,54,1,20.0,45.0,3,leo_blocked,,,0,5,0,0,5,15,20,15,,0,8,8,0,0,0
-10.0,earth_high,5,5,8,1.0,55,1,20.0,45.0,3,leo_blocked,,,0,5,0,0,5,15,20,15,,0,8,8,0,0,0
-10.0,earth_high,5,5,8,1.0,56,1,20.0,45.0,3,leo_blocked,,,0,5,0,0,5,15,20,15,,0,8,8,0,0,0
-10.0,earth_high,5,5,8,1.0,57,1,20.0,45.0,3,leo_blocked,,,0,5,0,0,5,15,20,15,,0,8,8,0,0,0
-10.0,earth_high,5,5,8,1.0,58,1,20.0,45.0,3,leo_blocked,,,0,5,0,0,5,15,20,15,,0,8,8,0,0,0
-10.0,earth_high,5,5,8,1.0,59,1,20.0,45.0,3,leo_blocked,,,0,5,0,0,5,15,20,15,,0,8,8,0,0,0
-5.0,earth_high,5,5,8,1.0,40,1,20.0,45.0,3,leo_blocked,,,1,5,0,0,5,15,20,15,,0,8,8,0,0,0
-5.0,earth_high,5,5,8,1.0,41,1,20.0,45.0,3,leo_blocked,,,1,5,0,0,5,15,20,15,,0,8,8,0,0,0
-5.0,earth_high,5,5,8,1.0,42,1,20.0,45.0,3,leo_blocked,,,1,5,0,0,5,15,20,15,,0,8,8,0,0,0
-5.0,earth_high,5,5,8,1.0,43,1,20.0,45.0,3,leo_blocked,,,1,5,0,0,5,15,20,15,,0,8,8,0,0,0
-5.0,earth_high,5,5,8,1.0,44,1,20.0,45.0,3,leo_blocked,,,1,5,0,0,5,15,20,15,,0,8,8,0,0,0
-5.0,earth_high,5,5,8,1.0,45,1,20.0,45.0,3,leo_blocked,,,1,5,0,0,5,15,20,15,,0,8,8,0,0,0
-5.0,earth_high,5,5,8,1.0,46,1,20.0,45.0,3,leo_blocked,,,1,5,0,0,5,15,20,15,,0,8,8,0,0,0
-5.0,earth_high,5,5,8,1.0,47,1,20.0,45.0,3,leo_blocked,,,1,5,0,0,5,15,20,15,,0,8,8,0,0,0
-5.0,earth_high,5,5,8,1.0,48,1,20.0,45.0,3,leo_blocked,,,1,5,0,0,5,15,20,15,,0,8,8,0,0,0
-5.0,earth_high,5,5,8,1.0,49,1,20.0,45.0,3,leo_blocked,,,1,5,0,0,5,15,20,15,,0,8,8,0,0,0
-5.0,earth_high,5,5,8,1.0,50,1,20.0,45.0,3,leo_blocked,,,1,5,0,0,5,15,20,15,,0,8,8,0,0,0
-5.0,earth_high,5,5,8,1.0,51,1,20.0,45.0,3,leo_blocked,,,1,5,0,0,5,15,20,15,,0,8,8,0,0,0
-5.0,earth_high,5,5,8,1.0,52,1,20.0,45.0,3,leo_blocked,,,1,5,0,0,5,15,20,15,,0,8,8,0,0,0
-5.0,earth_high,5,5,8,1.0,53,1,20.0,45.0,3,leo_blocked,,,1,5,0,0,5,15,20,15,,0,8,8,0,0,0
-5.0,earth_high,5,5,8,1.0,54,1,20.0,45.0,3,leo_blocked,,,1,5,0,0,5,15,20,15,,0,8,8,0,0,0
-5.0,earth_high,5,5,8,1.0,55,1,20.0,45.0,3,leo_blocked,,,1,5,0,0,5,15,20,15,,0,8,8,0,0,0
-5.0,earth_high,5,5,8,1.0,56,1,20.0,45.0,3,leo_blocked,,,1,5,0,0,5,15,20,15,,0,8,8,0,0,0
-5.0,earth_high,5,5,8,1.0,57,1,20.0,45.0,3,leo_blocked,,,1,5,0,0,5,15,20,15,,0,8,8,0,0,0
-5.0,earth_high,5,5,8,1.0,58,1,20.0,45.0,3,leo_blocked,,,1,5,0,0,5,15,20,15,,0,8,8,0,0,0
-5.0,earth_high,5,5,8,1.0,59,1,20.0,45.0,3,leo_blocked,,,1,5,0,0,5,15,20,15,,0,8,8,0,0,0
-2.0,earth_high,5,5,8,1.0,40,1,20.0,45.0,3,leo_blocked,,,1,5,0,0,5,15,20,15,,0,8,8,0,0,0
-2.0,earth_high,5,5,8,1.0,41,1,20.0,45.0,3,leo_blocked,,,1,5,0,0,5,15,20,15,,0,8,8,0,0,0
-2.0,earth_high,5,5,8,1.0,42,1,20.0,45.0,3,leo_blocked,,,1,5,0,0,5,15,20,15,,0,8,8,0,0,0
-2.0,earth_high,5,5,8,1.0,43,1,20.0,45.0,3,leo_blocked,,,1,5,0,0,5,15,20,15,,0,8,8,0,0,0
-2.0,earth_high,5,5,8,1.0,44,1,20.0,45.0,3,leo_blocked,,,1,5,0,0,5,15,20,15,,0,8,8,0,0,0
-2.0,earth_high,5,5,8,1.0,45,1,20.0,45.0,3,leo_blocked,,,1,5,0,0,5,15,20,15,,0,8,8,0,0,0
-2.0,earth_high,5,5,8,1.0,46,1,20.0,45.0,3,leo_blocked,,,1,5,0,0,5,15,20,15,,0,8,8,0,0,0
-2.0,earth_high,5,5,8,1.0,47,1,20.0,45.0,3,leo_blocked,,,1,5,0,0,5,15,20,15,,0,8,8,0,0,0
-2.0,earth_high,5,5,8,1.0,48,1,20.0,45.0,3,leo_blocked,,,1,5,0,0,5,15,20,15,,0,8,8,0,0,0
-2.0,earth_high,5,5,8,1.0,49,1,20.0,45.0,3,leo_blocked,,,1,5,0,0,5,15,20,15,,0,8,8,0,0,0
-2.0,earth_high,5,5,8,1.0,50,1,20.0,45.0,3,leo_blocked,,,1,5,0,0,5,15,20,15,,0,8,8,0,0,0
-2.0,earth_high,5,5,8,1.0,51,1,20.0,45.0,3,leo_blocked,,,1,5,0,0,5,15,20,15,,0,8,8,0,0,0
-2.0,earth_high,5,5,8,1.0,52,1,20.0,45.0,3,leo_blocked,,,1,5,0,0,5,15,20,15,,0,8,8,0,0,0
-2.0,earth_high,5,5,8,1.0,53,1,20.0,45.0,3,leo_blocked,,,1,5,0,0,5,15,20,15,,0,8,8,0,0,0
-2.0,earth_high,5,5,8,1.0,54,1,20.0,45.0,3,leo_blocked,,,1,5,0,0,5,15,20,15,,0,8,8,0,0,0
-2.0,earth_high,5,5,8,1.0,55,1,20.0,45.0,3,leo_blocked,,,1,5,0,0,5,15,20,15,,0,8,8,0,0,0
-2.0,earth_high,5,5,8,1.0,56,1,20.0,45.0,3,leo_blocked,,,1,5,0,0,5,15,20,15,,0,8,8,0,0,0
-2.0,earth_high,5,5,8,1.0,57,1,20.0,45.0,3,leo_blocked,,,1,5,0,0,5,15,20,15,,0,8,8,0,0,0
-2.0,earth_high,5,5,8,1.0,58,1,20.0,45.0,3,leo_blocked,,,1,5,0,0,5,15,20,15,,0,8,8,0,0,0
-2.0,earth_high,5,5,8,1.0,59,1,20.0,45.0,3,leo_blocked,,,1,5,0,0,5,15,20,15,,0,8,8,0,0,0
-1.0,earth_high,5,5,8,1.0,40,1,20.0,45.0,3,leo_commit,leo,8501,1,0,0,1,1,0,0,1,0.184130,0,8,8,0,0,0
-1.0,earth_high,5,5,8,1.0,41,1,20.0,45.0,3,leo_commit,leo,8501,1,0,0,1,1,0,0,2,0.194959,0,8,8,0,0,0
-1.0,earth_high,5,5,8,1.0,42,1,20.0,45.0,3,leo_commit,leo,8501,1,0,0,1,1,0,0,5,0.170340,0,8,8,0,0,0
-1.0,earth_high,5,5,8,1.0,43,1,20.0,45.0,3,leo_commit,leo,8501,1,0,0,1,1,0,0,1,0.188288,0,8,8,0,0,0
-1.0,earth_high,5,5,8,1.0,44,1,20.0,45.0,3,leo_commit,leo,8501,1,0,0,1,1,0,0,4,0.179384,0,8,8,0,0,0
-1.0,earth_high,5,5,8,1.0,45,1,20.0,45.0,3,leo_commit,leo,8501,1,0,0,1,1,0,0,3,0.185774,0,8,8,0,0,0
-1.0,earth_high,5,5,8,1.0,46,1,20.0,45.0,3,leo_commit,leo,8501,1,0,0,1,1,0,0,2,0.194257,0,8,8,0,0,0
-1.0,earth_high,5,5,8,1.0,47,1,20.0,45.0,3,leo_commit,leo,8501,1,0,0,1,1,0,0,2,0.171718,0,8,8,0,0,0
-1.0,earth_high,5,5,8,1.0,48,1,20.0,45.0,3,leo_commit,leo,8501,1,1,0,1,2,0,1,5,1.178874,0,8,8,0,0,0
-1.0,earth_high,5,5,8,1.0,49,1,20.0,45.0,3,leo_commit,leo,8501,1,0,0,1,1,0,0,2,0.174289,0,8,8,0,0,0
-1.0,earth_high,5,5,8,1.0,50,1,20.0,45.0,3,leo_commit,leo,8501,1,0,0,1,1,0,0,3,0.190066,0,8,8,0,0,0
-1.0,earth_high,5,5,8,1.0,51,1,20.0,45.0,3,leo_commit,leo,8501,1,0,0,1,1,0,0,3,0.181191,0,8,8,0,0,0
-1.0,earth_high,5,5,8,1.0,52,1,20.0,45.0,3,leo_commit,leo,8501,1,0,0,1,1,0,0,3,0.180847,0,8,8,0,0,0
-1.0,earth_high,5,5,8,1.0,53,1,20.0,45.0,3,leo_commit,leo,8501,1,0,0,1,1,0,0,1,0.185194,0,8,8,0,0,0
-1.0,earth_high,5,5,8,1.0,54,1,20.0,45.0,3,leo_commit,leo,8501,1,0,0,1,1,0,0,3,0.198442,0,8,8,0,0,0
-1.0,earth_high,5,5,8,1.0,55,1,20.0,45.0,3,leo_commit,leo,8501,1,0,0,1,1,0,0,3,0.198735,0,8,8,0,0,0
-1.0,earth_high,5,5,8,1.0,56,1,20.0,45.0,3,leo_commit,leo,8501,1,0,0,1,1,0,0,4,0.188226,0,8,8,0,0,0
-1.0,earth_high,5,5,8,1.0,57,1,20.0,45.0,3,leo_commit,leo,8501,1,0,0,1,1,0,0,1,0.193045,0,8,8,0,0,0
-1.0,earth_high,5,5,8,1.0,58,1,20.0,45.0,3,leo_commit,leo,8501,1,0,0,1,1,0,0,1,0.193590,0,8,8,0,0,0
-1.0,earth_high,5,5,8,1.0,59,1,20.0,45.0,3,leo_commit,leo,8501,1,0,0,1,1,0,0,1,0.186530,0,8,8,0,0,0
-0.5,earth_high,5,5,8,1.0,40,1,20.0,45.0,3,leo_commit,leo,8501,1,0,0,1,1,0,0,1,0.184130,0,8,8,0,0,0
-0.5,earth_high,5,5,8,1.0,41,1,20.0,45.0,3,leo_commit,leo,8501,1,0,0,1,1,0,0,2,0.194959,0,8,8,0,0,0
-0.5,earth_high,5,5,8,1.0,42,1,20.0,45.0,3,leo_commit,leo,8501,1,0,0,1,1,0,0,5,0.170340,0,8,8,0,0,0
-0.5,earth_high,5,5,8,1.0,43,1,20.0,45.0,3,leo_commit,leo,8501,1,0,0,1,1,0,0,1,0.188288,0,8,8,0,0,0
-0.5,earth_high,5,5,8,1.0,44,1,20.0,45.0,3,leo_commit,leo,8501,1,0,0,1,1,0,0,4,0.179384,0,8,8,0,0,0
-0.5,earth_high,5,5,8,1.0,45,1,20.0,45.0,3,leo_commit,leo,8501,1,0,0,1,1,0,0,3,0.185774,0,8,8,0,0,0
-0.5,earth_high,5,5,8,1.0,46,1,20.0,45.0,3,leo_commit,leo,8501,1,0,0,1,1,0,0,2,0.194257,0,8,8,0,0,0
-0.5,earth_high,5,5,8,1.0,47,1,20.0,45.0,3,leo_commit,leo,8501,1,0,0,1,1,0,0,2,0.171718,0,8,8,0,0,0
-0.5,earth_high,5,5,8,1.0,48,1,20.0,45.0,3,leo_commit,leo,8501,1,0,0,1,1,0,0,1,0.183875,0,8,8,0,0,0
-0.5,earth_high,5,5,8,1.0,49,1,20.0,45.0,3,leo_commit,leo,8501,1,0,0,1,1,0,0,2,0.174289,0,8,8,0,0,0
-0.5,earth_high,5,5,8,1.0,50,1,20.0,45.0,3,leo_commit,leo,8501,1,0,0,1,1,0,0,3,0.190066,0,8,8,0,0,0
-0.5,earth_high,5,5,8,1.0,51,1,20.0,45.0,3,leo_commit,leo,8501,1,0,0,1,1,0,0,3,0.181191,0,8,8,0,0,0
-0.5,earth_high,5,5,8,1.0,52,1,20.0,45.0,3,leo_commit,leo,8501,1,0,0,1,1,0,0,3,0.180847,0,8,8,0,0,0
-0.5,earth_high,5,5,8,1.0,53,1,20.0,45.0,3,leo_commit,leo,8501,1,0,0,1,1,0,0,1,0.185194,0,8,8,0,0,0
-0.5,earth_high,5,5,8,1.0,54,1,20.0,45.0,3,leo_commit,leo,8501,1,0,0,1,1,0,0,3,0.198442,0,8,8,0,0,0
-0.5,earth_high,5,5,8,1.0,55,1,20.0,45.0,3,leo_commit,leo,8501,1,0,0,1,1,0,0,3,0.198735,0,8,8,0,0,0
-0.5,earth_high,5,5,8,1.0,56,1,20.0,45.0,3,leo_commit,leo,8501,1,0,0,1,1,0,0,4,0.188226,0,8,8,0,0,0
-0.5,earth_high,5,5,8,1.0,57,1,20.0,45.0,3,leo_commit,leo,8501,1,0,0,1,1,0,0,1,0.193045,0,8,8,0,0,0
-0.5,earth_high,5,5,8,1.0,58,1,20.0,45.0,3,leo_commit,leo,8501,1,0,0,1,1,0,0,1,0.193590,0,8,8,0,0,0
-0.5,earth_high,5,5,8,1.0,59,1,20.0,45.0,3,leo_commit,leo,8501,1,0,0,1,1,0,0,1,0.186530,0,8,8,0,0,0
-0.2,earth_high,5,5,8,1.0,40,1,20.0,45.0,3,leo_commit,leo,8501,1,0,0,1,1,0,0,1,0.184130,0,8,8,0,0,0
-0.2,earth_high,5,5,8,1.0,41,1,20.0,45.0,3,leo_commit,leo,8501,1,0,0,1,1,0,0,2,0.194959,0,8,8,0,0,0
-0.2,earth_high,5,5,8,1.0,42,1,20.0,45.0,3,leo_commit,leo,8501,1,0,0,1,1,0,0,5,0.170340,0,8,8,0,0,0
-0.2,earth_high,5,5,8,1.0,43,1,20.0,45.0,3,leo_commit,leo,8501,1,0,0,1,1,0,0,1,0.188288,0,8,8,0,0,0
-0.2,earth_high,5,5,8,1.0,44,1,20.0,45.0,3,leo_commit,leo,8501,1,0,0,1,1,0,0,4,0.179384,0,8,8,0,0,0
-0.2,earth_high,5,5,8,1.0,45,1,20.0,45.0,3,leo_commit,leo,8501,1,0,0,1,1,0,0,3,0.185774,0,8,8,0,0,0
-0.2,earth_high,5,5,8,1.0,46,1,20.0,45.0,3,leo_commit,leo,8501,1,0,0,1,1,0,0,2,0.194257,0,8,8,0,0,0
-0.2,earth_high,5,5,8,1.0,47,1,20.0,45.0,3,leo_commit,leo,8501,1,0,0,1,1,0,0,2,0.171718,0,8,8,0,0,0
-0.2,earth_high,5,5,8,1.0,48,1,20.0,45.0,3,leo_commit,leo,8501,1,0,0,1,1,0,0,1,0.183875,0,8,8,0,0,0
-0.2,earth_high,5,5,8,1.0,49,1,20.0,45.0,3,leo_commit,leo,8501,1,0,0,1,1,0,0,2,0.174289,0,8,8,0,0,0
-0.2,earth_high,5,5,8,1.0,50,1,20.0,45.0,3,leo_commit,leo,8501,1,0,0,1,1,0,0,3,0.190066,0,8,8,0,0,0
-0.2,earth_high,5,5,8,1.0,51,1,20.0,45.0,3,leo_commit,leo,8501,1,0,0,1,1,0,0,3,0.181191,0,8,8,0,0,0
-0.2,earth_high,5,5,8,1.0,52,1,20.0,45.0,3,leo_commit,leo,8501,1,0,0,1,1,0,0,3,0.180847,0,8,8,0,0,0
-0.2,earth_high,5,5,8,1.0,53,1,20.0,45.0,3,leo_commit,leo,8501,1,0,0,1,1,0,0,1,0.185194,0,8,8,0,0,0
-0.2,earth_high,5,5,8,1.0,54,1,20.0,45.0,3,leo_commit,leo,8501,1,0,0,1,1,0,0,3,0.198442,0,8,8,0,0,0
-0.2,earth_high,5,5,8,1.0,55,1,20.0,45.0,3,leo_commit,leo,8501,1,0,0,1,1,0,0,3,0.198735,0,8,8,0,0,0
-0.2,earth_high,5,5,8,1.0,56,1,20.0,45.0,3,leo_commit,leo,8501,1,0,0,1,1,0,0,4,0.188226,0,8,8,0,0,0
-0.2,earth_high,5,5,8,1.0,57,1,20.0,45.0,3,leo_commit,leo,8501,1,0,0,1,1,0,0,1,0.193045,0,8,8,0,0,0
-0.2,earth_high,5,5,8,1.0,58,1,20.0,45.0,3,leo_commit,leo,8501,1,0,0,1,1,0,0,1,0.193590,0,8,8,0,0,0
-0.2,earth_high,5,5,8,1.0,59,1,20.0,45.0,3,leo_commit,leo,8501,1,0,0,1,1,0,0,1,0.186530,0,8,8,0,0,0
-0.05,earth_high,5,5,8,1.0,40,1,20.0,45.0,3,earth_commit,earth,8501,1,0,1,1,1,0,0,1,0.184130,0,8,8,0,1,0
-0.05,earth_high,5,5,8,1.0,41,1,20.0,45.0,3,earth_commit,earth,8501,1,0,1,1,1,0,0,2,0.194959,0,8,8,0,1,0
-0.05,earth_high,5,5,8,1.0,42,1,20.0,45.0,3,earth_commit,earth,8501,1,0,1,1,1,0,0,5,0.170340,0,8,8,0,1,0
-0.05,earth_high,5,5,8,1.0,43,1,20.0,45.0,3,earth_commit,earth,8501,1,0,1,1,1,0,0,1,0.188288,0,8,8,0,1,0
-0.05,earth_high,5,5,8,1.0,44,1,20.0,45.0,3,earth_commit,earth,8501,1,0,1,1,1,0,0,4,0.179384,0,8,8,0,1,0
-0.05,earth_high,5,5,8,1.0,45,1,20.0,45.0,3,earth_commit,earth,8501,1,0,1,1,1,0,0,3,0.185774,0,8,8,0,1,0
-0.05,earth_high,5,5,8,1.0,46,1,20.0,45.0,3,earth_commit,earth,8501,1,0,1,1,1,0,0,2,0.194257,0,8,8,0,1,1
-0.05,earth_high,5,5,8,1.0,47,1,20.0,45.0,3,earth_commit,earth,8501,1,0,1,1,1,0,0,2,0.171718,0,8,8,0,1,1
-0.05,earth_high,5,5,8,1.0,48,1,20.0,45.0,3,earth_commit,earth,8501,1,0,1,1,1,0,0,1,0.183875,0,8,8,0,1,1
-0.05,earth_high,5,5,8,1.0,49,1,20.0,45.0,3,earth_commit,earth,8501,1,0,1,1,1,0,0,2,0.174289,0,8,8,0,1,1
-0.05,earth_high,5,5,8,1.0,50,1,20.0,45.0,3,earth_commit,earth,8501,1,0,1,1,1,0,0,3,0.190066,0,8,8,0,1,1
-0.05,earth_high,5,5,8,1.0,51,1,20.0,45.0,3,earth_commit,earth,8501,1,0,1,1,1,0,0,3,0.181191,0,8,8,0,1,0
-0.05,earth_high,5,5,8,1.0,52,1,20.0,45.0,3,earth_commit,earth,8501,1,0,1,1,1,0,0,3,0.180847,0,8,8,0,1,0
-0.05,earth_high,5,5,8,1.0,53,1,20.0,45.0,3,earth_commit,earth,8501,1,0,1,1,1,0,0,1,0.185194,0,8,8,0,1,0
-0.05,earth_high,5,5,8,1.0,54,1,20.0,45.0,3,earth_commit,earth,8501,1,0,1,1,1,0,0,3,0.198442,0,8,8,0,1,0
-0.05,earth_high,5,5,8,1.0,55,1,20.0,45.0,3,earth_commit,earth,8501,1,0,1,1,1,0,0,3,0.198735,0,8,8,0,1,0
-0.05,earth_high,5,5,8,1.0,56,1,20.0,45.0,3,earth_commit,earth,8501,1,0,1,1,1,0,0,4,0.188226,0,8,8,0,1,0
-0.05,earth_high,5,5,8,1.0,57,1,20.0,45.0,3,earth_commit,earth,8501,1,0,1,1,1,0,0,1,0.193045,0,8,8,0,1,0
-0.05,earth_high,5,5,8,1.0,58,1,20.0,45.0,3,earth_commit,earth,8501,1,0,1,1,1,0,0,1,0.193590,0,8,8,0,1,0
-0.05,earth_high,5,5,8,1.0,59,1,20.0,45.0,3,earth_commit,earth,8501,1,0,1,1,1,0,0,1,0.186530,0,8,8,0,1,0
0.05,earth_high,5,5,8,1.0,40,1,20.0,45.0,3,earth_commit,earth,8501,1,0,1,1,1,0,0,1,0.184130,0,7,7,4,0,1
0.05,earth_high,5,5,8,1.0,41,1,20.0,45.0,3,earth_commit,earth,8501,1,0,1,1,1,0,0,2,0.194959,0,7,7,4,0,1
0.05,earth_high,5,5,8,1.0,42,1,20.0,45.0,3,earth_commit,earth,8501,1,0,1,1,1,0,0,5,0.170340,0,7,7,4,0,1
0.05,earth_high,5,5,8,1.0,43,1,20.0,45.0,3,earth_commit,earth,8501,1,0,1,1,1,0,0,1,0.188288,0,7,7,4,0,1
0.05,earth_high,5,5,8,1.0,44,1,20.0,45.0,3,earth_commit,earth,8501,1,0,1,1,1,0,0,4,0.179384,0,7,7,4,0,1
0.05,earth_high,5,5,8,1.0,45,1,20.0,45.0,3,earth_commit,earth,8501,1,0,1,1,1,0,0,3,0.185774,0,7,7,4,0,1
0.05,earth_high,5,5,8,1.0,46,1,20.0,45.0,3,earth_commit,earth,8501,1,0,1,1,1,0,0,2,0.194257,0,7,7,4,0,1
0.05,earth_high,5,5,8,1.0,47,1,20.0,45.0,3,earth_commit,earth,8501,1,0,1,1,1,0,0,2,0.171718,0,7,7,4,0,1
0.05,earth_high,5,5,8,1.0,48,1,20.0,45.0,3,earth_commit,earth,8501,1,0,1,1,1,0,0,1,0.183875,0,7,7,4,0,1
0.05,earth_high,5,5,8,1.0,49,1,20.0,45.0,3,earth_commit,earth,8501,1,0,1,1,1,0,0,2,0.174289,0,7,7,4,0,1
0.05,earth_high,5,5,8,1.0,50,1,20.0,45.0,3,earth_commit,earth,8501,1,0,1,1,1,0,0,3,0.190066,0,7,7,4,0,1
0.05,earth_high,5,5,8,1.0,51,1,20.0,45.0,3,earth_commit,earth,8501,1,0,1,1,1,0,0,3,0.181191,0,7,7,4,0,1
0.05,earth_high,5,5,8,1.0,52,1,20.0,45.0,3,earth_commit,earth,8501,1,0,1,1,1,0,0,3,0.180847,0,7,7,4,0,1
0.05,earth_high,5,5,8,1.0,53,1,20.0,45.0,3,earth_commit,earth,8501,1,0,1,1,1,0,0,1,0.185194,0,7,7,4,0,1
0.05,earth_high,5,5,8,1.0,54,1,20.0,45.0,3,earth_commit,earth,8501,1,0,1,1,1,0,0,3,0.198442,0,7,7,4,0,1
0.05,earth_high,5,5,8,1.0,55,1,20.0,45.0,3,earth_commit,earth,8501,1,0,1,1,1,0,0,3,0.198735,0,7,7,4,0,1
0.05,earth_high,5,5,8,1.0,56,1,20.0,45.0,3,earth_commit,earth,8501,1,0,1,1,1,0,0,4,0.188226,0,7,7,4,0,1
0.05,earth_high,5,5,8,1.0,57,1,20.0,45.0,3,earth_commit,earth,8501,1,0,1,1,1,0,0,1,0.193045,0,7,7,4,0,1
0.05,earth_high,5,5,8,1.0,58,1,20.0,45.0,3,earth_commit,earth,8501,1,0,1,1,1,0,0,1,0.193590,0,7,7,4,0,1
0.05,earth_high,5,5,8,1.0,59,1,20.0,45.0,3,earth_commit,earth,8501,1,0,1,1,1,0,0,1,0.186530,0,7,7,4,0,1
0.2,earth_high,5,5,8,1.0,40,1,20.0,45.0,3,earth_commit,earth,8501,0,0,1,1,1,0,0,1,0.184130,0,7,7,4,0,1
0.2,earth_high,5,5,8,1.0,41,1,20.0,45.0,3,earth_commit,earth,8501,0,0,1,1,1,0,0,2,0.194959,0,7,7,4,0,1
0.2,earth_high,5,5,8,1.0,42,1,20.0,45.0,3,earth_commit,earth,8501,0,0,1,1,1,0,0,5,0.170340,0,7,7,4,0,1
0.2,earth_high,5,5,8,1.0,43,1,20.0,45.0,3,earth_commit,earth,8501,0,0,1,1,1,0,0,1,0.188288,0,7,7,4,0,1
0.2,earth_high,5,5,8,1.0,44,1,20.0,45.0,3,earth_commit,earth,8501,0,0,1,1,1,0,0,4,0.179384,0,7,7,4,0,1
0.2,earth_high,5,5,8,1.0,45,1,20.0,45.0,3,earth_commit,earth,8501,0,0,1,1,1,0,0,3,0.185774,0,7,7,4,0,1
0.2,earth_high,5,5,8,1.0,46,1,20.0,45.0,3,earth_commit,earth,8501,0,0,1,1,1,0,0,2,0.194257,0,7,7,4,0,1
0.2,earth_high,5,5,8,1.0,47,1,20.0,45.0,3,earth_commit,earth,8501,0,0,1,1,1,0,0,2,0.171718,0,7,7,4,0,1
0.2,earth_high,5,5,8,1.0,48,1,20.0,45.0,3,earth_commit,earth,8501,0,0,1,1,1,0,0,1,0.183875,0,7,7,4,0,1
0.2,earth_high,5,5,8,1.0,49,1,20.0,45.0,3,earth_commit,earth,8501,0,0,1,1,1,0,0,2,0.174289,0,7,7,4,0,1
0.2,earth_high,5,5,8,1.0,50,1,20.0,45.0,3,earth_commit,earth,8501,0,0,1,1,1,0,0,3,0.190066,0,7,7,4,0,1
0.2,earth_high,5,5,8,1.0,51,1,20.0,45.0,3,earth_commit,earth,8501,0,0,1,1,1,0,0,3,0.181191,0,7,7,4,0,1
0.2,earth_high,5,5,8,1.0,52,1,20.0,45.0,3,earth_commit,earth,8501,0,0,1,1,1,0,0,3,0.180847,0,7,7,4,0,1
0.2,earth_high,5,5,8,1.0,53,1,20.0,45.0,3,earth_commit,earth,8501,0,0,1,1,1,0,0,1,0.185194,0,7,7,4,0,1
0.2,earth_high,5,5,8,1.0,54,1,20.0,45.0,3,earth_commit,earth,8501,0,0,1,1,1,0,0,3,0.198442,0,7,7,4,0,1
0.2,earth_high,5,5,8,1.0,55,1,20.0,45.0,3,earth_commit,earth,8501,0,0,1,1,1,0,0,3,0.198735,0,7,7,4,0,1
0.2,earth_high,5,5,8,1.0,56,1,20.0,45.0,3,earth_commit,earth,8501,0,0,1,1,1,0,0,4,0.188226,0,7,7,4,0,1
0.2,earth_high,5,5,8,1.0,57,1,20.0,45.0,3,earth_commit,earth,8501,0,0,1,1,1,0,0,1,0.193045,0,7,7,4,0,1
0.2,earth_high,5,5,8,1.0,58,1,20.0,45.0,3,earth_commit,earth,8501,0,0,1,1,1,0,0,1,0.193590,0,7,7,4,0,1
0.2,earth_high,5,5,8,1.0,59,1,20.0,45.0,3,earth_commit,earth,8501,0,0,1,1,1,0,0,1,0.186530,0,7,7,4,0,1
0.5,earth_high,5,5,8,1.0,40,1,20.0,45.0,3,earth_commit,earth,8501,0,0,1,1,1,0,0,1,0.184130,0,7,7,4,0,1
0.5,earth_high,5,5,8,1.0,41,1,20.0,45.0,3,earth_commit,earth,8501,0,0,1,1,1,0,0,2,0.194959,0,7,7,4,0,1
0.5,earth_high,5,5,8,1.0,42,1,20.0,45.0,3,earth_commit,earth,8501,0,0,1,1,1,0,0,5,0.170340,0,7,7,4,0,1
0.5,earth_high,5,5,8,1.0,43,1,20.0,45.0,3,earth_commit,earth,8501,0,0,1,1,1,0,0,1,0.188288,0,7,7,4,0,1
0.5,earth_high,5,5,8,1.0,44,1,20.0,45.0,3,earth_commit,earth,8501,0,0,1,1,1,0,0,4,0.179384,0,7,7,4,0,1
0.5,earth_high,5,5,8,1.0,45,1,20.0,45.0,3,earth_commit,earth,8501,0,0,1,1,1,0,0,3,0.185774,0,7,7,4,0,1
0.5,earth_high,5,5,8,1.0,46,1,20.0,45.0,3,earth_commit,earth,8501,0,0,1,1,1,0,0,2,0.194257,0,7,7,4,0,1
0.5,earth_high,5,5,8,1.0,47,1,20.0,45.0,3,earth_commit,earth,8501,0,0,1,1,1,0,0,2,0.171718,0,7,7,4,0,1
0.5,earth_high,5,5,8,1.0,48,1,20.0,45.0,3,earth_commit,earth,8501,0,0,1,1,1,0,0,1,0.183875,0,7,7,4,0,1
0.5,earth_high,5,5,8,1.0,49,1,20.0,45.0,3,earth_commit,earth,8501,0,0,1,1,1,0,0,2,0.174289,0,7,7,4,0,1
0.5,earth_high,5,5,8,1.0,50,1,20.0,45.0,3,earth_commit,earth,8501,0,0,1,1,1,0,0,3,0.190066,0,7,7,4,0,1
0.5,earth_high,5,5,8,1.0,51,1,20.0,45.0,3,earth_commit,earth,8501,0,0,1,1,1,0,0,3,0.181191,0,7,7,4,0,1
0.5,earth_high,5,5,8,1.0,52,1,20.0,45.0,3,earth_commit,earth,8501,0,0,1,1,1,0,0,3,0.180847,0,7,7,4,0,1
0.5,earth_high,5,5,8,1.0,53,1,20.0,45.0,3,earth_commit,earth,8501,0,0,1,1,1,0,0,1,0.185194,0,7,7,4,0,1
0.5,earth_high,5,5,8,1.0,54,1,20.0,45.0,3,earth_commit,earth,8501,0,0,1,1,1,0,0,3,0.198442,0,7,7,4,0,1
0.5,earth_high,5,5,8,1.0,55,1,20.0,45.0,3,earth_commit,earth,8501,0,0,1,1,1,0,0,3,0.198735,0,7,7,4,0,1
0.5,earth_high,5,5,8,1.0,56,1,20.0,45.0,3,earth_commit,earth,8501,0,0,1,1,1,0,0,4,0.188226,0,7,7,4,0,1
0.5,earth_high,5,5,8,1.0,57,1,20.0,45.0,3,earth_commit,earth,8501,0,0,1,1,1,0,0,1,0.193045,0,7,7,4,0,1
0.5,earth_high,5,5,8,1.0,58,1,20.0,45.0,3,earth_commit,earth,8501,0,0,1,1,1,0,0,1,0.193590,0,7,7,4,0,1
0.5,earth_high,5,5,8,1.0,59,1,20.0,45.0,3,earth_commit,earth,8501,0,0,1,1,1,0,0,1,0.186530,0,7,7,4,0,1
1.0,earth_high,5,5,8,1.0,40,1,20.0,45.0,3,earth_commit,earth,8501,0,0,1,1,1,0,0,1,0.184130,0,7,7,4,0,1
1.0,earth_high,5,5,8,1.0,41,1,20.0,45.0,3,earth_commit,earth,8501,0,0,1,1,1,0,0,2,0.194959,0,7,7,4,0,1
1.0,earth_high,5,5,8,1.0,42,1,20.0,45.0,3,earth_commit,earth,8501,0,0,1,1,1,0,0,5,0.170340,0,7,7,4,0,1
1.0,earth_high,5,5,8,1.0,43,1,20.0,45.0,3,earth_commit,earth,8501,0,0,1,1,1,0,0,1,0.188288,0,7,7,4,0,1
1.0,earth_high,5,5,8,1.0,44,1,20.0,45.0,3,earth_commit,earth,8501,0,0,1,1,1,0,0,4,0.179384,0,7,7,4,0,1
1.0,earth_high,5,5,8,1.0,45,1,20.0,45.0,3,earth_commit,earth,8501,0,0,1,1,1,0,0,3,0.185774,0,7,7,4,0,1
1.0,earth_high,5,5,8,1.0,46,1,20.0,45.0,3,earth_commit,earth,8501,0,0,1,1,1,0,0,2,0.194257,0,7,7,4,0,1
1.0,earth_high,5,5,8,1.0,47,1,20.0,45.0,3,earth_commit,earth,8501,0,0,1,1,1,0,0,2,0.171718,0,7,7,4,0,1
1.0,earth_high,5,5,8,1.0,48,1,20.0,45.0,3,earth_commit,earth,8501,0,0,1,1,1,0,0,1,0.183875,0,7,7,4,0,1
1.0,earth_high,5,5,8,1.0,49,1,20.0,45.0,3,earth_commit,earth,8501,0,0,1,1,1,0,0,2,0.174289,0,7,7,4,0,1
1.0,earth_high,5,5,8,1.0,50,1,20.0,45.0,3,earth_commit,earth,8501,0,0,1,1,1,0,0,3,0.190066,0,7,7,4,0,1
1.0,earth_high,5,5,8,1.0,51,1,20.0,45.0,3,earth_commit,earth,8501,0,0,1,1,1,0,0,3,0.181191,0,7,7,4,0,1
1.0,earth_high,5,5,8,1.0,52,1,20.0,45.0,3,earth_commit,earth,8501,0,0,1,1,1,0,0,3,0.180847,0,7,7,4,0,1
1.0,earth_high,5,5,8,1.0,53,1,20.0,45.0,3,earth_commit,earth,8501,0,0,1,1,1,0,0,1,0.185194,0,7,7,4,0,1
1.0,earth_high,5,5,8,1.0,54,1,20.0,45.0,3,earth_commit,earth,8501,0,0,1,1,1,0,0,3,0.198442,0,7,7,4,0,1
1.0,earth_high,5,5,8,1.0,55,1,20.0,45.0,3,earth_commit,earth,8501,0,0,1,1,1,0,0,3,0.198735,0,7,7,4,0,1
1.0,earth_high,5,5,8,1.0,56,1,20.0,45.0,3,earth_commit,earth,8501,0,0,1,1,1,0,0,4,0.188226,0,7,7,4,0,1
1.0,earth_high,5,5,8,1.0,57,1,20.0,45.0,3,earth_commit,earth,8501,0,0,1,1,1,0,0,1,0.193045,0,7,7,4,0,1
1.0,earth_high,5,5,8,1.0,58,1,20.0,45.0,3,earth_commit,earth,8501,0,0,1,1,1,0,0,1,0.193590,0,7,7,4,0,1
1.0,earth_high,5,5,8,1.0,59,1,20.0,45.0,3,earth_commit,earth,8501,0,0,1,1,1,0,0,1,0.186530,0,7,7,4,0,1
2.0,earth_high,5,5,8,1.0,40,1,20.0,45.0,3,earth_commit,earth,8501,0,0,1,1,1,0,0,1,0.184130,0,7,7,4,0,1
2.0,earth_high,5,5,8,1.0,41,1,20.0,45.0,3,earth_commit,earth,8501,0,0,1,1,1,0,0,2,0.194959,0,7,7,4,0,1
2.0,earth_high,5,5,8,1.0,42,1,20.0,45.0,3,earth_commit,earth,8501,0,0,1,1,1,0,0,5,0.170340,0,7,7,4,0,1
2.0,earth_high,5,5,8,1.0,43,1,20.0,45.0,3,earth_commit,earth,8501,0,0,1,1,1,0,0,1,0.188288,0,7,7,4,0,1
2.0,earth_high,5,5,8,1.0,44,1,20.0,45.0,3,earth_commit,earth,8501,0,0,1,1,1,0,0,4,0.179384,0,7,7,4,0,1
2.0,earth_high,5,5,8,1.0,45,1,20.0,45.0,3,earth_commit,earth,8501,0,0,1,1,1,0,0,3,0.185774,0,7,7,4,0,1
2.0,earth_high,5,5,8,1.0,46,1,20.0,45.0,3,earth_commit,earth,8501,0,0,1,1,1,0,0,2,0.194257,0,7,7,4,0,1
2.0,earth_high,5,5,8,1.0,47,1,20.0,45.0,3,earth_commit,earth,8501,0,0,1,1,1,0,0,2,0.171718,0,7,7,4,0,1
2.0,earth_high,5,5,8,1.0,48,1,20.0,45.0,3,earth_commit,earth,8501,0,0,1,1,1,0,0,1,0.183875,0,7,7,4,0,1
2.0,earth_high,5,5,8,1.0,49,1,20.0,45.0,3,earth_commit,earth,8501,0,0,1,1,1,0,0,2,0.174289,0,7,7,4,0,1
2.0,earth_high,5,5,8,1.0,50,1,20.0,45.0,3,earth_commit,earth,8501,0,0,1,1,1,0,0,3,0.190066,0,7,7,4,0,1
2.0,earth_high,5,5,8,1.0,51,1,20.0,45.0,3,earth_commit,earth,8501,0,0,1,1,1,0,0,3,0.181191,0,7,7,4,0,1
2.0,earth_high,5,5,8,1.0,52,1,20.0,45.0,3,earth_commit,earth,8501,0,0,1,1,1,0,0,3,0.180847,0,7,7,4,0,1
2.0,earth_high,5,5,8,1.0,53,1,20.0,45.0,3,earth_commit,earth,8501,0,0,1,1,1,0,0,1,0.185194,0,7,7,4,0,1
2.0,earth_high,5,5,8,1.0,54,1,20.0,45.0,3,earth_commit,earth,8501,0,0,1,1,1,0,0,3,0.198442,0,7,7,4,0,1
2.0,earth_high,5,5,8,1.0,55,1,20.0,45.0,3,earth_commit,earth,8501,0,0,1,1,1,0,0,3,0.198735,0,7,7,4,0,1
2.0,earth_high,5,5,8,1.0,56,1,20.0,45.0,3,earth_commit,earth,8501,0,0,1,1,1,0,0,4,0.188226,0,7,7,4,0,1
2.0,earth_high,5,5,8,1.0,57,1,20.0,45.0,3,earth_commit,earth,8501,0,0,1,1,1,0,0,1,0.193045,0,7,7,4,0,1
2.0,earth_high,5,5,8,1.0,58,1,20.0,45.0,3,earth_commit,earth,8501,0,0,1,1,1,0,0,1,0.193590,0,7,7,4,0,1
2.0,earth_high,5,5,8,1.0,59,1,20.0,45.0,3,earth_commit,earth,8501,0,0,1,1,1,0,0,1,0.186530,0,7,7,4,0,1
30.0,earth_high,5,5,8,1.0,40,1,20.0,45.0,3,earth_commit,earth,8501,0,0,1,1,1,0,0,1,0.184130,0,7,7,4,0,1
30.0,earth_high,5,5,8,1.0,41,1,20.0,45.0,3,earth_commit,earth,8501,0,0,1,1,1,0,0,2,0.194959,0,7,7,4,0,1
30.0,earth_high,5,5,8,1.0,42,1,20.0,45.0,3,earth_commit,earth,8501,0,0,1,1,1,0,0,5,0.170340,0,7,7,4,0,1
30.0,earth_high,5,5,8,1.0,43,1,20.0,45.0,3,earth_commit,earth,8501,0,0,1,1,1,0,0,1,0.188288,0,7,7,4,0,1
30.0,earth_high,5,5,8,1.0,44,1,20.0,45.0,3,earth_commit,earth,8501,0,0,1,1,1,0,0,4,0.179384,0,7,7,4,0,1
30.0,earth_high,5,5,8,1.0,45,1,20.0,45.0,3,earth_commit,earth,8501,0,0,1,1,1,0,0,3,0.185774,0,7,7,4,0,1
30.0,earth_high,5,5,8,1.0,46,1,20.0,45.0,3,earth_commit,earth,8501,0,0,1,1,1,0,0,2,0.194257,0,7,7,4,0,1
30.0,earth_high,5,5,8,1.0,47,1,20.0,45.0,3,earth_commit,earth,8501,0,0,1,1,1,0,0,2,0.171718,0,7,7,4,0,1
30.0,earth_high,5,5,8,1.0,48,1,20.0,45.0,3,earth_commit,earth,8501,0,0,1,1,1,0,0,1,0.183875,0,7,7,4,0,1
30.0,earth_high,5,5,8,1.0,49,1,20.0,45.0,3,earth_commit,earth,8501,0,0,1,1,1,0,0,2,0.174289,0,7,7,4,0,1
30.0,earth_high,5,5,8,1.0,50,1,20.0,45.0,3,earth_commit,earth,8501,0,0,1,1,1,0,0,3,0.190066,0,7,7,4,0,1
30.0,earth_high,5,5,8,1.0,51,1,20.0,45.0,3,earth_commit,earth,8501,0,0,1,1,1,0,0,3,0.181191,0,7,7,4,0,1
30.0,earth_high,5,5,8,1.0,52,1,20.0,45.0,3,earth_commit,earth,8501,0,0,1,1,1,0,0,3,0.180847,0,7,7,4,0,1
30.0,earth_high,5,5,8,1.0,53,1,20.0,45.0,3,earth_commit,earth,8501,0,0,1,1,1,0,0,1,0.185194,0,7,7,4,0,1
30.0,earth_high,5,5,8,1.0,54,1,20.0,45.0,3,earth_commit,earth,8501,0,0,1,1,1,0,0,3,0.198442,0,7,7,4,0,1
30.0,earth_high,5,5,8,1.0,55,1,20.0,45.0,3,earth_commit,earth,8501,0,0,1,1,1,0,0,3,0.198735,0,7,7,4,0,1
30.0,earth_high,5,5,8,1.0,56,1,20.0,45.0,3,earth_commit,earth,8501,0,0,1,1,1,0,0,4,0.188226,0,7,7,4,0,1
30.0,earth_high,5,5,8,1.0,57,1,20.0,45.0,3,earth_commit,earth,8501,0,0,1,1,1,0,0,1,0.193045,0,7,7,4,0,1
30.0,earth_high,5,5,8,1.0,58,1,20.0,45.0,3,earth_commit,earth,8501,0,0,1,1,1,0,0,1,0.193590,0,7,7,4,0,1
30.0,earth_high,5,5,8,1.0,59,1,20.0,45.0,3,earth_commit,earth,8501,0,0,1,1,1,0,0,1,0.186530,0,7,7,4,0,1
90.0,earth_high,5,5,8,1.0,40,1,20.0,45.0,3,earth_commit,earth,8501,0,0,1,1,1,0,0,1,0.184130,0,7,7,4,0,1
90.0,earth_high,5,5,8,1.0,41,1,20.0,45.0,3,earth_commit,earth,8501,0,0,1,1,1,0,0,2,0.194959,0,7,7,4,0,1
90.0,earth_high,5,5,8,1.0,42,1,20.0,45.0,3,earth_commit,earth,8501,0,0,1,1,1,0,0,5,0.170340,0,7,7,4,0,1
90.0,earth_high,5,5,8,1.0,43,1,20.0,45.0,3,earth_commit,earth,8501,0,0,1,1,1,0,0,1,0.188288,0,7,7,4,0,1
90.0,earth_high,5,5,8,1.0,44,1,20.0,45.0,3,earth_commit,earth,8501,0,0,1,1,1,0,0,4,0.179384,0,7,7,4,0,1
90.0,earth_high,5,5,8,1.0,45,1,20.0,45.0,3,earth_commit,earth,8501,0,0,1,1,1,0,0,3,0.185774,0,7,7,4,0,1
90.0,earth_high,5,5,8,1.0,46,1,20.0,45.0,3,earth_commit,earth,8501,0,0,1,1,1,0,0,2,0.194257,0,7,7,4,0,1
90.0,earth_high,5,5,8,1.0,47,1,20.0,45.0,3,earth_commit,earth,8501,0,0,1,1,1,0,0,2,0.171718,0,7,7,4,0,1
90.0,earth_high,5,5,8,1.0,48,1,20.0,45.0,3,earth_commit,earth,8501,0,0,1,1,1,0,0,1,0.183875,0,7,7,4,0,1
90.0,earth_high,5,5,8,1.0,49,1,20.0,45.0,3,earth_commit,earth,8501,0,0,1,1,1,0,0,2,0.174289,0,7,7,4,0,1
90.0,earth_high,5,5,8,1.0,50,1,20.0,45.0,3,earth_commit,earth,8501,0,0,1,1,1,0,0,3,0.190066,0,7,7,4,0,1
90.0,earth_high,5,5,8,1.0,51,1,20.0,45.0,3,earth_commit,earth,8501,0,0,1,1,1,0,0,3,0.181191,0,7,7,4,0,1
90.0,earth_high,5,5,8,1.0,52,1,20.0,45.0,3,earth_commit,earth,8501,0,0,1,1,1,0,0,3,0.180847,0,7,7,4,0,1
90.0,earth_high,5,5,8,1.0,53,1,20.0,45.0,3,earth_commit,earth,8501,0,0,1,1,1,0,0,1,0.185194,0,7,7,4,0,1
90.0,earth_high,5,5,8,1.0,54,1,20.0,45.0,3,earth_commit,earth,8501,0,0,1,1,1,0,0,3,0.198442,0,7,7,4,0,1
90.0,earth_high,5,5,8,1.0,55,1,20.0,45.0,3,earth_commit,earth,8501,0,0,1,1,1,0,0,3,0.198735,0,7,7,4,0,1
90.0,earth_high,5,5,8,1.0,56,1,20.0,45.0,3,earth_commit,earth,8501,0,0,1,1,1,0,0,4,0.188226,0,7,7,4,0,1
90.0,earth_high,5,5,8,1.0,57,1,20.0,45.0,3,earth_commit,earth,8501,0,0,1,1,1,0,0,1,0.193045,0,7,7,4,0,1
90.0,earth_high,5,5,8,1.0,58,1,20.0,45.0,3,earth_commit,earth,8501,0,0,1,1,1,0,0,1,0.193590,0,7,7,4,0,1
90.0,earth_high,5,5,8,1.0,59,1,20.0,45.0,3,earth_commit,earth,8501,0,0,1,1,1,0,0,1,0.186530,0,7,7,4,0,1
-10.0,earth_high,3,1,8,1.0,40,1,20.0,45.0,3,leo_commit,leo,1502,0,0,0,1,1,0,0,0,0.238118,1,1,0,0,0,0
-10.0,earth_high,3,1,8,1.0,41,1,20.0,45.0,3,leo_commit,leo,1502,0,0,0,1,1,0,0,0,0.236649,1,1,0,0,0,0
-10.0,earth_high,3,1,8,1.0,42,1,20.0,45.0,3,leo_commit,leo,1502,0,0,0,1,1,0,0,0,0.239794,1,1,0,0,0,0
-10.0,earth_high,3,1,8,1.0,43,1,20.0,45.0,3,leo_commit,leo,1502,0,0,0,1,1,0,0,0,0.228766,1,1,0,0,0,0
-10.0,earth_high,3,1,8,1.0,44,1,20.0,45.0,3,leo_commit,leo,1502,0,0,0,1,1,0,0,0,0.234743,1,1,0,0,0,0
-10.0,earth_high,3,1,8,1.0,45,1,20.0,45.0,3,leo_commit,leo,1502,0,0,0,1,1,0,0,0,0.247890,1,1,0,0,0,0
-10.0,earth_high,3,1,8,1.0,46,1,20.0,45.0,3,leo_commit,leo,1502,0,0,0,1,1,0,0,0,0.236342,1,1,0,0,0,0
-10.0,earth_high,3,1,8,1.0,47,1,20.0,45.0,3,leo_commit,leo,1502,0,0,0,1,1,0,0,0,0.244710,1,1,0,0,0,0
-10.0,earth_high,3,1,8,1.0,48,1,20.0,45.0,3,leo_commit,leo,1502,0,0,0,1,1,0,0,0,0.242545,1,1,0,0,0,0
-10.0,earth_high,3,1,8,1.0,49,1,20.0,45.0,3,leo_commit,leo,1502,0,0,0,1,1,0,0,0,0.230155,1,1,0,0,0,0
-10.0,earth_high,3,1,8,1.0,50,1,20.0,45.0,3,leo_commit,leo,1502,0,0,0,1,1,0,0,0,0.251806,1,1,0,0,0,0
-10.0,earth_high,3,1,8,1.0,51,1,20.0,45.0,3,leo_commit,leo,1502,0,0,0,1,1,0,0,0,0.260398,1,1,0,0,0,0
-10.0,earth_high,3,1,8,1.0,52,1,20.0,45.0,3,leo_commit,leo,1502,0,0,0,1,1,0,0,0,0.251718,1,1,0,0,0,0
-10.0,earth_high,3,1,8,1.0,53,1,20.0,45.0,3,leo_commit,leo,1502,0,0,0,1,1,0,0,0,0.231496,1,1,0,0,0,0
-10.0,earth_high,3,1,8,1.0,54,1,20.0,45.0,3,leo_commit,leo,1502,0,0,0,1,1,0,0,0,0.228098,1,1,0,0,0,0
-10.0,earth_high,3,1,8,1.0,55,1,20.0,45.0,3,leo_commit,leo,1502,0,0,0,1,1,0,0,0,0.226755,1,1,0,0,0,0
-10.0,earth_high,3,1,8,1.0,56,1,20.0,45.0,3,leo_commit,leo,1502,0,0,0,1,1,0,0,0,0.237196,1,1,0,0,0,0
-10.0,earth_high,3,1,8,1.0,57,1,20.0,45.0,3,leo_commit,leo,1502,0,0,0,1,1,0,0,0,0.246444,1,1,0,0,0,0
-10.0,earth_high,3,1,8,1.0,58,1,20.0,45.0,3,leo_commit,leo,1502,0,0,0,1,1,0,0,0,0.251694,1,1,0,0,0,0
-10.0,earth_high,3,1,8,1.0,59,1,20.0,45.0,3,leo_commit,leo,1502,0,0,0,1,1,0,0,0,0.252589,1,1,0,0,0,0
-5.0,earth_high,3,1,8,1.0,40,1,20.0,45.0,3,leo_commit,leo,1502,0,0,0,1,1,0,0,0,0.238118,1,1,0,0,0,0
-5.0,earth_high,3,1,8,1.0,41,1,20.0,45.0,3,leo_commit,leo,1502,0,0,0,1,1,0,0,0,0.236649,1,1,0,0,0,0
-5.0,earth_high,3,1,8,1.0,42,1,20.0,45.0,3,leo_commit,leo,1502,0,0,0,1,1,0,0,0,0.239794,1,1,0,0,0,0
-5.0,earth_high,3,1,8,1.0,43,1,20.0,45.0,3,leo_commit,leo,1502,0,0,0,1,1,0,0,0,0.228766,1,1,0,0,0,0
-5.0,earth_high,3,1,8,1.0,44,1,20.0,45.0,3,leo_commit,leo,1502,0,0,0,1,1,0,0,0,0.234743,1,1,0,0,0,0
-5.0,earth_high,3,1,8,1.0,45,1,20.0,45.0,3,leo_commit,leo,1502,0,0,0,1,1,0,0,0,0.247890,1,1,0,0,0,0
-5.0,earth_high,3,1,8,1.0,46,1,20.0,45.0,3,leo_commit,leo,1502,0,0,0,1,1,0,0,0,0.236342,1,1,0,0,0,0
-5.0,earth_high,3,1,8,1.0,47,1,20.0,45.0,3,leo_commit,leo,1502,0,0,0,1,1,0,0,0,0.244710,1,1,0,0,0,0
-5.0,earth_high,3,1,8,1.0,48,1,20.0,45.0,3,leo_commit,leo,1502,0,0,0,1,1,0,0,0,0.242545,1,1,0,0,0,0
-5.0,earth_high,3,1,8,1.0,49,1,20.0,45.0,3,leo_commit,leo,1502,0,0,0,1,1,0,0,0,0.230155,1,1,0,0,0,0
-5.0,earth_high,3,1,8,1.0,50,1,20.0,45.0,3,leo_commit,leo,1502,0,0,0,1,1,0,0,0,0.251806,1,1,0,0,0,0
-5.0,earth_high,3,1,8,1.0,51,1,20.0,45.0,3,leo_commit,leo,1502,0,0,0,1,1,0,0,0,0.260398,1,1,0,0,0,0
-5.0,earth_high,3,1,8,1.0,52,1,20.0,45.0,3,leo_commit,leo,1502,0,0,0,1,1,0,0,0,0.251718,1,1,0,0,0,0
-5.0,earth_high,3,1,8,1.0,53,1,20.0,45.0,3,leo_commit,leo,1502,0,0,0,1,1,0,0,0,0.231496,1,1,0,0,0,0
-5.0,earth_high,3,1,8,1.0,54,1,20.0,45.0,3,leo_commit,leo,1502,0,0,0,1,1,0,0,0,0.228098,1,1,0,0,0,0
-5.0,earth_high,3,1,8,1.0,55,1,20.0,45.0,3,leo_commit,leo,1502,0,0,0,1,1,0,0,0,0.226755,1,1,0,0,0,0
-5.0,earth_high,3,1,8,1.0,56,1,20.0,45.0,3,leo_commit,leo,1502,0,0,0,1,1,0,0,0,0.237196,1,1,0,0,0,0
-5.0,earth_high,3,1,8,1.0,57,1,20.0,45.0,3,leo_commit,leo,1502,0,0,0,1,1,0,0,0,0.246444,1,1,0,0,0,0
-5.0,earth_high,3,1,8,1.0,58,1,20.0,45.0,3,leo_commit,leo,1502,0,0,0,1,1,0,0,0,0.251694,1,1,0,0,0,0
-5.0,earth_high,3,1,8,1.0,59,1,20.0,45.0,3,leo_commit,leo,1502,0,0,0,1,1,0,0,0,0.252589,1,1,0,0,0,0
-2.0,earth_high,3,1,8,1.0,40,1,20.0,45.0,3,leo_commit,leo,1502,0,0,0,1,1,0,0,0,0.238118,1,1,0,0,0,0
-2.0,earth_high,3,1,8,1.0,41,1,20.0,45.0,3,leo_commit,leo,1502,0,0,0,1,1,0,0,0,0.236649,1,1,0,0,0,0
-2.0,earth_high,3,1,8,1.0,42,1,20.0,45.0,3,leo_commit,leo,1502,0,0,0,1,1,0,0,0,0.239794,1,1,0,0,0,0
-2.0,earth_high,3,1,8,1.0,43,1,20.0,45.0,3,leo_commit,leo,1502,0,0,0,1,1,0,0,0,0.228766,1,1,0,0,0,0
-2.0,earth_high,3,1,8,1.0,44,1,20.0,45.0,3,leo_commit,leo,1502,0,0,0,1,1,0,0,0,0.234743,1,1,0,0,0,0
-2.0,earth_high,3,1,8,1.0,45,1,20.0,45.0,3,leo_commit,leo,1502,0,0,0,1,1,0,0,0,0.247890,1,1,0,0,0,0
-2.0,earth_high,3,1,8,1.0,46,1,20.0,45.0,3,leo_commit,leo,1502,0,0,0,1,1,0,0,0,0.236342,1,1,0,0,0,0
-2.0,earth_high,3,1,8,1.0,47,1,20.0,45.0,3,leo_commit,leo,1502,0,0,0,1,1,0,0,0,0.244710,1,1,0,0,0,0
-2.0,earth_high,3,1,8,1.0,48,1,20.0,45.0,3,leo_commit,leo,1502,0,0,0,1,1,0,0,0,0.242545,1,1,0,0,0,0
-2.0,earth_high,3,1,8,1.0,49,1,20.0,45.0,3,leo_commit,leo,1502,0,0,0,1,1,0,0,0,0.230155,1,1,0,0,0,0
-2.0,earth_high,3,1,8,1.0,50,1,20.0,45.0,3,leo_commit,leo,1502,0,0,0,1,1,0,0,0,0.251806,1,1,0,0,0,0
-2.0,earth_high,3,1,8,1.0,51,1,20.0,45.0,3,leo_commit,leo,1502,0,0,0,1,1,0,0,0,0.260398,1,1,0,0,0,0
-2.0,earth_high,3,1,8,1.0,52,1,20.0,45.0,3,leo_commit,leo,1502,0,0,0,1,1,0,0,0,0.251718,1,1,0,0,0,0
-2.0,earth_high,3,1,8,1.0,53,1,20.0,45.0,3,leo_commit,leo,1502,0,0,0,1,1,0,0,0,0.231496,1,1,0,0,0,0
-2.0,earth_high,3,1,8,1.0,54,1,20.0,45.0,3,leo_commit,leo,1502,0,0,0,1,1,0,0,0,0.228098,1,1,0,0,0,0
-2.0,earth_high,3,1,8,1.0,55,1,20.0,45.0,3,leo_commit,leo,1502,0,0,0,1,1,0,0,0,0.226755,1,1,0,0,0,0
-2.0,earth_high,3,1,8,1.0,56,1,20.0,45.0,3,leo_commit,leo,1502,0,0,0,1,1,0,0,0,0.237196,1,1,0,0,0,0
-2.0,earth_high,3,1,8,1.0,57,1,20.0,45.0,3,leo_commit,leo,1502,0,0,0,1,1,0,0,0,0.246444,1,1,0,0,0,0
-2.0,earth_high,3,1,8,1.0,58,1,20.0,45.0,3,leo_commit,leo,1502,0,0,0,1,1,0,0,0,0.251694,1,1,0,0,0,0
-2.0,earth_high,3,1,8,1.0,59,1,20.0,45.0,3,leo_commit,leo,1502,0,0,0,1,1,0,0,0,0.252589,1,1,0,0,0,0
-1.0,earth_high,3,1,8,1.0,40,1,20.0,45.0,3,leo_commit,leo,1502,0,0,0,1,1,0,0,0,0.238118,1,1,0,0,0,0
-1.0,earth_high,3,1,8,1.0,41,1,20.0,45.0,3,leo_commit,leo,1502,0,0,0,1,1,0,0,0,0.236649,1,1,0,0,0,0
-1.0,earth_high,3,1,8,1.0,42,1,20.0,45.0,3,leo_commit,leo,1502,0,0,0,1,1,0,0,0,0.239794,1,1,0,0,0,0
-1.0,earth_high,3,1,8,1.0,43,1,20.0,45.0,3,leo_commit,leo,1502,0,0,0,1,1,0,0,0,0.228766,1,1,0,0,0,0
-1.0,earth_high,3,1,8,1.0,44,1,20.0,45.0,3,leo_commit,leo,1502,0,0,0,1,1,0,0,0,0.234743,1,1,0,0,0,0
-1.0,earth_high,3,1,8,1.0,45,1,20.0,45.0,3,leo_commit,leo,1502,0,0,0,1,1,0,0,0,0.247890,1,1,0,0,0,0
-1.0,earth_high,3,1,8,1.0,46,1,20.0,45.0,3,leo_commit,leo,1502,0,0,0,1,1,0,0,0,0.236342,1,1,0,0,0,0
-1.0,earth_high,3,1,8,1.0,47,1,20.0,45.0,3,leo_commit,leo,1502,0,0,0,1,1,0,0,0,0.244710,1,1,0,0,0,0
-1.0,earth_high,3,1,8,1.0,48,1,20.0,45.0,3,leo_commit,leo,1502,0,0,0,1,1,0,0,0,0.242545,1,1,0,0,0,0
-1.0,earth_high,3,1,8,1.0,49,1,20.0,45.0,3,leo_commit,leo,1502,0,0,0,1,1,0,0,0,0.230155,1,1,0,0,0,0
-1.0,earth_high,3,1,8,1.0,50,1,20.0,45.0,3,leo_commit,leo,1502,0,0,0,1,1,0,0,0,0.251806,1,1,0,0,0,0
-1.0,earth_high,3,1,8,1.0,51,1,20.0,45.0,3,leo_commit,leo,1502,0,0,0,1,1,0,0,0,0.260398,1,1,0,0,0,0
-1.0,earth_high,3,1,8,1.0,52,1,20.0,45.0,3,leo_commit,leo,1502,0,0,0,1,1,0,0,0,0.251718,1,1,0,0,0,0
-1.0,earth_high,3,1,8,1.0,53,1,20.0,45.0,3,leo_commit,leo,1502,0,0,0,1,1,0,0,0,0.231496,1,1,0,0,0,0
-1.0,earth_high,3,1,8,1.0,54,1,20.0,45.0,3,leo_commit,leo,1502,0,0,0,1,1,0,0,0,0.228098,1,1,0,0,0,0
-1.0,earth_high,3,1,8,1.0,55,1,20.0,45.0,3,leo_commit,leo,1502,0,0,0,1,1,0,0,0,0.226755,1,1,0,0,0,0
-1.0,earth_high,3,1,8,1.0,56,1,20.0,45.0,3,leo_commit,leo,1502,0,0,0,1,1,0,0,0,0.237196,1,1,0,0,0,0
-1.0,earth_high,3,1,8,1.0,57,1,20.0,45.0,3,leo_commit,leo,1502,0,0,0,1,1,0,0,0,0.246444,1,1,0,0,0,0
-1.0,earth_high,3,1,8,1.0,58,1,20.0,45.0,3,leo_commit,leo,1502,0,0,0,1,1,0,0,0,0.251694,1,1,0,0,0,0
-1.0,earth_high,3,1,8,1.0,59,1,20.0,45.0,3,leo_commit,leo,1502,0,0,0,1,1,0,0,0,0.252589,1,1,0,0,0,0
-0.5,earth_high,3,1,8,1.0,40,1,20.0,45.0,3,leo_commit,leo,1502,0,0,0,1,1,0,0,0,0.238118,1,1,0,0,0,0
-0.5,earth_high,3,1,8,1.0,41,1,20.0,45.0,3,leo_commit,leo,1502,0,0,0,1,1,0,0,0,0.236649,1,1,0,0,0,0
-0.5,earth_high,3,1,8,1.0,42,1,20.0,45.0,3,leo_commit,leo,1502,0,0,0,1,1,0,0,0,0.239794,1,1,0,0,0,0
-0.5,earth_high,3,1,8,1.0,43,1,20.0,45.0,3,leo_commit,leo,1502,0,0,0,1,1,0,0,0,0.228766,1,1,0,0,0,0
-0.5,earth_high,3,1,8,1.0,44,1,20.0,45.0,3,leo_commit,leo,1502,0,0,0,1,1,0,0,0,0.234743,1,1,0,0,0,0
-0.5,earth_high,3,1,8,1.0,45,1,20.0,45.0,3,leo_commit,leo,1502,0,0,0,1,1,0,0,0,0.247890,1,1,0,0,0,0
-0.5,earth_high,3,1,8,1.0,46,1,20.0,45.0,3,leo_commit,leo,1502,0,0,0,1,1,0,0,0,0.236342,1,1,0,0,0,0
-0.5,earth_high,3,1,8,1.0,47,1,20.0,45.0,3,leo_commit,leo,1502,0,0,0,1,1,0,0,0,0.244710,1,1,0,0,0,0
-0.5,earth_high,3,1,8,1.0,48,1,20.0,45.0,3,leo_commit,leo,1502,0,0,0,1,1,0,0,0,0.242545,1,1,0,0,0,0
-0.5,earth_high,3,1,8,1.0,49,1,20.0,45.0,3,leo_commit,leo,1502,0,0,0,1,1,0,0,0,0.230155,1,1,0,0,0,0
-0.5,earth_high,3,1,8,1.0,50,1,20.0,45.0,3,leo_commit,leo,1502,0,0,0,1,1,0,0,0,0.251806,1,1,0,0,0,0
-0.5,earth_high,3,1,8,1.0,51,1,20.0,45.0,3,leo_commit,leo,1502,0,0,0,1,1,0,0,0,0.260398,1,1,0,0,0,0
-0.5,earth_high,3,1,8,1.0,52,1,20.0,45.0,3,leo_commit,leo,1502,0,0,0,1,1,0,0,0,0.251718,1,1,0,0,0,0
-0.5,earth_high,3,1,8,1.0,53,1,20.0,45.0,3,leo_commit,leo,1502,0,0,0,1,1,0,0,0,0.231496,1,1,0,0,0,0
-0.5,earth_high,3,1,8,1.0,54,1,20.0,45.0,3,leo_commit,leo,1502,0,0,0,1,1,0,0,0,0.228098,1,1,0,0,0,0
-0.5,earth_high,3,1,8,1.0,55,1,20.0,45.0,3,leo_commit,leo,1502,0,0,0,1,1,0,0,0,0.226755,1,1,0,0,0,0
-0.5,earth_high,3,1,8,1.0,56,1,20.0,45.0,3,leo_commit,leo,1502,0,0,0,1,1,0,0,0,0.237196,1,1,0,0,0,0
-0.5,earth_high,3,1,8,1.0,57,1,20.0,45.0,3,leo_commit,leo,1502,0,0,0,1,1,0,0,0,0.246444,1,1,0,0,0,0
-0.5,earth_high,3,1,8,1.0,58,1,20.0,45.0,3,leo_commit,leo,1502,0,0,0,1,1,0,0,0,0.251694,1,1,0,0,0,0
-0.5,earth_high,3,1,8,1.0,59,1,20.0,45.0,3,leo_commit,leo,1502,0,0,0,1,1,0,0,0,0.252589,1,1,0,0,0,0
-0.2,earth_high,3,1,8,1.0,40,1,20.0,45.0,3,leo_commit,leo,1502,0,0,0,1,1,0,0,0,0.238118,1,1,0,0,0,0
-0.2,earth_high,3,1,8,1.0,41,1,20.0,45.0,3,leo_commit,leo,1502,0,0,0,1,1,0,0,0,0.236649,1,1,0,0,0,0
-0.2,earth_high,3,1,8,1.0,42,1,20.0,45.0,3,leo_commit,leo,1502,0,0,0,1,1,0,0,0,0.239794,1,1,0,0,0,0
-0.2,earth_high,3,1,8,1.0,43,1,20.0,45.0,3,leo_commit,leo,1502,0,0,0,1,1,0,0,0,0.228766,1,1,0,0,0,0
-0.2,earth_high,3,1,8,1.0,44,1,20.0,45.0,3,leo_commit,leo,1502,0,0,0,1,1,0,0,0,0.234743,1,1,0,0,0,0
-0.2,earth_high,3,1,8,1.0,45,1,20.0,45.0,3,leo_commit,leo,1502,0,0,0,1,1,0,0,0,0.247890,1,1,0,0,0,0
-0.2,earth_high,3,1,8,1.0,46,1,20.0,45.0,3,leo_commit,leo,1502,0,0,0,1,1,0,0,0,0.236342,1,1,0,0,0,0
-0.2,earth_high,3,1,8,1.0,47,1,20.0,45.0,3,leo_commit,leo,1502,0,0,0,1,1,0,0,0,0.244710,1,1,0,0,0,0
-0.2,earth_high,3,1,8,1.0,48,1,20.0,45.0,3,leo_commit,leo,1502,0,0,0,1,1,0,0,0,0.242545,1,1,0,0,0,0
-0.2,earth_high,3,1,8,1.0,49,1,20.0,45.0,3,leo_commit,leo,1502,0,0,0,1,1,0,0,0,0.230155,1,1,0,0,0,0
-0.2,earth_high,3,1,8,1.0,50,1,20.0,45.0,3,leo_commit,leo,1502,0,0,0,1,1,0,0,0,0.251806,1,1,0,0,0,0
-0.2,earth_high,3,1,8,1.0,51,1,20.0,45.0,3,leo_commit,leo,1502,0,0,0,1,1,0,0,0,0.260398,1,1,0,0,0,0
-0.2,earth_high,3,1,8,1.0,52,1,20.0,45.0,3,leo_commit,leo,1502,0,0,0,1,1,0,0,0,0.251718,1,1,0,0,0,0
-0.2,earth_high,3,1,8,1.0,53,1,20.0,45.0,3,leo_commit,leo,1502,0,0,0,1,1,0,0,0,0.231496,1,1,0,0,0,0
-0.2,earth_high,3,1,8,1.0,54,1,20.0,45.0,3,leo_commit,leo,1502,0,0,0,1,1,0,0,0,0.228098,1,1,0,0,0,0
-0.2,earth_high,3,1,8,1.0,55,1,20.0,45.0,3,leo_commit,leo,1502,0,0,0,1,1,0,0,0,0.226755,1,1,0,0,0,0
-0.2,earth_high,3,1,8,1.0,56,1,20.0,45.0,3,leo_commit,leo,1502,0,0,0,1,1,0,0,0,0.237196,1,1,0,0,0,0
-0.2,earth_high,3,1,8,1.0,57,1,20.0,45.0,3,leo_commit,leo,1502,0,0,0,1,1,0,0,0,0.246444,1,1,0,0,0,0
-0.2,earth_high,3,1,8,1.0,58,1,20.0,45.0,3,leo_commit,leo,1502,0,0,0,1,1,0,0,0,0.251694,1,1,0,0,0,0
-0.2,earth_high,3,1,8,1.0,59,1,20.0,45.0,3,leo_commit,leo,1502,0,0,0,1,1,0,0,0,0.252589,1,1,0,0,0,0
-0.05,earth_high,3,1,8,1.0,40,1,20.0,45.0,3,earth_commit,earth,2501,1,0,1,1,1,0,0,0,0.238118,1,2,1,0,3,1
-0.05,earth_high,3,1,8,1.0,41,1,20.0,45.0,3,leo_commit,leo,2501,1,0,1,1,1,0,0,0,0.236649,1,2,1,0,2,1
-0.05,earth_high,3,1,8,1.0,42,1,20.0,45.0,3,leo_commit,leo,2501,1,0,1,1,1,0,0,0,0.239794,1,2,1,0,1,1
-0.05,earth_high,3,1,8,1.0,43,1,20.0,45.0,3,leo_commit,leo,2501,1,0,1,1,1,0,0,0,0.228766,1,2,1,0,2,1
-0.05,earth_high,3,1,8,1.0,44,1,20.0,45.0,3,leo_commit,leo,2501,1,0,1,1,1,0,0,0,0.234743,1,2,1,0,1,1
-0.05,earth_high,3,1,8,1.0,45,1,20.0,45.0,3,leo_commit,leo,2501,1,0,1,1,1,0,0,0,0.247890,1,2,1,0,1,1
-0.05,earth_high,3,1,8,1.0,46,1,20.0,45.0,3,leo_commit,leo,2501,1,0,1,1,1,0,0,0,0.236342,1,2,1,0,2,1
-0.05,earth_high,3,1,8,1.0,47,1,20.0,45.0,3,earth_commit,earth,2501,1,0,1,1,1,0,0,0,0.244710,1,2,1,0,3,1
-0.05,earth_high,3,1,8,1.0,48,1,20.0,45.0,3,leo_commit,leo,2501,1,0,1,1,1,0,0,0,0.242545,1,2,1,0,2,1
-0.05,earth_high,3,1,8,1.0,49,1,20.0,45.0,3,leo_commit,leo,2501,1,0,1,1,1,0,0,0,0.230155,1,2,1,0,1,1
-0.05,earth_high,3,1,8,1.0,50,1,20.0,45.0,3,earth_commit,earth,2501,1,0,1,1,1,0,0,0,0.251806,1,2,1,0,3,1
-0.05,earth_high,3,1,8,1.0,51,1,20.0,45.0,3,earth_commit,earth,2501,1,0,1,1,1,0,0,0,0.260398,1,2,1,0,3,1
-0.05,earth_high,3,1,8,1.0,52,1,20.0,45.0,3,earth_commit,earth,2501,1,0,1,1,1,0,0,0,0.251718,1,2,1,0,3,1
-0.05,earth_high,3,1,8,1.0,53,1,20.0,45.0,3,earth_commit,earth,2501,1,0,1,1,1,0,0,0,0.231496,1,2,1,0,3,1
-0.05,earth_high,3,1,8,1.0,54,1,20.0,45.0,3,leo_commit,leo,2501,1,0,1,1,1,0,0,0,0.228098,1,2,1,0,1,1
-0.05,earth_high,3,1,8,1.0,55,1,20.0,45.0,3,leo_commit,leo,2501,1,0,1,1,1,0,0,0,0.226755,1,2,1,0,1,1
-0.05,earth_high,3,1,8,1.0,56,1,20.0,45.0,3,leo_commit,leo,2501,1,0,1,1,1,0,0,0,0.237196,1,2,1,0,1,1
-0.05,earth_high,3,1,8,1.0,57,1,20.0,45.0,3,leo_commit,leo,2501,1,0,1,1,1,0,0,0,0.246444,1,2,1,0,1,1
-0.05,earth_high,3,1,8,1.0,58,1,20.0,45.0,3,leo_commit,leo,2501,1,0,1,1,1,0,0,0,0.251694,1,2,1,0,1,1
-0.05,earth_high,3,1,8,1.0,59,1,20.0,45.0,3,earth_commit,earth,2501,1,0,1,1,1,0,0,0,0.252589,1,2,1,0,3,1
0.05,earth_high,3,1,8,1.0,40,1,20.0,45.0,3,earth_commit,earth,2501,1,0,1,1,1,0,0,0,0.238118,1,1,0,4,0,1
0.05,earth_high,3,1,8,1.0,41,1,20.0,45.0,3,earth_commit,earth,2501,1,0,1,1,1,0,0,0,0.236649,1,1,0,4,0,1
0.05,earth_high,3,1,8,1.0,42,1,20.0,45.0,3,earth_commit,earth,2501,1,0,1,1,1,0,0,0,0.239794,1,1,0,4,0,1
0.05,earth_high,3,1,8,1.0,43,1,20.0,45.0,3,earth_commit,earth,2501,1,0,1,1,1,0,0,0,0.228766,1,1,0,4,0,1
0.05,earth_high,3,1,8,1.0,44,1,20.0,45.0,3,earth_commit,earth,2501,1,0,1,1,1,0,0,0,0.234743,1,1,0,4,0,1
0.05,earth_high,3,1,8,1.0,45,1,20.0,45.0,3,earth_commit,earth,2501,1,0,1,1,1,0,0,0,0.247890,1,1,0,4,0,1
0.05,earth_high,3,1,8,1.0,46,1,20.0,45.0,3,earth_commit,earth,2501,1,0,1,1,1,0,0,0,0.236342,1,1,0,4,0,1
0.05,earth_high,3,1,8,1.0,47,1,20.0,45.0,3,earth_commit,earth,2501,1,0,1,1,1,0,0,0,0.244710,1,1,0,4,0,1
0.05,earth_high,3,1,8,1.0,48,1,20.0,45.0,3,earth_commit,earth,2501,1,0,1,1,1,0,0,0,0.242545,1,1,0,4,0,1
0.05,earth_high,3,1,8,1.0,49,1,20.0,45.0,3,earth_commit,earth,2501,1,0,1,1,1,0,0,0,0.230155,1,1,0,3,0,1
0.05,earth_high,3,1,8,1.0,50,1,20.0,45.0,3,earth_commit,earth,2501,1,0,1,1,1,0,0,0,0.251806,1,1,0,4,0,1
0.05,earth_high,3,1,8,1.0,51,1,20.0,45.0,3,earth_commit,earth,2501,1,0,1,1,1,0,0,0,0.260398,1,1,0,4,0,1
0.05,earth_high,3,1,8,1.0,52,1,20.0,45.0,3,earth_commit,earth,2501,1,0,1,1,1,0,0,0,0.251718,1,1,0,4,0,1
0.05,earth_high,3,1,8,1.0,53,1,20.0,45.0,3,earth_commit,earth,2501,1,0,1,1,1,0,0,0,0.231496,1,1,0,4,0,1
0.05,earth_high,3,1,8,1.0,54,1,20.0,45.0,3,earth_commit,earth,2501,1,0,1,1,1,0,0,0,0.228098,1,1,0,3,0,1
0.05,earth_high,3,1,8,1.0,55,1,20.0,45.0,3,earth_commit,earth,2501,1,0,1,1,1,0,0,0,0.226755,1,1,0,4,0,1
0.05,earth_high,3,1,8,1.0,56,1,20.0,45.0,3,earth_commit,earth,2501,1,0,1,1,1,0,0,0,0.237196,1,1,0,4,0,1
0.05,earth_high,3,1,8,1.0,57,1,20.0,45.0,3,earth_commit,earth,2501,1,0,1,1,1,0,0,0,0.246444,1,1,0,4,0,1
0.05,earth_high,3,1,8,1.0,58,1,20.0,45.0,3,earth_commit,earth,2501,1,0,1,1,1,0,0,0,0.251694,1,1,0,4,0,1
0.05,earth_high,3,1,8,1.0,59,1,20.0,45.0,3,earth_commit,earth,2501,1,0,1,1,1,0,0,0,0.252589,1,1,0,4,0,1
0.2,earth_high,3,1,8,1.0,40,1,20.0,45.0,3,earth_commit,earth,2501,1,0,1,1,1,0,0,0,0.238118,1,1,0,4,0,1
0.2,earth_high,3,1,8,1.0,41,1,20.0,45.0,3,earth_commit,earth,2501,1,0,1,1,1,0,0,0,0.236649,1,1,0,4,0,1
0.2,earth_high,3,1,8,1.0,42,1,20.0,45.0,3,earth_commit,earth,2501,1,0,1,1,1,0,0,0,0.239794,1,1,0,4,0,1
0.2,earth_high,3,1,8,1.0,43,1,20.0,45.0,3,earth_commit,earth,2501,1,0,1,1,1,0,0,0,0.228766,1,1,0,4,0,1
0.2,earth_high,3,1,8,1.0,44,1,20.0,45.0,3,earth_commit,earth,2501,1,0,1,1,1,0,0,0,0.234743,1,1,0,4,0,1
0.2,earth_high,3,1,8,1.0,45,1,20.0,45.0,3,earth_commit,earth,2501,1,0,1,1,1,0,0,0,0.247890,1,1,0,4,0,1
0.2,earth_high,3,1,8,1.0,46,1,20.0,45.0,3,earth_commit,earth,2501,1,0,1,1,1,0,0,0,0.236342,1,1,0,4,0,1
0.2,earth_high,3,1,8,1.0,47,1,20.0,45.0,3,earth_commit,earth,2501,1,0,1,1,1,0,0,0,0.244710,1,1,0,4,0,1
0.2,earth_high,3,1,8,1.0,48,1,20.0,45.0,3,earth_commit,earth,2501,1,0,1,1,1,0,0,0,0.242545,1,1,0,4,0,1
0.2,earth_high,3,1,8,1.0,49,1,20.0,45.0,3,earth_commit,earth,2501,1,0,1,1,1,0,0,0,0.230155,1,1,0,4,0,1
0.2,earth_high,3,1,8,1.0,50,1,20.0,45.0,3,earth_commit,earth,2501,1,0,1,1,1,0,0,0,0.251806,1,1,0,4,0,1
0.2,earth_high,3,1,8,1.0,51,1,20.0,45.0,3,earth_commit,earth,2501,1,0,1,1,1,0,0,0,0.260398,1,1,0,4,0,1
0.2,earth_high,3,1,8,1.0,52,1,20.0,45.0,3,earth_commit,earth,2501,1,0,1,1,1,0,0,0,0.251718,1,1,0,4,0,1
0.2,earth_high,3,1,8,1.0,53,1,20.0,45.0,3,earth_commit,earth,2501,1,0,1,1,1,0,0,0,0.231496,1,1,0,4,0,1
0.2,earth_high,3,1,8,1.0,54,1,20.0,45.0,3,earth_commit,earth,2501,1,0,1,1,1,0,0,0,0.228098,1,1,0,4,0,1
0.2,earth_high,3,1,8,1.0,55,1,20.0,45.0,3,earth_commit,earth,2501,1,0,1,1,1,0,0,0,0.226755,1,1,0,4,0,1
0.2,earth_high,3,1,8,1.0,56,1,20.0,45.0,3,earth_commit,earth,2501,1,0,1,1,1,0,0,0,0.237196,1,1,0,4,0,1
0.2,earth_high,3,1,8,1.0,57,1,20.0,45.0,3,earth_commit,earth,2501,1,0,1,1,1,0,0,0,0.246444,1,1,0,4,0,1
0.2,earth_high,3,1,8,1.0,58,1,20.0,45.0,3,earth_commit,earth,2501,1,0,1,1,1,0,0,0,0.251694,1,1,0,4,0,1
0.2,earth_high,3,1,8,1.0,59,1,20.0,45.0,3,earth_commit,earth,2501,1,0,1,1,1,0,0,0,0.252589,1,1,0,4,0,1
0.5,earth_high,3,1,8,1.0,40,1,20.0,45.0,3,earth_commit,earth,2501,0,0,1,1,1,0,0,0,0.238118,1,1,0,4,0,1
0.5,earth_high,3,1,8,1.0,41,1,20.0,45.0,3,earth_commit,earth,2501,0,0,1,1,1,0,0,0,0.236649,1,1,0,4,0,1
0.5,earth_high,3,1,8,1.0,42,1,20.0,45.0,3,earth_commit,earth,2501,0,0,1,1,1,0,0,0,0.239794,1,1,0,4,0,1
0.5,earth_high,3,1,8,1.0,43,1,20.0,45.0,3,earth_commit,earth,2501,0,0,1,1,1,0,0,0,0.228766,1,1,0,4,0,1
0.5,earth_high,3,1,8,1.0,44,1,20.0,45.0,3,earth_commit,earth,2501,0,0,1,1,1,0,0,0,0.234743,1,1,0,4,0,1
0.5,earth_high,3,1,8,1.0,45,1,20.0,45.0,3,earth_commit,earth,2501,0,0,1,1,1,0,0,0,0.247890,1,1,0,4,0,1
0.5,earth_high,3,1,8,1.0,46,1,20.0,45.0,3,earth_commit,earth,2501,0,0,1,1,1,0,0,0,0.236342,1,1,0,4,0,1
0.5,earth_high,3,1,8,1.0,47,1,20.0,45.0,3,earth_commit,earth,2501,0,0,1,1,1,0,0,0,0.244710,1,1,0,4,0,1
0.5,earth_high,3,1,8,1.0,48,1,20.0,45.0,3,earth_commit,earth,2501,0,0,1,1,1,0,0,0,0.242545,1,1,0,4,0,1
0.5,earth_high,3,1,8,1.0,49,1,20.0,45.0,3,earth_commit,earth,2501,0,0,1,1,1,0,0,0,0.230155,1,1,0,4,0,1
0.5,earth_high,3,1,8,1.0,50,1,20.0,45.0,3,earth_commit,earth,2501,0,0,1,1,1,0,0,0,0.251806,1,1,0,4,0,1
0.5,earth_high,3,1,8,1.0,51,1,20.0,45.0,3,earth_commit,earth,2501,0,0,1,1,1,0,0,0,0.260398,1,1,0,4,0,1
0.5,earth_high,3,1,8,1.0,52,1,20.0,45.0,3,earth_commit,earth,2501,0,0,1,1,1,0,0,0,0.251718,1,1,0,4,0,1
0.5,earth_high,3,1,8,1.0,53,1,20.0,45.0,3,earth_commit,earth,2501,0,0,1,1,1,0,0,0,0.231496,1,1,0,4,0,1
0.5,earth_high,3,1,8,1.0,54,1,20.0,45.0,3,earth_commit,earth,2501,0,0,1,1,1,0,0,0,0.228098,1,1,0,4,0,1
0.5,earth_high,3,1,8,1.0,55,1,20.0,45.0,3,earth_commit,earth,2501,0,0,1,1,1,0,0,0,0.226755,1,1,0,4,0,1
0.5,earth_high,3,1,8,1.0,56,1,20.0,45.0,3,earth_commit,earth,2501,0,0,1,1,1,0,0,0,0.237196,1,1,0,4,0,1
0.5,earth_high,3,1,8,1.0,57,1,20.0,45.0,3,earth_commit,earth,2501,0,0,1,1,1,0,0,0,0.246444,1,1,0,4,0,1
0.5,earth_high,3,1,8,1.0,58,1,20.0,45.0,3,earth_commit,earth,2501,0,0,1,1,1,0,0,0,0.251694,1,1,0,4,0,1
0.5,earth_high,3,1,8,1.0,59,1,20.0,45.0,3,earth_commit,earth,2501,0,0,1,1,1,0,0,0,0.252589,1,1,0,4,0,1
1.0,earth_high,3,1,8,1.0,40,1,20.0,45.0,3,earth_commit,earth,2501,0,0,1,1,1,0,0,0,0.238118,1,1,0,4,0,1
1.0,earth_high,3,1,8,1.0,41,1,20.0,45.0,3,earth_commit,earth,2501,0,0,1,1,1,0,0,0,0.236649,1,1,0,4,0,1
1.0,earth_high,3,1,8,1.0,42,1,20.0,45.0,3,earth_commit,earth,2501,0,0,1,1,1,0,0,0,0.239794,1,1,0,4,0,1
1.0,earth_high,3,1,8,1.0,43,1,20.0,45.0,3,earth_commit,earth,2501,0,0,1,1,1,0,0,0,0.228766,1,1,0,4,0,1
1.0,earth_high,3,1,8,1.0,44,1,20.0,45.0,3,earth_commit,earth,2501,0,0,1,1,1,0,0,0,0.234743,1,1,0,4,0,1
1.0,earth_high,3,1,8,1.0,45,1,20.0,45.0,3,earth_commit,earth,2501,0,0,1,1,1,0,0,0,0.247890,1,1,0,4,0,1
1.0,earth_high,3,1,8,1.0,46,1,20.0,45.0,3,earth_commit,earth,2501,0,0,1,1,1,0,0,0,0.236342,1,1,0,4,0,1
1.0,earth_high,3,1,8,1.0,47,1,20.0,45.0,3,earth_commit,earth,2501,0,0,1,1,1,0,0,0,0.244710,1,1,0,4,0,1
1.0,earth_high,3,1,8,1.0,48,1,20.0,45.0,3,earth_commit,earth,2501,0,0,1,1,1,0,0,0,0.242545,1,1,0,4,0,1
1.0,earth_high,3,1,8,1.0,49,1,20.0,45.0,3,earth_commit,earth,2501,0,0,1,1,1,0,0,0,0.230155,1,1,0,4,0,1
1.0,earth_high,3,1,8,1.0,50,1,20.0,45.0,3,earth_commit,earth,2501,0,0,1,1,1,0,0,0,0.251806,1,1,0,4,0,1
1.0,earth_high,3,1,8,1.0,51,1,20.0,45.0,3,earth_commit,earth,2501,0,0,1,1,1,0,0,0,0.260398,1,1,0,4,0,1
1.0,earth_high,3,1,8,1.0,52,1,20.0,45.0,3,earth_commit,earth,2501,0,0,1,1,1,0,0,0,0.251718,1,1,0,4,0,1
1.0,earth_high,3,1,8,1.0,53,1,20.0,45.0,3,earth_commit,earth,2501,0,0,1,1,1,0,0,0,0.231496,1,1,0,4,0,1
1.0,earth_high,3,1,8,1.0,54,1,20.0,45.0,3,earth_commit,earth,2501,0,0,1,1,1,0,0,0,0.228098,1,1,0,4,0,1
1.0,earth_high,3,1,8,1.0,55,1,20.0,45.0,3,earth_commit,earth,2501,0,0,1,1,1,0,0,0,0.226755,1,1,0,4,0,1
1.0,earth_high,3,1,8,1.0,56,1,20.0,45.0,3,earth_commit,earth,2501,0,0,1,1,1,0,0,0,0.237196,1,1,0,4,0,1
1.0,earth_high,3,1,8,1.0,57,1,20.0,45.0,3,earth_commit,earth,2501,0,0,1,1,1,0,0,0,0.246444,1,1,0,4,0,1
1.0,earth_high,3,1,8,1.0,58,1,20.0,45.0,3,earth_commit,earth,2501,0,0,1,1,1,0,0,0,0.251694,1,1,0,4,0,1
1.0,earth_high,3,1,8,1.0,59,1,20.0,45.0,3,earth_commit,earth,2501,0,0,1,1,1,0,0,0,0.252589,1,1,0,4,0,1
2.0,earth_high,3,1,8,1.0,40,1,20.0,45.0,3,earth_commit,earth,2501,0,0,1,1,1,0,0,0,0.238118,1,1,0,4,0,1
2.0,earth_high,3,1,8,1.0,41,1,20.0,45.0,3,earth_commit,earth,2501,0,0,1,1,1,0,0,0,0.236649,1,1,0,4,0,1
2.0,earth_high,3,1,8,1.0,42,1,20.0,45.0,3,earth_commit,earth,2501,0,0,1,1,1,0,0,0,0.239794,1,1,0,4,0,1
2.0,earth_high,3,1,8,1.0,43,1,20.0,45.0,3,earth_commit,earth,2501,0,0,1,1,1,0,0,0,0.228766,1,1,0,4,0,1
2.0,earth_high,3,1,8,1.0,44,1,20.0,45.0,3,earth_commit,earth,2501,0,0,1,1,1,0,0,0,0.234743,1,1,0,4,0,1
2.0,earth_high,3,1,8,1.0,45,1,20.0,45.0,3,earth_commit,earth,2501,0,0,1,1,1,0,0,0,0.247890,1,1,0,4,0,1
2.0,earth_high,3,1,8,1.0,46,1,20.0,45.0,3,earth_commit,earth,2501,0,0,1,1,1,0,0,0,0.236342,1,1,0,4,0,1
2.0,earth_high,3,1,8,1.0,47,1,20.0,45.0,3,earth_commit,earth,2501,0,0,1,1,1,0,0,0,0.244710,1,1,0,4,0,1
2.0,earth_high,3,1,8,1.0,48,1,20.0,45.0,3,earth_commit,earth,2501,0,0,1,1,1,0,0,0,0.242545,1,1,0,4,0,1
2.0,earth_high,3,1,8,1.0,49,1,20.0,45.0,3,earth_commit,earth,2501,0,0,1,1,1,0,0,0,0.230155,1,1,0,4,0,1
2.0,earth_high,3,1,8,1.0,50,1,20.0,45.0,3,earth_commit,earth,2501,0,0,1,1,1,0,0,0,0.251806,1,1,0,4,0,1
2.0,earth_high,3,1,8,1.0,51,1,20.0,45.0,3,earth_commit,earth,2501,0,0,1,1,1,0,0,0,0.260398,1,1,0,4,0,1
2.0,earth_high,3,1,8,1.0,52,1,20.0,45.0,3,earth_commit,earth,2501,0,0,1,1,1,0,0,0,0.251718,1,1,0,4,0,1
2.0,earth_high,3,1,8,1.0,53,1,20.0,45.0,3,earth_commit,earth,2501,0,0,1,1,1,0,0,0,0.231496,1,1,0,4,0,1
2.0,earth_high,3,1,8,1.0,54,1,20.0,45.0,3,earth_commit,earth,2501,0,0,1,1,1,0,0,0,0.228098,1,1,0,4,0,1
2.0,earth_high,3,1,8,1.0,55,1,20.0,45.0,3,earth_commit,earth,2501,0,0,1,1,1,0,0,0,0.226755,1,1,0,4,0,1
2.0,earth_high,3,1,8,1.0,56,1,20.0,45.0,3,earth_commit,earth,2501,0,0,1,1,1,0,0,0,0.237196,1,1,0,4,0,1
2.0,earth_high,3,1,8,1.0,57,1,20.0,45.0,3,earth_commit,earth,2501,0,0,1,1,1,0,0,0,0.246444,1,1,0,4,0,1
2.0,earth_high,3,1,8,1.0,58,1,20.0,45.0,3,earth_commit,earth,2501,0,0,1,1,1,0,0,0,0.251694,1,1,0,4,0,1
2.0,earth_high,3,1,8,1.0,59,1,20.0,45.0,3,earth_commit,earth,2501,0,0,1,1,1,0,0,0,0.252589,1,1,0,4,0,1
30.0,earth_high,3,1,8,1.0,40,1,20.0,45.0,3,earth_commit,earth,2501,0,0,1,1,1,0,0,0,0.238118,1,1,0,4,0,1
30.0,earth_high,3,1,8,1.0,41,1,20.0,45.0,3,earth_commit,earth,2501,0,0,1,1,1,0,0,0,0.236649,1,1,0,4,0,1
30.0,earth_high,3,1,8,1.0,42,1,20.0,45.0,3,earth_commit,earth,2501,0,0,1,1,1,0,0,0,0.239794,1,1,0,4,0,1
30.0,earth_high,3,1,8,1.0,43,1,20.0,45.0,3,earth_commit,earth,2501,0,0,1,1,1,0,0,0,0.228766,1,1,0,4,0,1
30.0,earth_high,3,1,8,1.0,44,1,20.0,45.0,3,earth_commit,earth,2501,0,0,1,1,1,0,0,0,0.234743,1,1,0,4,0,1
30.0,earth_high,3,1,8,1.0,45,1,20.0,45.0,3,earth_commit,earth,2501,0,0,1,1,1,0,0,0,0.247890,1,1,0,4,0,1
30.0,earth_high,3,1,8,1.0,46,1,20.0,45.0,3,earth_commit,earth,2501,0,0,1,1,1,0,0,0,0.236342,1,1,0,4,0,1
30.0,earth_high,3,1,8,1.0,47,1,20.0,45.0,3,earth_commit,earth,2501,0,0,1,1,1,0,0,0,0.244710,1,1,0,4,0,1
30.0,earth_high,3,1,8,1.0,48,1,20.0,45.0,3,earth_commit,earth,2501,0,0,1,1,1,0,0,0,0.242545,1,1,0,4,0,1
30.0,earth_high,3,1,8,1.0,49,1,20.0,45.0,3,earth_commit,earth,2501,0,0,1,1,1,0,0,0,0.230155,1,1,0,4,0,1
30.0,earth_high,3,1,8,1.0,50,1,20.0,45.0,3,earth_commit,earth,2501,0,0,1,1,1,0,0,0,0.251806,1,1,0,4,0,1
30.0,earth_high,3,1,8,1.0,51,1,20.0,45.0,3,earth_commit,earth,2501,0,0,1,1,1,0,0,0,0.260398,1,1,0,4,0,1
30.0,earth_high,3,1,8,1.0,52,1,20.0,45.0,3,earth_commit,earth,2501,0,0,1,1,1,0,0,0,0.251718,1,1,0,4,0,1
30.0,earth_high,3,1,8,1.0,53,1,20.0,45.0,3,earth_commit,earth,2501,0,0,1,1,1,0,0,0,0.231496,1,1,0,4,0,1
30.0,earth_high,3,1,8,1.0,54,1,20.0,45.0,3,earth_commit,earth,2501,0,0,1,1,1,0,0,0,0.228098,1,1,0,4,0,1
30.0,earth_high,3,1,8,1.0,55,1,20.0,45.0,3,earth_commit,earth,2501,0,0,1,1,1,0,0,0,0.226755,1,1,0,4,0,1
30.0,earth_high,3,1,8,1.0,56,1,20.0,45.0,3,earth_commit,earth,2501,0,0,1,1,1,0,0,0,0.237196,1,1,0,4,0,1
30.0,earth_high,3,1,8,1.0,57,1,20.0,45.0,3,earth_commit,earth,2501,0,0,1,1,1,0,0,0,0.246444,1,1,0,4,0,1
30.0,earth_high,3,1,8,1.0,58,1,20.0,45.0,3,earth_commit,earth,2501,0,0,1,1,1,0,0,0,0.251694,1,1,0,4,0,1
30.0,earth_high,3,1,8,1.0,59,1,20.0,45.0,3,earth_commit,earth,2501,0,0,1,1,1,0,0,0,0.252589,1,1,0,4,0,1
90.0,earth_high,3,1,8,1.0,40,1,20.0,45.0,3,earth_commit,earth,2501,0,0,1,1,1,0,0,0,0.238118,1,1,0,4,0,1
90.0,earth_high,3,1,8,1.0,41,1,20.0,45.0,3,earth_commit,earth,2501,0,0,1,1,1,0,0,0,0.236649,1,1,0,4,0,1
90.0,earth_high,3,1,8,1.0,42,1,20.0,45.0,3,earth_commit,earth,2501,0,0,1,1,1,0,0,0,0.239794,1,1,0,4,0,1
90.0,earth_high,3,1,8,1.0,43,1,20.0,45.0,3,earth_commit,earth,2501,0,0,1,1,1,0,0,0,0.228766,1,1,0,4,0,1
90.0,earth_high,3,1,8,1.0,44,1,20.0,45.0,3,earth_commit,earth,2501,0,0,1,1,1,0,0,0,0.234743,1,1,0,4,0,1
90.0,earth_high,3,1,8,1.0,45,1,20.0,45.0,3,earth_commit,earth,2501,0,0,1,1,1,0,0,0,0.247890,1,1,0,4,0,1
90.0,earth_high,3,1,8,1.0,46,1,20.0,45.0,3,earth_commit,earth,2501,0,0,1,1,1,0,0,0,0.236342,1,1,0,4,0,1
90.0,earth_high,3,1,8,1.0,47,1,20.0,45.0,3,earth_commit,earth,2501,0,0,1,1,1,0,0,0,0.244710,1,1,0,4,0,1
90.0,earth_high,3,1,8,1.0,48,1,20.0,45.0,3,earth_commit,earth,2501,0,0,1,1,1,0,0,0,0.242545,1,1,0,4,0,1
90.0,earth_high,3,1,8,1.0,49,1,20.0,45.0,3,earth_commit,earth,2501,0,0,1,1,1,0,0,0,0.230155,1,1,0,4,0,1
90.0,earth_high,3,1,8,1.0,50,1,20.0,45.0,3,earth_commit,earth,2501,0,0,1,1,1,0,0,0,0.251806,1,1,0,4,0,1
90.0,earth_high,3,1,8,1.0,51,1,20.0,45.0,3,earth_commit,earth,2501,0,0,1,1,1,0,0,0,0.260398,1,1,0,4,0,1
90.0,earth_high,3,1,8,1.0,52,1,20.0,45.0,3,earth_commit,earth,2501,0,0,1,1,1,0,0,0,0.251718,1,1,0,4,0,1
90.0,earth_high,3,1,8,1.0,53,1,20.0,45.0,3,earth_commit,earth,2501,0,0,1,1,1,0,0,0,0.231496,1,1,0,4,0,1
90.0,earth_high,3,1,8,1.0,54,1,20.0,45.0,3,earth_commit,earth,2501,0,0,1,1,1,0,0,0,0.228098,1,1,0,4,0,1
90.0,earth_high,3,1,8,1.0,55,1,20.0,45.0,3,earth_commit,earth,2501,0,0,1,1,1,0,0,0,0.226755,1,1,0,4,0,1
90.0,earth_high,3,1,8,1.0,56,1,20.0,45.0,3,earth_commit,earth,2501,0,0,1,1,1,0,0,0,0.237196,1,1,0,4,0,1
90.0,earth_high,3,1,8,1.0,57,1,20.0,45.0,3,earth_commit,earth,2501,0,0,1,1,1,0,0,0,0.246444,1,1,0,4,0,1
90.0,earth_high,3,1,8,1.0,58,1,20.0,45.0,3,earth_commit,earth,2501,0,0,1,1,1,0,0,0,0.251694,1,1,0,4,0,1
90.0,earth_high,3,1,8,1.0,59,1,20.0,45.0,3,earth_commit,earth,2501,0,0,1,1,1,0,0,0,0.252589,1,1,0,4,0,1
-10.0,earth_high,3,5,8,1.0,40,1,20.0,45.0,3,leo_commit,leo,1502,0,0,0,1,1,0,0,0,0.238118,1,1,0,0,0,0
-10.0,earth_high,3,5,8,1.0,41,1,20.0,45.0,3,leo_commit,leo,1502,0,0,0,1,1,0,0,0,0.236649,1,1,0,0,0,0
-10.0,earth_high,3,5,8,1.0,42,1,20.0,45.0,3,leo_commit,leo,1502,0,0,0,1,1,0,0,0,0.239794,1,1,0,0,0,0
-10.0,earth_high,3,5,8,1.0,43,1,20.0,45.0,3,leo_commit,leo,1502,0,0,0,1,1,0,0,0,0.228766,1,1,0,0,0,0
-10.0,earth_high,3,5,8,1.0,44,1,20.0,45.0,3,leo_commit,leo,1502,0,0,0,1,1,0,0,0,0.234743,1,1,0,0,0,0
-10.0,earth_high,3,5,8,1.0,45,1,20.0,45.0,3,leo_commit,leo,1502,0,0,0,1,1,0,0,0,0.247890,1,1,0,0,0,0
-10.0,earth_high,3,5,8,1.0,46,1,20.0,45.0,3,leo_commit,leo,1502,0,0,0,1,1,0,0,0,0.236342,1,1,0,0,0,0
-10.0,earth_high,3,5,8,1.0,47,1,20.0,45.0,3,leo_commit,leo,1502,0,0,0,1,1,0,0,0,0.244710,1,1,0,0,0,0
-10.0,earth_high,3,5,8,1.0,48,1,20.0,45.0,3,leo_commit,leo,1502,0,0,0,1,1,0,0,0,0.242545,1,1,0,0,0,0
-10.0,earth_high,3,5,8,1.0,49,1,20.0,45.0,3,leo_commit,leo,1502,0,0,0,1,1,0,0,0,0.230155,1,1,0,0,0,0
-10.0,earth_high,3,5,8,1.0,50,1,20.0,45.0,3,leo_commit,leo,1502,0,0,0,1,1,0,0,0,0.251806,1,1,0,0,0,0
-10.0,earth_high,3,5,8,1.0,51,1,20.0,45.0,3,leo_commit,leo,1502,0,0,0,1,1,0,0,0,0.260398,1,1,0,0,0,0
-10.0,earth_high,3,5,8,1.0,52,1,20.0,45.0,3,leo_commit,leo,1502,0,0,0,1,1,0,0,0,0.251718,1,1,0,0,0,0
-10.0,earth_high,3,5,8,1.0,53,1,20.0,45.0,3,leo_commit,leo,1502,0,0,0,1,1,0,0,0,0.231496,1,1,0,0,0,0
-10.0,earth_high,3,5,8,1.0,54,1,20.0,45.0,3,leo_commit,leo,1502,0,0,0,1,1,0,0,0,0.228098,1,1,0,0,0,0
-10.0,earth_high,3,5,8,1.0,55,1,20.0,45.0,3,leo_commit,leo,1502,0,0,0,1,1,0,0,0,0.226755,1,1,0,0,0,0
-10.0,earth_high,3,5,8,1.0,56,1,20.0,45.0,3,leo_commit,leo,1502,0,0,0,1,1,0,0,0,0.237196,1,1,0,0,0,0
-10.0,earth_high,3,5,8,1.0,57,1,20.0,45.0,3,leo_commit,leo,1502,0,0,0,1,1,0,0,0,0.246444,1,1,0,0,0,0
-10.0,earth_high,3,5,8,1.0,58,1,20.0,45.0,3,leo_commit,leo,1502,0,0,0,1,1,0,0,0,0.251694,1,1,0,0,0,0
-10.0,earth_high,3,5,8,1.0,59,1,20.0,45.0,3,leo_commit,leo,1502,0,0,0,1,1,0,0,0,0.252589,1,1,0,0,0,0
-5.0,earth_high,3,5,8,1.0,40,1,20.0,45.0,3,leo_commit,leo,1502,0,0,0,1,1,0,0,0,0.238118,1,1,0,0,0,0
-5.0,earth_high,3,5,8,1.0,41,1,20.0,45.0,3,leo_commit,leo,1502,0,0,0,1,1,0,0,0,0.236649,1,1,0,0,0,0
-5.0,earth_high,3,5,8,1.0,42,1,20.0,45.0,3,leo_commit,leo,1502,0,0,0,1,1,0,0,0,0.239794,1,1,0,0,0,0
-5.0,earth_high,3,5,8,1.0,43,1,20.0,45.0,3,leo_commit,leo,1502,0,0,0,1,1,0,0,0,0.228766,1,1,0,0,0,0
-5.0,earth_high,3,5,8,1.0,44,1,20.0,45.0,3,leo_commit,leo,1502,0,0,0,1,1,0,0,0,0.234743,1,1,0,0,0,0
-5.0,earth_high,3,5,8,1.0,45,1,20.0,45.0,3,leo_commit,leo,1502,0,0,0,1,1,0,0,0,0.247890,1,1,0,0,0,0
-5.0,earth_high,3,5,8,1.0,46,1,20.0,45.0,3,leo_commit,leo,1502,0,0,0,1,1,0,0,0,0.236342,1,1,0,0,0,0
-5.0,earth_high,3,5,8,1.0,47,1,20.0,45.0,3,leo_commit,leo,1502,0,0,0,1,1,0,0,0,0.244710,1,1,0,0,0,0
-5.0,earth_high,3,5,8,1.0,48,1,20.0,45.0,3,leo_commit,leo,1502,0,0,0,1,1,0,0,0,0.242545,1,1,0,0,0,0
-5.0,earth_high,3,5,8,1.0,49,1,20.0,45.0,3,leo_commit,leo,1502,0,0,0,1,1,0,0,0,0.230155,1,1,0,0,0,0
-5.0,earth_high,3,5,8,1.0,50,1,20.0,45.0,3,leo_commit,leo,1502,0,0,0,1,1,0,0,0,0.251806,1,1,0,0,0,0
-5.0,earth_high,3,5,8,1.0,51,1,20.0,45.0,3,leo_commit,leo,1502,0,0,0,1,1,0,0,0,0.260398,1,1,0,0,0,0
-5.0,earth_high,3,5,8,1.0,52,1,20.0,45.0,3,leo_commit,leo,1502,0,0,0,1,1,0,0,0,0.251718,1,1,0,0,0,0
-5.0,earth_high,3,5,8,1.0,53,1,20.0,45.0,3,leo_commit,leo,1502,0,0,0,1,1,0,0,0,0.231496,1,1,0,0,0,0
-5.0,earth_high,3,5,8,1.0,54,1,20.0,45.0,3,leo_commit,leo,1502,0,0,0,1,1,0,0,0,0.228098,1,1,0,0,0,0
-5.0,earth_high,3,5,8,1.0,55,1,20.0,45.0,3,leo_commit,leo,1502,0,0,0,1,1,0,0,0,0.226755,1,1,0,0,0,0
-5.0,earth_high,3,5,8,1.0,56,1,20.0,45.0,3,leo_commit,leo,1502,0,0,0,1,1,0,0,0,0.237196,1,1,0,0,0,0
-5.0,earth_high,3,5,8,1.0,57,1,20.0,45.0,3,leo_commit,leo,1502,0,0,0,1,1,0,0,0,0.246444,1,1,0,0,0,0
-5.0,earth_high,3,5,8,1.0,58,1,20.0,45.0,3,leo_commit,leo,1502,0,0,0,1,1,0,0,0,0.251694,1,1,0,0,0,0
-5.0,earth_high,3,5,8,1.0,59,1,20.0,45.0,3,leo_commit,leo,1502,0,0,0,1,1,0,0,0,0.252589,1,1,0,0,0,0
-2.0,earth_high,3,5,8,1.0,40,1,20.0,45.0,3,leo_commit,leo,1502,0,0,0,1,1,0,0,0,0.238118,1,1,0,0,0,0
-2.0,earth_high,3,5,8,1.0,41,1,20.0,45.0,3,leo_commit,leo,1502,0,0,0,1,1,0,0,0,0.236649,1,1,0,0,0,0
-2.0,earth_high,3,5,8,1.0,42,1,20.0,45.0,3,leo_commit,leo,1502,0,0,0,1,1,0,0,0,0.239794,1,1,0,0,0,0
-2.0,earth_high,3,5,8,1.0,43,1,20.0,45.0,3,leo_commit,leo,1502,0,0,0,1,1,0,0,0,0.228766,1,1,0,0,0,0
-2.0,earth_high,3,5,8,1.0,44,1,20.0,45.0,3,leo_commit,leo,1502,0,0,0,1,1,0,0,0,0.234743,1,1,0,0,0,0
-2.0,earth_high,3,5,8,1.0,45,1,20.0,45.0,3,leo_commit,leo,1502,0,0,0,1,1,0,0,0,0.247890,1,1,0,0,0,0
-2.0,earth_high,3,5,8,1.0,46,1,20.0,45.0,3,leo_commit,leo,1502,0,0,0,1,1,0,0,0,0.236342,1,1,0,0,0,0
-2.0,earth_high,3,5,8,1.0,47,1,20.0,45.0,3,leo_commit,leo,1502,0,0,0,1,1,0,0,0,0.244710,1,1,0,0,0,0
-2.0,earth_high,3,5,8,1.0,48,1,20.0,45.0,3,leo_commit,leo,1502,0,0,0,1,1,0,0,0,0.242545,1,1,0,0,0,0
-2.0,earth_high,3,5,8,1.0,49,1,20.0,45.0,3,leo_commit,leo,1502,0,0,0,1,1,0,0,0,0.230155,1,1,0,0,0,0
-2.0,earth_high,3,5,8,1.0,50,1,20.0,45.0,3,leo_commit,leo,1502,0,0,0,1,1,0,0,0,0.251806,1,1,0,0,0,0
-2.0,earth_high,3,5,8,1.0,51,1,20.0,45.0,3,leo_commit,leo,1502,0,0,0,1,1,0,0,0,0.260398,1,1,0,0,0,0
-2.0,earth_high,3,5,8,1.0,52,1,20.0,45.0,3,leo_commit,leo,1502,0,0,0,1,1,0,0,0,0.251718,1,1,0,0,0,0
-2.0,earth_high,3,5,8,1.0,53,1,20.0,45.0,3,leo_commit,leo,1502,0,0,0,1,1,0,0,0,0.231496,1,1,0,0,0,0
-2.0,earth_high,3,5,8,1.0,54,1,20.0,45.0,3,leo_commit,leo,1502,0,0,0,1,1,0,0,0,0.228098,1,1,0,0,0,0
-2.0,earth_high,3,5,8,1.0,55,1,20.0,45.0,3,leo_commit,leo,1502,0,0,0,1,1,0,0,0,0.226755,1,1,0,0,0,0
-2.0,earth_high,3,5,8,1.0,56,1,20.0,45.0,3,leo_commit,leo,1502,0,0,0,1,1,0,0,0,0.237196,1,1,0,0,0,0
-2.0,earth_high,3,5,8,1.0,57,1,20.0,45.0,3,leo_commit,leo,1502,0,0,0,1,1,0,0,0,0.246444,1,1,0,0,0,0
-2.0,earth_high,3,5,8,1.0,58,1,20.0,45.0,3,leo_commit,leo,1502,0,0,0,1,1,0,0,0,0.251694,1,1,0,0,0,0
-2.0,earth_high,3,5,8,1.0,59,1,20.0,45.0,3,leo_commit,leo,1502,0,0,0,1,1,0,0,0,0.252589,1,1,0,0,0,0
-1.0,earth_high,3,5,8,1.0,40,1,20.0,45.0,3,leo_commit,leo,1502,0,0,0,1,1,0,0,0,0.238118,1,1,0,0,0,0
-1.0,earth_high,3,5,8,1.0,41,1,20.0,45.0,3,leo_commit,leo,1502,0,0,0,1,1,0,0,0,0.236649,1,1,0,0,0,0
-1.0,earth_high,3,5,8,1.0,42,1,20.0,45.0,3,leo_commit,leo,1502,0,0,0,1,1,0,0,0,0.239794,1,1,0,0,0,0
-1.0,earth_high,3,5,8,1.0,43,1,20.0,45.0,3,leo_commit,leo,1502,0,0,0,1,1,0,0,0,0.228766,1,1,0,0,0,0
-1.0,earth_high,3,5,8,1.0,44,1,20.0,45.0,3,leo_commit,leo,1502,0,0,0,1,1,0,0,0,0.234743,1,1,0,0,0,0
-1.0,earth_high,3,5,8,1.0,45,1,20.0,45.0,3,leo_commit,leo,1502,0,0,0,1,1,0,0,0,0.247890,1,1,0,0,0,0
-1.0,earth_high,3,5,8,1.0,46,1,20.0,45.0,3,leo_commit,leo,1502,0,0,0,1,1,0,0,0,0.236342,1,1,0,0,0,0
-1.0,earth_high,3,5,8,1.0,47,1,20.0,45.0,3,leo_commit,leo,1502,0,0,0,1,1,0,0,0,0.244710,1,1,0,0,0,0
-1.0,earth_high,3,5,8,1.0,48,1,20.0,45.0,3,leo_commit,leo,1502,0,0,0,1,1,0,0,0,0.242545,1,1,0,0,0,0
-1.0,earth_high,3,5,8,1.0,49,1,20.0,45.0,3,leo_commit,leo,1502,0,0,0,1,1,0,0,0,0.230155,1,1,0,0,0,0
-1.0,earth_high,3,5,8,1.0,50,1,20.0,45.0,3,leo_commit,leo,1502,0,0,0,1,1,0,0,0,0.251806,1,1,0,0,0,0
-1.0,earth_high,3,5,8,1.0,51,1,20.0,45.0,3,leo_commit,leo,1502,0,0,0,1,1,0,0,0,0.260398,1,1,0,0,0,0
-1.0,earth_high,3,5,8,1.0,52,1,20.0,45.0,3,leo_commit,leo,1502,0,0,0,1,1,0,0,0,0.251718,1,1,0,0,0,0
-1.0,earth_high,3,5,8,1.0,53,1,20.0,45.0,3,leo_commit,leo,1502,0,0,0,1,1,0,0,0,0.231496,1,1,0,0,0,0
-1.0,earth_high,3,5,8,1.0,54,1,20.0,45.0,3,leo_commit,leo,1502,0,0,0,1,1,0,0,0,0.228098,1,1,0,0,0,0
-1.0,earth_high,3,5,8,1.0,55,1,20.0,45.0,3,leo_commit,leo,1502,0,0,0,1,1,0,0,0,0.226755,1,1,0,0,0,0
-1.0,earth_high,3,5,8,1.0,56,1,20.0,45.0,3,leo_commit,leo,1502,0,0,0,1,1,0,0,0,0.237196,1,1,0,0,0,0
-1.0,earth_high,3,5,8,1.0,57,1,20.0,45.0,3,leo_commit,leo,1502,0,0,0,1,1,0,0,0,0.246444,1,1,0,0,0,0
-1.0,earth_high,3,5,8,1.0,58,1,20.0,45.0,3,leo_commit,leo,1502,0,0,0,1,1,0,0,0,0.251694,1,1,0,0,0,0
-1.0,earth_high,3,5,8,1.0,59,1,20.0,45.0,3,leo_commit,leo,1502,0,0,0,1,1,0,0,0,0.252589,1,1,0,0,0,0
-0.5,earth_high,3,5,8,1.0,40,1,20.0,45.0,3,leo_commit,leo,1502,0,0,0,1,1,0,0,0,0.238118,1,1,0,0,0,0
-0.5,earth_high,3,5,8,1.0,41,1,20.0,45.0,3,leo_commit,leo,1502,0,0,0,1,1,0,0,0,0.236649,1,1,0,0,0,0
-0.5,earth_high,3,5,8,1.0,42,1,20.0,45.0,3,leo_commit,leo,1502,0,0,0,1,1,0,0,0,0.239794,1,1,0,0,0,0
-0.5,earth_high,3,5,8,1.0,43,1,20.0,45.0,3,leo_commit,leo,1502,0,0,0,1,1,0,0,0,0.228766,1,1,0,0,0,0
-0.5,earth_high,3,5,8,1.0,44,1,20.0,45.0,3,leo_commit,leo,1502,0,0,0,1,1,0,0,0,0.234743,1,1,0,0,0,0
-0.5,earth_high,3,5,8,1.0,45,1,20.0,45.0,3,leo_commit,leo,1502,0,0,0,1,1,0,0,0,0.247890,1,1,0,0,0,0
-0.5,earth_high,3,5,8,1.0,46,1,20.0,45.0,3,leo_commit,leo,1502,0,0,0,1,1,0,0,0,0.236342,1,1,0,0,0,0
-0.5,earth_high,3,5,8,1.0,47,1,20.0,45.0,3,leo_commit,leo,1502,0,0,0,1,1,0,0,0,0.244710,1,1,0,0,0,0
-0.5,earth_high,3,5,8,1.0,48,1,20.0,45.0,3,leo_commit,leo,1502,0,0,0,1,1,0,0,0,0.242545,1,1,0,0,0,0
-0.5,earth_high,3,5,8,1.0,49,1,20.0,45.0,3,leo_commit,leo,1502,0,0,0,1,1,0,0,0,0.230155,1,1,0,0,0,0
-0.5,earth_high,3,5,8,1.0,50,1,20.0,45.0,3,leo_commit,leo,1502,0,0,0,1,1,0,0,0,0.251806,1,1,0,0,0,0
-0.5,earth_high,3,5,8,1.0,51,1,20.0,45.0,3,leo_commit,leo,1502,0,0,0,1,1,0,0,0,0.260398,1,1,0,0,0,0
-0.5,earth_high,3,5,8,1.0,52,1,20.0,45.0,3,leo_commit,leo,1502,0,0,0,1,1,0,0,0,0.251718,1,1,0,0,0,0
-0.5,earth_high,3,5,8,1.0,53,1,20.0,45.0,3,leo_commit,leo,1502,0,0,0,1,1,0,0,0,0.231496,1,1,0,0,0,0
-0.5,earth_high,3,5,8,1.0,54,1,20.0,45.0,3,leo_commit,leo,1502,0,0,0,1,1,0,0,0,0.228098,1,1,0,0,0,0
-0.5,earth_high,3,5,8,1.0,55,1,20.0,45.0,3,leo_commit,leo,1502,0,0,0,1,1,0,0,0,0.226755,1,1,0,0,0,0
-0.5,earth_high,3,5,8,1.0,56,1,20.0,45.0,3,leo_commit,leo,1502,0,0,0,1,1,0,0,0,0.237196,1,1,0,0,0,0
-0.5,earth_high,3,5,8,1.0,57,1,20.0,45.0,3,leo_commit,leo,1502,0,0,0,1,1,0,0,0,0.246444,1,1,0,0,0,0
-0.5,earth_high,3,5,8,1.0,58,1,20.0,45.0,3,leo_commit,leo,1502,0,0,0,1,1,0,0,0,0.251694,1,1,0,0,0,0
-0.5,earth_high,3,5,8,1.0,59,1,20.0,45.0,3,leo_commit,leo,1502,0,0,0,1,1,0,0,0,0.252589,1,1,0,0,0,0
-0.2,earth_high,3,5,8,1.0,40,1,20.0,45.0,3,leo_commit,leo,1502,0,0,0,1,1,0,0,0,0.238118,1,1,0,0,0,0
-0.2,earth_high,3,5,8,1.0,41,1,20.0,45.0,3,leo_commit,leo,1502,0,0,0,1,1,0,0,0,0.236649,1,1,0,0,0,0
-0.2,earth_high,3,5,8,1.0,42,1,20.0,45.0,3,leo_commit,leo,1502,0,0,0,1,1,0,0,0,0.239794,1,1,0,0,0,0
-0.2,earth_high,3,5,8,1.0,43,1,20.0,45.0,3,leo_commit,leo,1502,0,0,0,1,1,0,0,0,0.228766,1,1,0,0,0,0
-0.2,earth_high,3,5,8,1.0,44,1,20.0,45.0,3,leo_commit,leo,1502,0,0,0,1,1,0,0,0,0.234743,1,1,0,0,0,0
-0.2,earth_high,3,5,8,1.0,45,1,20.0,45.0,3,leo_commit,leo,1502,0,0,0,1,1,0,0,0,0.247890,1,1,0,0,0,0
-0.2,earth_high,3,5,8,1.0,46,1,20.0,45.0,3,leo_commit,leo,1502,0,0,0,1,1,0,0,0,0.236342,1,1,0,0,0,0
-0.2,earth_high,3,5,8,1.0,47,1,20.0,45.0,3,leo_commit,leo,1502,0,0,0,1,1,0,0,0,0.244710,1,1,0,0,0,0
-0.2,earth_high,3,5,8,1.0,48,1,20.0,45.0,3,leo_commit,leo,1502,0,0,0,1,1,0,0,0,0.242545,1,1,0,0,0,0
-0.2,earth_high,3,5,8,1.0,49,1,20.0,45.0,3,leo_commit,leo,1502,0,0,0,1,1,0,0,0,0.230155,1,1,0,0,0,0
-0.2,earth_high,3,5,8,1.0,50,1,20.0,45.0,3,leo_commit,leo,1502,0,0,0,1,1,0,0,0,0.251806,1,1,0,0,0,0
-0.2,earth_high,3,5,8,1.0,51,1,20.0,45.0,3,leo_commit,leo,1502,0,0,0,1,1,0,0,0,0.260398,1,1,0,0,0,0
-0.2,earth_high,3,5,8,1.0,52,1,20.0,45.0,3,leo_commit,leo,1502,0,0,0,1,1,0,0,0,0.251718,1,1,0,0,0,0
-0.2,earth_high,3,5,8,1.0,53,1,20.0,45.0,3,leo_commit,leo,1502,0,0,0,1,1,0,0,0,0.231496,1,1,0,0,0,0
-0.2,earth_high,3,5,8,1.0,54,1,20.0,45.0,3,leo_commit,leo,1502,0,0,0,1,1,0,0,0,0.228098,1,1,0,0,0,0
-0.2,earth_high,3,5,8,1.0,55,1,20.0,45.0,3,leo_commit,leo,1502,0,0,0,1,1,0,0,0,0.226755,1,1,0,0,0,0
-0.2,earth_high,3,5,8,1.0,56,1,20.0,45.0,3,leo_commit,leo,1502,0,0,0,1,1,0,0,0,0.237196,1,1,0,0,0,0
-0.2,earth_high,3,5,8,1.0,57,1,20.0,45.0,3,leo_commit,leo,1502,0,0,0,1,1,0,0,0,0.246444,1,1,0,0,0,0
-0.2,earth_high,3,5,8,1.0,58,1,20.0,45.0,3,leo_commit,leo,1502,0,0,0,1,1,0,0,0,0.251694,1,1,0,0,0,0
-0.2,earth_high,3,5,8,1.0,59,1,20.0,45.0,3,leo_commit,leo,1502,0,0,0,1,1,0,0,0,0.252589,1,1,0,0,0,0
-0.05,earth_high,3,5,8,1.0,40,1,20.0,45.0,3,earth_commit,earth,2501,1,0,1,1,1,0,0,0,0.238118,1,2,1,0,3,1
-0.05,earth_high,3,5,8,1.0,41,1,20.0,45.0,3,leo_commit,leo,2501,1,0,1,1,1,0,0,0,0.236649,1,2,1,0,2,1
-0.05,earth_high,3,5,8,1.0,42,1,20.0,45.0,3,leo_commit,leo,2501,1,0,1,1,1,0,0,0,0.239794,1,2,1,0,1,1
-0.05,earth_high,3,5,8,1.0,43,1,20.0,45.0,3,leo_commit,leo,2501,1,0,1,1,1,0,0,0,0.228766,1,2,1,0,2,1
-0.05,earth_high,3,5,8,1.0,44,1,20.0,45.0,3,leo_commit,leo,2501,1,0,1,1,1,0,0,0,0.234743,1,2,1,0,1,1
-0.05,earth_high,3,5,8,1.0,45,1,20.0,45.0,3,leo_commit,leo,2501,1,0,1,1,1,0,0,0,0.247890,1,2,1,0,1,1
-0.05,earth_high,3,5,8,1.0,46,1,20.0,45.0,3,leo_commit,leo,2501,1,0,1,1,1,0,0,0,0.236342,1,2,1,0,2,1
-0.05,earth_high,3,5,8,1.0,47,1,20.0,45.0,3,earth_commit,earth,2501,1,0,1,1,1,0,0,0,0.244710,1,2,1,0,3,1
-0.05,earth_high,3,5,8,1.0,48,1,20.0,45.0,3,leo_commit,leo,2501,1,0,1,1,1,0,0,0,0.242545,1,2,1,0,2,1
-0.05,earth_high,3,5,8,1.0,49,1,20.0,45.0,3,leo_commit,leo,2501,1,0,1,1,1,0,0,0,0.230155,1,2,1,0,1,1
-0.05,earth_high,3,5,8,1.0,50,1,20.0,45.0,3,earth_commit,earth,2501,1,0,1,1,1,0,0,0,0.251806,1,2,1,0,3,1
-0.05,earth_high,3,5,8,1.0,51,1,20.0,45.0,3,earth_commit,earth,2501,1,0,1,1,1,0,0,0,0.260398,1,2,1,0,3,1
-0.05,earth_high,3,5,8,1.0,52,1,20.0,45.0,3,earth_commit,earth,2501,1,0,1,1,1,0,0,0,0.251718,1,2,1,0,3,1
-0.05,earth_high,3,5,8,1.0,53,1,20.0,45.0,3,earth_commit,earth,2501,1,0,1,1,1,0,0,0,0.231496,1,2,1,0,3,1
-0.05,earth_high,3,5,8,1.0,54,1,20.0,45.0,3,leo_commit,leo,2501,1,0,1,1,1,0,0,0,0.228098,1,2,1,0,1,1
-0.05,earth_high,3,5,8,1.0,55,1,20.0,45.0,3,leo_commit,leo,2501,1,0,1,1,1,0,0,0,0.226755,1,2,1,0,1,1
-0.05,earth_high,3,5,8,1.0,56,1,20.0,45.0,3,leo_commit,leo,2501,1,0,1,1,1,0,0,0,0.237196,1,2,1,0,1,1
-0.05,earth_high,3,5,8,1.0,57,1,20.0,45.0,3,leo_commit,leo,2501,1,0,1,1,1,0,0,0,0.246444,1,2,1,0,1,1
-0.05,earth_high,3,5,8,1.0,58,1,20.0,45.0,3,leo_commit,leo,2501,1,0,1,1,1,0,0,0,0.251694,1,2,1,0,1,1
-0.05,earth_high,3,5,8,1.0,59,1,20.0,45.0,3,earth_commit,earth,2501,1,0,1,1,1,0,0,0,0.252589,1,2,1,0,3,1
0.05,earth_high,3,5,8,1.0,40,1,20.0,45.0,3,earth_commit,earth,2501,1,0,1,1,1,0,0,0,0.238118,1,1,0,4,0,1
0.05,earth_high,3,5,8,1.0,41,1,20.0,45.0,3,earth_commit,earth,2501,1,0,1,1,1,0,0,0,0.236649,1,1,0,4,0,1
0.05,earth_high,3,5,8,1.0,42,1,20.0,45.0,3,earth_commit,earth,2501,1,0,1,1,1,0,0,0,0.239794,1,1,0,4,0,1
0.05,earth_high,3,5,8,1.0,43,1,20.0,45.0,3,earth_commit,earth,2501,1,0,1,1,1,0,0,0,0.228766,1,1,0,4,0,1
0.05,earth_high,3,5,8,1.0,44,1,20.0,45.0,3,earth_commit,earth,2501,1,0,1,1,1,0,0,0,0.234743,1,1,0,4,0,1
0.05,earth_high,3,5,8,1.0,45,1,20.0,45.0,3,earth_commit,earth,2501,1,0,1,1,1,0,0,0,0.247890,1,1,0,4,0,1
0.05,earth_high,3,5,8,1.0,46,1,20.0,45.0,3,earth_commit,earth,2501,1,0,1,1,1,0,0,0,0.236342,1,1,0,4,0,1
0.05,earth_high,3,5,8,1.0,47,1,20.0,45.0,3,earth_commit,earth,2501,1,0,1,1,1,0,0,0,0.244710,1,1,0,4,0,1
0.05,earth_high,3,5,8,1.0,48,1,20.0,45.0,3,earth_commit,earth,2501,1,0,1,1,1,0,0,0,0.242545,1,1,0,4,0,1
0.05,earth_high,3,5,8,1.0,49,1,20.0,45.0,3,earth_commit,earth,2501,1,0,1,1,1,0,0,0,0.230155,1,1,0,3,0,1
0.05,earth_high,3,5,8,1.0,50,1,20.0,45.0,3,earth_commit,earth,2501,1,0,1,1,1,0,0,0,0.251806,1,1,0,4,0,1
0.05,earth_high,3,5,8,1.0,51,1,20.0,45.0,3,earth_commit,earth,2501,1,0,1,1,1,0,0,0,0.260398,1,1,0,4,0,1
0.05,earth_high,3,5,8,1.0,52,1,20.0,45.0,3,earth_commit,earth,2501,1,0,1,1,1,0,0,0,0.251718,1,1,0,4,0,1
0.05,earth_high,3,5,8,1.0,53,1,20.0,45.0,3,earth_commit,earth,2501,1,0,1,1,1,0,0,0,0.231496,1,1,0,4,0,1
0.05,earth_high,3,5,8,1.0,54,1,20.0,45.0,3,earth_commit,earth,2501,1,0,1,1,1,0,0,0,0.228098,1,1,0,3,0,1
0.05,earth_high,3,5,8,1.0,55,1,20.0,45.0,3,earth_commit,earth,2501,1,0,1,1,1,0,0,0,0.226755,1,1,0,4,0,1
0.05,earth_high,3,5,8,1.0,56,1,20.0,45.0,3,earth_commit,earth,2501,1,0,1,1,1,0,0,0,0.237196,1,1,0,4,0,1
0.05,earth_high,3,5,8,1.0,57,1,20.0,45.0,3,earth_commit,earth,2501,1,0,1,1,1,0,0,0,0.246444,1,1,0,4,0,1
0.05,earth_high,3,5,8,1.0,58,1,20.0,45.0,3,earth_commit,earth,2501,1,0,1,1,1,0,0,0,0.251694,1,1,0,4,0,1
0.05,earth_high,3,5,8,1.0,59,1,20.0,45.0,3,earth_commit,earth,2501,1,0,1,1,1,0,0,0,0.252589,1,1,0,4,0,1
0.2,earth_high,3,5,8,1.0,40,1,20.0,45.0,3,earth_commit,earth,2501,1,0,1,1,1,0,0,0,0.238118,1,1,0,4,0,1
0.2,earth_high,3,5,8,1.0,41,1,20.0,45.0,3,earth_commit,earth,2501,1,0,1,1,1,0,0,0,0.236649,1,1,0,4,0,1
0.2,earth_high,3,5,8,1.0,42,1,20.0,45.0,3,earth_commit,earth,2501,1,0,1,1,1,0,0,0,0.239794,1,1,0,4,0,1
0.2,earth_high,3,5,8,1.0,43,1,20.0,45.0,3,earth_commit,earth,2501,1,0,1,1,1,0,0,0,0.228766,1,1,0,4,0,1
0.2,earth_high,3,5,8,1.0,44,1,20.0,45.0,3,earth_commit,earth,2501,1,0,1,1,1,0,0,0,0.234743,1,1,0,4,0,1
0.2,earth_high,3,5,8,1.0,45,1,20.0,45.0,3,earth_commit,earth,2501,1,0,1,1,1,0,0,0,0.247890,1,1,0,4,0,1
0.2,earth_high,3,5,8,1.0,46,1,20.0,45.0,3,earth_commit,earth,2501,1,0,1,1,1,0,0,0,0.236342,1,1,0,4,0,1
0.2,earth_high,3,5,8,1.0,47,1,20.0,45.0,3,earth_commit,earth,2501,1,0,1,1,1,0,0,0,0.244710,1,1,0,4,0,1
0.2,earth_high,3,5,8,1.0,48,1,20.0,45.0,3,earth_commit,earth,2501,1,0,1,1,1,0,0,0,0.242545,1,1,0,4,0,1
0.2,earth_high,3,5,8,1.0,49,1,20.0,45.0,3,earth_commit,earth,2501,1,0,1,1,1,0,0,0,0.230155,1,1,0,4,0,1
0.2,earth_high,3,5,8,1.0,50,1,20.0,45.0,3,earth_commit,earth,2501,1,0,1,1,1,0,0,0,0.251806,1,1,0,4,0,1
0.2,earth_high,3,5,8,1.0,51,1,20.0,45.0,3,earth_commit,earth,2501,1,0,1,1,1,0,0,0,0.260398,1,1,0,4,0,1
0.2,earth_high,3,5,8,1.0,52,1,20.0,45.0,3,earth_commit,earth,2501,1,0,1,1,1,0,0,0,0.251718,1,1,0,4,0,1
0.2,earth_high,3,5,8,1.0,53,1,20.0,45.0,3,earth_commit,earth,2501,1,0,1,1,1,0,0,0,0.231496,1,1,0,4,0,1
0.2,earth_high,3,5,8,1.0,54,1,20.0,45.0,3,earth_commit,earth,2501,1,0,1,1,1,0,0,0,0.228098,1,1,0,4,0,1
0.2,earth_high,3,5,8,1.0,55,1,20.0,45.0,3,earth_commit,earth,2501,1,0,1,1,1,0,0,0,0.226755,1,1,0,4,0,1
0.2,earth_high,3,5,8,1.0,56,1,20.0,45.0,3,earth_commit,earth,2501,1,0,1,1,1,0,0,0,0.237196,1,1,0,4,0,1
0.2,earth_high,3,5,8,1.0,57,1,20.0,45.0,3,earth_commit,earth,2501,1,0,1,1,1,0,0,0,0.246444,1,1,0,4,0,1
0.2,earth_high,3,5,8,1.0,58,1,20.0,45.0,3,earth_commit,earth,2501,1,0,1,1,1,0,0,0,0.251694,1,1,0,4,0,1
0.2,earth_high,3,5,8,1.0,59,1,20.0,45.0,3,earth_commit,earth,2501,1,0,1,1,1,0,0,0,0.252589,1,1,0,4,0,1
0.5,earth_high,3,5,8,1.0,40,1,20.0,45.0,3,earth_commit,earth,2501,0,0,1,1,1,0,0,0,0.238118,1,1,0,4,0,1
0.5,earth_high,3,5,8,1.0,41,1,20.0,45.0,3,earth_commit,earth,2501,0,0,1,1,1,0,0,0,0.236649,1,1,0,4,0,1
0.5,earth_high,3,5,8,1.0,42,1,20.0,45.0,3,earth_commit,earth,2501,0,0,1,1,1,0,0,0,0.239794,1,1,0,4,0,1
0.5,earth_high,3,5,8,1.0,43,1,20.0,45.0,3,earth_commit,earth,2501,0,0,1,1,1,0,0,0,0.228766,1,1,0,4,0,1
0.5,earth_high,3,5,8,1.0,44,1,20.0,45.0,3,earth_commit,earth,2501,0,0,1,1,1,0,0,0,0.234743,1,1,0,4,0,1
0.5,earth_high,3,5,8,1.0,45,1,20.0,45.0,3,earth_commit,earth,2501,0,0,1,1,1,0,0,0,0.247890,1,1,0,4,0,1
0.5,earth_high,3,5,8,1.0,46,1,20.0,45.0,3,earth_commit,earth,2501,0,0,1,1,1,0,0,0,0.236342,1,1,0,4,0,1
0.5,earth_high,3,5,8,1.0,47,1,20.0,45.0,3,earth_commit,earth,2501,0,0,1,1,1,0,0,0,0.244710,1,1,0,4,0,1
0.5,earth_high,3,5,8,1.0,48,1,20.0,45.0,3,earth_commit,earth,2501,0,0,1,1,1,0,0,0,0.242545,1,1,0,4,0,1
0.5,earth_high,3,5,8,1.0,49,1,20.0,45.0,3,earth_commit,earth,2501,0,0,1,1,1,0,0,0,0.230155,1,1,0,4,0,1
0.5,earth_high,3,5,8,1.0,50,1,20.0,45.0,3,earth_commit,earth,2501,0,0,1,1,1,0,0,0,0.251806,1,1,0,4,0,1
0.5,earth_high,3,5,8,1.0,51,1,20.0,45.0,3,earth_commit,earth,2501,0,0,1,1,1,0,0,0,0.260398,1,1,0,4,0,1
0.5,earth_high,3,5,8,1.0,52,1,20.0,45.0,3,earth_commit,earth,2501,0,0,1,1,1,0,0,0,0.251718,1,1,0,4,0,1
0.5,earth_high,3,5,8,1.0,53,1,20.0,45.0,3,earth_commit,earth,2501,0,0,1,1,1,0,0,0,0.231496,1,1,0,4,0,1
0.5,earth_high,3,5,8,1.0,54,1,20.0,45.0,3,earth_commit,earth,2501,0,0,1,1,1,0,0,0,0.228098,1,1,0,4,0,1
0.5,earth_high,3,5,8,1.0,55,1,20.0,45.0,3,earth_commit,earth,2501,0,0,1,1,1,0,0,0,0.226755,1,1,0,4,0,1
0.5,earth_high,3,5,8,1.0,56,1,20.0,45.0,3,earth_commit,earth,2501,0,0,1,1,1,0,0,0,0.237196,1,1,0,4,0,1
0.5,earth_high,3,5,8,1.0,57,1,20.0,45.0,3,earth_commit,earth,2501,0,0,1,1,1,0,0,0,0.246444,1,1,0,4,0,1
0.5,earth_high,3,5,8,1.0,58,1,20.0,45.0,3,earth_commit,earth,2501,0,0,1,1,1,0,0,0,0.251694,1,1,0,4,0,1
0.5,earth_high,3,5,8,1.0,59,1,20.0,45.0,3,earth_commit,earth,2501,0,0,1,1,1,0,0,0,0.252589,1,1,0,4,0,1
1.0,earth_high,3,5,8,1.0,40,1,20.0,45.0,3,earth_commit,earth,2501,0,0,1,1,1,0,0,0,0.238118,1,1,0,4,0,1
1.0,earth_high,3,5,8,1.0,41,1,20.0,45.0,3,earth_commit,earth,2501,0,0,1,1,1,0,0,0,0.236649,1,1,0,4,0,1
1.0,earth_high,3,5,8,1.0,42,1,20.0,45.0,3,earth_commit,earth,2501,0,0,1,1,1,0,0,0,0.239794,1,1,0,4,0,1
1.0,earth_high,3,5,8,1.0,43,1,20.0,45.0,3,earth_commit,earth,2501,0,0,1,1,1,0,0,0,0.228766,1,1,0,4,0,1
1.0,earth_high,3,5,8,1.0,44,1,20.0,45.0,3,earth_commit,earth,2501,0,0,1,1,1,0,0,0,0.234743,1,1,0,4,0,1
1.0,earth_high,3,5,8,1.0,45,1,20.0,45.0,3,earth_commit,earth,2501,0,0,1,1,1,0,0,0,0.247890,1,1,0,4,0,1
1.0,earth_high,3,5,8,1.0,46,1,20.0,45.0,3,earth_commit,earth,2501,0,0,1,1,1,0,0,0,0.236342,1,1,0,4,0,1
1.0,earth_high,3,5,8,1.0,47,1,20.0,45.0,3,earth_commit,earth,2501,0,0,1,1,1,0,0,0,0.244710,1,1,0,4,0,1
1.0,earth_high,3,5,8,1.0,48,1,20.0,45.0,3,earth_commit,earth,2501,0,0,1,1,1,0,0,0,0.242545,1,1,0,4,0,1
1.0,earth_high,3,5,8,1.0,49,1,20.0,45.0,3,earth_commit,earth,2501,0,0,1,1,1,0,0,0,0.230155,1,1,0,4,0,1
1.0,earth_high,3,5,8,1.0,50,1,20.0,45.0,3,earth_commit,earth,2501,0,0,1,1,1,0,0,0,0.251806,1,1,0,4,0,1
1.0,earth_high,3,5,8,1.0,51,1,20.0,45.0,3,earth_commit,earth,2501,0,0,1,1,1,0,0,0,0.260398,1,1,0,4,0,1
1.0,earth_high,3,5,8,1.0,52,1,20.0,45.0,3,earth_commit,earth,2501,0,0,1,1,1,0,0,0,0.251718,1,1,0,4,0,1
1.0,earth_high,3,5,8,1.0,53,1,20.0,45.0,3,earth_commit,earth,2501,0,0,1,1,1,0,0,0,0.231496,1,1,0,4,0,1
1.0,earth_high,3,5,8,1.0,54,1,20.0,45.0,3,earth_commit,earth,2501,0,0,1,1,1,0,0,0,0.228098,1,1,0,4,0,1
1.0,earth_high,3,5,8,1.0,55,1,20.0,45.0,3,earth_commit,earth,2501,0,0,1,1,1,0,0,0,0.226755,1,1,0,4,0,1
1.0,earth_high,3,5,8,1.0,56,1,20.0,45.0,3,earth_commit,earth,2501,0,0,1,1,1,0,0,0,0.237196,1,1,0,4,0,1
1.0,earth_high,3,5,8,1.0,57,1,20.0,45.0,3,earth_commit,earth,2501,0,0,1,1,1,0,0,0,0.246444,1,1,0,4,0,1
1.0,earth_high,3,5,8,1.0,58,1,20.0,45.0,3,earth_commit,earth,2501,0,0,1,1,1,0,0,0,0.251694,1,1,0,4,0,1
1.0,earth_high,3,5,8,1.0,59,1,20.0,45.0,3,earth_commit,earth,2501,0,0,1,1,1,0,0,0,0.252589,1,1,0,4,0,1
2.0,earth_high,3,5,8,1.0,40,1,20.0,45.0,3,earth_commit,earth,2501,0,0,1,1,1,0,0,0,0.238118,1,1,0,4,0,1
2.0,earth_high,3,5,8,1.0,41,1,20.0,45.0,3,earth_commit,earth,2501,0,0,1,1,1,0,0,0,0.236649,1,1,0,4,0,1
2.0,earth_high,3,5,8,1.0,42,1,20.0,45.0,3,earth_commit,earth,2501,0,0,1,1,1,0,0,0,0.239794,1,1,0,4,0,1
2.0,earth_high,3,5,8,1.0,43,1,20.0,45.0,3,earth_commit,earth,2501,0,0,1,1,1,0,0,0,0.228766,1,1,0,4,0,1
2.0,earth_high,3,5,8,1.0,44,1,20.0,45.0,3,earth_commit,earth,2501,0,0,1,1,1,0,0,0,0.234743,1,1,0,4,0,1
2.0,earth_high,3,5,8,1.0,45,1,20.0,45.0,3,earth_commit,earth,2501,0,0,1,1,1,0,0,0,0.247890,1,1,0,4,0,1
2.0,earth_high,3,5,8,1.0,46,1,20.0,45.0,3,earth_commit,earth,2501,0,0,1,1,1,0,0,0,0.236342,1,1,0,4,0,1
2.0,earth_high,3,5,8,1.0,47,1,20.0,45.0,3,earth_commit,earth,2501,0,0,1,1,1,0,0,0,0.244710,1,1,0,4,0,1
2.0,earth_high,3,5,8,1.0,48,1,20.0,45.0,3,earth_commit,earth,2501,0,0,1,1,1,0,0,0,0.242545,1,1,0,4,0,1
2.0,earth_high,3,5,8,1.0,49,1,20.0,45.0,3,earth_commit,earth,2501,0,0,1,1,1,0,0,0,0.230155,1,1,0,4,0,1
2.0,earth_high,3,5,8,1.0,50,1,20.0,45.0,3,earth_commit,earth,2501,0,0,1,1,1,0,0,0,0.251806,1,1,0,4,0,1
2.0,earth_high,3,5,8,1.0,51,1,20.0,45.0,3,earth_commit,earth,2501,0,0,1,1,1,0,0,0,0.260398,1,1,0,4,0,1
2.0,earth_high,3,5,8,1.0,52,1,20.0,45.0,3,earth_commit,earth,2501,0,0,1,1,1,0,0,0,0.251718,1,1,0,4,0,1
2.0,earth_high,3,5,8,1.0,53,1,20.0,45.0,3,earth_commit,earth,2501,0,0,1,1,1,0,0,0,0.231496,1,1,0,4,0,1
2.0,earth_high,3,5,8,1.0,54,1,20.0,45.0,3,earth_commit,earth,2501,0,0,1,1,1,0,0,0,0.228098,1,1,0,4,0,1
2.0,earth_high,3,5,8,1.0,55,1,20.0,45.0,3,earth_commit,earth,2501,0,0,1,1,1,0,0,0,0.226755,1,1,0,4,0,1
2.0,earth_high,3,5,8,1.0,56,1,20.0,45.0,3,earth_commit,earth,2501,0,0,1,1,1,0,0,0,0.237196,1,1,0,4,0,1
2.0,earth_high,3,5,8,1.0,57,1,20.0,45.0,3,earth_commit,earth,2501,0,0,1,1,1,0,0,0,0.246444,1,1,0,4,0,1
2.0,earth_high,3,5,8,1.0,58,1,20.0,45.0,3,earth_commit,earth,2501,0,0,1,1,1,0,0,0,0.251694,1,1,0,4,0,1
2.0,earth_high,3,5,8,1.0,59,1,20.0,45.0,3,earth_commit,earth,2501,0,0,1,1,1,0,0,0,0.252589,1,1,0,4,0,1
30.0,earth_high,3,5,8,1.0,40,1,20.0,45.0,3,earth_commit,earth,2501,0,0,1,1,1,0,0,0,0.238118,1,1,0,4,0,1
30.0,earth_high,3,5,8,1.0,41,1,20.0,45.0,3,earth_commit,earth,2501,0,0,1,1,1,0,0,0,0.236649,1,1,0,4,0,1
30.0,earth_high,3,5,8,1.0,42,1,20.0,45.0,3,earth_commit,earth,2501,0,0,1,1,1,0,0,0,0.239794,1,1,0,4,0,1
30.0,earth_high,3,5,8,1.0,43,1,20.0,45.0,3,earth_commit,earth,2501,0,0,1,1,1,0,0,0,0.228766,1,1,0,4,0,1
30.0,earth_high,3,5,8,1.0,44,1,20.0,45.0,3,earth_commit,earth,2501,0,0,1,1,1,0,0,0,0.234743,1,1,0,4,0,1
30.0,earth_high,3,5,8,1.0,45,1,20.0,45.0,3,earth_commit,earth,2501,0,0,1,1,1,0,0,0,0.247890,1,1,0,4,0,1
30.0,earth_high,3,5,8,1.0,46,1,20.0,45.0,3,earth_commit,earth,2501,0,0,1,1,1,0,0,0,0.236342,1,1,0,4,0,1
30.0,earth_high,3,5,8,1.0,47,1,20.0,45.0,3,earth_commit,earth,2501,0,0,1,1,1,0,0,0,0.244710,1,1,0,4,0,1
30.0,earth_high,3,5,8,1.0,48,1,20.0,45.0,3,earth_commit,earth,2501,0,0,1,1,1,0,0,0,0.242545,1,1,0,4,0,1
30.0,earth_high,3,5,8,1.0,49,1,20.0,45.0,3,earth_commit,earth,2501,0,0,1,1,1,0,0,0,0.230155,1,1,0,4,0,1
30.0,earth_high,3,5,8,1.0,50,1,20.0,45.0,3,earth_commit,earth,2501,0,0,1,1,1,0,0,0,0.251806,1,1,0,4,0,1
30.0,earth_high,3,5,8,1.0,51,1,20.0,45.0,3,earth_commit,earth,2501,0,0,1,1,1,0,0,0,0.260398,1,1,0,4,0,1
30.0,earth_high,3,5,8,1.0,52,1,20.0,45.0,3,earth_commit,earth,2501,0,0,1,1,1,0,0,0,0.251718,1,1,0,4,0,1
30.0,earth_high,3,5,8,1.0,53,1,20.0,45.0,3,earth_commit,earth,2501,0,0,1,1,1,0,0,0,0.231496,1,1,0,4,0,1
30.0,earth_high,3,5,8,1.0,54,1,20.0,45.0,3,earth_commit,earth,2501,0,0,1,1,1,0,0,0,0.228098,1,1,0,4,0,1
30.0,earth_high,3,5,8,1.0,55,1,20.0,45.0,3,earth_commit,earth,2501,0,0,1,1,1,0,0,0,0.226755,1,1,0,4,0,1
30.0,earth_high,3,5,8,1.0,56,1,20.0,45.0,3,earth_commit,earth,2501,0,0,1,1,1,0,0,0,0.237196,1,1,0,4,0,1
30.0,earth_high,3,5,8,1.0,57,1,20.0,45.0,3,earth_commit,earth,2501,0,0,1,1,1,0,0,0,0.246444,1,1,0,4,0,1
30.0,earth_high,3,5,8,1.0,58,1,20.0,45.0,3,earth_commit,earth,2501,0,0,1,1,1,0,0,0,0.251694,1,1,0,4,0,1
30.0,earth_high,3,5,8,1.0,59,1,20.0,45.0,3,earth_commit,earth,2501,0,0,1,1,1,0,0,0,0.252589,1,1,0,4,0,1
90.0,earth_high,3,5,8,1.0,40,1,20.0,45.0,3,earth_commit,earth,2501,0,0,1,1,1,0,0,0,0.238118,1,1,0,4,0,1
90.0,earth_high,3,5,8,1.0,41,1,20.0,45.0,3,earth_commit,earth,2501,0,0,1,1,1,0,0,0,0.236649,1,1,0,4,0,1
90.0,earth_high,3,5,8,1.0,42,1,20.0,45.0,3,earth_commit,earth,2501,0,0,1,1,1,0,0,0,0.239794,1,1,0,4,0,1
90.0,earth_high,3,5,8,1.0,43,1,20.0,45.0,3,earth_commit,earth,2501,0,0,1,1,1,0,0,0,0.228766,1,1,0,4,0,1
90.0,earth_high,3,5,8,1.0,44,1,20.0,45.0,3,earth_commit,earth,2501,0,0,1,1,1,0,0,0,0.234743,1,1,0,4,0,1
90.0,earth_high,3,5,8,1.0,45,1,20.0,45.0,3,earth_commit,earth,2501,0,0,1,1,1,0,0,0,0.247890,1,1,0,4,0,1
90.0,earth_high,3,5,8,1.0,46,1,20.0,45.0,3,earth_commit,earth,2501,0,0,1,1,1,0,0,0,0.236342,1,1,0,4,0,1
90.0,earth_high,3,5,8,1.0,47,1,20.0,45.0,3,earth_commit,earth,2501,0,0,1,1,1,0,0,0,0.244710,1,1,0,4,0,1
90.0,earth_high,3,5,8,1.0,48,1,20.0,45.0,3,earth_commit,earth,2501,0,0,1,1,1,0,0,0,0.242545,1,1,0,4,0,1
90.0,earth_high,3,5,8,1.0,49,1,20.0,45.0,3,earth_commit,earth,2501,0,0,1,1,1,0,0,0,0.230155,1,1,0,4,0,1
90.0,earth_high,3,5,8,1.0,50,1,20.0,45.0,3,earth_commit,earth,2501,0,0,1,1,1,0,0,0,0.251806,1,1,0,4,0,1
90.0,earth_high,3,5,8,1.0,51,1,20.0,45.0,3,earth_commit,earth,2501,0,0,1,1,1,0,0,0,0.260398,1,1,0,4,0,1
90.0,earth_high,3,5,8,1.0,52,1,20.0,45.0,3,earth_commit,earth,2501,0,0,1,1,1,0,0,0,0.251718,1,1,0,4,0,1
90.0,earth_high,3,5,8,1.0,53,1,20.0,45.0,3,earth_commit,earth,2501,0,0,1,1,1,0,0,0,0.231496,1,1,0,4,0,1
90.0,earth_high,3,5,8,1.0,54,1,20.0,45.0,3,earth_commit,earth,2501,0,0,1,1,1,0,0,0,0.228098,1,1,0,4,0,1
90.0,earth_high,3,5,8,1.0,55,1,20.0,45.0,3,earth_commit,earth,2501,0,0,1,1,1,0,0,0,0.226755,1,1,0,4,0,1
90.0,earth_high,3,5,8,1.0,56,1,20.0,45.0,3,earth_commit,earth,2501,0,0,1,1,1,0,0,0,0.237196,1,1,0,4,0,1
90.0,earth_high,3,5,8,1.0,57,1,20.0,45.0,3,earth_commit,earth,2501,0,0,1,1,1,0,0,0,0.246444,1,1,0,4,0,1
90.0,earth_high,3,5,8,1.0,58,1,20.0,45.0,3,earth_commit,earth,2501,0,0,1,1,1,0,0,0,0.251694,1,1,0,4,0,1
90.0,earth_high,3,5,8,1.0,59,1,20.0,45.0,3,earth_commit,earth,2501,0,0,1,1,1,0,0,0,0.252589,1,1,0,4,0,1
30.0,leo_high,5,1,8,1.0,40,0,20.0,45.0,3,earth_commit,earth,1501,0,0,0,1,1,0,0,1,0.184130,0,,,,,0
30.0,leo_high,5,1,8,1.0,41,0,20.0,45.0,3,earth_commit,earth,1501,0,0,0,1,1,0,0,2,0.194959,0,,,,,0
30.0,leo_high,5,1,8,1.0,42,0,20.0,45.0,3,earth_commit,earth,1501,0,0,0,1,1,0,0,5,0.170340,0,,,,,0
30.0,leo_high,5,1,8,1.0,43,0,20.0,45.0,3,earth_commit,earth,1501,0,0,0,1,1,0,0,1,0.188288,0,,,,,0
30.0,leo_high,5,1,8,1.0,44,0,20.0,45.0,3,earth_commit,earth,1501,0,0,0,1,1,0,0,4,0.179384,0,,,,,0
30.0,leo_high,5,1,8,1.0,45,0,20.0,45.0,3,earth_commit,earth,1501,0,0,0,1,1,0,0,3,0.185774,0,,,,,0
30.0,leo_high,5,1,8,1.0,46,0,20.0,45.0,3,earth_commit,earth,1501,0,0,0,1,1,0,0,2,0.194257,0,,,,,0
30.0,leo_high,5,1,8,1.0,47,0,20.0,45.0,3,earth_commit,earth,1501,0,0,0,1,1,0,0,2,0.171718,0,,,,,0
30.0,leo_high,5,1,8,1.0,48,0,20.0,45.0,3,earth_commit,earth,1501,0,0,0,1,1,0,0,1,0.183875,0,,,,,0
30.0,leo_high,5,1,8,1.0,49,0,20.0,45.0,3,earth_commit,earth,1501,0,0,0,1,1,0,0,2,0.174289,0,,,,,0
30.0,leo_high,5,1,8,1.0,50,0,20.0,45.0,3,earth_commit,earth,1501,0,0,0,1,1,0,0,3,0.190066,0,,,,,0
30.0,leo_high,5,1,8,1.0,51,0,20.0,45.0,3,earth_commit,earth,1501,0,0,0,1,1,0,0,3,0.181191,0,,,,,0
30.0,leo_high,5,1,8,1.0,52,0,20.0,45.0,3,earth_commit,earth,1501,0,0,0,1,1,0,0,3,0.180847,0,,,,,0
30.0,leo_high,5,1,8,1.0,53,0,20.0,45.0,3,earth_commit,earth,1501,0,0,0,1,1,0,0,1,0.185194,0,,,,,0
30.0,leo_high,5,1,8,1.0,54,0,20.0,45.0,3,earth_commit,earth,1501,0,0,0,1,1,0,0,3,0.198442,0,,,,,0
30.0,leo_high,5,1,8,1.0,55,0,20.0,45.0,3,earth_commit,earth,1501,0,0,0,1,1,0,0,3,0.198735,0,,,,,0
30.0,leo_high,5,1,8,1.0,56,0,20.0,45.0,3,earth_commit,earth,1501,0,0,0,1,1,0,0,4,0.188226,0,,,,,0
30.0,leo_high,5,1,8,1.0,57,0,20.0,45.0,3,earth_commit,earth,1501,0,0,0,1,1,0,0,1,0.193045,0,,,,,0
30.0,leo_high,5,1,8,1.0,58,0,20.0,45.0,3,earth_commit,earth,1501,0,0,0,1,1,0,0,1,0.193590,0,,,,,0
30.0,leo_high,5,1,8,1.0,59,0,20.0,45.0,3,earth_commit,earth,1501,0,0,0,1,1,0,0,1,0.186530,0,,,,,0
30.0,leo_high,5,5,8,1.0,40,0,20.0,45.0,3,earth_commit,earth,1501,0,0,0,1,1,0,0,1,0.184130,0,,,,,0
30.0,leo_high,5,5,8,1.0,41,0,20.0,45.0,3,earth_commit,earth,1501,0,0,0,1,1,0,0,2,0.194959,0,,,,,0
30.0,leo_high,5,5,8,1.0,42,0,20.0,45.0,3,earth_commit,earth,1501,0,0,0,1,1,0,0,5,0.170340,0,,,,,0
30.0,leo_high,5,5,8,1.0,43,0,20.0,45.0,3,earth_commit,earth,1501,0,0,0,1,1,0,0,1,0.188288,0,,,,,0
30.0,leo_high,5,5,8,1.0,44,0,20.0,45.0,3,earth_commit,earth,1501,0,0,0,1,1,0,0,4,0.179384,0,,,,,0
30.0,leo_high,5,5,8,1.0,45,0,20.0,45.0,3,earth_commit,earth,1501,0,0,0,1,1,0,0,3,0.185774,0,,,,,0
30.0,leo_high,5,5,8,1.0,46,0,20.0,45.0,3,earth_commit,earth,1501,0,0,0,1,1,0,0,2,0.194257,0,,,,,0
30.0,leo_high,5,5,8,1.0,47,0,20.0,45.0,3,earth_commit,earth,1501,0,0,0,1,1,0,0,2,0.171718,0,,,,,0
30.0,leo_high,5,5,8,1.0,48,0,20.0,45.0,3,earth_commit,earth,1501,0,0,0,1,1,0,0,1,0.183875,0,,,,,0
30.0,leo_high,5,5,8,1.0,49,0,20.0,45.0,3,earth_commit,earth,1501,0,0,0,1,1,0,0,2,0.174289,0,,,,,0
30.0,leo_high,5,5,8,1.0,50,0,20.0,45.0,3,earth_commit,earth,1501,0,0,0,1,1,0,0,3,0.190066,0,,,,,0
30.0,leo_high,5,5,8,1.0,51,0,20.0,45.0,3,earth_commit,earth,1501,0,0,0,1,1,0,0,3,0.181191,0,,,,,0
30.0,leo_high,5,5,8,1.0,52,0,20.0,45.0,3,earth_commit,earth,1501,0,0,0,1,1,0,0,3,0.180847,0,,,,,0
30.0,leo_high,5,5,8,1.0,53,0,20.0,45.0,3,earth_commit,earth,1501,0,0,0,1,1,0,0,1,0.185194,0,,,,,0
30.0,leo_high,5,5,8,1.0,54,0,20.0,45.0,3,earth_commit,earth,1501,0,0,0,1,1,0,0,3,0.198442,0,,,,,0
30.0,leo_high,5,5,8,1.0,55,0,20.0,45.0,3,earth_commit,earth,1501,0,0,0,1,1,0,0,3,0.198735,0,,,,,0
30.0,leo_high,5,5,8,1.0,56,0,20.0,45.0,3,earth_commit,earth,1501,0,0,0,1,1,0,0,4,0.188226,0,,,,,0
30.0,leo_high,5,5,8,1.0,57,0,20.0,45.0,3,earth_commit,earth,1501,0,0,0,1,1,0,0,1,0.193045,0,,,,,0
30.0,leo_high,5,5,8,1.0,58,0,20.0,45.0,3,earth_commit,earth,1501,0,0,0,1,1,0,0,1,0.193590,0,,,,,0
30.0,leo_high,5,5,8,1.0,59,0,20.0,45.0,3,earth_commit,earth,1501,0,0,0,1,1,0,0,1,0.186530,0,,,,,0
30.0,leo_high,3,1,8,1.0,40,0,20.0,45.0,3,earth_commit,earth,1501,0,0,0,1,1,0,0,0,0.238118,0,,,,,0
30.0,leo_high,3,1,8,1.0,41,0,20.0,45.0,3,earth_commit,earth,1501,0,0,0,1,1,0,0,0,0.236649,0,,,,,0
30.0,leo_high,3,1,8,1.0,42,0,20.0,45.0,3,earth_commit,earth,1501,0,0,0,1,1,0,0,0,0.239794,0,,,,,0
30.0,leo_high,3,1,8,1.0,43,0,20.0,45.0,3,earth_commit,earth,1501,0,0,0,1,1,0,0,0,0.228766,0,,,,,0
30.0,leo_high,3,1,8,1.0,44,0,20.0,45.0,3,earth_commit,earth,1501,0,0,0,1,1,0,0,0,0.234743,0,,,,,0
30.0,leo_high,3,1,8,1.0,45,0,20.0,45.0,3,earth_commit,earth,1501,0,0,0,1,1,0,0,0,0.247890,0,,,,,0
30.0,leo_high,3,1,8,1.0,46,0,20.0,45.0,3,earth_commit,earth,1501,0,0,0,1,1,0,0,0,0.236342,0,,,,,0
30.0,leo_high,3,1,8,1.0,47,0,20.0,45.0,3,earth_commit,earth,1501,0,0,0,1,1,0,0,0,0.244710,0,,,,,0
30.0,leo_high,3,1,8,1.0,48,0,20.0,45.0,3,earth_commit,earth,1501,0,0,0,1,1,0,0,0,0.242545,0,,,,,0
30.0,leo_high,3,1,8,1.0,49,0,20.0,45.0,3,earth_commit,earth,1501,0,0,0,1,1,0,0,0,0.230155,0,,,,,0
30.0,leo_high,3,1,8,1.0,50,0,20.0,45.0,3,earth_commit,earth,1501,0,0,0,1,1,0,0,0,0.251806,0,,,,,0
30.0,leo_high,3,1,8,1.0,51,0,20.0,45.0,3,earth_commit,earth,1501,0,0,0,1,1,0,0,0,0.260398,0,,,,,0
30.0,leo_high,3,1,8,1.0,52,0,20.0,45.0,3,earth_commit,earth,1501,0,0,0,1,1,0,0,0,0.251718,0,,,,,0
30.0,leo_high,3,1,8,1.0,53,0,20.0,45.0,3,earth_commit,earth,1501,0,0,0,1,1,0,0,0,0.231496,0,,,,,0
30.0,leo_high,3,1,8,1.0,54,0,20.0,45.0,3,earth_commit,earth,1501,0,0,0,1,1,0,0,0,0.228098,0,,,,,0
30.0,leo_high,3,1,8,1.0,55,0,20.0,45.0,3,earth_commit,earth,1501,0,0,0,1,1,0,0,0,0.226755,0,,,,,0
30.0,leo_high,3,1,8,1.0,56,0,20.0,45.0,3,earth_commit,earth,1501,0,0,0,1,1,0,0,0,0.237196,0,,,,,0
30.0,leo_high,3,1,8,1.0,57,0,20.0,45.0,3,earth_commit,earth,1501,0,0,0,1,1,0,0,0,0.246444,0,,,,,0
30.0,leo_high,3,1,8,1.0,58,0,20.0,45.0,3,earth_commit,earth,1501,0,0,0,1,1,0,0,0,0.251694,0,,,,,0
30.0,leo_high,3,1,8,1.0,59,0,20.0,45.0,3,earth_commit,earth,1501,0,0,0,1,1,0,0,0,0.252589,0,,,,,0
30.0,leo_high,3,5,8,1.0,40,0,20.0,45.0,3,earth_commit,earth,1501,0,0,0,1,1,0,0,0,0.238118,0,,,,,0
30.0,leo_high,3,5,8,1.0,41,0,20.0,45.0,3,earth_commit,earth,1501,0,0,0,1,1,0,0,0,0.236649,0,,,,,0
30.0,leo_high,3,5,8,1.0,42,0,20.0,45.0,3,earth_commit,earth,1501,0,0,0,1,1,0,0,0,0.239794,0,,,,,0
30.0,leo_high,3,5,8,1.0,43,0,20.0,45.0,3,earth_commit,earth,1501,0,0,0,1,1,0,0,0,0.228766,0,,,,,0
30.0,leo_high,3,5,8,1.0,44,0,20.0,45.0,3,earth_commit,earth,1501,0,0,0,1,1,0,0,0,0.234743,0,,,,,0
30.0,leo_high,3,5,8,1.0,45,0,20.0,45.0,3,earth_commit,earth,1501,0,0,0,1,1,0,0,0,0.247890,0,,,,,0
30.0,leo_high,3,5,8,1.0,46,0,20.0,45.0,3,earth_commit,earth,1501,0,0,0,1,1,0,0,0,0.236342,0,,,,,0
30.0,leo_high,3,5,8,1.0,47,0,20.0,45.0,3,earth_commit,earth,1501,0,0,0,1,1,0,0,0,0.244710,0,,,,,0
30.0,leo_high,3,5,8,1.0,48,0,20.0,45.0,3,earth_commit,earth,1501,0,0,0,1,1,0,0,0,0.242545,0,,,,,0
30.0,leo_high,3,5,8,1.0,49,0,20.0,45.0,3,earth_commit,earth,1501,0,0,0,1,1,0,0,0,0.230155,0,,,,,0
30.0,leo_high,3,5,8,1.0,50,0,20.0,45.0,3,earth_commit,earth,1501,0,0,0,1,1,0,0,0,0.251806,0,,,,,0
30.0,leo_high,3,5,8,1.0,51,0,20.0,45.0,3,earth_commit,earth,1501,0,0,0,1,1,0,0,0,0.260398,0,,,,,0
30.0,leo_high,3,5,8,1.0,52,0,20.0,45.0,3,earth_commit,earth,1501,0,0,0,1,1,0,0,0,0.251718,0,,,,,0
30.0,leo_high,3,5,8,1.0,53,0,20.0,45.0,3,earth_commit,earth,1501,0,0,0,1,1,0,0,0,0.231496,0,,,,,0
30.0,leo_high,3,5,8,1.0,54,0,20.0,45.0,3,earth_commit,earth,1501,0,0,0,1,1,0,0,0,0.228098,0,,,,,0
30.0,leo_high,3,5,8,1.0,55,0,20.0,45.0,3,earth_commit,earth,1501,0,0,0,1,1,0,0,0,0.226755,0,,,,,0
30.0,leo_high,3,5,8,1.0,56,0,20.0,45.0,3,earth_commit,earth,1501,0,0,0,1,1,0,0,0,0.237196,0,,,,,0
30.0,leo_high,3,5,8,1.0,57,0,20.0,45.0,3,earth_commit,earth,1501,0,0,0,1,1,0,0,0,0.246444,0,,,,,0
30.0,leo_high,3,5,8,1.0,58,0,20.0,45.0,3,earth_commit,earth,1501,0,0,0,1,1,0,0,0,0.251694,0,,,,,0
30.0,leo_high,3,5,8,1.0,59,0,20.0,45.0,3,earth_commit,earth,1501,0,0,0,1,1,0,0,0,0.252589,0,,,,,0
