scenario,topology,tier_index,tier_name,mars_base_latency_s,blackout_duration_s,seed,pre_success,pre_total,during_success,during_total,post_success,post_total,avg_latency_s,first_post_blackout_s,earth_local_success,earth_local_total,mars_local_success,mars_local_total
blackout_only,sparse,0,mars,186.0,300.0,40,0,1,0,1,0,4,,,1778,1778,1980,1980
blackout_only,sparse,1,moon,186.0,300.0,40,5,5,3,3,24,24,5.130103,106.173067,1778,1778,1980,1980
blackout_only,sparse,2,leo,186.0,300.0,40,0,1,0,1,0,4,,,1778,1778,1980,1980
blackout_only,sparse,3,earth,186.0,300.0,40,5,5,3,3,26,26,0.184291,61.642952,1778,1778,1980,1980
with_repeater,sparse,0,mars,186.0,300.0,40,0,1,0,1,0,4,,,1777,1777,1980,1980
with_repeater,sparse,1,moon,186.0,300.0,40,5,5,3,3,24,24,5.132017,106.193339,1777,1777,1980,1980
with_repeater,sparse,2,leo,186.0,300.0,40,0,1,0,1,0,4,,,1777,1777,1980,1980
with_repeater,sparse,3,earth,186.0,300.0,40,5,5,3,3,26,26,0.183752,61.673168,1777,1777,1980,1980
blackout_only,sparse,0,mars,186.0,300.0,41,0,1,0,1,0,4,,,1778,1778,1980,1980
blackout_only,sparse,1,moon,186.0,300.0,41,5,5,3,3,24,24,5.131075,106.180729,1778,1778,1980,1980
blackout_only,sparse,2,leo,186.0,300.0,41,0,1,0,1,0,4,,,1778,1778,1980,1980
blackout_only,sparse,3,earth,186.0,300.0,41,5,5,3,3,26,26,0.182229,61.651123,1778,1778,1980,1980
with_repeater,sparse,0,mars,186.0,300.0,41,0,1,0,1,0,4,,,1777,1777,1980,1980
with_repeater,sparse,1,moon,186.0,300.0,41,5,5,3,3,24,24,5.130090,106.135696,1777,1777,1980,1980
with_repeater,sparse,2,leo,186.0,300.0,41,0,1,0,1,0,4,,,1777,1777,1980,1980
with_repeater,sparse,3,earth,186.0,300.0,41,5,5,3,3,26,26,0.183844,61.630335,1777,1777,1980,1980
blackout_only,sparse,0,mars,186.0,300.0,42,0,1,0,1,0,4,,,1777,1777,1980,1980
blackout_only,sparse,1,moon,186.0,300.0,42,5,5,3,3,24,24,5.130294,106.162925,1777,1777,1980,1980
blackout_only,sparse,2,leo,186.0,300.0,42,0,1,0,1,0,4,,,1777,1777,1980,1980
blackout_only,sparse,3,earth,186.0,300.0,42,5,5,3,3,26,26,0.183139,61.633375,1777,1777,1980,1980
with_repeater,sparse,0,mars,186.0,300.0,42,0,1,0,1,0,4,,,1777,1777,1980,1980
with_repeater,sparse,1,moon,186.0,300.0,42,5,5,3,3,24,24,5.129932,106.150629,1777,1777,1980,1980
with_repeater,sparse,2,leo,186.0,300.0,42,0,1,0,1,0,4,,,1777,1777,1980,1980
with_repeater,sparse,3,earth,186.0,300.0,42,5,5,3,3,26,26,0.183201,61.650534,1777,1777,1980,1980
blackout_only,sparse,0,mars,186.0,300.0,43,0,1,0,1,0,4,,,1777,1777,1980,1980
blackout_only,sparse,1,moon,186.0,300.0,43,5,5,3,3,24,24,5.128881,106.202037,1777,1777,1980,1980
blackout_only,sparse,2,leo,186.0,300.0,43,0,1,0,1,0,4,,,1777,1777,1980,1980
blackout_only,sparse,3,earth,186.0,300.0,43,5,5,3,3,26,26,0.183952,61.668331,1777,1777,1980,1980
with_repeater,sparse,0,mars,186.0,300.0,43,0,1,0,1,0,4,,,1777,1777,1980,1980
with_repeater,sparse,1,moon,186.0,300.0,43,5,5,3,3,24,24,5.131156,106.213344,1777,1777,1980,1980
with_repeater,sparse,2,leo,186.0,300.0,43,0,1,0,1,0,4,,,1777,1777,1980,1980
with_repeater,sparse,3,earth,186.0,300.0,43,5,5,3,3,26,26,0.181569,61.675501,1777,1777,1980,1980
blackout_only,sparse,0,mars,186.0,300.0,44,0,1,0,1,0,4,,,1777,1777,1980,1980
blackout_only,sparse,1,moon,186.0,300.0,44,5,5,3,3,24,24,5.130151,106.161101,1777,1777,1980,1980
blackout_only,sparse,2,leo,186.0,300.0,44,0,1,0,1,0,4,,,1777,1777,1980,1980
blackout_only,sparse,3,earth,186.0,300.0,44,5,5,3,3,26,26,0.183088,61.626778,1777,1777,1980,1980
with_repeater,sparse,0,mars,186.0,300.0,44,0,1,0,1,0,4,,,1777,1777,1980,1980
with_repeater,sparse,1,moon,186.0,300.0,44,5,5,3,3,24,24,5.131178,106.129126,1777,1777,1980,1980
with_repeater,sparse,2,leo,186.0,300.0,44,0,1,0,1,0,4,,,1777,1777,1980,1980
with_repeater,sparse,3,earth,186.0,300.0,44,5,5,3,3,26,26,0.181384,61.665406,1777,1777,1980,1980
blackout_only,sparse,0,mars,186.0,300.0,45,0,1,0,1,0,4,,,1777,1777,1980,1980
blackout_only,sparse,1,moon,186.0,300.0,45,5,5,3,3,24,24,5.127818,106.142443,1777,1777,1980,1980
blackout_only,sparse,2,leo,186.0,300.0,45,0,1,0,1,0,4,,,1777,1777,1980,1980
blackout_only,sparse,3,earth,186.0,300.0,45,5,5,3,3,26,26,0.180727,61.648439,1777,1777,1980,1980
with_repeater,sparse,0,mars,186.0,300.0,45,0,1,0,1,0,4,,,1777,1777,1980,1980
with_repeater,sparse,1,moon,186.0,300.0,45,5,5,3,3,24,24,5.129591,106.143660,1777,1777,1980,1980
with_repeater,sparse,2,leo,186.0,300.0,45,0,1,0,1,0,4,,,1777,1777,1980,1980
with_repeater,sparse,3,earth,186.0,300.0,45,5,5,3,3,26,26,0.182248,61.641646,1777,1777,1980,1980
blackout_only,sparse,0,mars,186.0,300.0,46,0,1,0,1,0,4,,,1777,1777,1980,1980
blackout_only,sparse,1,moon,186.0,300.0,46,5,5,3,3,24,24,5.131927,106.207346,1777,1777,1980,1980
blackout_only,sparse,2,leo,186.0,300.0,46,0,1,0,1,0,4,,,1777,1777,1980,1980
blackout_only,sparse,3,earth,186.0,300.0,46,5,5,3,3,26,26,0.184200,61.658086,1777,1777,1980,1980
with_repeater,sparse,0,mars,186.0,300.0,46,0,1,0,1,0,4,,,1778,1778,1980,1980
with_repeater,sparse,1,moon,186.0,300.0,46,5,5,3,3,24,24,5.132050,106.212202,1778,1778,1980,1980
with_repeater,sparse,2,leo,186.0,300.0,46,0,1,0,1,0,4,,,1778,1778,1980,1980
with_repeater,sparse,3,earth,186.0,300.0,46,5,5,3,3,26,26,0.183898,61.641782,1778,1778,1980,1980
blackout_only,sparse,0,mars,186.0,300.0,47,0,1,0,1,0,4,,,1778,1778,1980,1980
blackout_only,sparse,1,moon,186.0,300.0,47,5,5,3,3,24,24,5.132532,106.236422,1778,1778,1980,1980
blackout_only,sparse,2,leo,186.0,300.0,47,0,1,0,1,0,4,,,1778,1778,1980,1980
blackout_only,sparse,3,earth,186.0,300.0,47,5,5,3,3,26,26,0.182908,61.642466,1778,1778,1980,1980
with_repeater,sparse,0,mars,186.0,300.0,47,0,1,0,1,0,4,,,1777,1777,1980,1980
with_repeater,sparse,1,moon,186.0,300.0,47,5,5,3,3,24,24,5.133501,106.193256,1777,1777,1980,1980
with_repeater,sparse,2,leo,186.0,300.0,47,0,1,0,1,0,4,,,1777,1777,1980,1980
with_repeater,sparse,3,earth,186.0,300.0,47,5,5,3,3,26,26,0.184738,61.663386,1777,1777,1980,1980
blackout_only,sparse,0,mars,186.0,300.0,48,0,1,0,1,0,4,,,1777,1777,1980,1980
blackout_only,sparse,1,moon,186.0,300.0,48,5,5,3,3,24,24,5.130548,106.174954,1777,1777,1980,1980
blackout_only,sparse,2,leo,186.0,300.0,48,0,1,0,1,0,4,,,1777,1777,1980,1980
blackout_only,sparse,3,earth,186.0,300.0,48,5,5,3,3,26,26,0.182000,61.636615,1777,1777,1980,1980
with_repeater,sparse,0,mars,186.0,300.0,48,0,1,0,1,0,4,,,1777,1777,1980,1980
with_repeater,sparse,1,moon,186.0,300.0,48,5,5,3,3,24,24,5.131873,106.166048,1777,1777,1980,1980
with_repeater,sparse,2,leo,186.0,300.0,48,0,1,0,1,0,4,,,1777,1777,1980,1980
with_repeater,sparse,3,earth,186.0,300.0,48,5,5,3,3,26,26,0.185912,61.657271,1777,1777,1980,1980
blackout_only,sparse,0,mars,186.0,300.0,49,0,1,0,1,0,4,,,1777,1777,1980,1980
blackout_only,sparse,1,moon,186.0,300.0,49,5,5,3,3,24,24,5.130494,106.178955,1777,1777,1980,1980
blackout_only,sparse,2,leo,186.0,300.0,49,0,1,0,1,0,4,,,1777,1777,1980,1980
blackout_only,sparse,3,earth,186.0,300.0,49,5,5,3,3,26,26,0.181664,61.651537,1777,1777,1980,1980
with_repeater,sparse,0,mars,186.0,300.0,49,0,1,0,1,0,4,,,1777,1777,1980,1980
with_repeater,sparse,1,moon,186.0,300.0,49,5,5,3,3,24,24,5.129450,106.153813,1777,1777,1980,1980
with_repeater,sparse,2,leo,186.0,300.0,49,0,1,0,1,0,4,,,1777,1777,1980,1980
with_repeater,sparse,3,earth,186.0,300.0,49,5,5,3,3,26,26,0.182274,61.644562,1777,1777,1980,1980
blackout_only,sparse,0,mars,186.0,300.0,50,0,1,0,1,0,4,,,1777,1777,1980,1980
blackout_only,sparse,1,moon,186.0,300.0,50,5,5,3,3,24,24,5.129814,106.193629,1777,1777,1980,1980
blackout_only,sparse,2,leo,186.0,300.0,50,0,1,0,1,0,4,,,1777,1777,1980,1980
blackout_only,sparse,3,earth,186.0,300.0,50,5,5,3,3,26,26,0.182576,61.620167,1777,1777,1980,1980
with_repeater,sparse,0,mars,186.0,300.0,50,0,1,0,1,0,4,,,1777,1777,1980,1980
with_repeater,sparse,1,moon,186.0,300.0,50,5,5,3,3,24,24,5.130909,106.185569,1777,1777,1980,1980
with_repeater,sparse,2,leo,186.0,300.0,50,0,1,0,1,0,4,,,1777,1777,1980,1980
with_repeater,sparse,3,earth,186.0,300.0,50,5,5,3,3,26,26,0.181968,61.646025,1777,1777,1980,1980
blackout_only,sparse,0,mars,186.0,300.0,51,0,1,0,1,0,4,,,1778,1778,1980,1980
blackout_only,sparse,1,moon,186.0,300.0,51,5,5,3,3,24,24,5.130972,106.158320,1778,1778,1980,1980
blackout_only,sparse,2,leo,186.0,300.0,51,0,1,0,1,0,4,,,1778,1778,1980,1980
blackout_only,sparse,3,earth,186.0,300.0,51,5,5,3,3,26,26,0.183345,61.682521,1778,1778,1980,1980
with_repeater,sparse,0,mars,186.0,300.0,51,0,1,0,1,0,4,,,1777,1777,1980,1980
with_repeater,sparse,1,moon,186.0,300.0,51,5,5,3,3,24,24,5.129356,106.166990,1777,1777,1980,1980
with_repeater,sparse,2,leo,186.0,300.0,51,0,1,0,1,0,4,,,1777,1777,1980,1980
with_repeater,sparse,3,earth,186.0,300.0,51,5,5,3,3,26,26,0.183585,61.642506,1777,1777,1980,1980
blackout_only,sparse,0,mars,186.0,300.0,52,0,1,0,1,0,4,,,1778,1778,1980,1980
blackout_only,sparse,1,moon,186.0,300.0,52,5,5,3,3,24,24,5.132154,106.181015,1778,1778,1980,1980
blackout_only,sparse,2,leo,186.0,300.0,52,0,1,0,1,0,4,,,1778,1778,1980,1980
blackout_only,sparse,3,earth,186.0,300.0,52,5,5,3,3,26,26,0.179891,61.593418,1778,1778,1980,1980
with_repeater,sparse,0,mars,186.0,300.0,52,0,1,0,1,0,4,,,1777,1777,1980,1980
with_repeater,sparse,1,moon,186.0,300.0,52,5,5,3,3,24,24,5.129432,106.178615,1777,1777,1980,1980
with_repeater,sparse,2,leo,186.0,300.0,52,0,1,0,1,0,4,,,1777,1777,1980,1980
with_repeater,sparse,3,earth,186.0,300.0,52,5,5,3,3,26,26,0.181196,61.627796,1777,1777,1980,1980
blackout_only,sparse,0,mars,186.0,300.0,53,0,1,0,1,0,4,,,1777,1777,1980,1980
blackout_only,sparse,1,moon,186.0,300.0,53,5,5,3,3,24,24,5.133890,106.178405,1777,1777,1980,1980
blackout_only,sparse,2,leo,186.0,300.0,53,0,1,0,1,0,4,,,1777,1777,1980,1980
blackout_only,sparse,3,earth,186.0,300.0,53,5,5,3,3,26,26,0.182570,61.638126,1777,1777,1980,1980
with_repeater,sparse,0,mars,186.0,300.0,53,0,1,0,1,0,4,,,1777,1777,1980,1980
with_repeater,sparse,1,moon,186.0,300.0,53,5,5,3,3,24,24,5.129660,106.171833,1777,1777,1980,1980
with_repeater,sparse,2,leo,186.0,300.0,53,0,1,0,1,0,4,,,1777,1777,1980,1980
with_repeater,sparse,3,earth,186.0,300.0,53,5,5,3,3,26,26,0.182085,61.618763,1777,1777,1980,1980
blackout_only,sparse,0,mars,186.0,300.0,54,0,1,0,1,0,4,,,1778,1778,1980,1980
blackout_only,sparse,1,moon,186.0,300.0,54,5,5,3,3,24,24,5.130700,106.160428,1778,1778,1980,1980
blackout_only,sparse,2,leo,186.0,300.0,54,0,1,0,1,0,4,,,1778,1778,1980,1980
blackout_only,sparse,3,earth,186.0,300.0,54,5,5,3,3,26,26,0.183227,61.681237,1778,1778,1980,1980
with_repeater,sparse,0,mars,186.0,300.0,54,0,1,0,1,0,4,,,1777,1777,1980,1980
with_repeater,sparse,1,moon,186.0,300.0,54,5,5,3,3,24,24,5.132099,106.178817,1777,1777,1980,1980
with_repeater,sparse,2,leo,186.0,300.0,54,0,1,0,1,0,4,,,1777,1777,1980,1980
with_repeater,sparse,3,earth,186.0,300.0,54,5,5,3,3,26,26,0.184761,61.642929,1777,1777,1980,1980
blackout_only,sparse,0,mars,186.0,300.0,55,0,1,0,1,0,4,,,1778,1778,1980,1980
blackout_only,sparse,1,moon,186.0,300.0,55,5,5,3,3,24,24,5.133801,106.197037,1778,1778,1980,1980
blackout_only,sparse,2,leo,186.0,300.0,55,0,1,0,1,0,4,,,1778,1778,1980,1980
blackout_only,sparse,3,earth,186.0,300.0,55,5,5,3,3,26,26,0.183050,61.661623,1778,1778,1980,1980
with_repeater,sparse,0,mars,186.0,300.0,55,0,1,0,1,0,4,,,1777,1777,1980,1980
with_repeater,sparse,1,moon,186.0,300.0,55,5,5,3,3,24,24,5.133840,106.200184,1777,1777,1980,1980
with_repeater,sparse,2,leo,186.0,300.0,55,0,1,0,1,0,4,,,1777,1777,1980,1980
with_repeater,sparse,3,earth,186.0,300.0,55,5,5,3,3,26,26,0.182984,61.670450,1777,1777,1980,1980
blackout_only,sparse,0,mars,186.0,300.0,56,0,1,0,1,0,4,,,1777,1777,1980,1980
blackout_only,sparse,1,moon,186.0,300.0,56,5,5,3,3,24,24,5.134120,106.208437,1777,1777,1980,1980
blackout_only,sparse,2,leo,186.0,300.0,56,0,1,0,1,0,4,,,1777,1777,1980,1980
blackout_only,sparse,3,earth,186.0,300.0,56,5,5,3,3,26,26,0.181813,61.619329,1777,1777,1980,1980
with_repeater,sparse,0,mars,186.0,300.0,56,0,1,0,1,0,4,,,1778,1778,1980,1980
with_repeater,sparse,1,moon,186.0,300.0,56,5,5,3,3,24,24,5.132868,106.166774,1778,1778,1980,1980
with_repeater,sparse,2,leo,186.0,300.0,56,0,1,0,1,0,4,,,1778,1778,1980,1980
with_repeater,sparse,3,earth,186.0,300.0,56,5,5,3,3,26,26,0.184225,61.670319,1778,1778,1980,1980
blackout_only,sparse,0,mars,186.0,300.0,57,0,1,0,1,0,4,,,1777,1777,1980,1980
blackout_only,sparse,1,moon,186.0,300.0,57,5,5,3,3,24,24,5.131378,106.230820,1777,1777,1980,1980
blackout_only,sparse,2,leo,186.0,300.0,57,0,1,0,1,0,4,,,1777,1777,1980,1980
blackout_only,sparse,3,earth,186.0,300.0,57,5,5,3,3,26,26,0.181386,61.606981,1777,1777,1980,1980
with_repeater,sparse,0,mars,186.0,300.0,57,0,1,0,1,0,4,,,1778,1778,1980,1980
with_repeater,sparse,1,moon,186.0,300.0,57,5,5,3,3,24,24,5.132385,106.216869,1778,1778,1980,1980
with_repeater,sparse,2,leo,186.0,300.0,57,0,1,0,1,0,4,,,1778,1778,1980,1980
with_repeater,sparse,3,earth,186.0,300.0,57,5,5,3,3,26,26,0.182163,61.633303,1778,1778,1980,1980
blackout_only,sparse,0,mars,186.0,300.0,58,0,1,0,1,0,4,,,1777,1777,1980,1980
blackout_only,sparse,1,moon,186.0,300.0,58,5,5,3,3,24,24,5.131800,106.201448,1777,1777,1980,1980
blackout_only,sparse,2,leo,186.0,300.0,58,0,1,0,1,0,4,,,1777,1777,1980,1980
blackout_only,sparse,3,earth,186.0,300.0,58,5,5,3,3,26,26,0.183582,61.657593,1777,1777,1980,1980
with_repeater,sparse,0,mars,186.0,300.0,58,0,1,0,1,0,4,,,1777,1777,1980,1980
with_repeater,sparse,1,moon,186.0,300.0,58,5,5,3,3,24,24,5.134373,106.214090,1777,1777,1980,1980
with_repeater,sparse,2,leo,186.0,300.0,58,0,1,0,1,0,4,,,1777,1777,1980,1980
with_repeater,sparse,3,earth,186.0,300.0,58,5,5,3,3,26,26,0.183794,61.619582,1777,1777,1980,1980
blackout_only,sparse,0,mars,186.0,300.0,59,0,1,0,1,0,4,,,1777,1777,1980,1980
blackout_only,sparse,1,moon,186.0,300.0,59,5,5,3,3,24,24,5.134218,106.212237,1777,1777,1980,1980
blackout_only,sparse,2,leo,186.0,300.0,59,0,1,0,1,0,4,,,1777,1777,1980,1980
blackout_only,sparse,3,earth,186.0,300.0,59,5,5,3,3,26,26,0.182017,61.640390,1777,1777,1980,1980
with_repeater,sparse,0,mars,186.0,300.0,59,0,1,0,1,0,4,,,1777,1777,1980,1980
with_repeater,sparse,1,moon,186.0,300.0,59,5,5,3,3,24,24,5.131900,106.219954,1777,1777,1980,1980
with_repeater,sparse,2,leo,186.0,300.0,59,0,1,0,1,0,4,,,1777,1777,1980,1980
with_repeater,sparse,3,earth,186.0,300.0,59,5,5,3,3,26,26,0.181153,61.648069,1777,1777,1980,1980
blackout_only,sparse,0,mars,186.0,300.0,60,0,1,0,1,0,4,,,1777,1777,1980,1980
blackout_only,sparse,1,moon,186.0,300.0,60,5,5,3,3,24,24,5.134512,106.178364,1777,1777,1980,1980
blackout_only,sparse,2,leo,186.0,300.0,60,0,1,0,1,0,4,,,1777,1777,1980,1980
blackout_only,sparse,3,earth,186.0,300.0,60,5,5,3,3,26,26,0.183155,61.642192,1777,1777,1980,1980
with_repeater,sparse,0,mars,186.0,300.0,60,0,1,0,1,0,4,,,1777,1777,1980,1980
with_repeater,sparse,1,moon,186.0,300.0,60,5,5,3,3,24,24,5.129907,106.175936,1777,1777,1980,1980
with_repeater,sparse,2,leo,186.0,300.0,60,0,1,0,1,0,4,,,1777,1777,1980,1980
with_repeater,sparse,3,earth,186.0,300.0,60,5,5,3,3,26,26,0.181346,61.644085,1777,1777,1980,1980
blackout_only,sparse,0,mars,186.0,300.0,61,0,1,0,1,0,4,,,1777,1777,1980,1980
blackout_only,sparse,1,moon,186.0,300.0,61,5,5,3,3,24,24,5.131016,106.193836,1777,1777,1980,1980
blackout_only,sparse,2,leo,186.0,300.0,61,0,1,0,1,0,4,,,1777,1777,1980,1980
blackout_only,sparse,3,earth,186.0,300.0,61,5,5,3,3,26,26,0.182690,61.646818,1777,1777,1980,1980
with_repeater,sparse,0,mars,186.0,300.0,61,0,1,0,1,0,4,,,1777,1777,1980,1980
with_repeater,sparse,1,moon,186.0,300.0,61,5,5,3,3,24,24,5.131142,106.193081,1777,1777,1980,1980
with_repeater,sparse,2,leo,186.0,300.0,61,0,1,0,1,0,4,,,1777,1777,1980,1980
with_repeater,sparse,3,earth,186.0,300.0,61,5,5,3,3,26,26,0.186064,61.661976,1777,1777,1980,1980
blackout_only,sparse,0,mars,186.0,300.0,62,0,1,0,1,0,4,,,1777,1777,1980,1980
blackout_only,sparse,1,moon,186.0,300.0,62,5,5,3,3,24,24,5.131190,106.175487,1777,1777,1980,1980
blackout_only,sparse,2,leo,186.0,300.0,62,0,1,0,1,0,4,,,1777,1777,1980,1980
blackout_only,sparse,3,earth,186.0,300.0,62,5,5,3,3,26,26,0.185393,61.618272,1777,1777,1980,1980
with_repeater,sparse,0,mars,186.0,300.0,62,0,1,0,1,0,4,,,1777,1777,1980,1980
with_repeater,sparse,1,moon,186.0,300.0,62,5,5,3,3,24,24,5.130952,106.178959,1777,1777,1980,1980
with_repeater,sparse,2,leo,186.0,300.0,62,0,1,0,1,0,4,,,1777,1777,1980,1980
with_repeater,sparse,3,earth,186.0,300.0,62,5,5,3,3,26,26,0.182783,61.612879,1777,1777,1980,1980
blackout_only,sparse,0,mars,186.0,300.0,63,0,1,0,1,0,4,,,1778,1778,1980,1980
blackout_only,sparse,1,moon,186.0,300.0,63,5,5,3,3,24,24,5.131082,106.165897,1778,1778,1980,1980
blackout_only,sparse,2,leo,186.0,300.0,63,0,1,0,1,0,4,,,1778,1778,1980,1980
blackout_only,sparse,3,earth,186.0,300.0,63,5,5,3,3,26,26,0.182133,61.660876,1778,1778,1980,1980
with_repeater,sparse,0,mars,186.0,300.0,63,0,1,0,1,0,4,,,1778,1778,1980,1980
with_repeater,sparse,1,moon,186.0,300.0,63,5,5,3,3,24,24,5.127868,106.173323,1778,1778,1980,1980
with_repeater,sparse,2,leo,186.0,300.0,63,0,1,0,1,0,4,,,1778,1778,1980,1980
with_repeater,sparse,3,earth,186.0,300.0,63,5,5,3,3,26,26,0.184947,61.664505,1778,1778,1980,1980
blackout_only,sparse,0,mars,186.0,300.0,64,0,1,0,1,0,4,,,1777,1777,1980,1980
blackout_only,sparse,1,moon,186.0,300.0,64,5,5,3,3,24,24,5.131123,106.216739,1777,1777,1980,1980
blackout_only,sparse,2,leo,186.0,300.0,64,0,1,0,1,0,4,,,1777,1777,1980,1980
blackout_only,sparse,3,earth,186.0,300.0,64,5,5,3,3,26,26,0.182722,61.683053,1777,1777,1980,1980
with_repeater,sparse,0,mars,186.0,300.0,64,0,1,0,1,0,4,,,1777,1777,1980,1980
with_repeater,sparse,1,moon,186.0,300.0,64,5,5,3,3,24,24,5.131062,106.182794,1777,1777,1980,1980
with_repeater,sparse,2,leo,186.0,300.0,64,0,1,0,1,0,4,,,1777,1777,1980,1980
with_repeater,sparse,3,earth,186.0,300.0,64,5,5,3,3,26,26,0.182957,61.676213,1777,1777,1980,1980
blackout_only,sparse,0,mars,186.0,300.0,65,0,1,0,1,0,4,,,1777,1777,1980,1980
blackout_only,sparse,1,moon,186.0,300.0,65,5,5,3,3,24,24,5.129879,106.180875,1777,1777,1980,1980
blackout_only,sparse,2,leo,186.0,300.0,65,0,1,0,1,0,4,,,1777,1777,1980,1980
blackout_only,sparse,3,earth,186.0,300.0,65,5,5,3,3,26,26,0.179914,61.649030,1777,1777,1980,1980
with_repeater,sparse,0,mars,186.0,300.0,65,0,1,0,1,0,4,,,1777,1777,1980,1980
with_repeater,sparse,1,moon,186.0,300.0,65,5,5,3,3,24,24,5.132096,106.194802,1777,1777,1980,1980
with_repeater,sparse,2,leo,186.0,300.0,65,0,1,0,1,0,4,,,1777,1777,1980,1980
with_repeater,sparse,3,earth,186.0,300.0,65,5,5,3,3,26,26,0.183958,61.655795,1777,1777,1980,1980
blackout_only,sparse,0,mars,186.0,300.0,66,0,1,0,1,0,4,,,1777,1777,1980,1980
blackout_only,sparse,1,moon,186.0,300.0,66,5,5,3,3,24,24,5.130079,106.203320,1777,1777,1980,1980
blackout_only,sparse,2,leo,186.0,300.0,66,0,1,0,1,0,4,,,1777,1777,1980,1980
blackout_only,sparse,3,earth,186.0,300.0,66,5,5,3,3,26,26,0.182014,61.655892,1777,1777,1980,1980
with_repeater,sparse,0,mars,186.0,300.0,66,0,1,0,1,0,4,,,1778,1778,1980,1980
with_repeater,sparse,1,moon,186.0,300.0,66,5,5,3,3,24,24,5.132208,106.205205,1778,1778,1980,1980
with_repeater,sparse,2,leo,186.0,300.0,66,0,1,0,1,0,4,,,1778,1778,1980,1980
with_repeater,sparse,3,earth,186.0,300.0,66,5,5,3,3,26,26,0.180760,61.621949,1778,1778,1980,1980
blackout_only,sparse,0,mars,186.0,300.0,67,0,1,0,1,0,4,,,1777,1777,1980,1980
blackout_only,sparse,1,moon,186.0,300.0,67,5,5,3,3,24,24,5.133092,106.206089,1777,1777,1980,1980
blackout_only,sparse,2,leo,186.0,300.0,67,0,1,0,1,0,4,,,1777,1777,1980,1980
blackout_only,sparse,3,earth,186.0,300.0,67,5,5,3,3,26,26,0.182613,61.632126,1777,1777,1980,1980
with_repeater,sparse,0,mars,186.0,300.0,67,0,1,0,1,0,4,,,1778,1778,1980,1980
with_repeater,sparse,1,moon,186.0,300.0,67,5,5,3,3,24,24,5.130749,106.202559,1778,1778,1980,1980
with_repeater,sparse,2,leo,186.0,300.0,67,0,1,0,1,0,4,,,1778,1778,1980,1980
with_repeater,sparse,3,earth,186.0,300.0,67,5,5,3,3,26,26,0.183117,61.655326,1778,1778,1980,1980
blackout_only,sparse,0,mars,186.0,300.0,68,0,1,0,1,0,4,,,1777,1777,1980,1980
blackout_only,sparse,1,moon,186.0,300.0,68,5,5,3,3,24,24,5.132226,106.184545,1777,1777,1980,1980
blackout_only,sparse,2,leo,186.0,300.0,68,0,1,0,1,0,4,,,1777,1777,1980,1980
blackout_only,sparse,3,earth,186.0,300.0,68,5,5,3,3,26,26,0.181979,61.621396,1777,1777,1980,1980
with_repeater,sparse,0,mars,186.0,300.0,68,0,1,0,1,0,4,,,1777,1777,1980,1980
with_repeater,sparse,1,moon,186.0,300.0,68,5,5,3,3,24,24,5.130760,106.160759,1777,1777,1980,1980
with_repeater,sparse,2,leo,186.0,300.0,68,0,1,0,1,0,4,,,1777,1777,1980,1980
with_repeater,sparse,3,earth,186.0,300.0,68,5,5,3,3,26,26,0.181787,61.644111,1777,1777,1980,1980
blackout_only,sparse,0,mars,186.0,300.0,69,0,1,0,1,0,4,,,1777,1777,1980,1980
blackout_only,sparse,1,moon,186.0,300.0,69,5,5,3,3,24,24,5.132011,106.226768,1777,1777,1980,1980
blackout_only,sparse,2,leo,186.0,300.0,69,0,1,0,1,0,4,,,1777,1777,1980,1980
blackout_only,sparse,3,earth,186.0,300.0,69,5,5,3,3,26,26,0.183390,61.649901,1777,1777,1980,1980
with_repeater,sparse,0,mars,186.0,300.0,69,0,1,0,1,0,4,,,1777,1777,1980,1980
with_repeater,sparse,1,moon,186.0,300.0,69,5,5,3,3,24,24,5.132578,106.184935,1777,1777,1980,1980
with_repeater,sparse,2,leo,186.0,300.0,69,0,1,0,1,0,4,,,1777,1777,1980,1980
with_repeater,sparse,3,earth,186.0,300.0,69,5,5,3,3,26,26,0.182498,61.616494,1777,1777,1980,1980
blackout_only,sparse,0,mars,186.0,300.0,70,0,1,0,1,0,4,,,1778,1778,1980,1980
blackout_only,sparse,1,moon,186.0,300.0,70,5,5,3,3,24,24,5.131269,106.223366,1778,1778,1980,1980
blackout_only,sparse,2,leo,186.0,300.0,70,0,1,0,1,0,4,,,1778,1778,1980,1980
blackout_only,sparse,3,earth,186.0,300.0,70,5,5,3,3,26,26,0.183061,61.675861,1778,1778,1980,1980
with_repeater,sparse,0,mars,186.0,300.0,70,0,1,0,1,0,4,,,1778,1778,1980,1980
with_repeater,sparse,1,moon,186.0,300.0,70,5,5,3,3,24,24,5.132218,106.200527,1778,1778,1980,1980
with_repeater,sparse,2,leo,186.0,300.0,70,0,1,0,1,0,4,,,1778,1778,1980,1980
with_repeater,sparse,3,earth,186.0,300.0,70,5,5,3,3,26,26,0.184162,61.657578,1778,1778,1980,1980
blackout_only,sparse,0,mars,186.0,300.0,71,0,1,0,1,0,4,,,1777,1777,1980,1980
blackout_only,sparse,1,moon,186.0,300.0,71,5,5,3,3,24,24,5.130647,106.230371,1777,1777,1980,1980
blackout_only,sparse,2,leo,186.0,300.0,71,0,1,0,1,0,4,,,1777,1777,1980,1980
blackout_only,sparse,3,earth,186.0,300.0,71,5,5,3,3,26,26,0.181778,61.649354,1777,1777,1980,1980
with_repeater,sparse,0,mars,186.0,300.0,71,0,1,0,1,0,4,,,1777,1777,1980,1980
with_repeater,sparse,1,moon,186.0,300.0,71,5,5,3,3,24,24,5.131822,106.213438,1777,1777,1980,1980
with_repeater,sparse,2,leo,186.0,300.0,71,0,1,0,1,0,4,,,1777,1777,1980,1980
with_repeater,sparse,3,earth,186.0,300.0,71,5,5,3,3,26,26,0.182484,61.660035,1777,1777,1980,1980
blackout_only,sparse,0,mars,186.0,300.0,72,0,1,0,1,0,4,,,1777,1777,1980,1980
blackout_only,sparse,1,moon,186.0,300.0,72,5,5,3,3,24,24,5.127091,106.120004,1777,1777,1980,1980
blackout_only,sparse,2,leo,186.0,300.0,72,0,1,0,1,0,4,,,1777,1777,1980,1980
blackout_only,sparse,3,earth,186.0,300.0,72,5,5,3,3,26,26,0.182541,61.632471,1777,1777,1980,1980
with_repeater,sparse,0,mars,186.0,300.0,72,0,1,0,1,0,4,,,1777,1777,1980,1980
with_repeater,sparse,1,moon,186.0,300.0,72,5,5,3,3,24,24,5.130911,106.130966,1777,1777,1980,1980
with_repeater,sparse,2,leo,186.0,300.0,72,0,1,0,1,0,4,,,1777,1777,1980,1980
with_repeater,sparse,3,earth,186.0,300.0,72,5,5,3,3,26,26,0.183758,61.628860,1777,1777,1980,1980
blackout_only,sparse,0,mars,186.0,300.0,73,0,1,0,1,0,4,,,1778,1778,1980,1980
blackout_only,sparse,1,moon,186.0,300.0,73,5,5,3,3,24,24,5.130248,106.125528,1778,1778,1980,1980
blackout_only,sparse,2,leo,186.0,300.0,73,0,1,0,1,0,4,,,1778,1778,1980,1980
blackout_only,sparse,3,earth,186.0,300.0,73,5,5,3,3,26,26,0.182184,61.609040,1778,1778,1980,1980
with_repeater,sparse,0,mars,186.0,300.0,73,0,1,0,1,0,4,,,1778,1778,1980,1980
with_repeater,sparse,1,moon,186.0,300.0,73,5,5,3,3,24,24,5.133180,106.156695,1778,1778,1980,1980
with_repeater,sparse,2,leo,186.0,300.0,73,0,1,0,1,0,4,,,1778,1778,1980,1980
with_repeater,sparse,3,earth,186.0,300.0,73,5,5,3,3,26,26,0.179184,61.593064,1778,1778,1980,1980
blackout_only,sparse,0,mars,186.0,300.0,74,0,1,0,1,0,4,,,1777,1777,1980,1980
blackout_only,sparse,1,moon,186.0,300.0,74,5,5,3,3,24,24,5.131244,106.159329,1777,1777,1980,1980
blackout_only,sparse,2,leo,186.0,300.0,74,0,1,0,1,0,4,,,1777,1777,1980,1980
blackout_only,sparse,3,earth,186.0,300.0,74,5,5,3,3,26,26,0.182977,61.662881,1777,1777,1980,1980
with_repeater,sparse,0,mars,186.0,300.0,74,0,1,0,1,0,4,,,1777,1777,1980,1980
with_repeater,sparse,1,moon,186.0,300.0,74,5,5,3,3,24,24,5.133600,106.194481,1777,1777,1980,1980
with_repeater,sparse,2,leo,186.0,300.0,74,0,1,0,1,0,4,,,1777,1777,1980,1980
with_repeater,sparse,3,earth,186.0,300.0,74,5,5,3,3,26,26,0.182695,61.645078,1777,1777,1980,1980
blackout_only,sparse,0,mars,186.0,300.0,75,0,1,0,1,0,4,,,1777,1777,1980,1980
blackout_only,sparse,1,moon,186.0,300.0,75,5,5,3,3,24,24,5.132254,106.215495,1777,1777,1980,1980
blackout_only,sparse,2,leo,186.0,300.0,75,0,1,0,1,0,4,,,1777,1777,1980,1980
blackout_only,sparse,3,earth,186.0,300.0,75,5,5,3,3,26,26,0.183432,61.639739,1777,1777,1980,1980
with_repeater,sparse,0,mars,186.0,300.0,75,0,1,0,1,0,4,,,1778,1778,1980,1980
with_repeater,sparse,1,moon,186.0,300.0,75,5,5,3,3,24,24,5.130424,106.194352,1778,1778,1980,1980
with_repeater,sparse,2,leo,186.0,300.0,75,0,1,0,1,0,4,,,1778,1778,1980,1980
with_repeater,sparse,3,earth,186.0,300.0,75,5,5,3,3,26,26,0.184430,61.675246,1778,1778,1980,1980
blackout_only,sparse,0,mars,186.0,300.0,76,0,1,0,1,0,4,,,1777,1777,1980,1980
blackout_only,sparse,1,moon,186.0,300.0,76,5,5,3,3,24,24,5.131325,106.206932,1777,1777,1980,1980
blackout_only,sparse,2,leo,186.0,300.0,76,0,1,0,1,0,4,,,1777,1777,1980,1980
blackout_only,sparse,3,earth,186.0,300.0,76,5,5,3,3,26,26,0.184103,61.635085,1777,1777,1980,1980
with_repeater,sparse,0,mars,186.0,300.0,76,0,1,0,1,0,4,,,1777,1777,1980,1980
with_repeater,sparse,1,moon,186.0,300.0,76,5,5,3,3,24,24,5.131641,106.187945,1777,1777,1980,1980
with_repeater,sparse,2,leo,186.0,300.0,76,0,1,0,1,0,4,,,1777,1777,1980,1980
with_repeater,sparse,3,earth,186.0,300.0,76,5,5,3,3,26,26,0.180441,61.628195,1777,1777,1980,1980
blackout_only,sparse,0,mars,186.0,300.0,77,0,1,0,1,0,4,,,1777,1777,1980,1980
blackout_only,sparse,1,moon,186.0,300.0,77,5,5,3,3,24,24,5.132107,106.198562,1777,1777,1980,1980
blackout_only,sparse,2,leo,186.0,300.0,77,0,1,0,1,0,4,,,1777,1777,1980,1980
blackout_only,sparse,3,earth,186.0,300.0,77,5,5,3,3,26,26,0.182038,61.653120,1777,1777,1980,1980
with_repeater,sparse,0,mars,186.0,300.0,77,0,1,0,1,0,4,,,1777,1777,1980,1980
with_repeater,sparse,1,moon,186.0,300.0,77,5,5,3,3,24,24,5.131475,106.201573,1777,1777,1980,1980
with_repeater,sparse,2,leo,186.0,300.0,77,0,1,0,1,0,4,,,1777,1777,1980,1980
with_repeater,sparse,3,earth,186.0,300.0,77,5,5,3,3,26,26,0.183877,61.637580,1777,1777,1980,1980
blackout_only,sparse,0,mars,186.0,300.0,78,0,1,0,1,0,4,,,1778,1778,1980,1980
blackout_only,sparse,1,moon,186.0,300.0,78,5,5,3,3,24,24,5.132232,106.166725,1778,1778,1980,1980
blackout_only,sparse,2,leo,186.0,300.0,78,0,1,0,1,0,4,,,1778,1778,1980,1980
blackout_only,sparse,3,earth,186.0,300.0,78,5,5,3,3,26,26,0.181569,61.621591,1778,1778,1980,1980
with_repeater,sparse,0,mars,186.0,300.0,78,0,1,0,1,0,4,,,1777,1777,1980,1980
with_repeater,sparse,1,moon,186.0,300.0,78,5,5,3,3,24,24,5.132199,106.203975,1777,1777,1980,1980
with_repeater,sparse,2,leo,186.0,300.0,78,0,1,0,1,0,4,,,1777,1777,1980,1980
with_repeater,sparse,3,earth,186.0,300.0,78,5,5,3,3,26,26,0.183040,61.625421,1777,1777,1980,1980
blackout_only,sparse,0,mars,186.0,300.0,79,0,1,0,1,0,4,,,1778,1778,1980,1980
blackout_only,sparse,1,moon,186.0,300.0,79,5,5,3,3,24,24,5.132521,106.171188,1778,1778,1980,1980
blackout_only,sparse,2,leo,186.0,300.0,79,0,1,0,1,0,4,,,1778,1778,1980,1980
blackout_only,sparse,3,earth,186.0,300.0,79,5,5,3,3,26,26,0.180659,61.632962,1778,1778,1980,1980
with_repeater,sparse,0,mars,186.0,300.0,79,0,1,0,1,0,4,,,1778,1778,1980,1980
with_repeater,sparse,1,moon,186.0,300.0,79,5,5,3,3,24,24,5.134348,106.184169,1778,1778,1980,1980
with_repeater,sparse,2,leo,186.0,300.0,79,0,1,0,1,0,4,,,1778,1778,1980,1980
with_repeater,sparse,3,earth,186.0,300.0,79,5,5,3,3,26,26,0.184289,61.603251,1778,1778,1980,1980
blackout_only,sparse,0,mars,186.0,300.0,80,0,1,0,1,0,4,,,1777,1777,1980,1980
blackout_only,sparse,1,moon,186.0,300.0,80,5,5,3,3,24,24,5.130386,106.140036,1777,1777,1980,1980
blackout_only,sparse,2,leo,186.0,300.0,80,0,1,0,1,0,4,,,1777,1777,1980,1980
blackout_only,sparse,3,earth,186.0,300.0,80,5,5,3,3,26,26,0.183341,61.639910,1777,1777,1980,1980
with_repeater,sparse,0,mars,186.0,300.0,80,0,1,0,1,0,4,,,1777,1777,1980,1980
with_repeater,sparse,1,moon,186.0,300.0,80,5,5,3,3,24,24,5.131063,106.164980,1777,1777,1980,1980
with_repeater,sparse,2,leo,186.0,300.0,80,0,1,0,1,0,4,,,1777,1777,1980,1980
with_repeater,sparse,3,earth,186.0,300.0,80,5,5,3,3,26,26,0.181642,61.635758,1777,1777,1980,1980
blackout_only,sparse,0,mars,186.0,300.0,81,0,1,0,1,0,4,,,1777,1777,1980,1980
blackout_only,sparse,1,moon,186.0,300.0,81,5,5,3,3,24,24,5.129845,106.143578,1777,1777,1980,1980
blackout_only,sparse,2,leo,186.0,300.0,81,0,1,0,1,0,4,,,1777,1777,1980,1980
blackout_only,sparse,3,earth,186.0,300.0,81,5,5,3,3,26,26,0.185062,61.654985,1777,1777,1980,1980
with_repeater,sparse,0,mars,186.0,300.0,81,0,1,0,1,0,4,,,1778,1778,1980,1980
with_repeater,sparse,1,moon,186.0,300.0,81,5,5,3,3,24,24,5.131075,106.193711,1778,1778,1980,1980
with_repeater,sparse,2,leo,186.0,300.0,81,0,1,0,1,0,4,,,1778,1778,1980,1980
with_repeater,sparse,3,earth,186.0,300.0,81,5,5,3,3,26,26,0.184809,61.678927,1778,1778,1980,1980
blackout_only,sparse,0,mars,186.0,300.0,82,0,1,0,1,0,4,,,1777,1777,1980,1980
blackout_only,sparse,1,moon,186.0,300.0,82,5,5,3,3,24,24,5.132313,106.154967,1777,1777,1980,1980
blackout_only,sparse,2,leo,186.0,300.0,82,0,1,0,1,0,4,,,1777,1777,1980,1980
blackout_only,sparse,3,earth,186.0,300.0,82,5,5,3,3,26,26,0.181499,61.617917,1777,1777,1980,1980
with_repeater,sparse,0,mars,186.0,300.0,82,0,1,0,1,0,4,,,1778,1778,1980,1980
with_repeater,sparse,1,moon,186.0,300.0,82,5,5,3,3,24,24,5.134492,106.180078,1778,1778,1980,1980
with_repeater,sparse,2,leo,186.0,300.0,82,0,1,0,1,0,4,,,1778,1778,1980,1980
with_repeater,sparse,3,earth,186.0,300.0,82,5,5,3,3,26,26,0.184922,61.642700,1778,1778,1980,1980
blackout_only,sparse,0,mars,186.0,300.0,83,0,1,0,1,0,4,,,1777,1777,1980,1980
blackout_only,sparse,1,moon,186.0,300.0,83,5,5,3,3,24,24,5.131169,106.194849,1777,1777,1980,1980
blackout_only,sparse,2,leo,186.0,300.0,83,0,1,0,1,0,4,,,1777,1777,1980,1980
blackout_only,sparse,3,earth,186.0,300.0,83,5,5,3,3,26,26,0.181345,61.617755,1777,1777,1980,1980
with_repeater,sparse,0,mars,186.0,300.0,83,0,1,0,1,0,4,,,1777,1777,1980,1980
with_repeater,sparse,1,moon,186.0,300.0,83,5,5,3,3,24,24,5.132081,106.222015,1777,1777,1980,1980
with_repeater,sparse,2,leo,186.0,300.0,83,0,1,0,1,0,4,,,1777,1777,1980,1980
with_repeater,sparse,3,earth,186.0,300.0,83,5,5,3,3,26,26,0.181080,61.589360,1777,1777,1980,1980
blackout_only,sparse,0,mars,186.0,300.0,84,0,1,0,1,0,4,,,1777,1777,1980,1980
blackout_only,sparse,1,moon,186.0,300.0,84,5,5,3,3,24,24,5.130262,106.217212,1777,1777,1980,1980
blackout_only,sparse,2,leo,186.0,300.0,84,0,1,0,1,0,4,,,1777,1777,1980,1980
blackout_only,sparse,3,earth,186.0,300.0,84,5,5,3,3,26,26,0.182012,61.639195,1777,1777,1980,1980
with_repeater,sparse,0,mars,186.0,300.0,84,0,1,0,1,0,4,,,1777,1777,1980,1980
with_repeater,sparse,1,moon,186.0,300.0,84,5,5,3,3,24,24,5.132723,106.234322,1777,1777,1980,1980
with_repeater,sparse,2,leo,186.0,300.0,84,0,1,0,1,0,4,,,1777,1777,1980,1980
with_repeater,sparse,3,earth,186.0,300.0,84,5,5,3,3,26,26,0.181116,61.624181,1777,1777,1980,1980
blackout_only,sparse,0,mars,186.0,300.0,85,0,1,0,1,0,4,,,1777,1777,1980,1980
blackout_only,sparse,1,moon,186.0,300.0,85,5,5,3,3,24,24,5.127340,106.153442,1777,1777,1980,1980
blackout_only,sparse,2,leo,186.0,300.0,85,0,1,0,1,0,4,,,1777,1777,1980,1980
blackout_only,sparse,3,earth,186.0,300.0,85,5,5,3,3,26,26,0.183643,61.652580,1777,1777,1980,1980
with_repeater,sparse,0,mars,186.0,300.0,85,0,1,0,1,0,4,,,1777,1777,1980,1980
with_repeater,sparse,1,moon,186.0,300.0,85,5,5,3,3,24,24,5.131797,106.165139,1777,1777,1980,1980
with_repeater,sparse,2,leo,186.0,300.0,85,0,1,0,1,0,4,,,1777,1777,1980,1980
with_repeater,sparse,3,earth,186.0,300.0,85,5,5,3,3,26,26,0.184177,61.644269,1777,1777,1980,1980
blackout_only,sparse,0,mars,186.0,300.0,86,0,1,0,1,0,4,,,1777,1777,1980,1980
blackout_only,sparse,1,moon,186.0,300.0,86,5,5,3,3,24,24,5.130651,106.154742,1777,1777,1980,1980
blackout_only,sparse,2,leo,186.0,300.0,86,0,1,0,1,0,4,,,1777,1777,1980,1980
blackout_only,sparse,3,earth,186.0,300.0,86,5,5,3,3,26,26,0.184603,61.656889,1777,1777,1980,1980
with_repeater,sparse,0,mars,186.0,300.0,86,0,1,0,1,0,4,,,1777,1777,1980,1980
with_repeater,sparse,1,moon,186.0,300.0,86,5,5,3,3,24,24,5.132731,106.225426,1777,1777,1980,1980
with_repeater,sparse,2,leo,186.0,300.0,86,0,1,0,1,0,4,,,1777,1777,1980,1980
with_repeater,sparse,3,earth,186.0,300.0,86,5,5,3,3,26,26,0.183302,61.669254,1777,1777,1980,1980
blackout_only,sparse,0,mars,186.0,300.0,87,0,1,0,1,0,4,,,1777,1777,1980,1980
blackout_only,sparse,1,moon,186.0,300.0,87,5,5,3,3,24,24,5.131929,106.180153,1777,1777,1980,1980
blackout_only,sparse,2,leo,186.0,300.0,87,0,1,0,1,0,4,,,1777,1777,1980,1980
blackout_only,sparse,3,earth,186.0,300.0,87,5,5,3,3,26,26,0.182489,61.625619,1777,1777,1980,1980
with_repeater,sparse,0,mars,186.0,300.0,87,0,1,0,1,0,4,,,1777,1777,1980,1980
with_repeater,sparse,1,moon,186.0,300.0,87,5,5,3,3,24,24,5.131742,106.167427,1777,1777,1980,1980
with_repeater,sparse,2,leo,186.0,300.0,87,0,1,0,1,0,4,,,1777,1777,1980,1980
with_repeater,sparse,3,earth,186.0,300.0,87,5,5,3,3,26,26,0.183472,61.644853,1777,1777,1980,1980
blackout_only,sparse,0,mars,186.0,300.0,88,0,1,0,1,0,4,,,1777,1777,1980,1980
blackout_only,sparse,1,moon,186.0,300.0,88,5,5,3,3,24,24,5.132653,106.179966,1777,1777,1980,1980
blackout_only,sparse,2,leo,186.0,300.0,88,0,1,0,1,0,4,,,1777,1777,1980,1980
blackout_only,sparse,3,earth,186.0,300.0,88,5,5,3,3,26,26,0.185113,61.683561,1777,1777,1980,1980
with_repeater,sparse,0,mars,186.0,300.0,88,0,1,0,1,0,4,,,1777,1777,1980,1980
with_repeater,sparse,1,moon,186.0,300.0,88,5,5,3,3,24,24,5.133290,106.163722,1777,1777,1980,1980
with_repeater,sparse,2,leo,186.0,300.0,88,0,1,0,1,0,4,,,1777,1777,1980,1980
with_repeater,sparse,3,earth,186.0,300.0,88,5,5,3,3,26,26,0.185059,61.674551,1777,1777,1980,1980
blackout_only,sparse,0,mars,186.0,300.0,89,0,1,0,1,0,4,,,1777,1777,1980,1980
blackout_only,sparse,1,moon,186.0,300.0,89,5,5,3,3,24,24,5.129905,106.187046,1777,1777,1980,1980
blackout_only,sparse,2,leo,186.0,300.0,89,0,1,0,1,0,4,,,1777,1777,1980,1980
blackout_only,sparse,3,earth,186.0,300.0,89,5,5,3,3,26,26,0.186214,61.682808,1777,1777,1980,1980
with_repeater,sparse,0,mars,186.0,300.0,89,0,1,0,1,0,4,,,1777,1777,1980,1980
with_repeater,sparse,1,moon,186.0,300.0,89,5,5,3,3,24,24,5.133738,106.219618,1777,1777,1980,1980
with_repeater,sparse,2,leo,186.0,300.0,89,0,1,0,1,0,4,,,1777,1777,1980,1980
with_repeater,sparse,3,earth,186.0,300.0,89,5,5,3,3,26,26,0.184399,61.683526,1777,1777,1980,1980
blackout_only,sparse,0,mars,186.0,900.0,40,0,1,0,2,0,3,,,1778,1778,1980,1980
blackout_only,sparse,1,moon,186.0,900.0,40,5,5,7,7,20,20,5.131734,6.701439,1778,1778,1980,1980
blackout_only,sparse,2,leo,186.0,900.0,40,0,1,0,2,0,3,,,1778,1778,1980,1980
blackout_only,sparse,3,earth,186.0,900.0,40,5,5,8,8,21,21,0.185250,62.566834,1778,1778,1980,1980
with_repeater,sparse,0,mars,186.0,900.0,40,0,1,0,2,0,3,,,1778,1778,1980,1980
with_repeater,sparse,1,moon,186.0,900.0,40,5,5,7,7,20,20,5.132428,6.709694,1778,1778,1980,1980
with_repeater,sparse,2,leo,186.0,900.0,40,0,1,0,2,0,3,,,1778,1778,1980,1980
with_repeater,sparse,3,earth,186.0,900.0,40,5,5,8,8,21,21,0.184056,62.573825,1778,1778,1980,1980
blackout_only,sparse,0,mars,186.0,900.0,41,0,1,0,2,0,3,,,1778,1778,1980,1980
blackout_only,sparse,1,moon,186.0,900.0,41,5,5,7,7,20,20,5.130487,6.695985,1778,1778,1980,1980
blackout_only,sparse,2,leo,186.0,900.0,41,0,1,0,2,0,3,,,1778,1778,1980,1980
blackout_only,sparse,3,earth,186.0,900.0,41,5,5,8,8,21,21,0.182944,62.550779,1778,1778,1980,1980
with_repeater,sparse,0,mars,186.0,900.0,41,0,1,0,2,0,3,,,1777,1777,1980,1980
with_repeater,sparse,1,moon,186.0,900.0,41,5,5,7,7,20,20,5.129670,6.656672,1777,1777,1980,1980
with_repeater,sparse,2,leo,186.0,900.0,41,0,1,0,2,0,3,,,1777,1777,1980,1980
with_repeater,sparse,3,earth,186.0,900.0,41,5,5,8,8,21,21,0.182766,62.547364,1777,1777,1980,1980
blackout_only,sparse,0,mars,186.0,900.0,42,0,1,0,2,0,3,,,1777,1777,1980,1980
blackout_only,sparse,1,moon,186.0,900.0,42,5,5,7,7,20,20,5.131645,6.684516,1777,1777,1980,1980
blackout_only,sparse,2,leo,186.0,900.0,42,0,1,0,2,0,3,,,1777,1777,1980,1980
blackout_only,sparse,3,earth,186.0,900.0,42,5,5,8,8,21,21,0.182883,62.558123,1777,1777,1980,1980
with_repeater,sparse,0,mars,186.0,900.0,42,0,1,0,2,0,3,,,1777,1777,1980,1980
with_repeater,sparse,1,moon,186.0,900.0,42,5,5,7,7,20,20,5.130221,6.662729,1777,1777,1980,1980
with_repeater,sparse,2,leo,186.0,900.0,42,0,1,0,2,0,3,,,1777,1777,1980,1980
with_repeater,sparse,3,earth,186.0,900.0,42,5,5,8,8,21,21,0.185091,62.564562,1777,1777,1980,1980
blackout_only,sparse,0,mars,186.0,900.0,43,0,1,0,2,0,3,,,1777,1777,1980,1980
blackout_only,sparse,1,moon,186.0,900.0,43,5,5,7,7,20,20,5.133781,6.746812,1777,1777,1980,1980
blackout_only,sparse,2,leo,186.0,900.0,43,0,1,0,2,0,3,,,1777,1777,1980,1980
blackout_only,sparse,3,earth,186.0,900.0,43,5,5,8,8,21,21,0.184199,62.601212,1777,1777,1980,1980
with_repeater,sparse,0,mars,186.0,900.0,43,0,1,0,2,0,3,,,1777,1777,1980,1980
with_repeater,sparse,1,moon,186.0,900.0,43,5,5,7,7,20,20,5.130881,6.749468,1777,1777,1980,1980
with_repeater,sparse,2,leo,186.0,900.0,43,0,1,0,2,0,3,,,1777,1777,1980,1980
with_repeater,sparse,3,earth,186.0,900.0,43,5,5,8,8,21,21,0.181262,62.592505,1777,1777,1980,1980
blackout_only,sparse,0,mars,186.0,900.0,44,0,1,0,2,0,3,,,1777,1777,1980,1980
blackout_only,sparse,1,moon,186.0,900.0,44,5,5,7,7,20,20,5.131286,6.739616,1777,1777,1980,1980
blackout_only,sparse,2,leo,186.0,900.0,44,0,1,0,2,0,3,,,1777,1777,1980,1980
blackout_only,sparse,3,earth,186.0,900.0,44,5,5,8,8,21,21,0.184079,62.575783,1777,1777,1980,1980
with_repeater,sparse,0,mars,186.0,900.0,44,0,1,0,2,0,3,,,1777,1777,1980,1980
with_repeater,sparse,1,moon,186.0,900.0,44,5,5,7,7,20,20,5.130658,6.640703,1777,1777,1980,1980
with_repeater,sparse,2,leo,186.0,900.0,44,0,1,0,2,0,3,,,1777,1777,1980,1980
with_repeater,sparse,3,earth,186.0,900.0,44,5,5,8,8,21,21,0.182866,62.593315,1777,1777,1980,1980
blackout_only,sparse,0,mars,186.0,900.0,45,0,1,0,2,0,3,,,1777,1777,1980,1980
blackout_only,sparse,1,moon,186.0,900.0,45,5,5,7,7,20,20,5.129686,6.651936,1777,1777,1980,1980
blackout_only,sparse,2,leo,186.0,900.0,45,0,1,0,2,0,3,,,1777,1777,1980,1980
blackout_only,sparse,3,earth,186.0,900.0,45,5,5,8,8,21,21,0.181183,62.561842,1777,1777,1980,1980
with_repeater,sparse,0,mars,186.0,900.0,45,0,1,0,2,0,3,,,1777,1777,1980,1980
with_repeater,sparse,1,moon,186.0,900.0,45,5,5,7,7,20,20,5.128672,6.649283,1777,1777,1980,1980
with_repeater,sparse,2,leo,186.0,900.0,45,0,1,0,2,0,3,,,1777,1777,1980,1980
with_repeater,sparse,3,earth,186.0,900.0,45,5,5,8,8,21,21,0.183762,62.570122,1777,1777,1980,1980
blackout_only,sparse,0,mars,186.0,900.0,46,0,1,0,2,0,3,,,1778,1778,1980,1980
blackout_only,sparse,1,moon,186.0,900.0,46,5,5,7,7,20,20,5.129853,6.727811,1778,1778,1980,1980
blackout_only,sparse,2,leo,186.0,900.0,46,0,1,0,2,0,3,,,1778,1778,1980,1980
blackout_only,sparse,3,earth,186.0,900.0,46,5,5,8,8,21,21,0.184025,62.555236,1778,1778,1980,1980
with_repeater,sparse,0,mars,186.0,900.0,46,0,1,0,2,0,3,,,1778,1778,1980,1980
with_repeater,sparse,1,moon,186.0,900.0,46,5,5,7,7,20,20,5.133937,6.764302,1778,1778,1980,1980
with_repeater,sparse,2,leo,186.0,900.0,46,0,1,0,2,0,3,,,1778,1778,1980,1980
with_repeater,sparse,3,earth,186.0,900.0,46,5,5,8,8,21,21,0.183063,62.535745,1778,1778,1980,1980
blackout_only,sparse,0,mars,186.0,900.0,47,0,1,0,2,0,3,,,1778,1778,1980,1980
blackout_only,sparse,1,moon,186.0,900.0,47,5,5,7,7,20,20,5.133577,6.761911,1778,1778,1980,1980
blackout_only,sparse,2,leo,186.0,900.0,47,0,1,0,2,0,3,,,1778,1778,1980,1980
blackout_only,sparse,3,earth,186.0,900.0,47,5,5,8,8,21,21,0.183206,62.548082,1778,1778,1980,1980
with_repeater,sparse,0,mars,186.0,900.0,47,0,1,0,2,0,3,,,1778,1778,1980,1980
with_repeater,sparse,1,moon,186.0,900.0,47,5,5,7,7,20,20,5.133489,6.748043,1778,1778,1980,1980
with_repeater,sparse,2,leo,186.0,900.0,47,0,1,0,2,0,3,,,1778,1778,1980,1980
with_repeater,sparse,3,earth,186.0,900.0,47,5,5,8,8,21,21,0.182976,62.582134,1778,1778,1980,1980
blackout_only,sparse,0,mars,186.0,900.0,48,0,1,0,2,0,3,,,1777,1777,1980,1980
blackout_only,sparse,1,moon,186.0,900.0,48,5,5,7,7,20,20,5.131284,6.705216,1777,1777,1980,1980
blackout_only,sparse,2,leo,186.0,900.0,48,0,1,0,2,0,3,,,1777,1777,1980,1980
blackout_only,sparse,3,earth,186.0,900.0,48,5,5,8,8,21,21,0.183032,62.554421,1777,1777,1980,1980
with_repeater,sparse,0,mars,186.0,900.0,48,0,1,0,2,0,3,,,1777,1777,1980,1980
with_repeater,sparse,1,moon,186.0,900.0,48,5,5,7,7,20,20,5.132082,6.716073,1777,1777,1980,1980
with_repeater,sparse,2,leo,186.0,900.0,48,0,1,0,2,0,3,,,1777,1777,1980,1980
with_repeater,sparse,3,earth,186.0,900.0,48,5,5,8,8,21,21,0.183732,62.561936,1777,1777,1980,1980
blackout_only,sparse,0,mars,186.0,900.0,49,0,1,0,2,0,3,,,1778,1778,1980,1980
blackout_only,sparse,1,moon,186.0,900.0,49,5,5,7,7,20,20,5.131112,6.723032,1778,1778,1980,1980
blackout_only,sparse,2,leo,186.0,900.0,49,0,1,0,2,0,3,,,1778,1778,1980,1980
blackout_only,sparse,3,earth,186.0,900.0,49,5,5,8,8,21,21,0.182041,62.564602,1778,1778,1980,1980
with_repeater,sparse,0,mars,186.0,900.0,49,0,1,0,2,0,3,,,1777,1777,1980,1980
with_repeater,sparse,1,moon,186.0,900.0,49,5,5,7,7,20,20,5.129520,6.697331,1777,1777,1980,1980
with_repeater,sparse,2,leo,186.0,900.0,49,0,1,0,2,0,3,,,1777,1777,1980,1980
with_repeater,sparse,3,earth,186.0,900.0,49,5,5,8,8,21,21,0.182731,62.562345,1777,1777,1980,1980
blackout_only,sparse,0,mars,186.0,900.0,50,0,1,0,2,0,3,,,1777,1777,1980,1980
blackout_only,sparse,1,moon,186.0,900.0,50,5,5,7,7,20,20,5.133516,6.774344,1777,1777,1980,1980
blackout_only,sparse,2,leo,186.0,900.0,50,0,1,0,2,0,3,,,1777,1777,1980,1980
blackout_only,sparse,3,earth,186.0,900.0,50,5,5,8,8,21,21,0.180258,62.494117,1777,1777,1980,1980
with_repeater,sparse,0,mars,186.0,900.0,50,0,1,0,2,0,3,,,1777,1777,1980,1980
with_repeater,sparse,1,moon,186.0,900.0,50,5,5,7,7,20,20,5.131579,6.700710,1777,1777,1980,1980
with_repeater,sparse,2,leo,186.0,900.0,50,0,1,0,2,0,3,,,1777,1777,1980,1980
with_repeater,sparse,3,earth,186.0,900.0,50,5,5,8,8,21,21,0.183607,62.579781,1777,1777,1980,1980
blackout_only,sparse,0,mars,186.0,900.0,51,0,1,0,2,0,3,,,1777,1777,1980,1980
blackout_only,sparse,1,moon,186.0,900.0,51,5,5,7,7,20,20,5.131108,6.662779,1777,1777,1980,1980
blackout_only,sparse,2,leo,186.0,900.0,51,0,1,0,2,0,3,,,1777,1777,1980,1980
blackout_only,sparse,3,earth,186.0,900.0,51,5,5,8,8,21,21,0.186403,62.583927,1777,1777,1980,1980
with_repeater,sparse,0,mars,186.0,900.0,51,0,1,0,2,0,3,,,1777,1777,1980,1980
with_repeater,sparse,1,moon,186.0,900.0,51,5,5,7,7,20,20,5.129040,6.696857,1777,1777,1980,1980
with_repeater,sparse,2,leo,186.0,900.0,51,0,1,0,2,0,3,,,1777,1777,1980,1980
with_repeater,sparse,3,earth,186.0,900.0,51,5,5,8,8,21,21,0.181831,62.538164,1777,1777,1980,1980
blackout_only,sparse,0,mars,186.0,900.0,52,0,1,0,2,0,3,,,1777,1777,1980,1980
blackout_only,sparse,1,moon,186.0,900.0,52,5,5,7,7,20,20,5.130372,6.684343,1777,1777,1980,1980
blackout_only,sparse,2,leo,186.0,900.0,52,0,1,0,2,0,3,,,1777,1777,1980,1980
blackout_only,sparse,3,earth,186.0,900.0,52,5,5,8,8,21,21,0.182947,62.533212,1777,1777,1980,1980
with_repeater,sparse,0,mars,186.0,900.0,52,0,1,0,2,0,3,,,1778,1778,1980,1980
with_repeater,sparse,1,moon,186.0,900.0,52,5,5,7,7,20,20,5.128715,6.705056,1778,1778,1980,1980
with_repeater,sparse,2,leo,186.0,900.0,52,0,1,0,2,0,3,,,1778,1778,1980,1980
with_repeater,sparse,3,earth,186.0,900.0,52,5,5,8,8,21,21,0.181777,62.566766,1778,1778,1980,1980
blackout_only,sparse,0,mars,186.0,900.0,53,0,1,0,2,0,3,,,1777,1777,1980,1980
blackout_only,sparse,1,moon,186.0,900.0,53,5,5,7,7,20,20,5.131225,6.731419,1777,1777,1980,1980
blackout_only,sparse,2,leo,186.0,900.0,53,0,1,0,2,0,3,,,1777,1777,1980,1980
blackout_only,sparse,3,earth,186.0,900.0,53,5,5,8,8,21,21,0.180916,62.562709,1777,1777,1980,1980
with_repeater,sparse,0,mars,186.0,900.0,53,0,1,0,2,0,3,,,1777,1777,1980,1980
with_repeater,sparse,1,moon,186.0,900.0,53,5,5,7,7,20,20,5.131229,6.687109,1777,1777,1980,1980
with_repeater,sparse,2,leo,186.0,900.0,53,0,1,0,2,0,3,,,1777,1777,1980,1980
with_repeater,sparse,3,earth,186.0,900.0,53,5,5,8,8,21,21,0.183039,62.520455,1777,1777,1980,1980
blackout_only,sparse,0,mars,186.0,900.0,54,0,1,0,2,0,3,,,1777,1777,1980,1980
blackout_only,sparse,1,moon,186.0,900.0,54,5,5,7,7,20,20,5.127845,6.665007,1777,1777,1980,1980
blackout_only,sparse,2,leo,186.0,900.0,54,0,1,0,2,0,3,,,1777,1777,1980,1980
blackout_only,sparse,3,earth,186.0,900.0,54,5,5,8,8,21,21,0.183120,62.589823,1777,1777,1980,1980
with_repeater,sparse,0,mars,186.0,900.0,54,0,1,0,2,0,3,,,1777,1777,1980,1980
with_repeater,sparse,1,moon,186.0,900.0,54,5,5,7,7,20,20,5.130230,6.694573,1777,1777,1980,1980
with_repeater,sparse,2,leo,186.0,900.0,54,0,1,0,2,0,3,,,1777,1777,1980,1980
with_repeater,sparse,3,earth,186.0,900.0,54,5,5,8,8,21,21,0.184451,62.520485,1777,1777,1980,1980
blackout_only,sparse,0,mars,186.0,900.0,55,0,1,0,2,0,3,,,1777,1777,1980,1980
blackout_only,sparse,1,moon,186.0,900.0,55,5,5,7,7,20,20,5.131022,6.705536,1777,1777,1980,1980
blackout_only,sparse,2,leo,186.0,900.0,55,0,1,0,2,0,3,,,1777,1777,1980,1980
blackout_only,sparse,3,earth,186.0,900.0,55,5,5,8,8,21,21,0.180719,62.534923,1777,1777,1980,1980
with_repeater,sparse,0,mars,186.0,900.0,55,0,1,0,2,0,3,,,1777,1777,1980,1980
with_repeater,sparse,1,moon,186.0,900.0,55,5,5,7,7,20,20,5.132839,6.687882,1777,1777,1980,1980
with_repeater,sparse,2,leo,186.0,900.0,55,0,1,0,2,0,3,,,1777,1777,1980,1980
with_repeater,sparse,3,earth,186.0,900.0,55,5,5,8,8,21,21,0.182334,62.561180,1777,1777,1980,1980
blackout_only,sparse,0,mars,186.0,900.0,56,0,1,0,2,0,3,,,1777,1777,1980,1980
blackout_only,sparse,1,moon,186.0,900.0,56,5,5,7,7,20,20,5.131178,6.721294,1777,1777,1980,1980
blackout_only,sparse,2,leo,186.0,900.0,56,0,1,0,2,0,3,,,1777,1777,1980,1980
blackout_only,sparse,3,earth,186.0,900.0,56,5,5,8,8,21,21,0.182419,62.566487,1777,1777,1980,1980
with_repeater,sparse,0,mars,186.0,900.0,56,0,1,0,2,0,3,,,1778,1778,1980,1980
with_repeater,sparse,1,moon,186.0,900.0,56,5,5,7,7,20,20,5.131556,6.665539,1778,1778,1980,1980
with_repeater,sparse,2,leo,186.0,900.0,56,0,1,0,2,0,3,,,1778,1778,1980,1980
with_repeater,sparse,3,earth,186.0,900.0,56,5,5,8,8,21,21,0.182972,62.570775,1778,1778,1980,1980
blackout_only,sparse,0,mars,186.0,900.0,57,0,1,0,2,0,3,,,1777,1777,1980,1980
blackout_only,sparse,1,moon,186.0,900.0,57,5,5,7,7,20,20,5.132196,6.715155,1777,1777,1980,1980
blackout_only,sparse,2,leo,186.0,900.0,57,0,1,0,2,0,3,,,1777,1777,1980,1980
blackout_only,sparse,3,earth,186.0,900.0,57,5,5,8,8,21,21,0.182659,62.534214,1777,1777,1980,1980
with_repeater,sparse,0,mars,186.0,900.0,57,0,1,0,2,0,3,,,1777,1777,1980,1980
with_repeater,sparse,1,moon,186.0,900.0,57,5,5,7,7,20,20,5.131610,6.734228,1777,1777,1980,1980
with_repeater,sparse,2,leo,186.0,900.0,57,0,1,0,2,0,3,,,1777,1777,1980,1980
with_repeater,sparse,3,earth,186.0,900.0,57,5,5,8,8,21,21,0.181680,62.562627,1777,1777,1980,1980
blackout_only,sparse,0,mars,186.0,900.0,58,0,1,0,2,0,3,,,1777,1777,1980,1980
blackout_only,sparse,1,moon,186.0,900.0,58,5,5,7,7,20,20,5.130533,6.733896,1777,1777,1980,1980
blackout_only,sparse,2,leo,186.0,900.0,58,0,1,0,2,0,3,,,1777,1777,1980,1980
blackout_only,sparse,3,earth,186.0,900.0,58,5,5,8,8,21,21,0.183019,62.536065,1777,1777,1980,1980
with_repeater,sparse,0,mars,186.0,900.0,58,0,1,0,2,0,3,,,1777,1777,1980,1980
with_repeater,sparse,1,moon,186.0,900.0,58,5,5,7,7,20,20,5.132120,6.723386,1777,1777,1980,1980
with_repeater,sparse,2,leo,186.0,900.0,58,0,1,0,2,0,3,,,1777,1777,1980,1980
with_repeater,sparse,3,earth,186.0,900.0,58,5,5,8,8,21,21,0.184774,62.577695,1777,1777,1980,1980
blackout_only,sparse,0,mars,186.0,900.0,59,0,1,0,2,0,3,,,1777,1777,1980,1980
blackout_only,sparse,1,moon,186.0,900.0,59,5,5,7,7,20,20,5.130814,6.736764,1777,1777,1980,1980
blackout_only,sparse,2,leo,186.0,900.0,59,0,1,0,2,0,3,,,1777,1777,1980,1980
blackout_only,sparse,3,earth,186.0,900.0,59,5,5,8,8,21,21,0.181162,62.510812,1777,1777,1980,1980
with_repeater,sparse,0,mars,186.0,900.0,59,0,1,0,2,0,3,,,1777,1777,1980,1980
with_repeater,sparse,1,moon,186.0,900.0,59,5,5,7,7,20,20,5.131974,6.731985,1777,1777,1980,1980
with_repeater,sparse,2,leo,186.0,900.0,59,0,1,0,2,0,3,,,1777,1777,1980,1980
with_repeater,sparse,3,earth,186.0,900.0,59,5,5,8,8,21,21,0.181056,62.538396,1777,1777,1980,1980
blackout_only,sparse,0,mars,186.0,900.0,60,0,1,0,2,0,3,,,1777,1777,1980,1980
blackout_only,sparse,1,moon,186.0,900.0,60,5,5,7,7,20,20,5.128712,6.690965,1777,1777,1980,1980
blackout_only,sparse,2,leo,186.0,900.0,60,0,1,0,2,0,3,,,1777,1777,1980,1980
blackout_only,sparse,3,earth,186.0,900.0,60,5,5,8,8,21,21,0.183353,62.573371,1777,1777,1980,1980
with_repeater,sparse,0,mars,186.0,900.0,60,0,1,0,2,0,3,,,1777,1777,1980,1980
with_repeater,sparse,1,moon,186.0,900.0,60,5,5,7,7,20,20,5.131702,6.703954,1777,1777,1980,1980
with_repeater,sparse,2,leo,186.0,900.0,60,0,1,0,2,0,3,,,1777,1777,1980,1980
with_repeater,sparse,3,earth,186.0,900.0,60,5,5,8,8,21,21,0.181674,62.530735,1777,1777,1980,1980
blackout_only,sparse,0,mars,186.0,900.0,61,0,1,0,2,0,3,,,1778,1778,1980,1980
blackout_only,sparse,1,moon,186.0,900.0,61,5,5,7,7,20,20,5.131393,6.700384,1778,1778,1980,1980
blackout_only,sparse,2,leo,186.0,900.0,61,0,1,0,2,0,3,,,1778,1778,1980,1980
blackout_only,sparse,3,earth,186.0,900.0,61,5,5,8,8,21,21,0.182567,62.544356,1778,1778,1980,1980
with_repeater,sparse,0,mars,186.0,900.0,61,0,1,0,2,0,3,,,1777,1777,1980,1980
with_repeater,sparse,1,moon,186.0,900.0,61,5,5,7,7,20,20,5.131882,6.742314,1777,1777,1980,1980
with_repeater,sparse,2,leo,186.0,900.0,61,0,1,0,2,0,3,,,1777,1777,1980,1980
with_repeater,sparse,3,earth,186.0,900.0,61,5,5,8,8,21,21,0.184709,62.588232,1777,1777,1980,1980
blackout_only,sparse,0,mars,186.0,900.0,62,0,1,0,2,0,3,,,1778,1778,1980,1980
blackout_only,sparse,1,moon,186.0,900.0,62,5,5,7,7,20,20,5.131602,6.708200,1778,1778,1980,1980
blackout_only,sparse,2,leo,186.0,900.0,62,0,1,0,2,0,3,,,1778,1778,1980,1980
blackout_only,sparse,3,earth,186.0,900.0,62,5,5,8,8,21,21,0.180138,62.496103,1778,1778,1980,1980
with_repeater,sparse,0,mars,186.0,900.0,62,0,1,0,2,0,3,,,1777,1777,1980,1980
with_repeater,sparse,1,moon,186.0,900.0,62,5,5,7,7,20,20,5.130933,6.704409,1777,1777,1980,1980
with_repeater,sparse,2,leo,186.0,900.0,62,0,1,0,2,0,3,,,1777,1777,1980,1980
with_repeater,sparse,3,earth,186.0,900.0,62,5,5,8,8,21,21,0.181336,62.525546,1777,1777,1980,1980
blackout_only,sparse,0,mars,186.0,900.0,63,0,1,0,2,0,3,,,1778,1778,1980,1980
blackout_only,sparse,1,moon,186.0,900.0,63,5,5,7,7,20,20,5.130676,6.714281,1778,1778,1980,1980
blackout_only,sparse,2,leo,186.0,900.0,63,0,1,0,2,0,3,,,1778,1778,1980,1980
blackout_only,sparse,3,earth,186.0,900.0,63,5,5,8,8,21,21,0.185218,62.625075,1778,1778,1980,1980
with_repeater,sparse,0,mars,186.0,900.0,63,0,1,0,2,0,3,,,1778,1778,1980,1980
with_repeater,sparse,1,moon,186.0,900.0,63,5,5,7,7,20,20,5.128183,6.695428,1778,1778,1980,1980
with_repeater,sparse,2,leo,186.0,900.0,63,0,1,0,2,0,3,,,1778,1778,1980,1980
with_repeater,sparse,3,earth,186.0,900.0,63,5,5,8,8,21,21,0.183732,62.575253,1778,1778,1980,1980
blackout_only,sparse,0,mars,186.0,900.0,64,0,1,0,2,0,3,,,1777,1777,1980,1980
blackout_only,sparse,1,moon,186.0,900.0,64,5,5,7,7,20,20,5.132704,6.731914,1777,1777,1980,1980
blackout_only,sparse,2,leo,186.0,900.0,64,0,1,0,2,0,3,,,1777,1777,1980,1980
blackout_only,sparse,3,earth,186.0,900.0,64,5,5,8,8,21,21,0.182900,62.594178,1777,1777,1980,1980
with_repeater,sparse,0,mars,186.0,900.0,64,0,1,0,2,0,3,,,1777,1777,1980,1980
with_repeater,sparse,1,moon,186.0,900.0,64,5,5,7,7,20,20,5.131013,6.717647,1777,1777,1980,1980
with_repeater,sparse,2,leo,186.0,900.0,64,0,1,0,2,0,3,,,1777,1777,1980,1980
with_repeater,sparse,3,earth,186.0,900.0,64,5,5,8,8,21,21,0.183305,62.599690,1777,1777,1980,1980
blackout_only,sparse,0,mars,186.0,900.0,65,0,1,0,2,0,3,,,1777,1777,1980,1980
blackout_only,sparse,1,moon,186.0,900.0,65,5,5,7,7,20,20,5.130280,6.692878,1777,1777,1980,1980
blackout_only,sparse,2,leo,186.0,900.0,65,0,1,0,2,0,3,,,1777,1777,1980,1980
blackout_only,sparse,3,earth,186.0,900.0,65,5,5,8,8,21,21,0.184723,62.577215,1777,1777,1980,1980
with_repeater,sparse,0,mars,186.0,900.0,65,0,1,0,2,0,3,,,1777,1777,1980,1980
with_repeater,sparse,1,moon,186.0,900.0,65,5,5,7,7,20,20,5.132861,6.754130,1777,1777,1980,1980
with_repeater,sparse,2,leo,186.0,900.0,65,0,1,0,2,0,3,,,1777,1777,1980,1980
with_repeater,sparse,3,earth,186.0,900.0,65,5,5,8,8,21,21,0.183313,62.569660,1777,1777,1980,1980
blackout_only,sparse,0,mars,186.0,900.0,66,0,1,0,2,0,3,,,1778,1778,1980,1980
blackout_only,sparse,1,moon,186.0,900.0,66,5,5,7,7,20,20,5.131511,6.723204,1778,1778,1980,1980
blackout_only,sparse,2,leo,186.0,900.0,66,0,1,0,2,0,3,,,1778,1778,1980,1980
blackout_only,sparse,3,earth,186.0,900.0,66,5,5,8,8,21,21,0.183777,62.567039,1778,1778,1980,1980
with_repeater,sparse,0,mars,186.0,900.0,66,0,1,0,2,0,3,,,1778,1778,1980,1980
with_repeater,sparse,1,moon,186.0,900.0,66,5,5,7,7,20,20,5.131804,6.692088,1778,1778,1980,1980
with_repeater,sparse,2,leo,186.0,900.0,66,0,1,0,2,0,3,,,1778,1778,1980,1980
with_repeater,sparse,3,earth,186.0,900.0,66,5,5,8,8,21,21,0.180403,62.532348,1778,1778,1980,1980
blackout_only,sparse,0,mars,186.0,900.0,67,0,1,0,2,0,3,,,1777,1777,1980,1980
blackout_only,sparse,1,moon,186.0,900.0,67,5,5,7,7,20,20,5.133109,6.766728,1777,1777,1980,1980
blackout_only,sparse,2,leo,186.0,900.0,67,0,1,0,2,0,3,,,1777,1777,1980,1980
blackout_only,sparse,3,earth,186.0,900.0,67,5,5,8,8,21,21,0.183069,62.518837,1777,1777,1980,1980
with_repeater,sparse,0,mars,186.0,900.0,67,0,1,0,2,0,3,,,1777,1777,1980,1980
with_repeater,sparse,1,moon,186.0,900.0,67,5,5,7,7,20,20,5.132442,6.721950,1777,1777,1980,1980
with_repeater,sparse,2,leo,186.0,900.0,67,0,1,0,2,0,3,,,1777,1777,1980,1980
with_repeater,sparse,3,earth,186.0,900.0,67,5,5,8,8,21,21,0.183709,62.587961,1777,1777,1980,1980
blackout_only,sparse,0,mars,186.0,900.0,68,0,1,0,2,0,3,,,1777,1777,1980,1980
blackout_only,sparse,1,moon,186.0,900.0,68,5,5,7,7,20,20,5.129615,6.701774,1777,1777,1980,1980
blackout_only,sparse,2,leo,186.0,900.0,68,0,1,0,2,0,3,,,1777,1777,1980,1980
blackout_only,sparse,3,earth,186.0,900.0,68,5,5,8,8,21,21,0.182821,62.515957,1777,1777,1980,1980
with_repeater,sparse,0,mars,186.0,900.0,68,0,1,0,2,0,3,,,1777,1777,1980,1980
with_repeater,sparse,1,moon,186.0,900.0,68,5,5,7,7,20,20,5.130716,6.677080,1777,1777,1980,1980
with_repeater,sparse,2,leo,186.0,900.0,68,0,1,0,2,0,3,,,1777,1777,1980,1980
with_repeater,sparse,3,earth,186.0,900.0,68,5,5,8,8,21,21,0.181086,62.532170,1777,1777,1980,1980
blackout_only,sparse,0,mars,186.0,900.0,69,0,1,0,2,0,3,,,1777,1777,1980,1980
blackout_only,sparse,1,moon,186.0,900.0,69,5,5,7,7,20,20,5.131715,6.766673,1777,1777,1980,1980
blackout_only,sparse,2,leo,186.0,900.0,69,0,1,0,2,0,3,,,1777,1777,1980,1980
blackout_only,sparse,3,earth,186.0,900.0,69,5,5,8,8,21,21,0.182654,62.579776,1777,1777,1980,1980
with_repeater,sparse,0,mars,186.0,900.0,69,0,1,0,2,0,3,,,1777,1777,1980,1980
with_repeater,sparse,1,moon,186.0,900.0,69,5,5,7,7,20,20,5.132707,6.726839,1777,1777,1980,1980
with_repeater,sparse,2,leo,186.0,900.0,69,0,1,0,2,0,3,,,1777,1777,1980,1980
with_repeater,sparse,3,earth,186.0,900.0,69,5,5,8,8,21,21,0.180479,62.501418,1777,1777,1980,1980
blackout_only,sparse,0,mars,186.0,900.0,70,0,1,0,2,0,3,,,1778,1778,1980,1980
blackout_only,sparse,1,moon,186.0,900.0,70,5,5,7,7,20,20,5.132607,6.750399,1778,1778,1980,1980
blackout_only,sparse,2,leo,186.0,900.0,70,0,1,0,2,0,3,,,1778,1778,1980,1980
blackout_only,sparse,3,earth,186.0,900.0,70,5,5,8,8,21,21,0.183186,62.610398,1778,1778,1980,1980
with_repeater,sparse,0,mars,186.0,900.0,70,0,1,0,2,0,3,,,1778,1778,1980,1980
with_repeater,sparse,1,moon,186.0,900.0,70,5,5,7,7,20,20,5.132420,6.744420,1778,1778,1980,1980
with_repeater,sparse,2,leo,186.0,900.0,70,0,1,0,2,0,3,,,1778,1778,1980,1980
with_repeater,sparse,3,earth,186.0,900.0,70,5,5,8,8,21,21,0.183120,62.572495,1778,1778,1980,1980
blackout_only,sparse,0,mars,186.0,900.0,71,0,1,0,2,0,3,,,1777,1777,1980,1980
blackout_only,sparse,1,moon,186.0,900.0,71,5,5,7,7,20,20,5.129678,6.717473,1777,1777,1980,1980
blackout_only,sparse,2,leo,186.0,900.0,71,0,1,0,2,0,3,,,1777,1777,1980,1980
blackout_only,sparse,3,earth,186.0,900.0,71,5,5,8,8,21,21,0.182547,62.557972,1777,1777,1980,1980
with_repeater,sparse,0,mars,186.0,900.0,71,0,1,0,2,0,3,,,1777,1777,1980,1980
with_repeater,sparse,1,moon,186.0,900.0,71,5,5,7,7,20,20,5.132195,6.747061,1777,1777,1980,1980
with_repeater,sparse,2,leo,186.0,900.0,71,0,1,0,2,0,3,,,1777,1777,1980,1980
with_repeater,sparse,3,earth,186.0,900.0,71,5,5,8,8,21,21,0.181722,62.541249,1777,1777,1980,1980
blackout_only,sparse,0,mars,186.0,900.0,72,0,1,0,2,0,3,,,1777,1777,1980,1980
blackout_only,sparse,1,moon,186.0,900.0,72,5,5,7,7,20,20,5.131509,6.659382,1777,1777,1980,1980
blackout_only,sparse,2,leo,186.0,900.0,72,0,1,0,2,0,3,,,1777,1777,1980,1980
blackout_only,sparse,3,earth,186.0,900.0,72,5,5,8,8,21,21,0.182673,62.580592,1777,1777,1980,1980
with_repeater,sparse,0,mars,186.0,900.0,72,0,1,0,2,0,3,,,1777,1777,1980,1980
with_repeater,sparse,1,moon,186.0,900.0,72,5,5,7,7,20,20,5.130416,6.669511,1777,1777,1980,1980
with_repeater,sparse,2,leo,186.0,900.0,72,0,1,0,2,0,3,,,1777,1777,1980,1980
with_repeater,sparse,3,earth,186.0,900.0,72,5,5,8,8,21,21,0.181982,62.543753,1777,1777,1980,1980
blackout_only,sparse,0,mars,186.0,900.0,73,0,1,0,2,0,3,,,1778,1778,1980,1980
blackout_only,sparse,1,moon,186.0,900.0,73,5,5,7,7,20,20,5.129218,6.641198,1778,1778,1980,1980
blackout_only,sparse,2,leo,186.0,900.0,73,0,1,0,2,0,3,,,1778,1778,1980,1980
blackout_only,sparse,3,earth,186.0,900.0,73,5,5,8,8,21,21,0.180564,62.503383,1778,1778,1980,1980
with_repeater,sparse,0,mars,186.0,900.0,73,0,1,0,2,0,3,,,1778,1778,1980,1980
with_repeater,sparse,1,moon,186.0,900.0,73,5,5,7,7,20,20,5.133072,6.714617,1778,1778,1980,1980
with_repeater,sparse,2,leo,186.0,900.0,73,0,1,0,2,0,3,,,1778,1778,1980,1980
with_repeater,sparse,3,earth,186.0,900.0,73,5,5,8,8,21,21,0.179450,62.515241,1778,1778,1980,1980
blackout_only,sparse,0,mars,186.0,900.0,74,0,1,0,2,0,3,,,1777,1777,1980,1980
blackout_only,sparse,1,moon,186.0,900.0,74,5,5,7,7,20,20,5.132005,6.717805,1777,1777,1980,1980
blackout_only,sparse,2,leo,186.0,900.0,74,0,1,0,2,0,3,,,1777,1777,1980,1980
blackout_only,sparse,3,earth,186.0,900.0,74,5,5,8,8,21,21,0.184404,62.588039,1777,1777,1980,1980
with_repeater,sparse,0,mars,186.0,900.0,74,0,1,0,2,0,3,,,1777,1777,1980,1980
with_repeater,sparse,1,moon,186.0,900.0,74,5,5,7,7,20,20,5.132787,6.695227,1777,1777,1980,1980
with_repeater,sparse,2,leo,186.0,900.0,74,0,1,0,2,0,3,,,1777,1777,1980,1980
with_repeater,sparse,3,earth,186.0,900.0,74,5,5,8,8,21,21,0.182756,62.561783,1777,1777,1980,1980
blackout_only,sparse,0,mars,186.0,900.0,75,0,1,0,2,0,3,,,1777,1777,1980,1980
blackout_only,sparse,1,moon,186.0,900.0,75,5,5,7,7,20,20,5.130419,6.713235,1777,1777,1980,1980
blackout_only,sparse,2,leo,186.0,900.0,75,0,1,0,2,0,3,,,1777,1777,1980,1980
blackout_only,sparse,3,earth,186.0,900.0,75,5,5,8,8,21,21,0.181455,62.526546,1777,1777,1980,1980
with_repeater,sparse,0,mars,186.0,900.0,75,0,1,0,2,0,3,,,1778,1778,1980,1980
with_repeater,sparse,1,moon,186.0,900.0,75,5,5,7,7,20,20,5.131135,6.721323,1778,1778,1980,1980
with_repeater,sparse,2,leo,186.0,900.0,75,0,1,0,2,0,3,,,1778,1778,1980,1980
with_repeater,sparse,3,earth,186.0,900.0,75,5,5,8,8,21,21,0.184238,62.582899,1778,1778,1980,1980
blackout_only,sparse,0,mars,186.0,900.0,76,0,1,0,2,0,3,,,1777,1777,1980,1980
blackout_only,sparse,1,moon,186.0,900.0,76,5,5,7,7,20,20,5.129821,6.721905,1777,1777,1980,1980
blackout_only,sparse,2,leo,186.0,900.0,76,0,1,0,2,0,3,,,1777,1777,1980,1980
blackout_only,sparse,3,earth,186.0,900.0,76,5,5,8,8,21,21,0.184569,62.566844,1777,1777,1980,1980
with_repeater,sparse,0,mars,186.0,900.0,76,0,1,0,2,0,3,,,1777,1777,1980,1980
with_repeater,sparse,1,moon,186.0,900.0,76,5,5,7,7,20,20,5.131340,6.709750,1777,1777,1980,1980
with_repeater,sparse,2,leo,186.0,900.0,76,0,1,0,2,0,3,,,1777,1777,1980,1980
with_repeater,sparse,3,earth,186.0,900.0,76,5,5,8,8,21,21,0.181207,62.527351,1777,1777,1980,1980
blackout_only,sparse,0,mars,186.0,900.0,77,0,1,0,2,0,3,,,1777,1777,1980,1980
blackout_only,sparse,1,moon,186.0,900.0,77,5,5,7,7,20,20,5.132803,6.741820,1777,1777,1980,1980
blackout_only,sparse,2,leo,186.0,900.0,77,0,1,0,2,0,3,,,1777,1777,1980,1980
blackout_only,sparse,3,earth,186.0,900.0,77,5,5,8,8,21,21,0.184999,62.591911,1777,1777,1980,1980
with_repeater,sparse,0,mars,186.0,900.0,77,0,1,0,2,0,3,,,1777,1777,1980,1980
with_repeater,sparse,1,moon,186.0,900.0,77,5,5,7,7,20,20,5.131554,6.714812,1777,1777,1980,1980
with_repeater,sparse,2,leo,186.0,900.0,77,0,1,0,2,0,3,,,1777,1777,1980,1980
with_repeater,sparse,3,earth,186.0,900.0,77,5,5,8,8,21,21,0.184747,62.551431,1777,1777,1980,1980
blackout_only,sparse,0,mars,186.0,900.0,78,0,1,0,2,0,3,,,1777,1777,1980,1980
blackout_only,sparse,1,moon,186.0,900.0,78,5,5,7,7,20,20,5.130005,6.692962,1777,1777,1980,1980
blackout_only,sparse,2,leo,186.0,900.0,78,0,1,0,2,0,3,,,1777,1777,1980,1980
blackout_only,sparse,3,earth,186.0,900.0,78,5,5,8,8,21,21,0.183590,62.509143,1777,1777,1980,1980
with_repeater,sparse,0,mars,186.0,900.0,78,0,1,0,2,0,3,,,1777,1777,1980,1980
with_repeater,sparse,1,moon,186.0,900.0,78,5,5,7,7,20,20,5.132641,6.741029,1777,1777,1980,1980
with_repeater,sparse,2,leo,186.0,900.0,78,0,1,0,2,0,3,,,1777,1777,1980,1980
with_repeater,sparse,3,earth,186.0,900.0,78,5,5,8,8,21,21,0.183448,62.545540,1777,1777,1980,1980
blackout_only,sparse,0,mars,186.0,900.0,79,0,1,0,2,0,3,,,1778,1778,1980,1980
blackout_only,sparse,1,moon,186.0,900.0,79,5,5,7,7,20,20,5.132719,6.690844,1778,1778,1980,1980
blackout_only,sparse,2,leo,186.0,900.0,79,0,1,0,2,0,3,,,1778,1778,1980,1980
blackout_only,sparse,3,earth,186.0,900.0,79,5,5,8,8,21,21,0.183738,62.531767,1778,1778,1980,1980
with_repeater,sparse,0,mars,186.0,900.0,79,0,1,0,2,0,3,,,1778,1778,1980,1980
with_repeater,sparse,1,moon,186.0,900.0,79,5,5,7,7,20,20,5.134697,6.707772,1778,1778,1980,1980
with_repeater,sparse,2,leo,186.0,900.0,79,0,1,0,2,0,3,,,1778,1778,1980,1980
with_repeater,sparse,3,earth,186.0,900.0,79,5,5,8,8,21,21,0.182754,62.516194,1778,1778,1980,1980
blackout_only,sparse,0,mars,186.0,900.0,80,0,1,0,2,0,3,,,1777,1777,1980,1980
blackout_only,sparse,1,moon,186.0,900.0,80,5,5,7,7,20,20,5.130948,6.673703,1777,1777,1980,1980
blackout_only,sparse,2,leo,186.0,900.0,80,0,1,0,2,0,3,,,1777,1777,1980,1980
blackout_only,sparse,3,earth,186.0,900.0,80,5,5,8,8,21,21,0.184845,62.604535,1777,1777,1980,1980
with_repeater,sparse,0,mars,186.0,900.0,80,0,1,0,2,0,3,,,1777,1777,1980,1980
with_repeater,sparse,1,moon,186.0,900.0,80,5,5,7,7,20,20,5.130319,6.664326,1777,1777,1980,1980
with_repeater,sparse,2,leo,186.0,900.0,80,0,1,0,2,0,3,,,1777,1777,1980,1980
with_repeater,sparse,3,earth,186.0,900.0,80,5,5,8,8,21,21,0.181866,62.536527,1777,1777,1980,1980
blackout_only,sparse,0,mars,186.0,900.0,81,0,1,0,2,0,3,,,1778,1778,1980,1980
blackout_only,sparse,1,moon,186.0,900.0,81,5,5,7,7,20,20,5.130328,6.708044,1778,1778,1980,1980
blackout_only,sparse,2,leo,186.0,900.0,81,0,1,0,2,0,3,,,1778,1778,1980,1980
blackout_only,sparse,3,earth,186.0,900.0,81,5,5,8,8,21,21,0.182898,62.567308,1778,1778,1980,1980
with_repeater,sparse,0,mars,186.0,900.0,81,0,1,0,2,0,3,,,1778,1778,1980,1980
with_repeater,sparse,1,moon,186.0,900.0,81,5,5,7,7,20,20,5.131644,6.705261,1778,1778,1980,1980
with_repeater,sparse,2,leo,186.0,900.0,81,0,1,0,2,0,3,,,1778,1778,1980,1980
with_repeater,sparse,3,earth,186.0,900.0,81,5,5,8,8,21,21,0.184702,62.590151,1778,1778,1980,1980
blackout_only,sparse,0,mars,186.0,900.0,82,0,1,0,2,0,3,,,1777,1777,1980,1980
blackout_only,sparse,1,moon,186.0,900.0,82,5,5,7,7,20,20,5.129572,6.661499,1777,1777,1980,1980
blackout_only,sparse,2,leo,186.0,900.0,82,0,1,0,2,0,3,,,1777,1777,1980,1980
blackout_only,sparse,3,earth,186.0,900.0,82,5,5,8,8,21,21,0.180530,62.525999,1777,1777,1980,1980
with_repeater,sparse,0,mars,186.0,900.0,82,0,1,0,2,0,3,,,1778,1778,1980,1980
with_repeater,sparse,1,moon,186.0,900.0,82,5,5,7,7,20,20,5.133212,6.687962,1778,1778,1980,1980
with_repeater,sparse,2,leo,186.0,900.0,82,0,1,0,2,0,3,,,1778,1778,1980,1980
with_repeater,sparse,3,earth,186.0,900.0,82,5,5,8,8,21,21,0.184092,62.548372,1778,1778,1980,1980
blackout_only,sparse,0,mars,186.0,900.0,83,0,1,0,2,0,3,,,1777,1777,1980,1980
blackout_only,sparse,1,moon,186.0,900.0,83,5,5,7,7,20,20,5.131992,6.746541,1777,1777,1980,1980
blackout_only,sparse,2,leo,186.0,900.0,83,0,1,0,2,0,3,,,1777,1777,1980,1980
blackout_only,sparse,3,earth,186.0,900.0,83,5,5,8,8,21,21,0.183705,62.553435,1777,1777,1980,1980
with_repeater,sparse,0,mars,186.0,900.0,83,0,1,0,2,0,3,,,1777,1777,1980,1980
with_repeater,sparse,1,moon,186.0,900.0,83,5,5,7,7,20,20,5.132073,6.732150,1777,1777,1980,1980
with_repeater,sparse,2,leo,186.0,900.0,83,0,1,0,2,0,3,,,1777,1777,1980,1980
with_repeater,sparse,3,earth,186.0,900.0,83,5,5,8,8,21,21,0.180720,62.497936,1777,1777,1980,1980
blackout_only,sparse,0,mars,186.0,900.0,84,0,1,0,2,0,3,,,1777,1777,1980,1980
blackout_only,sparse,1,moon,186.0,900.0,84,5,5,7,7,20,20,5.134603,6.781444,1777,1777,1980,1980
blackout_only,sparse,2,leo,186.0,900.0,84,0,1,0,2,0,3,,,1777,1777,1980,1980
blackout_only,sparse,3,earth,186.0,900.0,84,5,5,8,8,21,21,0.182925,62.548585,1777,1777,1980,1980
with_repeater,sparse,0,mars,186.0,900.0,84,0,1,0,2,0,3,,,1777,1777,1980,1980
with_repeater,sparse,1,moon,186.0,900.0,84,5,5,7,7,20,20,5.133127,6.761477,1777,1777,1980,1980
with_repeater,sparse,2,leo,186.0,900.0,84,0,1,0,2,0,3,,,1777,1777,1980,1980
with_repeater,sparse,3,earth,186.0,900.0,84,5,5,8,8,21,21,0.181269,62.539791,1777,1777,1980,1980
blackout_only,sparse,0,mars,186.0,900.0,85,0,1,0,2,0,3,,,1777,1777,1980,1980
blackout_only,sparse,1,moon,186.0,900.0,85,5,5,7,7,20,20,5.130537,6.685142,1777,1777,1980,1980
blackout_only,sparse,2,leo,186.0,900.0,85,0,1,0,2,0,3,,,1777,1777,1980,1980
blackout_only,sparse,3,earth,186.0,900.0,85,5,5,8,8,21,21,0.183501,62.543138,1777,1777,1980,1980
with_repeater,sparse,0,mars,186.0,900.0,85,0,1,0,2,0,3,,,1777,1777,1980,1980
with_repeater,sparse,1,moon,186.0,900.0,85,5,5,7,7,20,20,5.130993,6.694808,1777,1777,1980,1980
with_repeater,sparse,2,leo,186.0,900.0,85,0,1,0,2,0,3,,,1777,1777,1980,1980
with_repeater,sparse,3,earth,186.0,900.0,85,5,5,8,8,21,21,0.184158,62.580757,1777,1777,1980,1980
blackout_only,sparse,0,mars,186.0,900.0,86,0,1,0,2,0,3,,,1777,1777,1980,1980
blackout_only,sparse,1,moon,186.0,900.0,86,5,5,7,7,20,20,5.131766,6.689401,1777,1777,1980,1980
blackout_only,sparse,2,leo,186.0,900.0,86,0,1,0,2,0,3,,,1777,1777,1980,1980
blackout_only,sparse,3,earth,186.0,900.0,86,5,5,8,8,21,21,0.183678,62.549202,1777,1777,1980,1980
with_repeater,sparse,0,mars,186.0,900.0,86,0,1,0,2,0,3,,,1777,1777,1980,1980
with_repeater,sparse,1,moon,186.0,900.0,86,5,5,7,7,20,20,5.133966,6.745621,1777,1777,1980,1980
with_repeater,sparse,2,leo,186.0,900.0,86,0,1,0,2,0,3,,,1777,1777,1980,1980
with_repeater,sparse,3,earth,186.0,900.0,86,5,5,8,8,21,21,0.183993,62.592977,1777,1777,1980,1980
blackout_only,sparse,0,mars,186.0,900.0,87,0,1,0,2,0,3,,,1778,1778,1980,1980
blackout_only,sparse,1,moon,186.0,900.0,87,5,5,7,7,20,20,5.132568,6.737635,1778,1778,1980,1980
blackout_only,sparse,2,leo,186.0,900.0,87,0,1,0,2,0,3,,,1778,1778,1980,1980
blackout_only,sparse,3,earth,186.0,900.0,87,5,5,8,8,21,21,0.182269,62.545153,1778,1778,1980,1980
with_repeater,sparse,0,mars,186.0,900.0,87,0,1,0,2,0,3,,,1777,1777,1980,1980
with_repeater,sparse,1,moon,186.0,900.0,87,5,5,7,7,20,20,5.131988,6.686924,1777,1777,1980,1980
with_repeater,sparse,2,leo,186.0,900.0,87,0,1,0,2,0,3,,,1777,1777,1980,1980
with_repeater,sparse,3,earth,186.0,900.0,87,5,5,8,8,21,21,0.183597,62.557048,1777,1777,1980,1980
blackout_only,sparse,0,mars,186.0,900.0,88,0,1,0,2,0,3,,,1777,1777,1980,1980
blackout_only,sparse,1,moon,186.0,900.0,88,5,5,7,7,20,20,5.131971,6.679204,1777,1777,1980,1980
blackout_only,sparse,2,leo,186.0,900.0,88,0,1,0,2,0,3,,,1777,1777,1980,1980
blackout_only,sparse,3,earth,186.0,900.0,88,5,5,8,8,21,21,0.185101,62.611503,1777,1777,1980,1980
with_repeater,sparse,0,mars,186.0,900.0,88,0,1,0,2,0,3,,,1777,1777,1980,1980
with_repeater,sparse,1,moon,186.0,900.0,88,5,5,7,7,20,20,5.131872,6.659703,1777,1777,1980,1980
with_repeater,sparse,2,leo,186.0,900.0,88,0,1,0,2,0,3,,,1777,1777,1980,1980
with_repeater,sparse,3,earth,186.0,900.0,88,5,5,8,8,21,21,0.184196,62.547637,1777,1777,1980,1980
blackout_only,sparse,0,mars,186.0,900.0,89,0,1,0,2,0,3,,,1777,1777,1980,1980
blackout_only,sparse,1,moon,186.0,900.0,89,5,5,7,7,20,20,5.129369,6.680361,1777,1777,1980,1980
blackout_only,sparse,2,leo,186.0,900.0,89,0,1,0,2,0,3,,,1777,1777,1980,1980
blackout_only,sparse,3,earth,186.0,900.0,89,5,5,8,8,21,21,0.183328,62.592060,1777,1777,1980,1980
with_repeater,sparse,0,mars,186.0,900.0,89,0,1,0,2,0,3,,,1778,1778,1980,1980
with_repeater,sparse,1,moon,186.0,900.0,89,5,5,7,7,20,20,5.132016,6.748559,1778,1778,1980,1980
with_repeater,sparse,2,leo,186.0,900.0,89,0,1,0,2,0,3,,,1778,1778,1980,1980
with_repeater,sparse,3,earth,186.0,900.0,89,5,5,8,8,21,21,0.185453,62.595323,1778,1778,1980,1980
blackout_only,sparse,0,mars,186.0,1800.0,40,0,1,0,3,0,2,,,1778,1778,1980,1980
blackout_only,sparse,1,moon,186.0,1800.0,40,5,5,15,15,12,12,5.130133,107.715710,1778,1778,1980,1980
blackout_only,sparse,2,leo,186.0,1800.0,40,0,1,0,3,0,2,,,1778,1778,1980,1980
blackout_only,sparse,3,earth,186.0,1800.0,40,5,5,15,15,14,14,0.183830,3.851065,1778,1778,1980,1980
with_repeater,sparse,0,mars,186.0,1800.0,40,0,1,0,3,0,2,,,1778,1778,1980,1980
with_repeater,sparse,1,moon,186.0,1800.0,40,5,5,15,15,12,12,5.132911,107.781576,1778,1778,1980,1980
with_repeater,sparse,2,leo,186.0,1800.0,40,0,1,0,3,0,2,,,1778,1778,1980,1980
with_repeater,sparse,3,earth,186.0,1800.0,40,5,5,15,15,14,14,0.182759,3.830556,1778,1778,1980,1980
blackout_only,sparse,0,mars,186.0,1800.0,41,0,1,0,3,0,2,,,1778,1778,1980,1980
blackout_only,sparse,1,moon,186.0,1800.0,41,5,5,15,15,12,12,5.130260,107.719703,1778,1778,1980,1980
blackout_only,sparse,2,leo,186.0,1800.0,41,0,1,0,3,0,2,,,1778,1778,1980,1980
blackout_only,sparse,3,earth,186.0,1800.0,41,5,5,15,15,14,14,0.184793,3.859916,1778,1778,1980,1980
with_repeater,sparse,0,mars,186.0,1800.0,41,0,1,0,3,0,2,,,1777,1777,1980,1980
with_repeater,sparse,1,moon,186.0,1800.0,41,5,5,15,15,12,12,5.130490,107.730685,1777,1777,1980,1980
with_repeater,sparse,2,leo,186.0,1800.0,41,0,1,0,3,0,2,,,1777,1777,1980,1980
with_repeater,sparse,3,earth,186.0,1800.0,41,5,5,15,15,14,14,0.181496,3.789843,1777,1777,1980,1980
blackout_only,sparse,0,mars,186.0,1800.0,42,0,1,0,3,0,2,,,1778,1778,1980,1980
blackout_only,sparse,1,moon,186.0,1800.0,42,5,5,15,15,12,12,5.129771,107.682372,1778,1778,1980,1980
blackout_only,sparse,2,leo,186.0,1800.0,42,0,1,0,3,0,2,,,1778,1778,1980,1980
blackout_only,sparse,3,earth,186.0,1800.0,42,5,5,15,15,14,14,0.182902,3.824919,1778,1778,1980,1980
with_repeater,sparse,0,mars,186.0,1800.0,42,0,1,0,3,0,2,,,1777,1777,1980,1980
with_repeater,sparse,1,moon,186.0,1800.0,42,5,5,15,15,12,12,5.130221,107.685340,1777,1777,1980,1980
with_repeater,sparse,2,leo,186.0,1800.0,42,0,1,0,3,0,2,,,1777,1777,1980,1980
with_repeater,sparse,3,earth,186.0,1800.0,42,5,5,15,15,14,14,0.184301,3.864448,1777,1777,1980,1980
blackout_only,sparse,0,mars,186.0,1800.0,43,0,1,0,3,0,2,,,1777,1777,1980,1980
blackout_only,sparse,1,moon,186.0,1800.0,43,5,5,15,15,12,12,5.132994,107.786065,1777,1777,1980,1980
blackout_only,sparse,2,leo,186.0,1800.0,43,0,1,0,3,0,2,,,1777,1777,1980,1980
blackout_only,sparse,3,earth,186.0,1800.0,43,5,5,15,15,14,14,0.185007,3.882243,1777,1777,1980,1980
with_repeater,sparse,0,mars,186.0,1800.0,43,0,1,0,3,0,2,,,1777,1777,1980,1980
with_repeater,sparse,1,moon,186.0,1800.0,43,5,5,15,15,12,12,5.131627,107.797718,1777,1777,1980,1980
with_repeater,sparse,2,leo,186.0,1800.0,43,0,1,0,3,0,2,,,1777,1777,1980,1980
with_repeater,sparse,3,earth,186.0,1800.0,43,5,5,15,15,14,14,0.182302,3.865063,1777,1777,1980,1980
blackout_only,sparse,0,mars,186.0,1800.0,44,0,1,0,3,0,2,,,1777,1777,1980,1980
blackout_only,sparse,1,moon,186.0,1800.0,44,5,5,15,15,12,12,5.132466,107.782602,1777,1777,1980,1980
blackout_only,sparse,2,leo,186.0,1800.0,44,0,1,0,3,0,2,,,1777,1777,1980,1980
blackout_only,sparse,3,earth,186.0,1800.0,44,5,5,15,15,14,14,0.183147,3.875712,1777,1777,1980,1980
with_repeater,sparse,0,mars,186.0,1800.0,44,0,1,0,3,0,2,,,1777,1777,1980,1980
with_repeater,sparse,1,moon,186.0,1800.0,44,5,5,15,15,12,12,5.130185,107.691934,1777,1777,1980,1980
with_repeater,sparse,2,leo,186.0,1800.0,44,0,1,0,3,0,2,,,1777,1777,1980,1980
with_repeater,sparse,3,earth,186.0,1800.0,44,5,5,15,15,14,14,0.182133,3.847028,1777,1777,1980,1980
blackout_only,sparse,0,mars,186.0,1800.0,45,0,1,0,3,0,2,,,1778,1778,1980,1980
blackout_only,sparse,1,moon,186.0,1800.0,45,5,5,15,15,12,12,5.126967,107.675765,1778,1778,1980,1980
blackout_only,sparse,2,leo,186.0,1800.0,45,0,1,0,3,0,2,,,1778,1778,1980,1980
blackout_only,sparse,3,earth,186.0,1800.0,45,5,5,15,15,14,14,0.182718,3.834779,1778,1778,1980,1980
with_repeater,sparse,0,mars,186.0,1800.0,45,0,1,0,3,0,2,,,1777,1777,1980,1980
with_repeater,sparse,1,moon,186.0,1800.0,45,5,5,15,15,12,12,5.131985,107.739854,1777,1777,1980,1980
with_repeater,sparse,2,leo,186.0,1800.0,45,0,1,0,3,0,2,,,1777,1777,1980,1980
with_repeater,sparse,3,earth,186.0,1800.0,45,5,5,15,15,14,14,0.182477,3.833829,1777,1777,1980,1980
blackout_only,sparse,0,mars,186.0,1800.0,46,0,1,0,3,0,2,,,1777,1777,1980,1980
blackout_only,sparse,1,moon,186.0,1800.0,46,5,5,15,15,12,12,5.132085,107.760417,1777,1777,1980,1980
blackout_only,sparse,2,leo,186.0,1800.0,46,0,1,0,3,0,2,,,1777,1777,1980,1980
blackout_only,sparse,3,earth,186.0,1800.0,46,5,5,15,15,14,14,0.180335,3.810481,1777,1777,1980,1980
with_repeater,sparse,0,mars,186.0,1800.0,46,0,1,0,3,0,2,,,1778,1778,1980,1980
with_repeater,sparse,1,moon,186.0,1800.0,46,5,5,15,15,12,12,5.131953,107.794154,1778,1778,1980,1980
with_repeater,sparse,2,leo,186.0,1800.0,46,0,1,0,3,0,2,,,1778,1778,1980,1980
with_repeater,sparse,3,earth,186.0,1800.0,46,5,5,15,15,14,14,0.182607,3.833835,1778,1778,1980,1980
blackout_only,sparse,0,mars,186.0,1800.0,47,0,1,0,3,0,2,,,1778,1778,1980,1980
blackout_only,sparse,1,moon,186.0,1800.0,47,5,5,15,15,12,12,5.133866,107.831408,1778,1778,1980,1980
blackout_only,sparse,2,leo,186.0,1800.0,47,0,1,0,3,0,2,,,1778,1778,1980,1980
blackout_only,sparse,3,earth,186.0,1800.0,47,5,5,15,15,14,14,0.183247,3.820165,1778,1778,1980,1980
with_repeater,sparse,0,mars,186.0,1800.0,47,0,1,0,3,0,2,,,1777,1777,1980,1980
with_repeater,sparse,1,moon,186.0,1800.0,47,5,5,15,15,12,12,5.133370,107.809352,1777,1777,1980,1980
with_repeater,sparse,2,leo,186.0,1800.0,47,0,1,0,3,0,2,,,1777,1777,1980,1980
with_repeater,sparse,3,earth,186.0,1800.0,47,5,5,15,15,14,14,0.182110,3.852712,1777,1777,1980,1980
blackout_only,sparse,0,mars,186.0,1800.0,48,0,1,0,3,0,2,,,1777,1777,1980,1980
blackout_only,sparse,1,moon,186.0,1800.0,48,5,5,15,15,12,12,5.132164,107.785871,1777,1777,1980,1980
blackout_only,sparse,2,leo,186.0,1800.0,48,0,1,0,3,0,2,,,1777,1777,1980,1980
blackout_only,sparse,3,earth,186.0,1800.0,48,5,5,15,15,14,14,0.183283,3.809222,1777,1777,1980,1980
with_repeater,sparse,0,mars,186.0,1800.0,48,0,1,0,3,0,2,,,1777,1777,1980,1980
with_repeater,sparse,1,moon,186.0,1800.0,48,5,5,15,15,12,12,5.131109,107.767399,1777,1777,1980,1980
with_repeater,sparse,2,leo,186.0,1800.0,48,0,1,0,3,0,2,,,1777,1777,1980,1980
with_repeater,sparse,3,earth,186.0,1800.0,48,5,5,15,15,14,14,0.183855,3.839440,1777,1777,1980,1980
blackout_only,sparse,0,mars,186.0,1800.0,49,0,1,0,3,0,2,,,1777,1777,1980,1980
blackout_only,sparse,1,moon,186.0,1800.0,49,5,5,15,15,12,12,5.130972,107.797729,1777,1777,1980,1980
blackout_only,sparse,2,leo,186.0,1800.0,49,0,1,0,3,0,2,,,1777,1777,1980,1980
blackout_only,sparse,3,earth,186.0,1800.0,49,5,5,15,15,14,14,0.184669,3.887641,1777,1777,1980,1980
with_repeater,sparse,0,mars,186.0,1800.0,49,0,1,0,3,0,2,,,1778,1778,1980,1980
with_repeater,sparse,1,moon,186.0,1800.0,49,5,5,15,15,12,12,5.130305,107.756889,1778,1778,1980,1980
with_repeater,sparse,2,leo,186.0,1800.0,49,0,1,0,3,0,2,,,1778,1778,1980,1980
with_repeater,sparse,3,earth,186.0,1800.0,49,5,5,15,15,14,14,0.183920,3.855282,1778,1778,1980,1980
blackout_only,sparse,0,mars,186.0,1800.0,50,0,1,0,3,0,2,,,1777,1777,1980,1980
blackout_only,sparse,1,moon,186.0,1800.0,50,5,5,15,15,12,12,5.133276,107.836102,1777,1777,1980,1980
blackout_only,sparse,2,leo,186.0,1800.0,50,0,1,0,3,0,2,,,1777,1777,1980,1980
blackout_only,sparse,3,earth,186.0,1800.0,50,5,5,15,15,14,14,0.179481,3.748638,1777,1777,1980,1980
with_repeater,sparse,0,mars,186.0,1800.0,50,0,1,0,3,0,2,,,1777,1777,1980,1980
with_repeater,sparse,1,moon,186.0,1800.0,50,5,5,15,15,12,12,5.131430,107.747111,1777,1777,1980,1980
with_repeater,sparse,2,leo,186.0,1800.0,50,0,1,0,3,0,2,,,1777,1777,1980,1980
with_repeater,sparse,3,earth,186.0,1800.0,50,5,5,15,15,14,14,0.182681,3.852311,1777,1777,1980,1980
blackout_only,sparse,0,mars,186.0,1800.0,51,0,1,0,3,0,2,,,1778,1778,1980,1980
blackout_only,sparse,1,moon,186.0,1800.0,51,5,5,15,15,12,12,5.129612,107.712917,1778,1778,1980,1980
blackout_only,sparse,2,leo,186.0,1800.0,51,0,1,0,3,0,2,,,1778,1778,1980,1980
blackout_only,sparse,3,earth,186.0,1800.0,51,5,5,15,15,14,14,0.183511,3.863142,1778,1778,1980,1980
with_repeater,sparse,0,mars,186.0,1800.0,51,0,1,0,3,0,2,,,1777,1777,1980,1980
with_repeater,sparse,1,moon,186.0,1800.0,51,5,5,15,15,12,12,5.128422,107.732395,1777,1777,1980,1980
with_repeater,sparse,2,leo,186.0,1800.0,51,0,1,0,3,0,2,,,1777,1777,1980,1980
with_repeater,sparse,3,earth,186.0,1800.0,51,5,5,15,15,14,14,0.183396,3.841932,1777,1777,1980,1980
blackout_only,sparse,0,mars,186.0,1800.0,52,0,1,0,3,0,2,,,1777,1777,1980,1980
blackout_only,sparse,1,moon,186.0,1800.0,52,5,5,15,15,12,12,5.129521,107.724897,1777,1777,1980,1980
blackout_only,sparse,2,leo,186.0,1800.0,52,0,1,0,3,0,2,,,1777,1777,1980,1980
blackout_only,sparse,3,earth,186.0,1800.0,52,5,5,15,15,14,14,0.180755,3.772961,1777,1777,1980,1980
with_repeater,sparse,0,mars,186.0,1800.0,52,0,1,0,3,0,2,,,1777,1777,1980,1980
with_repeater,sparse,1,moon,186.0,1800.0,52,5,5,15,15,12,12,5.130583,107.769714,1777,1777,1980,1980
with_repeater,sparse,2,leo,186.0,1800.0,52,0,1,0,3,0,2,,,1777,1777,1980,1980
with_repeater,sparse,3,earth,186.0,1800.0,52,5,5,15,15,14,14,0.181756,3.807939,1777,1777,1980,1980
blackout_only,sparse,0,mars,186.0,1800.0,53,0,1,0,3,0,2,,,1777,1777,1980,1980
blackout_only,sparse,1,moon,186.0,1800.0,53,5,5,15,15,12,12,5.129924,107.766110,1777,1777,1980,1980
blackout_only,sparse,2,leo,186.0,1800.0,53,0,1,0,3,0,2,,,1777,1777,1980,1980
blackout_only,sparse,3,earth,186.0,1800.0,53,5,5,15,15,14,14,0.182135,3.822568,1777,1777,1980,1980
with_repeater,sparse,0,mars,186.0,1800.0,53,0,1,0,3,0,2,,,1777,1777,1980,1980
with_repeater,sparse,1,moon,186.0,1800.0,53,5,5,15,15,12,12,5.130451,107.741832,1777,1777,1980,1980
with_repeater,sparse,2,leo,186.0,1800.0,53,0,1,0,3,0,2,,,1777,1777,1980,1980
with_repeater,sparse,3,earth,186.0,1800.0,53,5,5,15,15,14,14,0.182343,3.800171,1777,1777,1980,1980
blackout_only,sparse,0,mars,186.0,1800.0,54,0,1,0,3,0,2,,,1777,1777,1980,1980
blackout_only,sparse,1,moon,186.0,1800.0,54,5,5,15,15,12,12,5.127105,107.625069,1777,1777,1980,1980
blackout_only,sparse,2,leo,186.0,1800.0,54,0,1,0,3,0,2,,,1777,1777,1980,1980
blackout_only,sparse,3,earth,186.0,1800.0,54,5,5,15,15,14,14,0.184890,3.875867,1777,1777,1980,1980
with_repeater,sparse,0,mars,186.0,1800.0,54,0,1,0,3,0,2,,,1777,1777,1980,1980
with_repeater,sparse,1,moon,186.0,1800.0,54,5,5,15,15,12,12,5.130811,107.771575,1777,1777,1980,1980
with_repeater,sparse,2,leo,186.0,1800.0,54,0,1,0,3,0,2,,,1777,1777,1980,1980
with_repeater,sparse,3,earth,186.0,1800.0,54,5,5,15,15,14,14,0.183082,3.796764,1777,1777,1980,1980
blackout_only,sparse,0,mars,186.0,1800.0,55,0,1,0,3,0,2,,,1777,1777,1980,1980
blackout_only,sparse,1,moon,186.0,1800.0,55,5,5,15,15,12,12,5.131977,107.774195,1777,1777,1980,1980
blackout_only,sparse,2,leo,186.0,1800.0,55,0,1,0,3,0,2,,,1777,1777,1980,1980
blackout_only,sparse,3,earth,186.0,1800.0,55,5,5,15,15,14,14,0.183722,3.836650,1777,1777,1980,1980
with_repeater,sparse,0,mars,186.0,1800.0,55,0,1,0,3,0,2,,,1777,1777,1980,1980
with_repeater,sparse,1,moon,186.0,1800.0,55,5,5,15,15,12,12,5.133749,107.780814,1777,1777,1980,1980
with_repeater,sparse,2,leo,186.0,1800.0,55,0,1,0,3,0,2,,,1777,1777,1980,1980
with_repeater,sparse,3,earth,186.0,1800.0,55,5,5,15,15,14,14,0.182959,3.827930,1777,1777,1980,1980
blackout_only,sparse,0,mars,186.0,1800.0,56,0,1,0,3,0,2,,,1777,1777,1980,1980
blackout_only,sparse,1,moon,186.0,1800.0,56,5,5,15,15,12,12,5.130538,107.752155,1777,1777,1980,1980
blackout_only,sparse,2,leo,186.0,1800.0,56,0,1,0,3,0,2,,,1777,1777,1980,1980
blackout_only,sparse,3,earth,186.0,1800.0,56,5,5,15,15,14,14,0.182155,3.837766,1777,1777,1980,1980
with_repeater,sparse,0,mars,186.0,1800.0,56,0,1,0,3,0,2,,,1777,1777,1980,1980
with_repeater,sparse,1,moon,186.0,1800.0,56,5,5,15,15,12,12,5.131184,107.699420,1777,1777,1980,1980
with_repeater,sparse,2,leo,186.0,1800.0,56,0,1,0,3,0,2,,,1777,1777,1980,1980
with_repeater,sparse,3,earth,186.0,1800.0,56,5,5,15,15,14,14,0.183795,3.868971,1777,1777,1980,1980
blackout_only,sparse,0,mars,186.0,1800.0,57,0,1,0,3,0,2,,,1777,1777,1980,1980
blackout_only,sparse,1,moon,186.0,1800.0,57,5,5,15,15,12,12,5.130240,107.735704,1777,1777,1980,1980
blackout_only,sparse,2,leo,186.0,1800.0,57,0,1,0,3,0,2,,,1777,1777,1980,1980
blackout_only,sparse,3,earth,186.0,1800.0,57,5,5,15,15,14,14,0.181521,3.788329,1777,1777,1980,1980
with_repeater,sparse,0,mars,186.0,1800.0,57,0,1,0,3,0,2,,,1777,1777,1980,1980
with_repeater,sparse,1,moon,186.0,1800.0,57,5,5,15,15,12,12,5.133582,107.810060,1777,1777,1980,1980
with_repeater,sparse,2,leo,186.0,1800.0,57,0,1,0,3,0,2,,,1777,1777,1980,1980
with_repeater,sparse,3,earth,186.0,1800.0,57,5,5,15,15,14,14,0.182968,3.861954,1777,1777,1980,1980
blackout_only,sparse,0,mars,186.0,1800.0,58,0,1,0,3,0,2,,,1777,1777,1980,1980
blackout_only,sparse,1,moon,186.0,1800.0,58,5,5,15,15,12,12,5.130103,107.732829,1777,1777,1980,1980
blackout_only,sparse,2,leo,186.0,1800.0,58,0,1,0,3,0,2,,,1777,1777,1980,1980
blackout_only,sparse,3,earth,186.0,1800.0,58,5,5,15,15,14,14,0.182590,3.856210,1777,1777,1980,1980
with_repeater,sparse,0,mars,186.0,1800.0,58,0,1,0,3,0,2,,,1777,1777,1980,1980
with_repeater,sparse,1,moon,186.0,1800.0,58,5,5,15,15,12,12,5.131389,107.794340,1777,1777,1980,1980
with_repeater,sparse,2,leo,186.0,1800.0,58,0,1,0,3,0,2,,,1777,1777,1980,1980
with_repeater,sparse,3,earth,186.0,1800.0,58,5,5,15,15,14,14,0.183479,3.822890,1777,1777,1980,1980
blackout_only,sparse,0,mars,186.0,1800.0,59,0,1,0,3,0,2,,,1777,1777,1980,1980
blackout_only,sparse,1,moon,186.0,1800.0,59,5,5,15,15,12,12,5.132864,107.793524,1777,1777,1980,1980
blackout_only,sparse,2,leo,186.0,1800.0,59,0,1,0,3,0,2,,,1777,1777,1980,1980
blackout_only,sparse,3,earth,186.0,1800.0,59,5,5,15,15,14,14,0.182113,3.756124,1777,1777,1980,1980
with_repeater,sparse,0,mars,186.0,1800.0,59,0,1,0,3,0,2,,,1777,1777,1980,1980
with_repeater,sparse,1,moon,186.0,1800.0,59,5,5,15,15,12,12,5.132050,107.800528,1777,1777,1980,1980
with_repeater,sparse,2,leo,186.0,1800.0,59,0,1,0,3,0,2,,,1777,1777,1980,1980
with_repeater,sparse,3,earth,186.0,1800.0,59,5,5,15,15,14,14,0.181014,3.782229,1777,1777,1980,1980
blackout_only,sparse,0,mars,186.0,1800.0,60,0,1,0,3,0,2,,,1777,1777,1980,1980
blackout_only,sparse,1,moon,186.0,1800.0,60,5,5,15,15,12,12,5.129958,107.720805,1777,1777,1980,1980
blackout_only,sparse,2,leo,186.0,1800.0,60,0,1,0,3,0,2,,,1777,1777,1980,1980
blackout_only,sparse,3,earth,186.0,1800.0,60,5,5,15,15,14,14,0.183753,3.862615,1777,1777,1980,1980
with_repeater,sparse,0,mars,186.0,1800.0,60,0,1,0,3,0,2,,,1777,1777,1980,1980
with_repeater,sparse,1,moon,186.0,1800.0,60,5,5,15,15,12,12,5.132471,107.781288,1777,1777,1980,1980
with_repeater,sparse,2,leo,186.0,1800.0,60,0,1,0,3,0,2,,,1777,1777,1980,1980
with_repeater,sparse,3,earth,186.0,1800.0,60,5,5,15,15,14,14,0.180836,3.822474,1777,1777,1980,1980
blackout_only,sparse,0,mars,186.0,1800.0,61,0,1,0,3,0,2,,,1777,1777,1980,1980
blackout_only,sparse,1,moon,186.0,1800.0,61,5,5,15,15,12,12,5.131227,107.736661,1777,1777,1980,1980
blackout_only,sparse,2,leo,186.0,1800.0,61,0,1,0,3,0,2,,,1777,1777,1980,1980
blackout_only,sparse,3,earth,186.0,1800.0,61,5,5,15,15,14,14,0.181393,3.826586,1777,1777,1980,1980
with_repeater,sparse,0,mars,186.0,1800.0,61,0,1,0,3,0,2,,,1777,1777,1980,1980
with_repeater,sparse,1,moon,186.0,1800.0,61,5,5,15,15,12,12,5.131493,107.798632,1777,1777,1980,1980
with_repeater,sparse,2,leo,186.0,1800.0,61,0,1,0,3,0,2,,,1777,1777,1980,1980
with_repeater,sparse,3,earth,186.0,1800.0,61,5,5,15,15,14,14,0.184538,3.893052,1777,1777,1980,1980
blackout_only,sparse,0,mars,186.0,1800.0,62,0,1,0,3,0,2,,,1777,1777,1980,1980
blackout_only,sparse,1,moon,186.0,1800.0,62,5,5,15,15,12,12,5.129737,107.719669,1777,1777,1980,1980
blackout_only,sparse,2,leo,186.0,1800.0,62,0,1,0,3,0,2,,,1777,1777,1980,1980
blackout_only,sparse,3,earth,186.0,1800.0,62,5,5,15,15,14,14,0.180445,3.764635,1777,1777,1980,1980
with_repeater,sparse,0,mars,186.0,1800.0,62,0,1,0,3,0,2,,,1777,1777,1980,1980
with_repeater,sparse,1,moon,186.0,1800.0,62,5,5,15,15,12,12,5.131102,107.756643,1777,1777,1980,1980
with_repeater,sparse,2,leo,186.0,1800.0,62,0,1,0,3,0,2,,,1777,1777,1980,1980
with_repeater,sparse,3,earth,186.0,1800.0,62,5,5,15,15,14,14,0.180740,3.796787,1777,1777,1980,1980
blackout_only,sparse,0,mars,186.0,1800.0,63,0,1,0,3,0,2,,,1778,1778,1980,1980
blackout_only,sparse,1,moon,186.0,1800.0,63,5,5,15,15,12,12,5.130998,107.793790,1778,1778,1980,1980
blackout_only,sparse,2,leo,186.0,1800.0,63,0,1,0,3,0,2,,,1778,1778,1980,1980
blackout_only,sparse,3,earth,186.0,1800.0,63,5,5,15,15,14,14,0.183545,3.911103,1778,1778,1980,1980
with_repeater,sparse,0,mars,186.0,1800.0,63,0,1,0,3,0,2,,,1777,1777,1980,1980
with_repeater,sparse,1,moon,186.0,1800.0,63,5,5,15,15,12,12,5.129327,107.739781,1777,1777,1980,1980
with_repeater,sparse,2,leo,186.0,1800.0,63,0,1,0,3,0,2,,,1777,1777,1980,1980
with_repeater,sparse,3,earth,186.0,1800.0,63,5,5,15,15,14,14,0.183518,3.862455,1777,1777,1980,1980
blackout_only,sparse,0,mars,186.0,1800.0,64,0,1,0,3,0,2,,,1777,1777,1980,1980
blackout_only,sparse,1,moon,186.0,1800.0,64,5,5,15,15,12,12,5.132478,107.785885,1777,1777,1980,1980
blackout_only,sparse,2,leo,186.0,1800.0,64,0,1,0,3,0,2,,,1777,1777,1980,1980
blackout_only,sparse,3,earth,186.0,1800.0,64,5,5,15,15,14,14,0.183565,3.857997,1777,1777,1980,1980
with_repeater,sparse,0,mars,186.0,1800.0,64,0,1,0,3,0,2,,,1777,1777,1980,1980
with_repeater,sparse,1,moon,186.0,1800.0,64,5,5,15,15,12,12,5.130385,107.752488,1777,1777,1980,1980
with_repeater,sparse,2,leo,186.0,1800.0,64,0,1,0,3,0,2,,,1777,1777,1980,1980
with_repeater,sparse,3,earth,186.0,1800.0,64,5,5,15,15,14,14,0.183822,3.861701,1777,1777,1980,1980
blackout_only,sparse,0,mars,186.0,1800.0,65,0,1,0,3,0,2,,,1777,1777,1980,1980
blackout_only,sparse,1,moon,186.0,1800.0,65,5,5,15,15,12,12,5.128937,107.697909,1777,1777,1980,1980
blackout_only,sparse,2,leo,186.0,1800.0,65,0,1,0,3,0,2,,,1777,1777,1980,1980
blackout_only,sparse,3,earth,186.0,1800.0,65,5,5,15,15,14,14,0.183894,3.837026,1777,1777,1980,1980
with_repeater,sparse,0,mars,186.0,1800.0,65,0,1,0,3,0,2,,,1777,1777,1980,1980
with_repeater,sparse,1,moon,186.0,1800.0,65,5,5,15,15,12,12,5.132778,107.814554,1777,1777,1980,1980
with_repeater,sparse,2,leo,186.0,1800.0,65,0,1,0,3,0,2,,,1777,1777,1980,1980
with_repeater,sparse,3,earth,186.0,1800.0,65,5,5,15,15,14,14,0.184423,3.837248,1777,1777,1980,1980
blackout_only,sparse,0,mars,186.0,1800.0,66,0,1,0,3,0,2,,,1778,1778,1980,1980
blackout_only,sparse,1,moon,186.0,1800.0,66,5,5,15,15,12,12,5.133591,107.795263,1778,1778,1980,1980
blackout_only,sparse,2,leo,186.0,1800.0,66,0,1,0,3,0,2,,,1778,1778,1980,1980
blackout_only,sparse,3,earth,186.0,1800.0,66,5,5,15,15,14,14,0.184395,3.862005,1778,1778,1980,1980
with_repeater,sparse,0,mars,186.0,1800.0,66,0,1,0,3,0,2,,,1778,1778,1980,1980
with_repeater,sparse,1,moon,186.0,1800.0,66,5,5,15,15,12,12,5.132121,107.765870,1778,1778,1980,1980
with_repeater,sparse,2,leo,186.0,1800.0,66,0,1,0,3,0,2,,,1778,1778,1980,1980
with_repeater,sparse,3,earth,186.0,1800.0,66,5,5,15,15,14,14,0.180626,3.797910,1778,1778,1980,1980
blackout_only,sparse,0,mars,186.0,1800.0,67,0,1,0,3,0,2,,,1777,1777,1980,1980
blackout_only,sparse,1,moon,186.0,1800.0,67,5,5,15,15,12,12,5.132757,107.807166,1777,1777,1980,1980
blackout_only,sparse,2,leo,186.0,1800.0,67,0,1,0,3,0,2,,,1777,1777,1980,1980
blackout_only,sparse,3,earth,186.0,1800.0,67,5,5,15,15,14,14,0.182917,3.825807,1777,1777,1980,1980
with_repeater,sparse,0,mars,186.0,1800.0,67,0,1,0,3,0,2,,,1777,1777,1980,1980
with_repeater,sparse,1,moon,186.0,1800.0,67,5,5,15,15,12,12,5.132772,107.791822,1777,1777,1980,1980
with_repeater,sparse,2,leo,186.0,1800.0,67,0,1,0,3,0,2,,,1777,1777,1980,1980
with_repeater,sparse,3,earth,186.0,1800.0,67,5,5,15,15,14,14,0.185434,3.877883,1777,1777,1980,1980
blackout_only,sparse,0,mars,186.0,1800.0,68,0,1,0,3,0,2,,,1777,1777,1980,1980
blackout_only,sparse,1,moon,186.0,1800.0,68,5,5,15,15,12,12,5.130135,107.699371,1777,1777,1980,1980
blackout_only,sparse,2,leo,186.0,1800.0,68,0,1,0,3,0,2,,,1777,1777,1980,1980
blackout_only,sparse,3,earth,186.0,1800.0,68,5,5,15,15,14,14,0.185098,3.827269,1777,1777,1980,1980
with_repeater,sparse,0,mars,186.0,1800.0,68,0,1,0,3,0,2,,,1777,1777,1980,1980
with_repeater,sparse,1,moon,186.0,1800.0,68,5,5,15,15,12,12,5.132010,107.764377,1777,1777,1980,1980
with_repeater,sparse,2,leo,186.0,1800.0,68,0,1,0,3,0,2,,,1777,1777,1980,1980
with_repeater,sparse,3,earth,186.0,1800.0,68,5,5,15,15,14,14,0.181851,3.827993,1777,1777,1980,1980
blackout_only,sparse,0,mars,186.0,1800.0,69,0,1,0,3,0,2,,,1777,1777,1980,1980
blackout_only,sparse,1,moon,186.0,1800.0,69,5,5,15,15,12,12,5.132908,107.831635,1777,1777,1980,1980
blackout_only,sparse,2,leo,186.0,1800.0,69,0,1,0,3,0,2,,,1777,1777,1980,1980
blackout_only,sparse,3,earth,186.0,1800.0,69,5,5,15,15,14,14,0.182835,3.836670,1777,1777,1980,1980
with_repeater,sparse,0,mars,186.0,1800.0,69,0,1,0,3,0,2,,,1777,1777,1980,1980
with_repeater,sparse,1,moon,186.0,1800.0,69,5,5,15,15,12,12,5.134092,107.809505,1777,1777,1980,1980
with_repeater,sparse,2,leo,186.0,1800.0,69,0,1,0,3,0,2,,,1777,1777,1980,1980
with_repeater,sparse,3,earth,186.0,1800.0,69,5,5,15,15,14,14,0.179346,3.726749,1777,1777,1980,1980
blackout_only,sparse,0,mars,186.0,1800.0,70,0,1,0,3,0,2,,,1778,1778,1980,1980
blackout_only,sparse,1,moon,186.0,1800.0,70,5,5,15,15,12,12,5.133682,107.787240,1778,1778,1980,1980
blackout_only,sparse,2,leo,186.0,1800.0,70,0,1,0,3,0,2,,,1778,1778,1980,1980
blackout_only,sparse,3,earth,186.0,1800.0,70,5,5,15,15,14,14,0.185766,3.887200,1778,1778,1980,1980
with_repeater,sparse,0,mars,186.0,1800.0,70,0,1,0,3,0,2,,,1777,1777,1980,1980
with_repeater,sparse,1,moon,186.0,1800.0,70,5,5,15,15,12,12,5.132260,107.779346,1777,1777,1980,1980
with_repeater,sparse,2,leo,186.0,1800.0,70,0,1,0,3,0,2,,,1777,1777,1980,1980
with_repeater,sparse,3,earth,186.0,1800.0,70,5,5,15,15,14,14,0.183140,3.850944,1777,1777,1980,1980
blackout_only,sparse,0,mars,186.0,1800.0,71,0,1,0,3,0,2,,,1777,1777,1980,1980
blackout_only,sparse,1,moon,186.0,1800.0,71,5,5,15,15,12,12,5.133075,107.793442,1777,1777,1980,1980
blackout_only,sparse,2,leo,186.0,1800.0,71,0,1,0,3,0,2,,,1777,1777,1980,1980
blackout_only,sparse,3,earth,186.0,1800.0,71,5,5,15,15,14,14,0.183884,3.859328,1777,1777,1980,1980
with_repeater,sparse,0,mars,186.0,1800.0,71,0,1,0,3,0,2,,,1777,1777,1980,1980
with_repeater,sparse,1,moon,186.0,1800.0,71,5,5,15,15,12,12,5.133952,107.804998,1777,1777,1980,1980
with_repeater,sparse,2,leo,186.0,1800.0,71,0,1,0,3,0,2,,,1777,1777,1980,1980
with_repeater,sparse,3,earth,186.0,1800.0,71,5,5,15,15,14,14,0.182998,3.848702,1777,1777,1980,1980
blackout_only,sparse,0,mars,186.0,1800.0,72,0,1,0,3,0,2,,,1777,1777,1980,1980
blackout_only,sparse,1,moon,186.0,1800.0,72,5,5,15,15,12,12,5.129772,107.714520,1777,1777,1980,1980
blackout_only,sparse,2,leo,186.0,1800.0,72,0,1,0,3,0,2,,,1777,1777,1980,1980
blackout_only,sparse,3,earth,186.0,1800.0,72,5,5,15,15,14,14,0.183597,3.877898,1777,1777,1980,1980
with_repeater,sparse,0,mars,186.0,1800.0,72,0,1,0,3,0,2,,,1777,1777,1980,1980
with_repeater,sparse,1,moon,186.0,1800.0,72,5,5,15,15,12,12,5.128310,107.663600,1777,1777,1980,1980
with_repeater,sparse,2,leo,186.0,1800.0,72,0,1,0,3,0,2,,,1777,1777,1980,1980
with_repeater,sparse,3,earth,186.0,1800.0,72,5,5,15,15,14,14,0.183122,3.829684,1777,1777,1980,1980
blackout_only,sparse,0,mars,186.0,1800.0,73,0,1,0,3,0,2,,,1777,1777,1980,1980
blackout_only,sparse,1,moon,186.0,1800.0,73,5,5,15,15,12,12,5.129552,107.692689,1777,1777,1980,1980
blackout_only,sparse,2,leo,186.0,1800.0,73,0,1,0,3,0,2,,,1777,1777,1980,1980
blackout_only,sparse,3,earth,186.0,1800.0,73,5,5,15,15,14,14,0.178773,3.765426,1777,1777,1980,1980
with_repeater,sparse,0,mars,186.0,1800.0,73,0,1,0,3,0,2,,,1777,1777,1980,1980
with_repeater,sparse,1,moon,186.0,1800.0,73,5,5,15,15,12,12,5.133134,107.744673,1777,1777,1980,1980
with_repeater,sparse,2,leo,186.0,1800.0,73,0,1,0,3,0,2,,,1777,1777,1980,1980
with_repeater,sparse,3,earth,186.0,1800.0,73,5,5,15,15,14,14,0.179672,3.774784,1777,1777,1980,1980
blackout_only,sparse,0,mars,186.0,1800.0,74,0,1,0,3,0,2,,,1778,1778,1980,1980
blackout_only,sparse,1,moon,186.0,1800.0,74,5,5,15,15,12,12,5.132457,107.752256,1778,1778,1980,1980
blackout_only,sparse,2,leo,186.0,1800.0,74,0,1,0,3,0,2,,,1778,1778,1980,1980
blackout_only,sparse,3,earth,186.0,1800.0,74,5,5,15,15,14,14,0.184670,3.912351,1778,1778,1980,1980
with_repeater,sparse,0,mars,186.0,1800.0,74,0,1,0,3,0,2,,,1777,1777,1980,1980
with_repeater,sparse,1,moon,186.0,1800.0,74,5,5,15,15,12,12,5.132848,107.791828,1777,1777,1980,1980
with_repeater,sparse,2,leo,186.0,1800.0,74,0,1,0,3,0,2,,,1777,1777,1980,1980
with_repeater,sparse,3,earth,186.0,1800.0,74,5,5,15,15,14,14,0.181990,3.784940,1777,1777,1980,1980
blackout_only,sparse,0,mars,186.0,1800.0,75,0,1,0,3,0,2,,,1777,1777,1980,1980
blackout_only,sparse,1,moon,186.0,1800.0,75,5,5,15,15,12,12,5.134002,107.792706,1777,1777,1980,1980
blackout_only,sparse,2,leo,186.0,1800.0,75,0,1,0,3,0,2,,,1777,1777,1980,1980
blackout_only,sparse,3,earth,186.0,1800.0,75,5,5,15,15,14,14,0.184762,3.840142,1777,1777,1980,1980
with_repeater,sparse,0,mars,186.0,1800.0,75,0,1,0,3,0,2,,,1778,1778,1980,1980
with_repeater,sparse,1,moon,186.0,1800.0,75,5,5,15,15,12,12,5.130510,107.767119,1778,1778,1980,1980
with_repeater,sparse,2,leo,186.0,1800.0,75,0,1,0,3,0,2,,,1778,1778,1980,1980
with_repeater,sparse,3,earth,186.0,1800.0,75,5,5,15,15,14,14,0.183431,3.835381,1778,1778,1980,1980
blackout_only,sparse,0,mars,186.0,1800.0,76,0,1,0,3,0,2,,,1777,1777,1980,1980
blackout_only,sparse,1,moon,186.0,1800.0,76,5,5,15,15,12,12,5.133247,107.787628,1777,1777,1980,1980
blackout_only,sparse,2,leo,186.0,1800.0,76,0,1,0,3,0,2,,,1777,1777,1980,1980
blackout_only,sparse,3,earth,186.0,1800.0,76,5,5,15,15,14,14,0.182702,3.845547,1777,1777,1980,1980
with_repeater,sparse,0,mars,186.0,1800.0,76,0,1,0,3,0,2,,,1777,1777,1980,1980
with_repeater,sparse,1,moon,186.0,1800.0,76,5,5,15,15,12,12,5.130369,107.761970,1777,1777,1980,1980
with_repeater,sparse,2,leo,186.0,1800.0,76,0,1,0,3,0,2,,,1777,1777,1980,1980
with_repeater,sparse,3,earth,186.0,1800.0,76,5,5,15,15,14,14,0.181030,3.773534,1777,1777,1980,1980
blackout_only,sparse,0,mars,186.0,1800.0,77,0,1,0,3,0,2,,,1777,1777,1980,1980
blackout_only,sparse,1,moon,186.0,1800.0,77,5,5,15,15,12,12,5.131527,107.763075,1777,1777,1980,1980
blackout_only,sparse,2,leo,186.0,1800.0,77,0,1,0,3,0,2,,,1777,1777,1980,1980
blackout_only,sparse,3,earth,186.0,1800.0,77,5,5,15,15,14,14,0.183512,3.856706,1777,1777,1980,1980
with_repeater,sparse,0,mars,186.0,1800.0,77,0,1,0,3,0,2,,,1777,1777,1980,1980
with_repeater,sparse,1,moon,186.0,1800.0,77,5,5,15,15,12,12,5.131132,107.768662,1777,1777,1980,1980
with_repeater,sparse,2,leo,186.0,1800.0,77,0,1,0,3,0,2,,,1777,1777,1980,1980
with_repeater,sparse,3,earth,186.0,1800.0,77,5,5,15,15,14,14,0.183863,3.816577,1777,1777,1980,1980
blackout_only,sparse,0,mars,186.0,1800.0,78,0,1,0,3,0,2,,,1777,1777,1980,1980
blackout_only,sparse,1,moon,186.0,1800.0,78,5,5,15,15,12,12,5.133121,107.767507,1777,1777,1980,1980
blackout_only,sparse,2,leo,186.0,1800.0,78,0,1,0,3,0,2,,,1777,1777,1980,1980
blackout_only,sparse,3,earth,186.0,1800.0,78,5,5,15,15,14,14,0.179971,3.763831,1777,1777,1980,1980
with_repeater,sparse,0,mars,186.0,1800.0,78,0,1,0,3,0,2,,,1777,1777,1980,1980
with_repeater,sparse,1,moon,186.0,1800.0,78,5,5,15,15,12,12,5.132452,107.802563,1777,1777,1980,1980
with_repeater,sparse,2,leo,186.0,1800.0,78,0,1,0,3,0,2,,,1777,1777,1980,1980
with_repeater,sparse,3,earth,186.0,1800.0,78,5,5,15,15,14,14,0.184309,3.845922,1777,1777,1980,1980
blackout_only,sparse,0,mars,186.0,1800.0,79,0,1,0,3,0,2,,,1778,1778,1980,1980
blackout_only,sparse,1,moon,186.0,1800.0,79,5,5,15,15,12,12,5.131102,107.716644,1778,1778,1980,1980
blackout_only,sparse,2,leo,186.0,1800.0,79,0,1,0,3,0,2,,,1778,1778,1980,1980
blackout_only,sparse,3,earth,186.0,1800.0,79,5,5,15,15,14,14,0.181940,3.819901,1778,1778,1980,1980
with_repeater,sparse,0,mars,186.0,1800.0,79,0,1,0,3,0,2,,,1778,1778,1980,1980
with_repeater,sparse,1,moon,186.0,1800.0,79,5,5,15,15,12,12,5.134294,107.763749,1778,1778,1980,1980
with_repeater,sparse,2,leo,186.0,1800.0,79,0,1,0,3,0,2,,,1778,1778,1980,1980
with_repeater,sparse,3,earth,186.0,1800.0,79,5,5,15,15,14,14,0.182402,3.795452,1778,1778,1980,1980
blackout_only,sparse,0,mars,186.0,1800.0,80,0,1,0,3,0,2,,,1777,1777,1980,1980
blackout_only,sparse,1,moon,186.0,1800.0,80,5,5,15,15,12,12,5.128795,107.692689,1777,1777,1980,1980
blackout_only,sparse,2,leo,186.0,1800.0,80,0,1,0,3,0,2,,,1777,1777,1980,1980
blackout_only,sparse,3,earth,186.0,1800.0,80,5,5,15,15,14,14,0.185673,3.892623,1777,1777,1980,1980
with_repeater,sparse,0,mars,186.0,1800.0,80,0,1,0,3,0,2,,,1777,1777,1980,1980
with_repeater,sparse,1,moon,186.0,1800.0,80,5,5,15,15,12,12,5.130606,107.710041,1777,1777,1980,1980
with_repeater,sparse,2,leo,186.0,1800.0,80,0,1,0,3,0,2,,,1777,1777,1980,1980
with_repeater,sparse,3,earth,186.0,1800.0,80,5,5,15,15,14,14,0.181923,3.833446,1777,1777,1980,1980
blackout_only,sparse,0,mars,186.0,1800.0,81,0,1,0,3,0,2,,,1778,1778,1980,1980
blackout_only,sparse,1,moon,186.0,1800.0,81,5,5,15,15,12,12,5.131666,107.763394,1778,1778,1980,1980
blackout_only,sparse,2,leo,186.0,1800.0,81,0,1,0,3,0,2,,,1778,1778,1980,1980
blackout_only,sparse,3,earth,186.0,1800.0,81,5,5,15,15,14,14,0.182626,3.841032,1778,1778,1980,1980
with_repeater,sparse,0,mars,186.0,1800.0,81,0,1,0,3,0,2,,,1778,1778,1980,1980
with_repeater,sparse,1,moon,186.0,1800.0,81,5,5,15,15,12,12,5.131647,107.757065,1778,1778,1980,1980
with_repeater,sparse,2,leo,186.0,1800.0,81,0,1,0,3,0,2,,,1778,1778,1980,1980
with_repeater,sparse,3,earth,186.0,1800.0,81,5,5,15,15,14,14,0.185507,3.882628,1778,1778,1980,1980
blackout_only,sparse,0,mars,186.0,1800.0,82,0,1,0,3,0,2,,,1777,1777,1980,1980
blackout_only,sparse,1,moon,186.0,1800.0,82,5,5,15,15,12,12,5.130617,107.719917,1777,1777,1980,1980
blackout_only,sparse,2,leo,186.0,1800.0,82,0,1,0,3,0,2,,,1777,1777,1980,1980
blackout_only,sparse,3,earth,186.0,1800.0,82,5,5,15,15,14,14,0.182054,3.804080,1777,1777,1980,1980
with_repeater,sparse,0,mars,186.0,1800.0,82,0,1,0,3,0,2,,,1778,1778,1980,1980
with_repeater,sparse,1,moon,186.0,1800.0,82,5,5,15,15,12,12,5.130667,107.728628,1778,1778,1980,1980
with_repeater,sparse,2,leo,186.0,1800.0,82,0,1,0,3,0,2,,,1778,1778,1980,1980
with_repeater,sparse,3,earth,186.0,1800.0,82,5,5,15,15,14,14,0.184298,3.842376,1778,1778,1980,1980
blackout_only,sparse,0,mars,186.0,1800.0,83,0,1,0,3,0,2,,,1777,1777,1980,1980
blackout_only,sparse,1,moon,186.0,1800.0,83,5,5,15,15,12,12,5.132301,107.816992,1777,1777,1980,1980
blackout_only,sparse,2,leo,186.0,1800.0,83,0,1,0,3,0,2,,,1777,1777,1980,1980
blackout_only,sparse,3,earth,186.0,1800.0,83,5,5,15,15,14,14,0.184427,3.869641,1777,1777,1980,1980
with_repeater,sparse,0,mars,186.0,1800.0,83,0,1,0,3,0,2,,,1777,1777,1980,1980
with_repeater,sparse,1,moon,186.0,1800.0,83,5,5,15,15,12,12,5.132724,107.803234,1777,1777,1980,1980
with_repeater,sparse,2,leo,186.0,1800.0,83,0,1,0,3,0,2,,,1777,1777,1980,1980
with_repeater,sparse,3,earth,186.0,1800.0,83,5,5,15,15,14,14,0.181129,3.762404,1777,1777,1980,1980
blackout_only,sparse,0,mars,186.0,1800.0,84,0,1,0,3,0,2,,,1777,1777,1980,1980
blackout_only,sparse,1,moon,186.0,1800.0,84,5,5,15,15,12,12,5.135238,107.827850,1777,1777,1980,1980
blackout_only,sparse,2,leo,186.0,1800.0,84,0,1,0,3,0,2,,,1777,1777,1980,1980
blackout_only,sparse,3,earth,186.0,1800.0,84,5,5,15,15,14,14,0.182446,3.809900,1777,1777,1980,1980
with_repeater,sparse,0,mars,186.0,1800.0,84,0,1,0,3,0,2,,,1777,1777,1980,1980
with_repeater,sparse,1,moon,186.0,1800.0,84,5,5,15,15,12,12,5.132705,107.803290,1777,1777,1980,1980
with_repeater,sparse,2,leo,186.0,1800.0,84,0,1,0,3,0,2,,,1777,1777,1980,1980
with_repeater,sparse,3,earth,186.0,1800.0,84,5,5,15,15,14,14,0.181774,3.842335,1777,1777,1980,1980
blackout_only,sparse,0,mars,186.0,1800.0,85,0,1,0,3,0,2,,,1777,1777,1980,1980
blackout_only,sparse,1,moon,186.0,1800.0,85,5,5,15,15,12,12,5.130347,107.759849,1777,1777,1980,1980
blackout_only,sparse,2,leo,186.0,1800.0,85,0,1,0,3,0,2,,,1777,1777,1980,1980
blackout_only,sparse,3,earth,186.0,1800.0,85,5,5,15,15,14,14,0.180564,3.789131,1777,1777,1980,1980
with_repeater,sparse,0,mars,186.0,1800.0,85,0,1,0,3,0,2,,,1777,1777,1980,1980
with_repeater,sparse,1,moon,186.0,1800.0,85,5,5,15,15,12,12,5.130452,107.730604,1777,1777,1980,1980
with_repeater,sparse,2,leo,186.0,1800.0,85,0,1,0,3,0,2,,,1777,1777,1980,1980
with_repeater,sparse,3,earth,186.0,1800.0,85,5,5,15,15,14,14,0.183215,3.869277,1777,1777,1980,1980
blackout_only,sparse,0,mars,186.0,1800.0,86,0,1,0,3,0,2,,,1777,1777,1980,1980
blackout_only,sparse,1,moon,186.0,1800.0,86,5,5,15,15,12,12,5.130009,107.696097,1777,1777,1980,1980
blackout_only,sparse,2,leo,186.0,1800.0,86,0,1,0,3,0,2,,,1777,1777,1980,1980
blackout_only,sparse,3,earth,186.0,1800.0,86,5,5,15,15,14,14,0.181144,3.816115,1777,1777,1980,1980
with_repeater,sparse,0,mars,186.0,1800.0,86,0,1,0,3,0,2,,,1777,1777,1980,1980
with_repeater,sparse,1,moon,186.0,1800.0,86,5,5,15,15,12,12,5.134666,107.839707,1777,1777,1980,1980
with_repeater,sparse,2,leo,186.0,1800.0,86,0,1,0,3,0,2,,,1777,1777,1980,1980
with_repeater,sparse,3,earth,186.0,1800.0,86,5,5,15,15,14,14,0.184685,3.894980,1777,1777,1980,1980
blackout_only,sparse,0,mars,186.0,1800.0,87,0,1,0,3,0,2,,,1778,1778,1980,1980
blackout_only,sparse,1,moon,186.0,1800.0,87,5,5,15,15,12,12,5.132492,107.819997,1778,1778,1980,1980
blackout_only,sparse,2,leo,186.0,1800.0,87,0,1,0,3,0,2,,,1778,1778,1980,1980
blackout_only,sparse,3,earth,186.0,1800.0,87,5,5,15,15,14,14,0.183472,3.860916,1778,1778,1980,1980
with_repeater,sparse,0,mars,186.0,1800.0,87,0,1,0,3,0,2,,,1777,1777,1980,1980
with_repeater,sparse,1,moon,186.0,1800.0,87,5,5,15,15,12,12,5.130456,107.700941,1777,1777,1980,1980
with_repeater,sparse,2,leo,186.0,1800.0,87,0,1,0,3,0,2,,,1777,1777,1980,1980
with_repeater,sparse,3,earth,186.0,1800.0,87,5,5,15,15,14,14,0.183538,3.860790,1777,1777,1980,1980
blackout_only,sparse,0,mars,186.0,1800.0,88,0,1,0,3,0,2,,,1777,1777,1980,1980
blackout_only,sparse,1,moon,186.0,1800.0,88,5,5,15,15,12,12,5.130688,107.739724,1777,1777,1980,1980
blackout_only,sparse,2,leo,186.0,1800.0,88,0,1,0,3,0,2,,,1777,1777,1980,1980
blackout_only,sparse,3,earth,186.0,1800.0,88,5,5,15,15,14,14,0.184456,3.888220,1777,1777,1980,1980
with_repeater,sparse,0,mars,186.0,1800.0,88,0,1,0,3,0,2,,,1777,1777,1980,1980
with_repeater,sparse,1,moon,186.0,1800.0,88,5,5,15,15,12,12,5.132876,107.716140,1777,1777,1980,1980
with_repeater,sparse,2,leo,186.0,1800.0,88,0,1,0,3,0,2,,,1777,1777,1980,1980
with_repeater,sparse,3,earth,186.0,1800.0,88,5,5,15,15,14,14,0.183144,3.810528,1777,1777,1980,1980
blackout_only,sparse,0,mars,186.0,1800.0,89,0,1,0,3,0,2,,,1777,1777,1980,1980
blackout_only,sparse,1,moon,186.0,1800.0,89,5,5,15,15,12,12,5.131153,107.745666,1777,1777,1980,1980
blackout_only,sparse,2,leo,186.0,1800.0,89,0,1,0,3,0,2,,,1777,1777,1980,1980
blackout_only,sparse,3,earth,186.0,1800.0,89,5,5,15,15,14,14,0.184793,3.870149,1777,1777,1980,1980
with_repeater,sparse,0,mars,186.0,1800.0,89,0,1,0,3,0,2,,,1778,1778,1980,1980
with_repeater,sparse,1,moon,186.0,1800.0,89,5,5,15,15,12,12,5.132212,107.786510,1778,1778,1980,1980
with_repeater,sparse,2,leo,186.0,1800.0,89,0,1,0,3,0,2,,,1778,1778,1980,1980
with_repeater,sparse,3,earth,186.0,1800.0,89,5,5,15,15,14,14,0.185402,3.902055,1778,1778,1980,1980
blackout_only,sparse,0,mars,750.0,300.0,40,0,1,0,1,0,4,,,1778,1778,1980,1980
blackout_only,sparse,1,moon,750.0,300.0,40,5,5,3,3,24,24,5.132302,106.162619,1778,1778,1980,1980
blackout_only,sparse,2,leo,750.0,300.0,40,0,1,0,1,0,4,,,1778,1778,1980,1980
blackout_only,sparse,3,earth,750.0,300.0,40,5,5,3,3,26,26,0.183524,61.658513,1778,1778,1980,1980
with_repeater,sparse,0,mars,750.0,300.0,40,0,1,0,1,0,4,,,1777,1777,1980,1980
with_repeater,sparse,1,moon,750.0,300.0,40,5,5,3,3,24,24,5.128492,106.187310,1777,1777,1980,1980
with_repeater,sparse,2,leo,750.0,300.0,40,0,1,0,1,0,4,,,1777,1777,1980,1980
with_repeater,sparse,3,earth,750.0,300.0,40,5,5,3,3,26,26,0.182848,61.655075,1777,1777,1980,1980
blackout_only,sparse,0,mars,750.0,300.0,41,0,1,0,1,0,4,,,1778,1778,1980,1980
blackout_only,sparse,1,moon,750.0,300.0,41,5,5,3,3,24,24,5.130912,106.181098,1778,1778,1980,1980
blackout_only,sparse,2,leo,750.0,300.0,41,0,1,0,1,0,4,,,1778,1778,1980,1980
blackout_only,sparse,3,earth,750.0,300.0,41,5,5,3,3,26,26,0.180314,61.654752,1778,1778,1980,1980
with_repeater,sparse,0,mars,750.0,300.0,41,0,1,0,1,0,4,,,1777,1777,1980,1980
with_repeater,sparse,1,moon,750.0,300.0,41,5,5,3,3,24,24,5.133135,106.207026,1777,1777,1980,1980
with_repeater,sparse,2,leo,750.0,300.0,41,0,1,0,1,0,4,,,1777,1777,1980,1980
with_repeater,sparse,3,earth,750.0,300.0,41,5,5,3,3,26,26,0.183432,61.673414,1777,1777,1980,1980
blackout_only,sparse,0,mars,750.0,300.0,42,0,1,0,1,0,4,,,1778,1778,1980,1980
blackout_only,sparse,1,moon,750.0,300.0,42,5,5,3,3,24,24,5.129790,106.205045,1778,1778,1980,1980
blackout_only,sparse,2,leo,750.0,300.0,42,0,1,0,1,0,4,,,1778,1778,1980,1980
blackout_only,sparse,3,earth,750.0,300.0,42,5,5,3,3,26,26,0.183328,61.636441,1778,1778,1980,1980
with_repeater,sparse,0,mars,750.0,300.0,42,0,1,0,1,0,4,,,1778,1778,1980,1980
with_repeater,sparse,1,moon,750.0,300.0,42,5,5,3,3,24,24,5.131476,106.201793,1778,1778,1980,1980
with_repeater,sparse,2,leo,750.0,300.0,42,0,1,0,1,0,4,,,1778,1778,1980,1980
with_repeater,sparse,3,earth,750.0,300.0,42,5,5,3,3,26,26,0.183794,61.673504,1778,1778,1980,1980
blackout_only,sparse,0,mars,750.0,300.0,43,0,1,0,1,0,4,,,1777,1777,1980,1980
blackout_only,sparse,1,moon,750.0,300.0,43,5,5,3,3,24,24,5.131008,106.178526,1777,1777,1980,1980
blackout_only,sparse,2,leo,750.0,300.0,43,0,1,0,1,0,4,,,1777,1777,1980,1980
blackout_only,sparse,3,earth,750.0,300.0,43,5,5,3,3,26,26,0.184137,61.640770,1777,1777,1980,1980
with_repeater,sparse,0,mars,750.0,300.0,43,0,1,0,1,0,4,,,1777,1777,1980,1980
with_repeater,sparse,1,moon,750.0,300.0,43,5,5,3,3,24,24,5.131338,106.185421,1777,1777,1980,1980
with_repeater,sparse,2,leo,750.0,300.0,43,0,1,0,1,0,4,,,1777,1777,1980,1980
with_repeater,sparse,3,earth,750.0,300.0,43,5,5,3,3,26,26,0.181628,61.630471,1777,1777,1980,1980
blackout_only,sparse,0,mars,750.0,300.0,44,0,1,0,1,0,4,,,1777,1777,1980,1980
blackout_only,sparse,1,moon,750.0,300.0,44,5,5,3,3,24,24,5.130121,106.178571,1777,1777,1980,1980
blackout_only,sparse,2,leo,750.0,300.0,44,0,1,0,1,0,4,,,1777,1777,1980,1980
blackout_only,sparse,3,earth,750.0,300.0,44,5,5,3,3,26,26,0.186626,61.647518,1777,1777,1980,1980
with_repeater,sparse,0,mars,750.0,300.0,44,0,1,0,1,0,4,,,1777,1777,1980,1980
with_repeater,sparse,1,moon,750.0,300.0,44,5,5,3,3,24,24,5.132395,106.148957,1777,1777,1980,1980
with_repeater,sparse,2,leo,750.0,300.0,44,0,1,0,1,0,4,,,1777,1777,1980,1980
with_repeater,sparse,3,earth,750.0,300.0,44,5,5,3,3,26,26,0.180671,61.600832,1777,1777,1980,1980
blackout_only,sparse,0,mars,750.0,300.0,45,0,1,0,1,0,4,,,1777,1777,1980,1980
blackout_only,sparse,1,moon,750.0,300.0,45,5,5,3,3,24,24,5.129760,106.171784,1777,1777,1980,1980
blackout_only,sparse,2,leo,750.0,300.0,45,0,1,0,1,0,4,,,1777,1777,1980,1980
blackout_only,sparse,3,earth,750.0,300.0,45,5,5,3,3,26,26,0.184827,61.665374,1777,1777,1980,1980
with_repeater,sparse,0,mars,750.0,300.0,45,0,1,0,1,0,4,,,1778,1778,1980,1980
with_repeater,sparse,1,moon,750.0,300.0,45,5,5,3,3,24,24,5.127646,106.157432,1778,1778,1980,1980
with_repeater,sparse,2,leo,750.0,300.0,45,0,1,0,1,0,4,,,1778,1778,1980,1980
with_repeater,sparse,3,earth,750.0,300.0,45,5,5,3,3,26,26,0.183214,61.648902,1778,1778,1980,1980
blackout_only,sparse,0,mars,750.0,300.0,46,0,1,0,1,0,4,,,1777,1777,1980,1980
blackout_only,sparse,1,moon,750.0,300.0,46,5,5,3,3,24,24,5.130548,106.163740,1777,1777,1980,1980
blackout_only,sparse,2,leo,750.0,300.0,46,0,1,0,1,0,4,,,1777,1777,1980,1980
blackout_only,sparse,3,earth,750.0,300.0,46,5,5,3,3,26,26,0.185004,61.636038,1777,1777,1980,1980
with_repeater,sparse,0,mars,750.0,300.0,46,0,1,0,1,0,4,,,1777,1777,1980,1980
with_repeater,sparse,1,moon,750.0,300.0,46,5,5,3,3,24,24,5.133749,106.198942,1777,1777,1980,1980
with_repeater,sparse,2,leo,750.0,300.0,46,0,1,0,1,0,4,,,1777,1777,1980,1980
with_repeater,sparse,3,earth,750.0,300.0,46,5,5,3,3,26,26,0.181655,61.607928,1777,1777,1980,1980
blackout_only,sparse,0,mars,750.0,300.0,47,0,1,0,1,0,4,,,1777,1777,1980,1980
blackout_only,sparse,1,moon,750.0,300.0,47,5,5,3,3,24,24,5.131680,106.176816,1777,1777,1980,1980
blackout_only,sparse,2,leo,750.0,300.0,47,0,1,0,1,0,4,,,1777,1777,1980,1980
blackout_only,sparse,3,earth,750.0,300.0,47,5,5,3,3,26,26,0.183823,61.647165,1777,1777,1980,1980
with_repeater,sparse,0,mars,750.0,300.0,47,0,1,0,1,0,4,,,1777,1777,1980,1980
with_repeater,sparse,1,moon,750.0,300.0,47,5,5,3,3,24,24,5.132404,106.198750,1777,1777,1980,1980
with_repeater,sparse,2,leo,750.0,300.0,47,0,1,0,1,0,4,,,1777,1777,1980,1980
with_repeater,sparse,3,earth,750.0,300.0,47,5,5,3,3,26,26,0.184913,61.659101,1777,1777,1980,1980
blackout_only,sparse,0,mars,750.0,300.0,48,0,1,0,1,0,4,,,1777,1777,1980,1980
blackout_only,sparse,1,moon,750.0,300.0,48,5,5,3,3,24,24,5.132495,106.199143,1777,1777,1980,1980
blackout_only,sparse,2,leo,750.0,300.0,48,0,1,0,1,0,4,,,1777,1777,1980,1980
blackout_only,sparse,3,earth,750.0,300.0,48,5,5,3,3,26,26,0.181533,61.625516,1777,1777,1980,1980
with_repeater,sparse,0,mars,750.0,300.0,48,0,1,0,1,0,4,,,1778,1778,1980,1980
with_repeater,sparse,1,moon,750.0,300.0,48,5,5,3,3,24,24,5.131441,106.208706,1778,1778,1980,1980
with_repeater,sparse,2,leo,750.0,300.0,48,0,1,0,1,0,4,,,1778,1778,1980,1980
with_repeater,sparse,3,earth,750.0,300.0,48,5,5,3,3,26,26,0.183986,61.656740,1778,1778,1980,1980
blackout_only,sparse,0,mars,750.0,300.0,49,0,1,0,1,0,4,,,1777,1777,1980,1980
blackout_only,sparse,1,moon,750.0,300.0,49,5,5,3,3,24,24,5.130972,106.204358,1777,1777,1980,1980
blackout_only,sparse,2,leo,750.0,300.0,49,0,1,0,1,0,4,,,1777,1777,1980,1980
blackout_only,sparse,3,earth,750.0,300.0,49,5,5,3,3,26,26,0.183537,61.633026,1777,1777,1980,1980
with_repeater,sparse,0,mars,750.0,300.0,49,0,1,0,1,0,4,,,1777,1777,1980,1980
with_repeater,sparse,1,moon,750.0,300.0,49,5,5,3,3,24,24,5.132153,106.217929,1777,1777,1980,1980
with_repeater,sparse,2,leo,750.0,300.0,49,0,1,0,1,0,4,,,1777,1777,1980,1980
with_repeater,sparse,3,earth,750.0,300.0,49,5,5,3,3,26,26,0.182835,61.654132,1777,1777,1980,1980
blackout_only,sparse,0,mars,750.0,300.0,50,0,1,0,1,0,4,,,1777,1777,1980,1980
blackout_only,sparse,1,moon,750.0,300.0,50,5,5,3,3,24,24,5.132592,106.192733,1777,1777,1980,1980
blackout_only,sparse,2,leo,750.0,300.0,50,0,1,0,1,0,4,,,1777,1777,1980,1980
blackout_only,sparse,3,earth,750.0,300.0,50,5,5,3,3,26,26,0.180878,61.617125,1777,1777,1980,1980
with_repeater,sparse,0,mars,750.0,300.0,50,0,1,0,1,0,4,,,1777,1777,1980,1980
with_repeater,sparse,1,moon,750.0,300.0,50,5,5,3,3,24,24,5.128987,106.140649,1777,1777,1980,1980
with_repeater,sparse,2,leo,750.0,300.0,50,0,1,0,1,0,4,,,1777,1777,1980,1980
with_repeater,sparse,3,earth,750.0,300.0,50,5,5,3,3,26,26,0.182272,61.612956,1777,1777,1980,1980
blackout_only,sparse,0,mars,750.0,300.0,51,0,1,0,1,0,4,,,1777,1777,1980,1980
blackout_only,sparse,1,moon,750.0,300.0,51,5,5,3,3,24,24,5.129818,106.158180,1777,1777,1980,1980
blackout_only,sparse,2,leo,750.0,300.0,51,0,1,0,1,0,4,,,1777,1777,1980,1980
blackout_only,sparse,3,earth,750.0,300.0,51,5,5,3,3,26,26,0.182468,61.682698,1777,1777,1980,1980
with_repeater,sparse,0,mars,750.0,300.0,51,0,1,0,1,0,4,,,1777,1777,1980,1980
with_repeater,sparse,1,moon,750.0,300.0,51,5,5,3,3,24,24,5.131945,106.179789,1777,1777,1980,1980
with_repeater,sparse,2,leo,750.0,300.0,51,0,1,0,1,0,4,,,1777,1777,1980,1980
with_repeater,sparse,3,earth,750.0,300.0,51,5,5,3,3,26,26,0.182757,61.683067,1777,1777,1980,1980
blackout_only,sparse,0,mars,750.0,300.0,52,0,1,0,1,0,4,,,1777,1777,1980,1980
blackout_only,sparse,1,moon,750.0,300.0,52,5,5,3,3,24,24,5.128814,106.154316,1777,1777,1980,1980
blackout_only,sparse,2,leo,750.0,300.0,52,0,1,0,1,0,4,,,1777,1777,1980,1980
blackout_only,sparse,3,earth,750.0,300.0,52,5,5,3,3,26,26,0.180195,61.624072,1777,1777,1980,1980
with_repeater,sparse,0,mars,750.0,300.0,52,0,1,0,1,0,4,,,1778,1778,1980,1980
with_repeater,sparse,1,moon,750.0,300.0,52,5,5,3,3,24,24,5.128394,106.148699,1778,1778,1980,1980
with_repeater,sparse,2,leo,750.0,300.0,52,0,1,0,1,0,4,,,1778,1778,1980,1980
with_repeater,sparse,3,earth,750.0,300.0,52,5,5,3,3,26,26,0.183053,61.663268,1778,1778,1980,1980
blackout_only,sparse,0,mars,750.0,300.0,53,0,1,0,1,0,4,,,1777,1777,1980,1980
blackout_only,sparse,1,moon,750.0,300.0,53,5,5,3,3,24,24,5.129811,106.166498,1777,1777,1980,1980
blackout_only,sparse,2,leo,750.0,300.0,53,0,1,0,1,0,4,,,1777,1777,1980,1980
blackout_only,sparse,3,earth,750.0,300.0,53,5,5,3,3,26,26,0.181863,61.596810,1777,1777,1980,1980
with_repeater,sparse,0,mars,750.0,300.0,53,0,1,0,1,0,4,,,1778,1778,1980,1980
with_repeater,sparse,1,moon,750.0,300.0,53,5,5,3,3,24,24,5.132153,106.167390,1778,1778,1980,1980
with_repeater,sparse,2,leo,750.0,300.0,53,0,1,0,1,0,4,,,1778,1778,1980,1980
with_repeater,sparse,3,earth,750.0,300.0,53,5,5,3,3,26,26,0.181510,61.606661,1778,1778,1980,1980
blackout_only,sparse,0,mars,750.0,300.0,54,0,1,0,1,0,4,,,1778,1778,1980,1980
blackout_only,sparse,1,moon,750.0,300.0,54,5,5,3,3,24,24,5.131845,106.168576,1778,1778,1980,1980
blackout_only,sparse,2,leo,750.0,300.0,54,0,1,0,1,0,4,,,1778,1778,1980,1980
blackout_only,sparse,3,earth,750.0,300.0,54,5,5,3,3,26,26,0.183718,61.645993,1778,1778,1980,1980
with_repeater,sparse,0,mars,750.0,300.0,54,0,1,0,1,0,4,,,1777,1777,1980,1980
with_repeater,sparse,1,moon,750.0,300.0,54,5,5,3,3,24,24,5.132055,106.179248,1777,1777,1980,1980
with_repeater,sparse,2,leo,750.0,300.0,54,0,1,0,1,0,4,,,1777,1777,1980,1980
with_repeater,sparse,3,earth,750.0,300.0,54,5,5,3,3,26,26,0.180999,61.638187,1777,1777,1980,1980
blackout_only,sparse,0,mars,750.0,300.0,55,0,1,0,1,0,4,,,1777,1777,1980,1980
blackout_only,sparse,1,moon,750.0,300.0,55,5,5,3,3,24,24,5.131536,106.153400,1777,1777,1980,1980
blackout_only,sparse,2,leo,750.0,300.0,55,0,1,0,1,0,4,,,1777,1777,1980,1980
blackout_only,sparse,3,earth,750.0,300.0,55,5,5,3,3,26,26,0.184180,61.661911,1777,1777,1980,1980
with_repeater,sparse,0,mars,750.0,300.0,55,0,1,0,1,0,4,,,1777,1777,1980,1980
with_repeater,sparse,1,moon,750.0,300.0,55,5,5,3,3,24,24,5.129321,106.172964,1777,1777,1980,1980
with_repeater,sparse,2,leo,750.0,300.0,55,0,1,0,1,0,4,,,1777,1777,1980,1980
with_repeater,sparse,3,earth,750.0,300.0,55,5,5,3,3,26,26,0.182890,61.651980,1777,1777,1980,1980
blackout_only,sparse,0,mars,750.0,300.0,56,0,1,0,1,0,4,,,1777,1777,1980,1980
blackout_only,sparse,1,moon,750.0,300.0,56,5,5,3,3,24,24,5.129228,106.161390,1777,1777,1980,1980
blackout_only,sparse,2,leo,750.0,300.0,56,0,1,0,1,0,4,,,1777,1777,1980,1980
blackout_only,sparse,3,earth,750.0,300.0,56,5,5,3,3,26,26,0.182346,61.660493,1777,1777,1980,1980
with_repeater,sparse,0,mars,750.0,300.0,56,0,1,0,1,0,4,,,1777,1777,1980,1980
with_repeater,sparse,1,moon,750.0,300.0,56,5,5,3,3,24,24,5.131784,106.188620,1777,1777,1980,1980
with_repeater,sparse,2,leo,750.0,300.0,56,0,1,0,1,0,4,,,1777,1777,1980,1980
with_repeater,sparse,3,earth,750.0,300.0,56,5,5,3,3,26,26,0.182134,61.622813,1777,1777,1980,1980
blackout_only,sparse,0,mars,750.0,300.0,57,0,1,0,1,0,4,,,1777,1777,1980,1980
blackout_only,sparse,1,moon,750.0,300.0,57,5,5,3,3,24,24,5.131571,106.200293,1777,1777,1980,1980
blackout_only,sparse,2,leo,750.0,300.0,57,0,1,0,1,0,4,,,1777,1777,1980,1980
blackout_only,sparse,3,earth,750.0,300.0,57,5,5,3,3,26,26,0.182497,61.652971,1777,1777,1980,1980
with_repeater,sparse,0,mars,750.0,300.0,57,0,1,0,1,0,4,,,1777,1777,1980,1980
with_repeater,sparse,1,moon,750.0,300.0,57,5,5,3,3,24,24,5.132590,106.197553,1777,1777,1980,1980
with_repeater,sparse,2,leo,750.0,300.0,57,0,1,0,1,0,4,,,1777,1777,1980,1980
with_repeater,sparse,3,earth,750.0,300.0,57,5,5,3,3,26,26,0.181228,61.655863,1777,1777,1980,1980
blackout_only,sparse,0,mars,750.0,300.0,58,0,1,0,1,0,4,,,1777,1777,1980,1980
blackout_only,sparse,1,moon,750.0,300.0,58,5,5,3,3,24,24,5.130156,106.169195,1777,1777,1980,1980
blackout_only,sparse,2,leo,750.0,300.0,58,0,1,0,1,0,4,,,1777,1777,1980,1980
blackout_only,sparse,3,earth,750.0,300.0,58,5,5,3,3,26,26,0.183933,61.699337,1777,1777,1980,1980
with_repeater,sparse,0,mars,750.0,300.0,58,0,1,0,1,0,4,,,1777,1777,1980,1980
with_repeater,sparse,1,moon,750.0,300.0,58,5,5,3,3,24,24,5.130273,106.168509,1777,1777,1980,1980
with_repeater,sparse,2,leo,750.0,300.0,58,0,1,0,1,0,4,,,1777,1777,1980,1980
with_repeater,sparse,3,earth,750.0,300.0,58,5,5,3,3,26,26,0.184690,61.684802,1777,1777,1980,1980
blackout_only,sparse,0,mars,750.0,300.0,59,0,1,0,1,0,4,,,1777,1777,1980,1980
blackout_only,sparse,1,moon,750.0,300.0,59,5,5,3,3,24,24,5.131032,106.146798,1777,1777,1980,1980
blackout_only,sparse,2,leo,750.0,300.0,59,0,1,0,1,0,4,,,1777,1777,1980,1980
blackout_only,sparse,3,earth,750.0,300.0,59,5,5,3,3,26,26,0.182599,61.657216,1777,1777,1980,1980
with_repeater,sparse,0,mars,750.0,300.0,59,0,1,0,1,0,4,,,1777,1777,1980,1980
with_repeater,sparse,1,moon,750.0,300.0,59,5,5,3,3,24,24,5.134082,106.203562,1777,1777,1980,1980
with_repeater,sparse,2,leo,750.0,300.0,59,0,1,0,1,0,4,,,1777,1777,1980,1980
with_repeater,sparse,3,earth,750.0,300.0,59,5,5,3,3,26,26,0.182472,61.643750,1777,1777,1980,1980
blackout_only,sparse,0,mars,750.0,300.0,60,0,1,0,1,0,4,,,1777,1777,1980,1980
blackout_only,sparse,1,moon,750.0,300.0,60,5,5,3,3,24,24,5.131868,106.201023,1777,1777,1980,1980
blackout_only,sparse,2,leo,750.0,300.0,60,0,1,0,1,0,4,,,1777,1777,1980,1980
blackout_only,sparse,3,earth,750.0,300.0,60,5,5,3,3,26,26,0.183016,61.646328,1777,1777,1980,1980
with_repeater,sparse,0,mars,750.0,300.0,60,0,1,0,1,0,4,,,1777,1777,1980,1980
with_repeater,sparse,1,moon,750.0,300.0,60,5,5,3,3,24,24,5.130094,106.190357,1777,1777,1980,1980
with_repeater,sparse,2,leo,750.0,300.0,60,0,1,0,1,0,4,,,1777,1777,1980,1980
with_repeater,sparse,3,earth,750.0,300.0,60,5,5,3,3,26,26,0.183144,61.665634,1777,1777,1980,1980
blackout_only,sparse,0,mars,750.0,300.0,61,0,1,0,1,0,4,,,1777,1777,1980,1980
blackout_only,sparse,1,moon,750.0,300.0,61,5,5,3,3,24,24,5.131869,106.190795,1777,1777,1980,1980
blackout_only,sparse,2,leo,750.0,300.0,61,0,1,0,1,0,4,,,1777,1777,1980,1980
blackout_only,sparse,3,earth,750.0,300.0,61,5,5,3,3,26,26,0.184574,61.681672,1777,1777,1980,1980
with_repeater,sparse,0,mars,750.0,300.0,61,0,1,0,1,0,4,,,1777,1777,1980,1980
with_repeater,sparse,1,moon,750.0,300.0,61,5,5,3,3,24,24,5.130641,106.172668,1777,1777,1980,1980
with_repeater,sparse,2,leo,750.0,300.0,61,0,1,0,1,0,4,,,1777,1777,1980,1980
with_repeater,sparse,3,earth,750.0,300.0,61,5,5,3,3,26,26,0.182628,61.635186,1777,1777,1980,1980
blackout_only,sparse,0,mars,750.0,300.0,62,0,1,0,1,0,4,,,1778,1778,1980,1980
blackout_only,sparse,1,moon,750.0,300.0,62,5,5,3,3,24,24,5.131319,106.172056,1778,1778,1980,1980
blackout_only,sparse,2,leo,750.0,300.0,62,0,1,0,1,0,4,,,1778,1778,1980,1980
blackout_only,sparse,3,earth,750.0,300.0,62,5,5,3,3,26,26,0.183881,61.655083,1778,1778,1980,1980
with_repeater,sparse,0,mars,750.0,300.0,62,0,1,0,1,0,4,,,1777,1777,1980,1980
with_repeater,sparse,1,moon,750.0,300.0,62,5,5,3,3,24,24,5.133105,106.179894,1777,1777,1980,1980
with_repeater,sparse,2,leo,750.0,300.0,62,0,1,0,1,0,4,,,1777,1777,1980,1980
with_repeater,sparse,3,earth,750.0,300.0,62,5,5,3,3,26,26,0.183832,61.645861,1777,1777,1980,1980
blackout_only,sparse,0,mars,750.0,300.0,63,0,1,0,1,0,4,,,1778,1778,1980,1980
blackout_only,sparse,1,moon,750.0,300.0,63,5,5,3,3,24,24,5.133065,106.170683,1778,1778,1980,1980
blackout_only,sparse,2,leo,750.0,300.0,63,0,1,0,1,0,4,,,1778,1778,1980,1980
blackout_only,sparse,3,earth,750.0,300.0,63,5,5,3,3,26,26,0.181467,61.607369,1778,1778,1980,1980
with_repeater,sparse,0,mars,750.0,300.0,63,0,1,0,1,0,4,,,1778,1778,1980,1980
with_repeater,sparse,1,moon,750.0,300.0,63,5,5,3,3,24,24,5.127877,106.146637,1778,1778,1980,1980
with_repeater,sparse,2,leo,750.0,300.0,63,0,1,0,1,0,4,,,1778,1778,1980,1980
with_repeater,sparse,3,earth,750.0,300.0,63,5,5,3,3,26,26,0.183047,61.657944,1778,1778,1980,1980
blackout_only,sparse,0,mars,750.0,300.0,64,0,1,0,1,0,4,,,1777,1777,1980,1980
blackout_only,sparse,1,moon,750.0,300.0,64,5,5,3,3,24,24,5.130483,106.188128,1777,1777,1980,1980
blackout_only,sparse,2,leo,750.0,300.0,64,0,1,0,1,0,4,,,1777,1777,1980,1980
blackout_only,sparse,3,earth,750.0,300.0,64,5,5,3,3,26,26,0.184075,61.665998,1777,1777,1980,1980
with_repeater,sparse,0,mars,750.0,300.0,64,0,1,0,1,0,4,,,1777,1777,1980,1980
with_repeater,sparse,1,moon,750.0,300.0,64,5,5,3,3,24,24,5.128593,106.162159,1777,1777,1980,1980
with_repeater,sparse,2,leo,750.0,300.0,64,0,1,0,1,0,4,,,1777,1777,1980,1980
with_repeater,sparse,3,earth,750.0,300.0,64,5,5,3,3,26,26,0.186388,61.662266,1777,1777,1980,1980
blackout_only,sparse,0,mars,750.0,300.0,65,0,1,0,1,0,4,,,1778,1778,1980,1980
blackout_only,sparse,1,moon,750.0,300.0,65,5,5,3,3,24,24,5.132664,106.192134,1778,1778,1980,1980
blackout_only,sparse,2,leo,750.0,300.0,65,0,1,0,1,0,4,,,1778,1778,1980,1980
blackout_only,sparse,3,earth,750.0,300.0,65,5,5,3,3,26,26,0.183625,61.667422,1778,1778,1980,1980
with_repeater,sparse,0,mars,750.0,300.0,65,0,1,0,1,0,4,,,1777,1777,1980,1980
with_repeater,sparse,1,moon,750.0,300.0,65,5,5,3,3,24,24,5.132087,106.232820,1777,1777,1980,1980
with_repeater,sparse,2,leo,750.0,300.0,65,0,1,0,1,0,4,,,1777,1777,1980,1980
with_repeater,sparse,3,earth,750.0,300.0,65,5,5,3,3,26,26,0.182546,61.644608,1777,1777,1980,1980
blackout_only,sparse,0,mars,750.0,300.0,66,0,1,0,1,0,4,,,1777,1777,1980,1980
blackout_only,sparse,1,moon,750.0,300.0,66,5,5,3,3,24,24,5.130807,106.159569,1777,1777,1980,1980
blackout_only,sparse,2,leo,750.0,300.0,66,0,1,0,1,0,4,,,1777,1777,1980,1980
blackout_only,sparse,3,earth,750.0,300.0,66,5,5,3,3,26,26,0.182253,61.625113,1777,1777,1980,1980
with_repeater,sparse,0,mars,750.0,300.0,66,0,1,0,1,0,4,,,1777,1777,1980,1980
with_repeater,sparse,1,moon,750.0,300.0,66,5,5,3,3,24,24,5.131301,106.150909,1777,1777,1980,1980
with_repeater,sparse,2,leo,750.0,300.0,66,0,1,0,1,0,4,,,1777,1777,1980,1980
with_repeater,sparse,3,earth,750.0,300.0,66,5,5,3,3,26,26,0.182856,61.646100,1777,1777,1980,1980
blackout_only,sparse,0,mars,750.0,300.0,67,0,1,0,1,0,4,,,1777,1777,1980,1980
blackout_only,sparse,1,moon,750.0,300.0,67,5,5,3,3,24,24,5.130385,106.163727,1777,1777,1980,1980
blackout_only,sparse,2,leo,750.0,300.0,67,0,1,0,1,0,4,,,1777,1777,1980,1980
blackout_only,sparse,3,earth,750.0,300.0,67,5,5,3,3,26,26,0.183712,61.600973,1777,1777,1980,1980
with_repeater,sparse,0,mars,750.0,300.0,67,0,1,0,1,0,4,,,1777,1777,1980,1980
with_repeater,sparse,1,moon,750.0,300.0,67,5,5,3,3,24,24,5.129852,106.162586,1777,1777,1980,1980
with_repeater,sparse,2,leo,750.0,300.0,67,0,1,0,1,0,4,,,1777,1777,1980,1980
with_repeater,sparse,3,earth,750.0,300.0,67,5,5,3,3,26,26,0.178607,61.607170,1777,1777,1980,1980
blackout_only,sparse,0,mars,750.0,300.0,68,0,1,0,1,0,4,,,1777,1777,1980,1980
blackout_only,sparse,1,moon,750.0,300.0,68,5,5,3,3,24,24,5.131086,106.156843,1777,1777,1980,1980
blackout_only,sparse,2,leo,750.0,300.0,68,0,1,0,1,0,4,,,1777,1777,1980,1980
blackout_only,sparse,3,earth,750.0,300.0,68,5,5,3,3,26,26,0.183259,61.646424,1777,1777,1980,1980
with_repeater,sparse,0,mars,750.0,300.0,68,0,1,0,1,0,4,,,1778,1778,1980,1980
with_repeater,sparse,1,moon,750.0,300.0,68,5,5,3,3,24,24,5.132203,106.180262,1778,1778,1980,1980
with_repeater,sparse,2,leo,750.0,300.0,68,0,1,0,1,0,4,,,1778,1778,1980,1980
with_repeater,sparse,3,earth,750.0,300.0,68,5,5,3,3,26,26,0.182889,61.634099,1778,1778,1980,1980
blackout_only,sparse,0,mars,750.0,300.0,69,0,1,0,1,0,4,,,1778,1778,1980,1980
blackout_only,sparse,1,moon,750.0,300.0,69,5,5,3,3,24,24,5.133039,106.178183,1778,1778,1980,1980
blackout_only,sparse,2,leo,750.0,300.0,69,0,1,0,1,0,4,,,1778,1778,1980,1980
blackout_only,sparse,3,earth,750.0,300.0,69,5,5,3,3,26,26,0.180494,61.625088,1778,1778,1980,1980
with_repeater,sparse,0,mars,750.0,300.0,69,0,1,0,1,0,4,,,1777,1777,1980,1980
with_repeater,sparse,1,moon,750.0,300.0,69,5,5,3,3,24,24,5.130081,106.149961,1777,1777,1980,1980
with_repeater,sparse,2,leo,750.0,300.0,69,0,1,0,1,0,4,,,1777,1777,1980,1980
with_repeater,sparse,3,earth,750.0,300.0,69,5,5,3,3,26,26,0.183338,61.658400,1777,1777,1980,1980
blackout_only,sparse,0,mars,750.0,300.0,70,0,1,0,1,0,4,,,1777,1777,1980,1980
blackout_only,sparse,1,moon,750.0,300.0,70,5,5,3,3,24,24,5.131713,106.179368,1777,1777,1980,1980
blackout_only,sparse,2,leo,750.0,300.0,70,0,1,0,1,0,4,,,1777,1777,1980,1980
blackout_only,sparse,3,earth,750.0,300.0,70,5,5,3,3,26,26,0.182499,61.661743,1777,1777,1980,1980
with_repeater,sparse,0,mars,750.0,300.0,70,0,1,0,1,0,4,,,1778,1778,1980,1980
with_repeater,sparse,1,moon,750.0,300.0,70,5,5,3,3,24,24,5.129247,106.172509,1778,1778,1980,1980
with_repeater,sparse,2,leo,750.0,300.0,70,0,1,0,1,0,4,,,1778,1778,1980,1980
with_repeater,sparse,3,earth,750.0,300.0,70,5,5,3,3,26,26,0.184691,61.702013,1778,1778,1980,1980
blackout_only,sparse,0,mars,750.0,300.0,71,0,1,0,1,0,4,,,1777,1777,1980,1980
blackout_only,sparse,1,moon,750.0,300.0,71,5,5,3,3,24,24,5.134010,106.174081,1777,1777,1980,1980
blackout_only,sparse,2,leo,750.0,300.0,71,0,1,0,1,0,4,,,1777,1777,1980,1980
blackout_only,sparse,3,earth,750.0,300.0,71,5,5,3,3,26,26,0.182075,61.643493,1777,1777,1980,1980
with_repeater,sparse,0,mars,750.0,300.0,71,0,1,0,1,0,4,,,1777,1777,1980,1980
with_repeater,sparse,1,moon,750.0,300.0,71,5,5,3,3,24,24,5.130234,106.155025,1777,1777,1980,1980
with_repeater,sparse,2,leo,750.0,300.0,71,0,1,0,1,0,4,,,1777,1777,1980,1980
with_repeater,sparse,3,earth,750.0,300.0,71,5,5,3,3,26,26,0.184658,61.630283,1777,1777,1980,1980
blackout_only,sparse,0,mars,750.0,300.0,72,0,1,0,1,0,4,,,1777,1777,1980,1980
blackout_only,sparse,1,moon,750.0,300.0,72,5,5,3,3,24,24,5.128947,106.139907,1777,1777,1980,1980
blackout_only,sparse,2,leo,750.0,300.0,72,0,1,0,1,0,4,,,1777,1777,1980,1980
blackout_only,sparse,3,earth,750.0,300.0,72,5,5,3,3,26,26,0.182836,61.674637,1777,1777,1980,1980
with_repeater,sparse,0,mars,750.0,300.0,72,0,1,0,1,0,4,,,1777,1777,1980,1980
with_repeater,sparse,1,moon,750.0,300.0,72,5,5,3,3,24,24,5.131247,106.157740,1777,1777,1980,1980
with_repeater,sparse,2,leo,750.0,300.0,72,0,1,0,1,0,4,,,1777,1777,1980,1980
with_repeater,sparse,3,earth,750.0,300.0,72,5,5,3,3,26,26,0.182475,61.638624,1777,1777,1980,1980
blackout_only,sparse,0,mars,750.0,300.0,73,0,1,0,1,0,4,,,1777,1777,1980,1980
blackout_only,sparse,1,moon,750.0,300.0,73,5,5,3,3,24,24,5.130447,106.162495,1777,1777,1980,1980
blackout_only,sparse,2,leo,750.0,300.0,73,0,1,0,1,0,4,,,1777,1777,1980,1980
blackout_only,sparse,3,earth,750.0,300.0,73,5,5,3,3,26,26,0.182575,61.608308,1777,1777,1980,1980
with_repeater,sparse,0,mars,750.0,300.0,73,0,1,0,1,0,4,,,1777,1777,1980,1980
with_repeater,sparse,1,moon,750.0,300.0,73,5,5,3,3,24,24,5.129540,106.183649,1777,1777,1980,1980
with_repeater,sparse,2,leo,750.0,300.0,73,0,1,0,1,0,4,,,1777,1777,1980,1980
with_repeater,sparse,3,earth,750.0,300.0,73,5,5,3,3,26,26,0.182930,61.602712,1777,1777,1980,1980
blackout_only,sparse,0,mars,750.0,300.0,74,0,1,0,1,0,4,,,1777,1777,1980,1980
blackout_only,sparse,1,moon,750.0,300.0,74,5,5,3,3,24,24,5.131883,106.180110,1777,1777,1980,1980
blackout_only,sparse,2,leo,750.0,300.0,74,0,1,0,1,0,4,,,1777,1777,1980,1980
blackout_only,sparse,3,earth,750.0,300.0,74,5,5,3,3,26,26,0.181247,61.684525,1777,1777,1980,1980
with_repeater,sparse,0,mars,750.0,300.0,74,0,1,0,1,0,4,,,1777,1777,1980,1980
with_repeater,sparse,1,moon,750.0,300.0,74,5,5,3,3,24,24,5.131531,106.167491,1777,1777,1980,1980
with_repeater,sparse,2,leo,750.0,300.0,74,0,1,0,1,0,4,,,1777,1777,1980,1980
with_repeater,sparse,3,earth,750.0,300.0,74,5,5,3,3,26,26,0.182165,61.595850,1777,1777,1980,1980
blackout_only,sparse,0,mars,750.0,300.0,75,0,1,0,1,0,4,,,1778,1778,1980,1980
blackout_only,sparse,1,moon,750.0,300.0,75,5,5,3,3,24,24,5.132990,106.159183,1778,1778,1980,1980
blackout_only,sparse,2,leo,750.0,300.0,75,0,1,0,1,0,4,,,1778,1778,1980,1980
blackout_only,sparse,3,earth,750.0,300.0,75,5,5,3,3,26,26,0.187418,61.670703,1778,1778,1980,1980
with_repeater,sparse,0,mars,750.0,300.0,75,0,1,0,1,0,4,,,1777,1777,1980,1980
with_repeater,sparse,1,moon,750.0,300.0,75,5,5,3,3,24,24,5.134428,106.211939,1777,1777,1980,1980
with_repeater,sparse,2,leo,750.0,300.0,75,0,1,0,1,0,4,,,1777,1777,1980,1980
with_repeater,sparse,3,earth,750.0,300.0,75,5,5,3,3,26,26,0.181486,61.635091,1777,1777,1980,1980
blackout_only,sparse,0,mars,750.0,300.0,76,0,1,0,1,0,4,,,1777,1777,1980,1980
blackout_only,sparse,1,moon,750.0,300.0,76,5,5,3,3,24,24,5.133997,106.237339,1777,1777,1980,1980
blackout_only,sparse,2,leo,750.0,300.0,76,0,1,0,1,0,4,,,1777,1777,1980,1980
blackout_only,sparse,3,earth,750.0,300.0,76,5,5,3,3,26,26,0.181140,61.657107,1777,1777,1980,1980
with_repeater,sparse,0,mars,750.0,300.0,76,0,1,0,1,0,4,,,1778,1778,1980,1980
with_repeater,sparse,1,moon,750.0,300.0,76,5,5,3,3,24,24,5.132167,106.193269,1778,1778,1980,1980
with_repeater,sparse,2,leo,750.0,300.0,76,0,1,0,1,0,4,,,1778,1778,1980,1980
with_repeater,sparse,3,earth,750.0,300.0,76,5,5,3,3,26,26,0.181372,61.670847,1778,1778,1980,1980
blackout_only,sparse,0,mars,750.0,300.0,77,0,1,0,1,0,4,,,1777,1777,1980,1980
blackout_only,sparse,1,moon,750.0,300.0,77,5,5,3,3,24,24,5.133110,106.146780,1777,1777,1980,1980
blackout_only,sparse,2,leo,750.0,300.0,77,0,1,0,1,0,4,,,1777,1777,1980,1980
blackout_only,sparse,3,earth,750.0,300.0,77,5,5,3,3,26,26,0.181436,61.631811,1777,1777,1980,1980
with_repeater,sparse,0,mars,750.0,300.0,77,0,1,0,1,0,4,,,1777,1777,1980,1980
with_repeater,sparse,1,moon,750.0,300.0,77,5,5,3,3,24,24,5.132168,106.171220,1777,1777,1980,1980
with_repeater,sparse,2,leo,750.0,300.0,77,0,1,0,1,0,4,,,1777,1777,1980,1980
with_repeater,sparse,3,earth,750.0,300.0,77,5,5,3,3,26,26,0.181352,61.619350,1777,1777,1980,1980
blackout_only,sparse,0,mars,750.0,300.0,78,0,1,0,1,0,4,,,1777,1777,1980,1980
blackout_only,sparse,1,moon,750.0,300.0,78,5,5,3,3,24,24,5.129958,106.209409,1777,1777,1980,1980
blackout_only,sparse,2,leo,750.0,300.0,78,0,1,0,1,0,4,,,1777,1777,1980,1980
blackout_only,sparse,3,earth,750.0,300.0,78,5,5,3,3,26,26,0.182585,61.602925,1777,1777,1980,1980
with_repeater,sparse,0,mars,750.0,300.0,78,0,1,0,1,0,4,,,1777,1777,1980,1980
with_repeater,sparse,1,moon,750.0,300.0,78,5,5,3,3,24,24,5.131601,106.202622,1777,1777,1980,1980
with_repeater,sparse,2,leo,750.0,300.0,78,0,1,0,1,0,4,,,1777,1777,1980,1980
with_repeater,sparse,3,earth,750.0,300.0,78,5,5,3,3,26,26,0.181028,61.626614,1777,1777,1980,1980
blackout_only,sparse,0,mars,750.0,300.0,79,0,1,0,1,0,4,,,1777,1777,1980,1980
blackout_only,sparse,1,moon,750.0,300.0,79,5,5,3,3,24,24,5.132363,106.206144,1777,1777,1980,1980
blackout_only,sparse,2,leo,750.0,300.0,79,0,1,0,1,0,4,,,1777,1777,1980,1980
blackout_only,sparse,3,earth,750.0,300.0,79,5,5,3,3,26,26,0.181654,61.656364,1777,1777,1980,1980
with_repeater,sparse,0,mars,750.0,300.0,79,0,1,0,1,0,4,,,1777,1777,1980,1980
with_repeater,sparse,1,moon,750.0,300.0,79,5,5,3,3,24,24,5.132001,106.178235,1777,1777,1980,1980
with_repeater,sparse,2,leo,750.0,300.0,79,0,1,0,1,0,4,,,1777,1777,1980,1980
with_repeater,sparse,3,earth,750.0,300.0,79,5,5,3,3,26,26,0.183369,61.666795,1777,1777,1980,1980
blackout_only,sparse,0,mars,750.0,300.0,80,0,1,0,1,0,4,,,1777,1777,1980,1980
blackout_only,sparse,1,moon,750.0,300.0,80,5,5,3,3,24,24,5.131744,106.211188,1777,1777,1980,1980
blackout_only,sparse,2,leo,750.0,300.0,80,0,1,0,1,0,4,,,1777,1777,1980,1980
blackout_only,sparse,3,earth,750.0,300.0,80,5,5,3,3,26,26,0.182800,61.630047,1777,1777,1980,1980
with_repeater,sparse,0,mars,750.0,300.0,80,0,1,0,1,0,4,,,1777,1777,1980,1980
with_repeater,sparse,1,moon,750.0,300.0,80,5,5,3,3,24,24,5.131504,106.207304,1777,1777,1980,1980
with_repeater,sparse,2,leo,750.0,300.0,80,0,1,0,1,0,4,,,1777,1777,1980,1980
with_repeater,sparse,3,earth,750.0,300.0,80,5,5,3,3,26,26,0.183102,61.639764,1777,1777,1980,1980
blackout_only,sparse,0,mars,750.0,300.0,81,0,1,0,1,0,4,,,1777,1777,1980,1980
blackout_only,sparse,1,moon,750.0,300.0,81,5,5,3,3,24,24,5.132340,106.177181,1777,1777,1980,1980
blackout_only,sparse,2,leo,750.0,300.0,81,0,1,0,1,0,4,,,1777,1777,1980,1980
blackout_only,sparse,3,earth,750.0,300.0,81,5,5,3,3,26,26,0.181304,61.614039,1777,1777,1980,1980
with_repeater,sparse,0,mars,750.0,300.0,81,0,1,0,1,0,4,,,1777,1777,1980,1980
with_repeater,sparse,1,moon,750.0,300.0,81,5,5,3,3,24,24,5.132030,106.177140,1777,1777,1980,1980
with_repeater,sparse,2,leo,750.0,300.0,81,0,1,0,1,0,4,,,1777,1777,1980,1980
with_repeater,sparse,3,earth,750.0,300.0,81,5,5,3,3,26,26,0.184020,61.621034,1777,1777,1980,1980
blackout_only,sparse,0,mars,750.0,300.0,82,0,1,0,1,0,4,,,1778,1778,1980,1980
blackout_only,sparse,1,moon,750.0,300.0,82,5,5,3,3,24,24,5.126751,106.174014,1778,1778,1980,1980
blackout_only,sparse,2,leo,750.0,300.0,82,0,1,0,1,0,4,,,1778,1778,1980,1980
blackout_only,sparse,3,earth,750.0,300.0,82,5,5,3,3,26,26,0.180847,61.620091,1778,1778,1980,1980
with_repeater,sparse,0,mars,750.0,300.0,82,0,1,0,1,0,4,,,1777,1777,1980,1980
with_repeater,sparse,1,moon,750.0,300.0,82,5,5,3,3,24,24,5.129193,106.210741,1777,1777,1980,1980
with_repeater,sparse,2,leo,750.0,300.0,82,0,1,0,1,0,4,,,1777,1777,1980,1980
with_repeater,sparse,3,earth,750.0,300.0,82,5,5,3,3,26,26,0.184790,61.643225,1777,1777,1980,1980
blackout_only,sparse,0,mars,750.0,300.0,83,0,1,0,1,0,4,,,1777,1777,1980,1980
blackout_only,sparse,1,moon,750.0,300.0,83,5,5,3,3,24,24,5.130502,106.193286,1777,1777,1980,1980
blackout_only,sparse,2,leo,750.0,300.0,83,0,1,0,1,0,4,,,1777,1777,1980,1980
blackout_only,sparse,3,earth,750.0,300.0,83,5,5,3,3,26,26,0.185080,61.674934,1777,1777,1980,1980
with_repeater,sparse,0,mars,750.0,300.0,83,0,1,0,1,0,4,,,1777,1777,1980,1980
with_repeater,sparse,1,moon,750.0,300.0,83,5,5,3,3,24,24,5.132977,106.162928,1777,1777,1980,1980
with_repeater,sparse,2,leo,750.0,300.0,83,0,1,0,1,0,4,,,1777,1777,1980,1980
with_repeater,sparse,3,earth,750.0,300.0,83,5,5,3,3,26,26,0.181036,61.630119,1777,1777,1980,1980
blackout_only,sparse,0,mars,750.0,300.0,84,0,1,0,1,0,4,,,1778,1778,1980,1980
blackout_only,sparse,1,moon,750.0,300.0,84,5,5,3,3,24,24,5.134899,106.238665,1778,1778,1980,1980
blackout_only,sparse,2,leo,750.0,300.0,84,0,1,0,1,0,4,,,1778,1778,1980,1980
blackout_only,sparse,3,earth,750.0,300.0,84,5,5,3,3,26,26,0.183379,61.605195,1778,1778,1980,1980
with_repeater,sparse,0,mars,750.0,300.0,84,0,1,0,1,0,4,,,1777,1777,1980,1980
with_repeater,sparse,1,moon,750.0,300.0,84,5,5,3,3,24,24,5.131561,106.212208,1777,1777,1980,1980
with_repeater,sparse,2,leo,750.0,300.0,84,0,1,0,1,0,4,,,1777,1777,1980,1980
with_repeater,sparse,3,earth,750.0,300.0,84,5,5,3,3,26,26,0.182366,61.592434,1777,1777,1980,1980
blackout_only,sparse,0,mars,750.0,300.0,85,0,1,0,1,0,4,,,1777,1777,1980,1980
blackout_only,sparse,1,moon,750.0,300.0,85,5,5,3,3,24,24,5.133728,106.201661,1777,1777,1980,1980
blackout_only,sparse,2,leo,750.0,300.0,85,0,1,0,1,0,4,,,1777,1777,1980,1980
blackout_only,sparse,3,earth,750.0,300.0,85,5,5,3,3,26,26,0.181479,61.633073,1777,1777,1980,1980
with_repeater,sparse,0,mars,750.0,300.0,85,0,1,0,1,0,4,,,1777,1777,1980,1980
with_repeater,sparse,1,moon,750.0,300.0,85,5,5,3,3,24,24,5.134019,106.175440,1777,1777,1980,1980
with_repeater,sparse,2,leo,750.0,300.0,85,0,1,0,1,0,4,,,1777,1777,1980,1980
with_repeater,sparse,3,earth,750.0,300.0,85,5,5,3,3,26,26,0.182745,61.635572,1777,1777,1980,1980
blackout_only,sparse,0,mars,750.0,300.0,86,0,1,0,1,0,4,,,1777,1777,1980,1980
blackout_only,sparse,1,moon,750.0,300.0,86,5,5,3,3,24,24,5.131485,106.193385,1777,1777,1980,1980
blackout_only,sparse,2,leo,750.0,300.0,86,0,1,0,1,0,4,,,1777,1777,1980,1980
blackout_only,sparse,3,earth,750.0,300.0,86,5,5,3,3,26,26,0.184152,61.701040,1777,1777,1980,1980
with_repeater,sparse,0,mars,750.0,300.0,86,0,1,0,1,0,4,,,1777,1777,1980,1980
with_repeater,sparse,1,moon,750.0,300.0,86,5,5,3,3,24,24,5.131428,106.206783,1777,1777,1980,1980
with_repeater,sparse,2,leo,750.0,300.0,86,0,1,0,1,0,4,,,1777,1777,1980,1980
with_repeater,sparse,3,earth,750.0,300.0,86,5,5,3,3,26,26,0.184663,61.656027,1777,1777,1980,1980
blackout_only,sparse,0,mars,750.0,300.0,87,0,1,0,1,0,4,,,1777,1777,1980,1980
blackout_only,sparse,1,moon,750.0,300.0,87,5,5,3,3,24,24,5.131943,106.212106,1777,1777,1980,1980
blackout_only,sparse,2,leo,750.0,300.0,87,0,1,0,1,0,4,,,1777,1777,1980,1980
blackout_only,sparse,3,earth,750.0,300.0,87,5,5,3,3,26,26,0.183106,61.643161,1777,1777,1980,1980
with_repeater,sparse,0,mars,750.0,300.0,87,0,1,0,1,0,4,,,1777,1777,1980,1980
with_repeater,sparse,1,moon,750.0,300.0,87,5,5,3,3,24,24,5.131727,106.191616,1777,1777,1980,1980
with_repeater,sparse,2,leo,750.0,300.0,87,0,1,0,1,0,4,,,1777,1777,1980,1980
with_repeater,sparse,3,earth,750.0,300.0,87,5,5,3,3,26,26,0.183589,61.622429,1777,1777,1980,1980
blackout_only,sparse,0,mars,750.0,300.0,88,0,1,0,1,0,4,,,1777,1777,1980,1980
blackout_only,sparse,1,moon,750.0,300.0,88,5,5,3,3,24,24,5.132925,106.178489,1777,1777,1980,1980
blackout_only,sparse,2,leo,750.0,300.0,88,0,1,0,1,0,4,,,1777,1777,1980,1980
blackout_only,sparse,3,earth,750.0,300.0,88,5,5,3,3,26,26,0.185116,61.636173,1777,1777,1980,1980
with_repeater,sparse,0,mars,750.0,300.0,88,0,1,0,1,0,4,,,1777,1777,1980,1980
with_repeater,sparse,1,moon,750.0,300.0,88,5,5,3,3,24,24,5.131841,106.173608,1777,1777,1980,1980
with_repeater,sparse,2,leo,750.0,300.0,88,0,1,0,1,0,4,,,1777,1777,1980,1980
with_repeater,sparse,3,earth,750.0,300.0,88,5,5,3,3,26,26,0.184254,61.668754,1777,1777,1980,1980
blackout_only,sparse,0,mars,750.0,300.0,89,0,1,0,1,0,4,,,1777,1777,1980,1980
blackout_only,sparse,1,moon,750.0,300.0,89,5,5,3,3,24,24,5.133380,106.170025,1777,1777,1980,1980
blackout_only,sparse,2,leo,750.0,300.0,89,0,1,0,1,0,4,,,1777,1777,1980,1980
blackout_only,sparse,3,earth,750.0,300.0,89,5,5,3,3,26,26,0.183406,61.676466,1777,1777,1980,1980
with_repeater,sparse,0,mars,750.0,300.0,89,0,1,0,1,0,4,,,1777,1777,1980,1980
with_repeater,sparse,1,moon,750.0,300.0,89,5,5,3,3,24,24,5.129790,106.157456,1777,1777,1980,1980
with_repeater,sparse,2,leo,750.0,300.0,89,0,1,0,1,0,4,,,1777,1777,1980,1980
with_repeater,sparse,3,earth,750.0,300.0,89,5,5,3,3,26,26,0.183738,61.648583,1777,1777,1980,1980
blackout_only,sparse,0,mars,750.0,900.0,40,0,1,0,2,0,3,,,1777,1777,1980,1980
blackout_only,sparse,1,moon,750.0,900.0,40,5,5,7,7,20,20,5.130655,6.698081,1777,1777,1980,1980
blackout_only,sparse,2,leo,750.0,900.0,40,0,1,0,2,0,3,,,1777,1777,1980,1980
blackout_only,sparse,3,earth,750.0,900.0,40,5,5,8,8,21,21,0.182141,62.564616,1777,1777,1980,1980
with_repeater,sparse,0,mars,750.0,900.0,40,0,1,0,2,0,3,,,1778,1778,1980,1980
with_repeater,sparse,1,moon,750.0,900.0,40,5,5,7,7,20,20,5.130265,6.718086,1778,1778,1980,1980
with_repeater,sparse,2,leo,750.0,900.0,40,0,1,0,2,0,3,,,1778,1778,1980,1980
with_repeater,sparse,3,earth,750.0,900.0,40,5,5,8,8,21,21,0.183661,62.572315,1778,1778,1980,1980
blackout_only,sparse,0,mars,750.0,900.0,41,0,1,0,2,0,3,,,1777,1777,1980,1980
blackout_only,sparse,1,moon,750.0,900.0,41,5,5,7,7,20,20,5.132880,6.750371,1777,1777,1980,1980
blackout_only,sparse,2,leo,750.0,900.0,41,0,1,0,2,0,3,,,1777,1777,1980,1980
blackout_only,sparse,3,earth,750.0,900.0,41,5,5,8,8,21,21,0.182466,62.575246,1777,1777,1980,1980
with_repeater,sparse,0,mars,750.0,900.0,41,0,1,0,2,0,3,,,1777,1777,1980,1980
with_repeater,sparse,1,moon,750.0,900.0,41,5,5,7,7,20,20,5.133174,6.721207,1777,1777,1980,1980
with_repeater,sparse,2,leo,750.0,900.0,41,0,1,0,2,0,3,,,1777,1777,1980,1980
with_repeater,sparse,3,earth,750.0,900.0,41,5,5,8,8,21,21,0.185616,62.625439,1777,1777,1980,1980
blackout_only,sparse,0,mars,750.0,900.0,42,0,1,0,2,0,3,,,1777,1777,1980,1980
blackout_only,sparse,1,moon,750.0,900.0,42,5,5,7,7,20,20,5.132868,6.731732,1777,1777,1980,1980
blackout_only,sparse,2,leo,750.0,900.0,42,0,1,0,2,0,3,,,1777,1777,1980,1980
blackout_only,sparse,3,earth,750.0,900.0,42,5,5,8,8,21,21,0.181945,62.538462,1777,1777,1980,1980
with_repeater,sparse,0,mars,750.0,900.0,42,0,1,0,2,0,3,,,1778,1778,1980,1980
with_repeater,sparse,1,moon,750.0,900.0,42,5,5,7,7,20,20,5.132074,6.752488,1778,1778,1980,1980
with_repeater,sparse,2,leo,750.0,900.0,42,0,1,0,2,0,3,,,1778,1778,1980,1980
with_repeater,sparse,3,earth,750.0,900.0,42,5,5,8,8,21,21,0.184124,62.563713,1778,1778,1980,1980
blackout_only,sparse,0,mars,750.0,900.0,43,0,1,0,2,0,3,,,1777,1777,1980,1980
blackout_only,sparse,1,moon,750.0,900.0,43,5,5,7,7,20,20,5.131851,6.699165,1777,1777,1980,1980
blackout_only,sparse,2,leo,750.0,900.0,43,0,1,0,2,0,3,,,1777,1777,1980,1980
blackout_only,sparse,3,earth,750.0,900.0,43,5,5,8,8,21,21,0.182052,62.563041,1777,1777,1980,1980
with_repeater,sparse,0,mars,750.0,900.0,43,0,1,0,2,0,3,,,1778,1778,1980,1980
with_repeater,sparse,1,moon,750.0,900.0,43,5,5,7,7,20,20,5.133140,6.709031,1778,1778,1980,1980
with_repeater,sparse,2,leo,750.0,900.0,43,0,1,0,2,0,3,,,1778,1778,1980,1980
with_repeater,sparse,3,earth,750.0,900.0,43,5,5,8,8,21,21,0.179126,62.513137,1778,1778,1980,1980
blackout_only,sparse,0,mars,750.0,900.0,44,0,1,0,2,0,3,,,1777,1777,1980,1980
blackout_only,sparse,1,moon,750.0,900.0,44,5,5,7,7,20,20,5.131000,6.702076,1777,1777,1980,1980
blackout_only,sparse,2,leo,750.0,900.0,44,0,1,0,2,0,3,,,1777,1777,1980,1980
blackout_only,sparse,3,earth,750.0,900.0,44,5,5,8,8,21,21,0.182910,62.539488,1777,1777,1980,1980
with_repeater,sparse,0,mars,750.0,900.0,44,0,1,0,2,0,3,,,1777,1777,1980,1980
with_repeater,sparse,1,moon,750.0,900.0,44,5,5,7,7,20,20,5.133890,6.682498,1777,1777,1980,1980
with_repeater,sparse,2,leo,750.0,900.0,44,0,1,0,2,0,3,,,1777,1777,1980,1980
with_repeater,sparse,3,earth,750.0,900.0,44,5,5,8,8,21,21,0.180793,62.511252,1777,1777,1980,1980
blackout_only,sparse,0,mars,750.0,900.0,45,0,1,0,2,0,3,,,1778,1778,1980,1980
blackout_only,sparse,1,moon,750.0,900.0,45,5,5,7,7,20,20,5.131903,6.732020,1778,1778,1980,1980
blackout_only,sparse,2,leo,750.0,900.0,45,0,1,0,2,0,3,,,1778,1778,1980,1980
blackout_only,sparse,3,earth,750.0,900.0,45,5,5,8,8,21,21,0.182958,62.583515,1778,1778,1980,1980
with_repeater,sparse,0,mars,750.0,900.0,45,0,1,0,2,0,3,,,1777,1777,1980,1980
with_repeater,sparse,1,moon,750.0,900.0,45,5,5,7,7,20,20,5.129579,6.662468,1777,1777,1980,1980
with_repeater,sparse,2,leo,750.0,900.0,45,0,1,0,2,0,3,,,1777,1777,1980,1980
with_repeater,sparse,3,earth,750.0,900.0,45,5,5,8,8,21,21,0.182763,62.582478,1777,1777,1980,1980
blackout_only,sparse,0,mars,750.0,900.0,46,0,1,0,2,0,3,,,1777,1777,1980,1980
blackout_only,sparse,1,moon,750.0,900.0,46,5,5,7,7,20,20,5.131041,6.663814,1777,1777,1980,1980
blackout_only,sparse,2,leo,750.0,900.0,46,0,1,0,2,0,3,,,1777,1777,1980,1980
blackout_only,sparse,3,earth,750.0,900.0,46,5,5,8,8,21,21,0.183261,62.558107,1777,1777,1980,1980
with_repeater,sparse,0,mars,750.0,900.0,46,0,1,0,2,0,3,,,1777,1777,1980,1980
with_repeater,sparse,1,moon,750.0,900.0,46,5,5,7,7,20,20,5.132175,6.712299,1777,1777,1980,1980
with_repeater,sparse,2,leo,750.0,900.0,46,0,1,0,2,0,3,,,1777,1777,1980,1980
with_repeater,sparse,3,earth,750.0,900.0,46,5,5,8,8,21,21,0.182943,62.497342,1777,1777,1980,1980
blackout_only,sparse,0,mars,750.0,900.0,47,0,1,0,2,0,3,,,1777,1777,1980,1980
blackout_only,sparse,1,moon,750.0,900.0,47,5,5,7,7,20,20,5.132792,6.693895,1777,1777,1980,1980
blackout_only,sparse,2,leo,750.0,900.0,47,0,1,0,2,0,3,,,1777,1777,1980,1980
blackout_only,sparse,3,earth,750.0,900.0,47,5,5,8,8,21,21,0.182935,62.577753,1777,1777,1980,1980
with_repeater,sparse,0,mars,750.0,900.0,47,0,1,0,2,0,3,,,1777,1777,1980,1980
with_repeater,sparse,1,moon,750.0,900.0,47,5,5,7,7,20,20,5.130624,6.728196,1777,1777,1980,1980
with_repeater,sparse,2,leo,750.0,900.0,47,0,1,0,2,0,3,,,1777,1777,1980,1980
with_repeater,sparse,3,earth,750.0,900.0,47,5,5,8,8,21,21,0.184409,62.569941,1777,1777,1980,1980
blackout_only,sparse,0,mars,750.0,900.0,48,0,1,0,2,0,3,,,1777,1777,1980,1980
blackout_only,sparse,1,moon,750.0,900.0,48,5,5,7,7,20,20,5.130285,6.744743,1777,1777,1980,1980
blackout_only,sparse,2,leo,750.0,900.0,48,0,1,0,2,0,3,,,1777,1777,1980,1980
blackout_only,sparse,3,earth,750.0,900.0,48,5,5,8,8,21,21,0.183213,62.549080,1777,1777,1980,1980
with_repeater,sparse,0,mars,750.0,900.0,48,0,1,0,2,0,3,,,1777,1777,1980,1980
with_repeater,sparse,1,moon,750.0,900.0,48,5,5,7,7,20,20,5.131947,6.743196,1777,1777,1980,1980
with_repeater,sparse,2,leo,750.0,900.0,48,0,1,0,2,0,3,,,1777,1777,1980,1980
with_repeater,sparse,3,earth,750.0,900.0,48,5,5,8,8,21,21,0.182783,62.555926,1777,1777,1980,1980
blackout_only,sparse,0,mars,750.0,900.0,49,0,1,0,2,0,3,,,1777,1777,1980,1980
blackout_only,sparse,1,moon,750.0,900.0,49,5,5,7,7,20,20,5.132953,6.736466,1777,1777,1980,1980
blackout_only,sparse,2,leo,750.0,900.0,49,0,1,0,2,0,3,,,1777,1777,1980,1980
blackout_only,sparse,3,earth,750.0,900.0,49,5,5,8,8,21,21,0.182839,62.580655,1777,1777,1980,1980
with_repeater,sparse,0,mars,750.0,900.0,49,0,1,0,2,0,3,,,1777,1777,1980,1980
with_repeater,sparse,1,moon,750.0,900.0,49,5,5,7,7,20,20,5.132879,6.762201,1777,1777,1980,1980
with_repeater,sparse,2,leo,750.0,900.0,49,0,1,0,2,0,3,,,1777,1777,1980,1980
with_repeater,sparse,3,earth,750.0,900.0,49,5,5,8,8,21,21,0.182659,62.587996,1777,1777,1980,1980
blackout_only,sparse,0,mars,750.0,900.0,50,0,1,0,2,0,3,,,1777,1777,1980,1980
blackout_only,sparse,1,moon,750.0,900.0,50,5,5,7,7,20,20,5.131198,6.717036,1777,1777,1980,1980
blackout_only,sparse,2,leo,750.0,900.0,50,0,1,0,2,0,3,,,1777,1777,1980,1980
blackout_only,sparse,3,earth,750.0,900.0,50,5,5,8,8,21,21,0.183443,62.529210,1777,1777,1980,1980
with_repeater,sparse,0,mars,750.0,900.0,50,0,1,0,2,0,3,,,1777,1777,1980,1980
with_repeater,sparse,1,moon,750.0,900.0,50,5,5,7,7,20,20,5.130330,6.680657,1777,1777,1980,1980
with_repeater,sparse,2,leo,750.0,900.0,50,0,1,0,2,0,3,,,1777,1777,1980,1980
with_repeater,sparse,3,earth,750.0,900.0,50,5,5,8,8,21,21,0.183399,62.537134,1777,1777,1980,1980
blackout_only,sparse,0,mars,750.0,900.0,51,0,1,0,2,0,3,,,1777,1777,1980,1980
blackout_only,sparse,1,moon,750.0,900.0,51,5,5,7,7,20,20,5.129842,6.682023,1777,1777,1980,1980
blackout_only,sparse,2,leo,750.0,900.0,51,0,1,0,2,0,3,,,1777,1777,1980,1980
blackout_only,sparse,3,earth,750.0,900.0,51,5,5,8,8,21,21,0.184128,62.584946,1777,1777,1980,1980
with_repeater,sparse,0,mars,750.0,900.0,51,0,1,0,2,0,3,,,1777,1777,1980,1980
with_repeater,sparse,1,moon,750.0,900.0,51,5,5,7,7,20,20,5.127252,6.685631,1777,1777,1980,1980
with_repeater,sparse,2,leo,750.0,900.0,51,0,1,0,2,0,3,,,1777,1777,1980,1980
with_repeater,sparse,3,earth,750.0,900.0,51,5,5,8,8,21,21,0.184359,62.608478,1777,1777,1980,1980
blackout_only,sparse,0,mars,750.0,900.0,52,0,1,0,2,0,3,,,1777,1777,1980,1980
blackout_only,sparse,1,moon,750.0,900.0,52,5,5,7,7,20,20,5.129371,6.690038,1777,1777,1980,1980
blackout_only,sparse,2,leo,750.0,900.0,52,0,1,0,2,0,3,,,1777,1777,1980,1980
blackout_only,sparse,3,earth,750.0,900.0,52,5,5,8,8,21,21,0.181647,62.548999,1777,1777,1980,1980
with_repeater,sparse,0,mars,750.0,900.0,52,0,1,0,2,0,3,,,1777,1777,1980,1980
with_repeater,sparse,1,moon,750.0,900.0,52,5,5,7,7,20,20,5.128649,6.658750,1777,1777,1980,1980
with_repeater,sparse,2,leo,750.0,900.0,52,0,1,0,2,0,3,,,1777,1777,1980,1980
with_repeater,sparse,3,earth,750.0,900.0,52,5,5,8,8,21,21,0.182694,62.579159,1777,1777,1980,1980
blackout_only,sparse,0,mars,750.0,900.0,53,0,1,0,2,0,3,,,1777,1777,1980,1980
blackout_only,sparse,1,moon,750.0,900.0,53,5,5,7,7,20,20,5.130903,6.687044,1777,1777,1980,1980
blackout_only,sparse,2,leo,750.0,900.0,53,0,1,0,2,0,3,,,1777,1777,1980,1980
blackout_only,sparse,3,earth,750.0,900.0,53,5,5,8,8,21,21,0.181042,62.486991,1777,1777,1980,1980
with_repeater,sparse,0,mars,750.0,900.0,53,0,1,0,2,0,3,,,1778,1778,1980,1980
with_repeater,sparse,1,moon,750.0,900.0,53,5,5,7,7,20,20,5.132618,6.704627,1778,1778,1980,1980
with_repeater,sparse,2,leo,750.0,900.0,53,0,1,0,2,0,3,,,1778,1778,1980,1980
with_repeater,sparse,3,earth,750.0,900.0,53,5,5,8,8,21,21,0.182030,62.543726,1778,1778,1980,1980
blackout_only,sparse,0,mars,750.0,900.0,54,0,1,0,2,0,3,,,1778,1778,1980,1980
blackout_only,sparse,1,moon,750.0,900.0,54,5,5,7,7,20,20,5.131865,6.687208,1778,1778,1980,1980
blackout_only,sparse,2,leo,750.0,900.0,54,0,1,0,2,0,3,,,1778,1778,1980,1980
blackout_only,sparse,3,earth,750.0,900.0,54,5,5,8,8,21,21,0.182612,62.575745,1778,1778,1980,1980
with_repeater,sparse,0,mars,750.0,900.0,54,0,1,0,2,0,3,,,1777,1777,1980,1980
with_repeater,sparse,1,moon,750.0,900.0,54,5,5,7,7,20,20,5.131571,6.710128,1777,1777,1980,1980
with_repeater,sparse,2,leo,750.0,900.0,54,0,1,0,2,0,3,,,1777,1777,1980,1980
with_repeater,sparse,3,earth,750.0,900.0,54,5,5,8,8,21,21,0.182087,62.551375,1777,1777,1980,1980
blackout_only,sparse,0,mars,750.0,900.0,55,0,1,0,2,0,3,,,1777,1777,1980,1980
blackout_only,sparse,1,moon,750.0,900.0,55,5,5,7,7,20,20,5.130900,6.691877,1777,1777,1980,1980
blackout_only,sparse,2,leo,750.0,900.0,55,0,1,0,2,0,3,,,1777,1777,1980,1980
blackout_only,sparse,3,earth,750.0,900.0,55,5,5,8,8,21,21,0.182588,62.580116,1777,1777,1980,1980
with_repeater,sparse,0,mars,750.0,900.0,55,0,1,0,2,0,3,,,1777,1777,1980,1980
with_repeater,sparse,1,moon,750.0,900.0,55,5,5,7,7,20,20,5.131065,6.677793,1777,1777,1980,1980
with_repeater,sparse,2,leo,750.0,900.0,55,0,1,0,2,0,3,,,1777,1777,1980,1980
with_repeater,sparse,3,earth,750.0,900.0,55,5,5,8,8,21,21,0.182861,62.557850,1777,1777,1980,1980
blackout_only,sparse,0,mars,750.0,900.0,56,0,1,0,2,0,3,,,1777,1777,1980,1980
blackout_only,sparse,1,moon,750.0,900.0,56,5,5,7,7,20,20,5.130493,6.667651,1777,1777,1980,1980
blackout_only,sparse,2,leo,750.0,900.0,56,0,1,0,2,0,3,,,1777,1777,1980,1980
blackout_only,sparse,3,earth,750.0,900.0,56,5,5,8,8,21,21,0.184661,62.576922,1777,1777,1980,1980
with_repeater,sparse,0,mars,750.0,900.0,56,0,1,0,2,0,3,,,1777,1777,1980,1980
with_repeater,sparse,1,moon,750.0,900.0,56,5,5,7,7,20,20,5.130179,6.696774,1777,1777,1980,1980
with_repeater,sparse,2,leo,750.0,900.0,56,0,1,0,2,0,3,,,1777,1777,1980,1980
with_repeater,sparse,3,earth,750.0,900.0,56,5,5,8,8,21,21,0.181187,62.552069,1777,1777,1980,1980
blackout_only,sparse,0,mars,750.0,900.0,57,0,1,0,2,0,3,,,1777,1777,1980,1980
blackout_only,sparse,1,moon,750.0,900.0,57,5,5,7,7,20,20,5.130376,6.736951,1777,1777,1980,1980
blackout_only,sparse,2,leo,750.0,900.0,57,0,1,0,2,0,3,,,1777,1777,1980,1980
blackout_only,sparse,3,earth,750.0,900.0,57,5,5,8,8,21,21,0.182511,62.559845,1777,1777,1980,1980
with_repeater,sparse,0,mars,750.0,900.0,57,0,1,0,2,0,3,,,1777,1777,1980,1980
with_repeater,sparse,1,moon,750.0,900.0,57,5,5,7,7,20,20,5.131157,6.723197,1777,1777,1980,1980
with_repeater,sparse,2,leo,750.0,900.0,57,0,1,0,2,0,3,,,1777,1777,1980,1980
with_repeater,sparse,3,earth,750.0,900.0,57,5,5,8,8,21,21,0.180658,62.555861,1777,1777,1980,1980
blackout_only,sparse,0,mars,750.0,900.0,58,0,1,0,2,0,3,,,1777,1777,1980,1980
blackout_only,sparse,1,moon,750.0,900.0,58,5,5,7,7,20,20,5.131738,6.710999,1777,1777,1980,1980
blackout_only,sparse,2,leo,750.0,900.0,58,0,1,0,2,0,3,,,1777,1777,1980,1980
blackout_only,sparse,3,earth,750.0,900.0,58,5,5,8,8,21,21,0.182134,62.600886,1777,1777,1980,1980
with_repeater,sparse,0,mars,750.0,900.0,58,0,1,0,2,0,3,,,1777,1777,1980,1980
with_repeater,sparse,1,moon,750.0,900.0,58,5,5,7,7,20,20,5.130791,6.689764,1777,1777,1980,1980
with_repeater,sparse,2,leo,750.0,900.0,58,0,1,0,2,0,3,,,1777,1777,1980,1980
with_repeater,sparse,3,earth,750.0,900.0,58,5,5,8,8,21,21,0.184782,62.598275,1777,1777,1980,1980
blackout_only,sparse,0,mars,750.0,900.0,59,0,1,0,2,0,3,,,1777,1777,1980,1980
blackout_only,sparse,1,moon,750.0,900.0,59,5,5,7,7,20,20,5.130316,6.691216,1777,1777,1980,1980
blackout_only,sparse,2,leo,750.0,900.0,59,0,1,0,2,0,3,,,1777,1777,1980,1980
blackout_only,sparse,3,earth,750.0,900.0,59,5,5,8,8,21,21,0.182335,62.573469,1777,1777,1980,1980
with_repeater,sparse,0,mars,750.0,900.0,59,0,1,0,2,0,3,,,1777,1777,1980,1980
with_repeater,sparse,1,moon,750.0,900.0,59,5,5,7,7,20,20,5.135081,6.712179,1777,1777,1980,1980
with_repeater,sparse,2,leo,750.0,900.0,59,0,1,0,2,0,3,,,1777,1777,1980,1980
with_repeater,sparse,3,earth,750.0,900.0,59,5,5,8,8,21,21,0.182354,62.575120,1777,1777,1980,1980
blackout_only,sparse,0,mars,750.0,900.0,60,0,1,0,2,0,3,,,1777,1777,1980,1980
blackout_only,sparse,1,moon,750.0,900.0,60,5,5,7,7,20,20,5.133506,6.756237,1777,1777,1980,1980
blackout_only,sparse,2,leo,750.0,900.0,60,0,1,0,2,0,3,,,1777,1777,1980,1980
blackout_only,sparse,3,earth,750.0,900.0,60,5,5,8,8,21,21,0.185793,62.571070,1777,1777,1980,1980
with_repeater,sparse,0,mars,750.0,900.0,60,0,1,0,2,0,3,,,1777,1777,1980,1980
with_repeater,sparse,1,moon,750.0,900.0,60,5,5,7,7,20,20,5.131912,6.714129,1777,1777,1980,1980
with_repeater,sparse,2,leo,750.0,900.0,60,0,1,0,2,0,3,,,1777,1777,1980,1980
with_repeater,sparse,3,earth,750.0,900.0,60,5,5,8,8,21,21,0.183609,62.585121,1777,1777,1980,1980
blackout_only,sparse,0,mars,750.0,900.0,61,0,1,0,2,0,3,,,1777,1777,1980,1980
blackout_only,sparse,1,moon,750.0,900.0,61,5,5,7,7,20,20,5.132172,6.700815,1777,1777,1980,1980
blackout_only,sparse,2,leo,750.0,900.0,61,0,1,0,2,0,3,,,1777,1777,1980,1980
blackout_only,sparse,3,earth,750.0,900.0,61,5,5,8,8,21,21,0.182276,62.554295,1777,1777,1980,1980
with_repeater,sparse,0,mars,750.0,900.0,61,0,1,0,2,0,3,,,1777,1777,1980,1980
with_repeater,sparse,1,moon,750.0,900.0,61,5,5,7,7,20,20,5.129974,6.688044,1777,1777,1980,1980
with_repeater,sparse,2,leo,750.0,900.0,61,0,1,0,2,0,3,,,1777,1777,1980,1980
with_repeater,sparse,3,earth,750.0,900.0,61,5,5,8,8,21,21,0.185036,62.578677,1777,1777,1980,1980
blackout_only,sparse,0,mars,750.0,900.0,62,0,1,0,2,0,3,,,1777,1777,1980,1980
blackout_only,sparse,1,moon,750.0,900.0,62,5,5,7,7,20,20,5.130118,6.702154,1777,1777,1980,1980
blackout_only,sparse,2,leo,750.0,900.0,62,0,1,0,2,0,3,,,1777,1777,1980,1980
blackout_only,sparse,3,earth,750.0,900.0,62,5,5,8,8,21,21,0.181190,62.540271,1777,1777,1980,1980
with_repeater,sparse,0,mars,750.0,900.0,62,0,1,0,2,0,3,,,1777,1777,1980,1980
with_repeater,sparse,1,moon,750.0,900.0,62,5,5,7,7,20,20,5.134629,6.714347,1777,1777,1980,1980
with_repeater,sparse,2,leo,750.0,900.0,62,0,1,0,2,0,3,,,1777,1777,1980,1980
with_repeater,sparse,3,earth,750.0,900.0,62,5,5,8,8,21,21,0.181725,62.560588,1777,1777,1980,1980
blackout_only,sparse,0,mars,750.0,900.0,63,0,1,0,2,0,3,,,1777,1777,1980,1980
blackout_only,sparse,1,moon,750.0,900.0,63,5,5,7,7,20,20,5.129997,6.674739,1777,1777,1980,1980
blackout_only,sparse,2,leo,750.0,900.0,63,0,1,0,2,0,3,,,1777,1777,1980,1980
blackout_only,sparse,3,earth,750.0,900.0,63,5,5,8,8,21,21,0.180668,62.484217,1777,1777,1980,1980
with_repeater,sparse,0,mars,750.0,900.0,63,0,1,0,2,0,3,,,1778,1778,1980,1980
with_repeater,sparse,1,moon,750.0,900.0,63,5,5,7,7,20,20,5.130302,6.674199,1778,1778,1980,1980
with_repeater,sparse,2,leo,750.0,900.0,63,0,1,0,2,0,3,,,1778,1778,1980,1980
with_repeater,sparse,3,earth,750.0,900.0,63,5,5,8,8,21,21,0.182482,62.564457,1778,1778,1980,1980
blackout_only,sparse,0,mars,750.0,900.0,64,0,1,0,2,0,3,,,1777,1777,1980,1980
blackout_only,sparse,1,moon,750.0,900.0,64,5,5,7,7,20,20,5.133447,6.716800,1777,1777,1980,1980
blackout_only,sparse,2,leo,750.0,900.0,64,0,1,0,2,0,3,,,1777,1777,1980,1980
blackout_only,sparse,3,earth,750.0,900.0,64,5,5,8,8,21,21,0.185965,62.635709,1777,1777,1980,1980
with_repeater,sparse,0,mars,750.0,900.0,64,0,1,0,2,0,3,,,1777,1777,1980,1980
with_repeater,sparse,1,moon,750.0,900.0,64,5,5,7,7,20,20,5.128797,6.704233,1777,1777,1980,1980
with_repeater,sparse,2,leo,750.0,900.0,64,0,1,0,2,0,3,,,1777,1777,1980,1980
with_repeater,sparse,3,earth,750.0,900.0,64,5,5,8,8,21,21,0.184955,62.575299,1777,1777,1980,1980
blackout_only,sparse,0,mars,750.0,900.0,65,0,1,0,2,0,3,,,1777,1777,1980,1980
blackout_only,sparse,1,moon,750.0,900.0,65,5,5,7,7,20,20,5.132369,6.748133,1777,1777,1980,1980
blackout_only,sparse,2,leo,750.0,900.0,65,0,1,0,2,0,3,,,1777,1777,1980,1980
blackout_only,sparse,3,earth,750.0,900.0,65,5,5,8,8,21,21,0.184877,62.581621,1777,1777,1980,1980
with_repeater,sparse,0,mars,750.0,900.0,65,0,1,0,2,0,3,,,1778,1778,1980,1980
with_repeater,sparse,1,moon,750.0,900.0,65,5,5,7,7,20,20,5.133109,6.748431,1778,1778,1980,1980
with_repeater,sparse,2,leo,750.0,900.0,65,0,1,0,2,0,3,,,1778,1778,1980,1980
with_repeater,sparse,3,earth,750.0,900.0,65,5,5,8,8,21,21,0.182590,62.558286,1778,1778,1980,1980
blackout_only,sparse,0,mars,750.0,900.0,66,0,1,0,2,0,3,,,1777,1777,1980,1980
blackout_only,sparse,1,moon,750.0,900.0,66,5,5,7,7,20,20,5.129716,6.700499,1777,1777,1980,1980
blackout_only,sparse,2,leo,750.0,900.0,66,0,1,0,2,0,3,,,1777,1777,1980,1980
blackout_only,sparse,3,earth,750.0,900.0,66,5,5,8,8,21,21,0.183752,62.577577,1777,1777,1980,1980
with_repeater,sparse,0,mars,750.0,900.0,66,0,1,0,2,0,3,,,1777,1777,1980,1980
with_repeater,sparse,1,moon,750.0,900.0,66,5,5,7,7,20,20,5.131203,6.643564,1777,1777,1980,1980
with_repeater,sparse,2,leo,750.0,900.0,66,0,1,0,2,0,3,,,1777,1777,1980,1980
with_repeater,sparse,3,earth,750.0,900.0,66,5,5,8,8,21,21,0.184911,62.560208,1777,1777,1980,1980
blackout_only,sparse,0,mars,750.0,900.0,67,0,1,0,2,0,3,,,1777,1777,1980,1980
blackout_only,sparse,1,moon,750.0,900.0,67,5,5,7,7,20,20,5.130083,6.692398,1777,1777,1980,1980
blackout_only,sparse,2,leo,750.0,900.0,67,0,1,0,2,0,3,,,1777,1777,1980,1980
blackout_only,sparse,3,earth,750.0,900.0,67,5,5,8,8,21,21,0.182853,62.520402,1777,1777,1980,1980
with_repeater,sparse,0,mars,750.0,900.0,67,0,1,0,2,0,3,,,1777,1777,1980,1980
with_repeater,sparse,1,moon,750.0,900.0,67,5,5,7,7,20,20,5.130343,6.680666,1777,1777,1980,1980
with_repeater,sparse,2,leo,750.0,900.0,67,0,1,0,2,0,3,,,1777,1777,1980,1980
with_repeater,sparse,3,earth,750.0,900.0,67,5,5,8,8,21,21,0.180762,62.538773,1777,1777,1980,1980
blackout_only,sparse,0,mars,750.0,900.0,68,0,1,0,2,0,3,,,1777,1777,1980,1980
blackout_only,sparse,1,moon,750.0,900.0,68,5,5,7,7,20,20,5.129689,6.690241,1777,1777,1980,1980
blackout_only,sparse,2,leo,750.0,900.0,68,0,1,0,2,0,3,,,1777,1777,1980,1980
blackout_only,sparse,3,earth,750.0,900.0,68,5,5,8,8,21,21,0.181941,62.575711,1777,1777,1980,1980
with_repeater,sparse,0,mars,750.0,900.0,68,0,1,0,2,0,3,,,1778,1778,1980,1980
with_repeater,sparse,1,moon,750.0,900.0,68,5,5,7,7,20,20,5.130501,6.740518,1778,1778,1980,1980
with_repeater,sparse,2,leo,750.0,900.0,68,0,1,0,2,0,3,,,1778,1778,1980,1980
with_repeater,sparse,3,earth,750.0,900.0,68,5,5,8,8,21,21,0.181887,62.532270,1778,1778,1980,1980
blackout_only,sparse,0,mars,750.0,900.0,69,0,1,0,2,0,3,,,1777,1777,1980,1980
blackout_only,sparse,1,moon,750.0,900.0,69,5,5,7,7,20,20,5.128828,6.695195,1777,1777,1980,1980
blackout_only,sparse,2,leo,750.0,900.0,69,0,1,0,2,0,3,,,1777,1777,1980,1980
blackout_only,sparse,3,earth,750.0,900.0,69,5,5,8,8,21,21,0.183412,62.521666,1777,1777,1980,1980
with_repeater,sparse,0,mars,750.0,900.0,69,0,1,0,2,0,3,,,1777,1777,1980,1980
with_repeater,sparse,1,moon,750.0,900.0,69,5,5,7,7,20,20,5.130244,6.679715,1777,1777,1980,1980
with_repeater,sparse,2,leo,750.0,900.0,69,0,1,0,2,0,3,,,1777,1777,1980,1980
with_repeater,sparse,3,earth,750.0,900.0,69,5,5,8,8,21,21,0.182887,62.559886,1777,1777,1980,1980
blackout_only,sparse,0,mars,750.0,900.0,70,0,1,0,2,0,3,,,1777,1777,1980,1980
blackout_only,sparse,1,moon,750.0,900.0,70,5,5,7,7,20,20,5.130694,6.684430,1777,1777,1980,1980
blackout_only,sparse,2,leo,750.0,900.0,70,0,1,0,2,0,3,,,1777,1777,1980,1980
blackout_only,sparse,3,earth,750.0,900.0,70,5,5,8,8,21,21,0.183965,62.583054,1777,1777,1980,1980
with_repeater,sparse,0,mars,750.0,900.0,70,0,1,0,2,0,3,,,1778,1778,1980,1980
with_repeater,sparse,1,moon,750.0,900.0,70,5,5,7,7,20,20,5.130296,6.726589,1778,1778,1980,1980
with_repeater,sparse,2,leo,750.0,900.0,70,0,1,0,2,0,3,,,1778,1778,1980,1980
with_repeater,sparse,3,earth,750.0,900.0,70,5,5,8,8,21,21,0.186506,62.623321,1778,1778,1980,1980
blackout_only,sparse,0,mars,750.0,900.0,71,0,1,0,2,0,3,,,1777,1777,1980,1980
blackout_only,sparse,1,moon,750.0,900.0,71,5,5,7,7,20,20,5.132101,6.705549,1777,1777,1980,1980
blackout_only,sparse,2,leo,750.0,900.0,71,0,1,0,2,0,3,,,1777,1777,1980,1980
blackout_only,sparse,3,earth,750.0,900.0,71,5,5,8,8,21,21,0.182654,62.533389,1777,1777,1980,1980
with_repeater,sparse,0,mars,750.0,900.0,71,0,1,0,2,0,3,,,1777,1777,1980,1980
with_repeater,sparse,1,moon,750.0,900.0,71,5,5,7,7,20,20,5.130889,6.690270,1777,1777,1980,1980
with_repeater,sparse,2,leo,750.0,900.0,71,0,1,0,2,0,3,,,1777,1777,1980,1980
with_repeater,sparse,3,earth,750.0,900.0,71,5,5,8,8,21,21,0.183323,62.515116,1777,1777,1980,1980
blackout_only,sparse,0,mars,750.0,900.0,72,0,1,0,2,0,3,,,1777,1777,1980,1980
blackout_only,sparse,1,moon,750.0,900.0,72,5,5,7,7,20,20,5.130014,6.659116,1777,1777,1980,1980
blackout_only,sparse,2,leo,750.0,900.0,72,0,1,0,2,0,3,,,1777,1777,1980,1980
blackout_only,sparse,3,earth,750.0,900.0,72,5,5,8,8,21,21,0.184374,62.568815,1777,1777,1980,1980
with_repeater,sparse,0,mars,750.0,900.0,72,0,1,0,2,0,3,,,1777,1777,1980,1980
with_repeater,sparse,1,moon,750.0,900.0,72,5,5,7,7,20,20,5.130864,6.696115,1777,1777,1980,1980
with_repeater,sparse,2,leo,750.0,900.0,72,0,1,0,2,0,3,,,1777,1777,1980,1980
with_repeater,sparse,3,earth,750.0,900.0,72,5,5,8,8,21,21,0.184312,62.589925,1777,1777,1980,1980
blackout_only,sparse,0,mars,750.0,900.0,73,0,1,0,2,0,3,,,1777,1777,1980,1980
blackout_only,sparse,1,moon,750.0,900.0,73,5,5,7,7,20,20,5.129871,6.672863,1777,1777,1980,1980
blackout_only,sparse,2,leo,750.0,900.0,73,0,1,0,2,0,3,,,1777,1777,1980,1980
blackout_only,sparse,3,earth,750.0,900.0,73,5,5,8,8,21,21,0.182630,62.516433,1777,1777,1980,1980
with_repeater,sparse,0,mars,750.0,900.0,73,0,1,0,2,0,3,,,1777,1777,1980,1980
with_repeater,sparse,1,moon,750.0,900.0,73,5,5,7,7,20,20,5.129969,6.712124,1777,1777,1980,1980
with_repeater,sparse,2,leo,750.0,900.0,73,0,1,0,2,0,3,,,1777,1777,1980,1980
with_repeater,sparse,3,earth,750.0,900.0,73,5,5,8,8,21,21,0.183711,62.519032,1777,1777,1980,1980
blackout_only,sparse,0,mars,750.0,900.0,74,0,1,0,2,0,3,,,1777,1777,1980,1980
blackout_only,sparse,1,moon,750.0,900.0,74,5,5,7,7,20,20,5.130473,6.723138,1777,1777,1980,1980
blackout_only,sparse,2,leo,750.0,900.0,74,0,1,0,2,0,3,,,1777,1777,1980,1980
blackout_only,sparse,3,earth,750.0,900.0,74,5,5,8,8,21,21,0.182289,62.552607,1777,1777,1980,1980
with_repeater,sparse,0,mars,750.0,900.0,74,0,1,0,2,0,3,,,1777,1777,1980,1980
with_repeater,sparse,1,moon,750.0,900.0,74,5,5,7,7,20,20,5.129929,6.720295,1777,1777,1980,1980
with_repeater,sparse,2,leo,750.0,900.0,74,0,1,0,2,0,3,,,1777,1777,1980,1980
with_repeater,sparse,3,earth,750.0,900.0,74,5,5,8,8,21,21,0.182174,62.499072,1777,1777,1980,1980
blackout_only,sparse,0,mars,750.0,900.0,75,0,1,0,2,0,3,,,1778,1778,1980,1980
blackout_only,sparse,1,moon,750.0,900.0,75,5,5,7,7,20,20,5.132233,6.659381,1778,1778,1980,1980
blackout_only,sparse,2,leo,750.0,900.0,75,0,1,0,2,0,3,,,1778,1778,1980,1980
blackout_only,sparse,3,earth,750.0,900.0,75,5,5,8,8,21,21,0.179854,62.548840,1778,1778,1980,1980
with_repeater,sparse,0,mars,750.0,900.0,75,0,1,0,2,0,3,,,1778,1778,1980,1980
with_repeater,sparse,1,moon,750.0,900.0,75,5,5,7,7,20,20,5.132522,6.742274,1778,1778,1980,1980
with_repeater,sparse,2,leo,750.0,900.0,75,0,1,0,2,0,3,,,1778,1778,1980,1980
with_repeater,sparse,3,earth,750.0,900.0,75,5,5,8,8,21,21,0.181836,62.543363,1778,1778,1980,1980
blackout_only,sparse,0,mars,750.0,900.0,76,0,1,0,2,0,3,,,1777,1777,1980,1980
blackout_only,sparse,1,moon,750.0,900.0,76,5,5,7,7,20,20,5.132654,6.764679,1777,1777,1980,1980
blackout_only,sparse,2,leo,750.0,900.0,76,0,1,0,2,0,3,,,1777,1777,1980,1980
blackout_only,sparse,3,earth,750.0,900.0,76,5,5,8,8,21,21,0.182321,62.581409,1777,1777,1980,1980
with_repeater,sparse,0,mars,750.0,900.0,76,0,1,0,2,0,3,,,1778,1778,1980,1980
with_repeater,sparse,1,moon,750.0,900.0,76,5,5,7,7,20,20,5.131074,6.726756,1778,1778,1980,1980
with_repeater,sparse,2,leo,750.0,900.0,76,0,1,0,2,0,3,,,1778,1778,1980,1980
with_repeater,sparse,3,earth,750.0,900.0,76,5,5,8,8,21,21,0.182101,62.566934,1778,1778,1980,1980
blackout_only,sparse,0,mars,750.0,900.0,77,0,1,0,2,0,3,,,1777,1777,1980,1980
blackout_only,sparse,1,moon,750.0,900.0,77,5,5,7,7,20,20,5.126413,6.629302,1777,1777,1980,1980
blackout_only,sparse,2,leo,750.0,900.0,77,0,1,0,2,0,3,,,1777,1777,1980,1980
blackout_only,sparse,3,earth,750.0,900.0,77,5,5,8,8,21,21,0.182958,62.539101,1777,1777,1980,1980
with_repeater,sparse,0,mars,750.0,900.0,77,0,1,0,2,0,3,,,1777,1777,1980,1980
with_repeater,sparse,1,moon,750.0,900.0,77,5,5,7,7,20,20,5.130496,6.684439,1777,1777,1980,1980
with_repeater,sparse,2,leo,750.0,900.0,77,0,1,0,2,0,3,,,1777,1777,1980,1980
with_repeater,sparse,3,earth,750.0,900.0,77,5,5,8,8,21,21,0.182879,62.539789,1777,1777,1980,1980
blackout_only,sparse,0,mars,750.0,900.0,78,0,1,0,2,0,3,,,1777,1777,1980,1980
blackout_only,sparse,1,moon,750.0,900.0,78,5,5,7,7,20,20,5.133195,6.758539,1777,1777,1980,1980
blackout_only,sparse,2,leo,750.0,900.0,78,0,1,0,2,0,3,,,1777,1777,1980,1980
blackout_only,sparse,3,earth,750.0,900.0,78,5,5,8,8,21,21,0.182502,62.523192,1777,1777,1980,1980
with_repeater,sparse,0,mars,750.0,900.0,78,0,1,0,2,0,3,,,1777,1777,1980,1980
with_repeater,sparse,1,moon,750.0,900.0,78,5,5,7,7,20,20,5.130321,6.705969,1777,1777,1980,1980
with_repeater,sparse,2,leo,750.0,900.0,78,0,1,0,2,0,3,,,1777,1777,1980,1980
with_repeater,sparse,3,earth,750.0,900.0,78,5,5,8,8,21,21,0.181481,62.556399,1777,1777,1980,1980
blackout_only,sparse,0,mars,750.0,900.0,79,0,1,0,2,0,3,,,1777,1777,1980,1980
blackout_only,sparse,1,moon,750.0,900.0,79,5,5,7,7,20,20,5.132896,6.719546,1777,1777,1980,1980
blackout_only,sparse,2,leo,750.0,900.0,79,0,1,0,2,0,3,,,1777,1777,1980,1980
blackout_only,sparse,3,earth,750.0,900.0,79,5,5,8,8,21,21,0.183395,62.597348,1777,1777,1980,1980
with_repeater,sparse,0,mars,750.0,900.0,79,0,1,0,2,0,3,,,1777,1777,1980,1980
with_repeater,sparse,1,moon,750.0,900.0,79,5,5,7,7,20,20,5.131132,6.683155,1777,1777,1980,1980
with_repeater,sparse,2,leo,750.0,900.0,79,0,1,0,2,0,3,,,1777,1777,1980,1980
with_repeater,sparse,3,earth,750.0,900.0,79,5,5,8,8,21,21,0.183751,62.576776,1777,1777,1980,1980
blackout_only,sparse,0,mars,750.0,900.0,80,0,1,0,2,0,3,,,1777,1777,1980,1980
blackout_only,sparse,1,moon,750.0,900.0,80,5,5,7,7,20,20,5.130063,6.738038,1777,1777,1980,1980
blackout_only,sparse,2,leo,750.0,900.0,80,0,1,0,2,0,3,,,1777,1777,1980,1980
blackout_only,sparse,3,earth,750.0,900.0,80,5,5,8,8,21,21,0.185167,62.568108,1777,1777,1980,1980
with_repeater,sparse,0,mars,750.0,900.0,80,0,1,0,2,0,3,,,1777,1777,1980,1980
with_repeater,sparse,1,moon,750.0,900.0,80,5,5,7,7,20,20,5.131415,6.727532,1777,1777,1980,1980
with_repeater,sparse,2,leo,750.0,900.0,80,0,1,0,2,0,3,,,1777,1777,1980,1980
with_repeater,sparse,3,earth,750.0,900.0,80,5,5,8,8,21,21,0.182575,62.546295,1777,1777,1980,1980
blackout_only,sparse,0,mars,750.0,900.0,81,0,1,0,2,0,3,,,1778,1778,1980,1980
blackout_only,sparse,1,moon,750.0,900.0,81,5,5,7,7,20,20,5.130269,6.684284,1778,1778,1980,1980
blackout_only,sparse,2,leo,750.0,900.0,81,0,1,0,2,0,3,,,1778,1778,1980,1980
blackout_only,sparse,3,earth,750.0,900.0,81,5,5,8,8,21,21,0.180266,62.530637,1778,1778,1980,1980
with_repeater,sparse,0,mars,750.0,900.0,81,0,1,0,2,0,3,,,1778,1778,1980,1980
with_repeater,sparse,1,moon,750.0,900.0,81,5,5,7,7,20,20,5.132235,6.683527,1778,1778,1980,1980
with_repeater,sparse,2,leo,750.0,900.0,81,0,1,0,2,0,3,,,1778,1778,1980,1980
with_repeater,sparse,3,earth,750.0,900.0,81,5,5,8,8,21,21,0.183293,62.565998,1778,1778,1980,1980
blackout_only,sparse,0,mars,750.0,900.0,82,0,1,0,2,0,3,,,1777,1777,1980,1980
blackout_only,sparse,1,moon,750.0,900.0,82,5,5,7,7,20,20,5.131459,6.697839,1777,1777,1980,1980
blackout_only,sparse,2,leo,750.0,900.0,82,0,1,0,2,0,3,,,1777,1777,1980,1980
blackout_only,sparse,3,earth,750.0,900.0,82,5,5,8,8,21,21,0.183568,62.573987,1777,1777,1980,1980
with_repeater,sparse,0,mars,750.0,900.0,82,0,1,0,2,0,3,,,1777,1777,1980,1980
with_repeater,sparse,1,moon,750.0,900.0,82,5,5,7,7,20,20,5.132085,6.748842,1777,1777,1980,1980
with_repeater,sparse,2,leo,750.0,900.0,82,0,1,0,2,0,3,,,1777,1777,1980,1980
with_repeater,sparse,3,earth,750.0,900.0,82,5,5,8,8,21,21,0.183959,62.535939,1777,1777,1980,1980
blackout_only,sparse,0,mars,750.0,900.0,83,0,1,0,2,0,3,,,1777,1777,1980,1980
blackout_only,sparse,1,moon,750.0,900.0,83,5,5,7,7,20,20,5.130902,6.686760,1777,1777,1980,1980
blackout_only,sparse,2,leo,750.0,900.0,83,0,1,0,2,0,3,,,1777,1777,1980,1980
blackout_only,sparse,3,earth,750.0,900.0,83,5,5,8,8,21,21,0.183193,62.583388,1777,1777,1980,1980
with_repeater,sparse,0,mars,750.0,900.0,83,0,1,0,2,0,3,,,1777,1777,1980,1980
with_repeater,sparse,1,moon,750.0,900.0,83,5,5,7,7,20,20,5.129588,6.654312,1777,1777,1980,1980
with_repeater,sparse,2,leo,750.0,900.0,83,0,1,0,2,0,3,,,1777,1777,1980,1980
with_repeater,sparse,3,earth,750.0,900.0,83,5,5,8,8,21,21,0.180911,62.524525,1777,1777,1980,1980
blackout_only,sparse,0,mars,750.0,900.0,84,0,1,0,2,0,3,,,1777,1777,1980,1980
blackout_only,sparse,1,moon,750.0,900.0,84,5,5,7,7,20,20,5.133571,6.765713,1777,1777,1980,1980
blackout_only,sparse,2,leo,750.0,900.0,84,0,1,0,2,0,3,,,1777,1777,1980,1980
blackout_only,sparse,3,earth,750.0,900.0,84,5,5,8,8,21,21,0.183521,62.560050,1777,1777,1980,1980
with_repeater,sparse,0,mars,750.0,900.0,84,0,1,0,2,0,3,,,1777,1777,1980,1980
with_repeater,sparse,1,moon,750.0,900.0,84,5,5,7,7,20,20,5.132950,6.746170,1777,1777,1980,1980
with_repeater,sparse,2,leo,750.0,900.0,84,0,1,0,2,0,3,,,1777,1777,1980,1980
with_repeater,sparse,3,earth,750.0,900.0,84,5,5,8,8,21,21,0.181454,62.517885,1777,1777,1980,1980
blackout_only,sparse,0,mars,750.0,900.0,85,0,1,0,2,0,3,,,1777,1777,1980,1980
blackout_only,sparse,1,moon,750.0,900.0,85,5,5,7,7,20,20,5.131360,6.704375,1777,1777,1980,1980
blackout_only,sparse,2,leo,750.0,900.0,85,0,1,0,2,0,3,,,1777,1777,1980,1980
blackout_only,sparse,3,earth,750.0,900.0,85,5,5,8,8,21,21,0.183465,62.593823,1777,1777,1980,1980
with_repeater,sparse,0,mars,750.0,900.0,85,0,1,0,2,0,3,,,1777,1777,1980,1980
with_repeater,sparse,1,moon,750.0,900.0,85,5,5,7,7,20,20,5.131400,6.713987,1777,1777,1980,1980
with_repeater,sparse,2,leo,750.0,900.0,85,0,1,0,2,0,3,,,1777,1777,1980,1980
with_repeater,sparse,3,earth,750.0,900.0,85,5,5,8,8,21,21,0.183310,62.534561,1777,1777,1980,1980
blackout_only,sparse,0,mars,750.0,900.0,86,0,1,0,2,0,3,,,1777,1777,1980,1980
blackout_only,sparse,1,moon,750.0,900.0,86,5,5,7,7,20,20,5.132357,6.722750,1777,1777,1980,1980
blackout_only,sparse,2,leo,750.0,900.0,86,0,1,0,2,0,3,,,1777,1777,1980,1980
blackout_only,sparse,3,earth,750.0,900.0,86,5,5,8,8,21,21,0.184806,62.647459,1777,1777,1980,1980
with_repeater,sparse,0,mars,750.0,900.0,86,0,1,0,2,0,3,,,1777,1777,1980,1980
with_repeater,sparse,1,moon,750.0,900.0,86,5,5,7,7,20,20,5.130400,6.713590,1777,1777,1980,1980
with_repeater,sparse,2,leo,750.0,900.0,86,0,1,0,2,0,3,,,1777,1777,1980,1980
with_repeater,sparse,3,earth,750.0,900.0,86,5,5,8,8,21,21,0.183252,62.569645,1777,1777,1980,1980
blackout_only,sparse,0,mars,750.0,900.0,87,0,1,0,2,0,3,,,1778,1778,1980,1980
blackout_only,sparse,1,moon,750.0,900.0,87,5,5,7,7,20,20,5.131706,6.734387,1778,1778,1980,1980
blackout_only,sparse,2,leo,750.0,900.0,87,0,1,0,2,0,3,,,1778,1778,1980,1980
blackout_only,sparse,3,earth,750.0,900.0,87,5,5,8,8,21,21,0.183018,62.547399,1778,1778,1980,1980
with_repeater,sparse,0,mars,750.0,900.0,87,0,1,0,2,0,3,,,1777,1777,1980,1980
with_repeater,sparse,1,moon,750.0,900.0,87,5,5,7,7,20,20,5.132819,6.739637,1777,1777,1980,1980
with_repeater,sparse,2,leo,750.0,900.0,87,0,1,0,2,0,3,,,1777,1777,1980,1980
with_repeater,sparse,3,earth,750.0,900.0,87,5,5,8,8,21,21,0.182172,62.541202,1777,1777,1980,1980
blackout_only,sparse,0,mars,750.0,900.0,88,0,1,0,2,0,3,,,1777,1777,1980,1980
blackout_only,sparse,1,moon,750.0,900.0,88,5,5,7,7,20,20,5.129631,6.698306,1777,1777,1980,1980
blackout_only,sparse,2,leo,750.0,900.0,88,0,1,0,2,0,3,,,1777,1777,1980,1980
blackout_only,sparse,3,earth,750.0,900.0,88,5,5,8,8,21,21,0.181361,62.541754,1777,1777,1980,1980
with_repeater,sparse,0,mars,750.0,900.0,88,0,1,0,2,0,3,,,1777,1777,1980,1980
with_repeater,sparse,1,moon,750.0,900.0,88,5,5,7,7,20,20,5.130986,6.715356,1777,1777,1980,1980
with_repeater,sparse,2,leo,750.0,900.0,88,0,1,0,2,0,3,,,1777,1777,1980,1980
with_repeater,sparse,3,earth,750.0,900.0,88,5,5,8,8,21,21,0.185407,62.585305,1777,1777,1980,1980
blackout_only,sparse,0,mars,750.0,900.0,89,0,1,0,2,0,3,,,1777,1777,1980,1980
blackout_only,sparse,1,moon,750.0,900.0,89,5,5,7,7,20,20,5.130554,6.708194,1777,1777,1980,1980
blackout_only,sparse,2,leo,750.0,900.0,89,0,1,0,2,0,3,,,1777,1777,1980,1980
blackout_only,sparse,3,earth,750.0,900.0,89,5,5,8,8,21,21,0.184398,62.580658,1777,1777,1980,1980
with_repeater,sparse,0,mars,750.0,900.0,89,0,1,0,2,0,3,,,1777,1777,1980,1980
with_repeater,sparse,1,moon,750.0,900.0,89,5,5,7,7,20,20,5.131574,6.709185,1777,1777,1980,1980
with_repeater,sparse,2,leo,750.0,900.0,89,0,1,0,2,0,3,,,1777,1777,1980,1980
with_repeater,sparse,3,earth,750.0,900.0,89,5,5,8,8,21,21,0.183298,62.547528,1777,1777,1980,1980
blackout_only,sparse,0,mars,750.0,1800.0,40,0,1,0,3,0,2,,,1777,1777,1980,1980
blackout_only,sparse,1,moon,750.0,1800.0,40,5,5,15,15,12,12,5.134047,107.835273,1777,1777,1980,1980
blackout_only,sparse,2,leo,750.0,1800.0,40,0,1,0,3,0,2,,,1777,1777,1980,1980
blackout_only,sparse,3,earth,750.0,1800.0,40,5,5,15,15,14,14,0.181909,3.824818,1777,1777,1980,1980
with_repeater,sparse,0,mars,750.0,1800.0,40,0,1,0,3,0,2,,,1778,1778,1980,1980
with_repeater,sparse,1,moon,750.0,1800.0,40,5,5,15,15,12,12,5.131782,107.802830,1778,1778,1980,1980
with_repeater,sparse,2,leo,750.0,1800.0,40,0,1,0,3,0,2,,,1778,1778,1980,1980
with_repeater,sparse,3,earth,750.0,1800.0,40,5,5,15,15,14,14,0.184293,3.835560,1778,1778,1980,1980
blackout_only,sparse,0,mars,750.0,1800.0,41,0,1,0,3,0,2,,,1777,1777,1980,1980
blackout_only,sparse,1,moon,750.0,1800.0,41,5,5,15,15,12,12,5.132491,107.770798,1777,1777,1980,1980
blackout_only,sparse,2,leo,750.0,1800.0,41,0,1,0,3,0,2,,,1777,1777,1980,1980
blackout_only,sparse,3,earth,750.0,1800.0,41,5,5,15,15,14,14,0.180875,3.823374,1777,1777,1980,1980
with_repeater,sparse,0,mars,750.0,1800.0,41,0,1,0,3,0,2,,,1777,1777,1980,1980
with_repeater,sparse,1,moon,750.0,1800.0,41,5,5,15,15,12,12,5.132652,107.776505,1777,1777,1980,1980
with_repeater,sparse,2,leo,750.0,1800.0,41,0,1,0,3,0,2,,,1777,1777,1980,1980
with_repeater,sparse,3,earth,750.0,1800.0,41,5,5,15,15,14,14,0.184828,3.920889,1777,1777,1980,1980
blackout_only,sparse,0,mars,750.0,1800.0,42,0,1,0,3,0,2,,,1777,1777,1980,1980
blackout_only,sparse,1,moon,750.0,1800.0,42,5,5,15,15,12,12,5.133354,107.799383,1777,1777,1980,1980
blackout_only,sparse,2,leo,750.0,1800.0,42,0,1,0,3,0,2,,,1777,1777,1980,1980
blackout_only,sparse,3,earth,750.0,1800.0,42,5,5,15,15,14,14,0.182568,3.812644,1777,1777,1980,1980
with_repeater,sparse,0,mars,750.0,1800.0,42,0,1,0,3,0,2,,,1777,1777,1980,1980
with_repeater,sparse,1,moon,750.0,1800.0,42,5,5,15,15,12,12,5.132428,107.769318,1777,1777,1980,1980
with_repeater,sparse,2,leo,750.0,1800.0,42,0,1,0,3,0,2,,,1777,1777,1980,1980
with_repeater,sparse,3,earth,750.0,1800.0,42,5,5,15,15,14,14,0.184589,3.859795,1777,1777,1980,1980
blackout_only,sparse,0,mars,750.0,1800.0,43,0,1,0,3,0,2,,,1777,1777,1980,1980
blackout_only,sparse,1,moon,750.0,1800.0,43,5,5,15,15,12,12,5.132990,107.775622,1777,1777,1980,1980
blackout_only,sparse,2,leo,750.0,1800.0,43,0,1,0,3,0,2,,,1777,1777,1980,1980
blackout_only,sparse,3,earth,750.0,1800.0,43,5,5,15,15,14,14,0.183430,3.828854,1777,1777,1980,1980
with_repeater,sparse,0,mars,750.0,1800.0,43,0,1,0,3,0,2,,,1778,1778,1980,1980
with_repeater,sparse,1,moon,750.0,1800.0,43,5,5,15,15,12,12,5.131055,107.745942,1778,1778,1980,1980
with_repeater,sparse,2,leo,750.0,1800.0,43,0,1,0,3,0,2,,,1778,1778,1980,1980
with_repeater,sparse,3,earth,750.0,1800.0,43,5,5,15,15,14,14,0.180703,3.803790,1778,1778,1980,1980
blackout_only,sparse,0,mars,750.0,1800.0,44,0,1,0,3,0,2,,,1777,1777,1980,1980
blackout_only,sparse,1,moon,750.0,1800.0,44,5,5,15,15,12,12,5.132183,107.763680,1777,1777,1980,1980
blackout_only,sparse,2,leo,750.0,1800.0,44,0,1,0,3,0,2,,,1777,1777,1980,1980
blackout_only,sparse,3,earth,750.0,1800.0,44,5,5,15,15,14,14,0.181815,3.806198,1777,1777,1980,1980
with_repeater,sparse,0,mars,750.0,1800.0,44,0,1,0,3,0,2,,,1777,1777,1980,1980
with_repeater,sparse,1,moon,750.0,1800.0,44,5,5,15,15,12,12,5.133689,107.738580,1777,1777,1980,1980
with_repeater,sparse,2,leo,750.0,1800.0,44,0,1,0,3,0,2,,,1777,1777,1980,1980
with_repeater,sparse,3,earth,750.0,1800.0,44,5,5,15,15,14,14,0.179607,3.754930,1777,1777,1980,1980
blackout_only,sparse,0,mars,750.0,1800.0,45,0,1,0,3,0,2,,,1778,1778,1980,1980
blackout_only,sparse,1,moon,750.0,1800.0,45,5,5,15,15,12,12,5.131909,107.786450,1778,1778,1980,1980
blackout_only,sparse,2,leo,750.0,1800.0,45,0,1,0,3,0,2,,,1778,1778,1980,1980
blackout_only,sparse,3,earth,750.0,1800.0,45,5,5,15,15,14,14,0.182726,3.833123,1778,1778,1980,1980
with_repeater,sparse,0,mars,750.0,1800.0,45,0,1,0,3,0,2,,,1778,1778,1980,1980
with_repeater,sparse,1,moon,750.0,1800.0,45,5,5,15,15,12,12,5.130817,107.743958,1778,1778,1980,1980
with_repeater,sparse,2,leo,750.0,1800.0,45,0,1,0,3,0,2,,,1778,1778,1980,1980
with_repeater,sparse,3,earth,750.0,1800.0,45,5,5,15,15,14,14,0.182697,3.859663,1778,1778,1980,1980
blackout_only,sparse,0,mars,750.0,1800.0,46,0,1,0,3,0,2,,,1777,1777,1980,1980
blackout_only,sparse,1,moon,750.0,1800.0,46,5,5,15,15,12,12,5.129231,107.683656,1777,1777,1980,1980
blackout_only,sparse,2,leo,750.0,1800.0,46,0,1,0,3,0,2,,,1777,1777,1980,1980
blackout_only,sparse,3,earth,750.0,1800.0,46,5,5,15,15,14,14,0.182528,3.842341,1777,1777,1980,1980
with_repeater,sparse,0,mars,750.0,1800.0,46,0,1,0,3,0,2,,,1777,1777,1980,1980
with_repeater,sparse,1,moon,750.0,1800.0,46,5,5,15,15,12,12,5.131106,107.750933,1777,1777,1980,1980
with_repeater,sparse,2,leo,750.0,1800.0,46,0,1,0,3,0,2,,,1777,1777,1980,1980
with_repeater,sparse,3,earth,750.0,1800.0,46,5,5,15,15,14,14,0.180170,3.774337,1777,1777,1980,1980
blackout_only,sparse,0,mars,750.0,1800.0,47,0,1,0,3,0,2,,,1777,1777,1980,1980
blackout_only,sparse,1,moon,750.0,1800.0,47,5,5,15,15,12,12,5.132238,107.741703,1777,1777,1980,1980
blackout_only,sparse,2,leo,750.0,1800.0,47,0,1,0,3,0,2,,,1777,1777,1980,1980
blackout_only,sparse,3,earth,750.0,1800.0,47,5,5,15,15,14,14,0.183780,3.828396,1777,1777,1980,1980
with_repeater,sparse,0,mars,750.0,1800.0,47,0,1,0,3,0,2,,,1777,1777,1980,1980
with_repeater,sparse,1,moon,750.0,1800.0,47,5,5,15,15,12,12,5.131843,107.792389,1777,1777,1980,1980
with_repeater,sparse,2,leo,750.0,1800.0,47,0,1,0,3,0,2,,,1777,1777,1980,1980
with_repeater,sparse,3,earth,750.0,1800.0,47,5,5,15,15,14,14,0.182686,3.835645,1777,1777,1980,1980
blackout_only,sparse,0,mars,750.0,1800.0,48,0,1,0,3,0,2,,,1777,1777,1980,1980
blackout_only,sparse,1,moon,750.0,1800.0,48,5,5,15,15,12,12,5.132264,107.788939,1777,1777,1980,1980
blackout_only,sparse,2,leo,750.0,1800.0,48,0,1,0,3,0,2,,,1777,1777,1980,1980
blackout_only,sparse,3,earth,750.0,1800.0,48,5,5,15,15,14,14,0.182077,3.826221,1777,1777,1980,1980
with_repeater,sparse,0,mars,750.0,1800.0,48,0,1,0,3,0,2,,,1777,1777,1980,1980
with_repeater,sparse,1,moon,750.0,1800.0,48,5,5,15,15,12,12,5.131964,107.784789,1777,1777,1980,1980
with_repeater,sparse,2,leo,750.0,1800.0,48,0,1,0,3,0,2,,,1777,1777,1980,1980
with_repeater,sparse,3,earth,750.0,1800.0,48,5,5,15,15,14,14,0.181467,3.829694,1777,1777,1980,1980
blackout_only,sparse,0,mars,750.0,1800.0,49,0,1,0,3,0,2,,,1777,1777,1980,1980
blackout_only,sparse,1,moon,750.0,1800.0,49,5,5,15,15,12,12,5.131897,107.778667,1777,1777,1980,1980
blackout_only,sparse,2,leo,750.0,1800.0,49,0,1,0,3,0,2,,,1777,1777,1980,1980
blackout_only,sparse,3,earth,750.0,1800.0,49,5,5,15,15,14,14,0.183362,3.812041,1777,1777,1980,1980
with_repeater,sparse,0,mars,750.0,1800.0,49,0,1,0,3,0,2,,,1778,1778,1980,1980
with_repeater,sparse,1,moon,750.0,1800.0,49,5,5,15,15,12,12,5.132862,107.836160,1778,1778,1980,1980
with_repeater,sparse,2,leo,750.0,1800.0,49,0,1,0,3,0,2,,,1778,1778,1980,1980
with_repeater,sparse,3,earth,750.0,1800.0,49,5,5,15,15,14,14,0.184708,3.881463,1778,1778,1980,1980
blackout_only,sparse,0,mars,750.0,1800.0,50,0,1,0,3,0,2,,,1777,1777,1980,1980
blackout_only,sparse,1,moon,750.0,1800.0,50,5,5,15,15,12,12,5.132202,107.779572,1777,1777,1980,1980
blackout_only,sparse,2,leo,750.0,1800.0,50,0,1,0,3,0,2,,,1777,1777,1980,1980
blackout_only,sparse,3,earth,750.0,1800.0,50,5,5,15,15,14,14,0.183221,3.837429,1777,1777,1980,1980
with_repeater,sparse,0,mars,750.0,1800.0,50,0,1,0,3,0,2,,,1777,1777,1980,1980
with_repeater,sparse,1,moon,750.0,1800.0,50,5,5,15,15,12,12,5.129955,107.743370,1777,1777,1980,1980
with_repeater,sparse,2,leo,750.0,1800.0,50,0,1,0,3,0,2,,,1777,1777,1980,1980
with_repeater,sparse,3,earth,750.0,1800.0,50,5,5,15,15,14,14,0.182021,3.801584,1777,1777,1980,1980
blackout_only,sparse,0,mars,750.0,1800.0,51,0,1,0,3,0,2,,,1777,1777,1980,1980
blackout_only,sparse,1,moon,750.0,1800.0,51,5,5,15,15,12,12,5.131452,107.745167,1777,1777,1980,1980
blackout_only,sparse,2,leo,750.0,1800.0,51,0,1,0,3,0,2,,,1777,1777,1980,1980
blackout_only,sparse,3,earth,750.0,1800.0,51,5,5,15,15,14,14,0.182719,3.848474,1777,1777,1980,1980
with_repeater,sparse,0,mars,750.0,1800.0,51,0,1,0,3,0,2,,,1777,1777,1980,1980
with_repeater,sparse,1,moon,750.0,1800.0,51,5,5,15,15,12,12,5.132236,107.731649,1777,1777,1980,1980
with_repeater,sparse,2,leo,750.0,1800.0,51,0,1,0,3,0,2,,,1777,1777,1980,1980
with_repeater,sparse,3,earth,750.0,1800.0,51,5,5,15,15,14,14,0.186003,3.914745,1777,1777,1980,1980
blackout_only,sparse,0,mars,750.0,1800.0,52,0,1,0,3,0,2,,,1777,1777,1980,1980
blackout_only,sparse,1,moon,750.0,1800.0,52,5,5,15,15,12,12,5.133958,107.776527,1777,1777,1980,1980
blackout_only,sparse,2,leo,750.0,1800.0,52,0,1,0,3,0,2,,,1777,1777,1980,1980
blackout_only,sparse,3,earth,750.0,1800.0,52,5,5,15,15,14,14,0.182782,3.830614,1777,1777,1980,1980
with_repeater,sparse,0,mars,750.0,1800.0,52,0,1,0,3,0,2,,,1777,1777,1980,1980
with_repeater,sparse,1,moon,750.0,1800.0,52,5,5,15,15,12,12,5.130646,107.719882,1777,1777,1980,1980
with_repeater,sparse,2,leo,750.0,1800.0,52,0,1,0,3,0,2,,,1777,1777,1980,1980
with_repeater,sparse,3,earth,750.0,1800.0,52,5,5,15,15,14,14,0.182702,3.832281,1777,1777,1980,1980
blackout_only,sparse,0,mars,750.0,1800.0,53,0,1,0,3,0,2,,,1777,1777,1980,1980
blackout_only,sparse,1,moon,750.0,1800.0,53,5,5,15,15,12,12,5.130880,107.747136,1777,1777,1980,1980
blackout_only,sparse,2,leo,750.0,1800.0,53,0,1,0,3,0,2,,,1777,1777,1980,1980
blackout_only,sparse,3,earth,750.0,1800.0,53,5,5,15,15,14,14,0.178768,3.757364,1777,1777,1980,1980
with_repeater,sparse,0,mars,750.0,1800.0,53,0,1,0,3,0,2,,,1777,1777,1980,1980
with_repeater,sparse,1,moon,750.0,1800.0,53,5,5,15,15,12,12,5.131309,107.750718,1777,1777,1980,1980
with_repeater,sparse,2,leo,750.0,1800.0,53,0,1,0,3,0,2,,,1777,1777,1980,1980
with_repeater,sparse,3,earth,750.0,1800.0,53,5,5,15,15,14,14,0.181562,3.819841,1777,1777,1980,1980
blackout_only,sparse,0,mars,750.0,1800.0,54,0,1,0,3,0,2,,,1777,1777,1980,1980
blackout_only,sparse,1,moon,750.0,1800.0,54,5,5,15,15,12,12,5.128119,107.699863,1777,1777,1980,1980
blackout_only,sparse,2,leo,750.0,1800.0,54,0,1,0,3,0,2,,,1777,1777,1980,1980
blackout_only,sparse,3,earth,750.0,1800.0,54,5,5,15,15,14,14,0.183290,3.837989,1777,1777,1980,1980
with_repeater,sparse,0,mars,750.0,1800.0,54,0,1,0,3,0,2,,,1777,1777,1980,1980
with_repeater,sparse,1,moon,750.0,1800.0,54,5,5,15,15,12,12,5.133095,107.780859,1777,1777,1980,1980
with_repeater,sparse,2,leo,750.0,1800.0,54,0,1,0,3,0,2,,,1777,1777,1980,1980
with_repeater,sparse,3,earth,750.0,1800.0,54,5,5,15,15,14,14,0.184006,3.856536,1777,1777,1980,1980
blackout_only,sparse,0,mars,750.0,1800.0,55,0,1,0,3,0,2,,,1777,1777,1980,1980
blackout_only,sparse,1,moon,750.0,1800.0,55,5,5,15,15,12,12,5.129303,107.752342,1777,1777,1980,1980
blackout_only,sparse,2,leo,750.0,1800.0,55,0,1,0,3,0,2,,,1777,1777,1980,1980
blackout_only,sparse,3,earth,750.0,1800.0,55,5,5,15,15,14,14,0.182883,3.871601,1777,1777,1980,1980
with_repeater,sparse,0,mars,750.0,1800.0,55,0,1,0,3,0,2,,,1777,1777,1980,1980
with_repeater,sparse,1,moon,750.0,1800.0,55,5,5,15,15,12,12,5.131233,107.760370,1777,1777,1980,1980
with_repeater,sparse,2,leo,750.0,1800.0,55,0,1,0,3,0,2,,,1777,1777,1980,1980
with_repeater,sparse,3,earth,750.0,1800.0,55,5,5,15,15,14,14,0.181384,3.826929,1777,1777,1980,1980
blackout_only,sparse,0,mars,750.0,1800.0,56,0,1,0,3,0,2,,,1777,1777,1980,1980
blackout_only,sparse,1,moon,750.0,1800.0,56,5,5,15,15,12,12,5.130733,107.734956,1777,1777,1980,1980
blackout_only,sparse,2,leo,750.0,1800.0,56,0,1,0,3,0,2,,,1777,1777,1980,1980
blackout_only,sparse,3,earth,750.0,1800.0,56,5,5,15,15,14,14,0.182225,3.837162,1777,1777,1980,1980
with_repeater,sparse,0,mars,750.0,1800.0,56,0,1,0,3,0,2,,,1777,1777,1980,1980
with_repeater,sparse,1,moon,750.0,1800.0,56,5,5,15,15,12,12,5.130986,107.752611,1777,1777,1980,1980
with_repeater,sparse,2,leo,750.0,1800.0,56,0,1,0,3,0,2,,,1777,1777,1980,1980
with_repeater,sparse,3,earth,750.0,1800.0,56,5,5,15,15,14,14,0.183398,3.854351,1777,1777,1980,1980
blackout_only,sparse,0,mars,750.0,1800.0,57,0,1,0,3,0,2,,,1778,1778,1980,1980
blackout_only,sparse,1,moon,750.0,1800.0,57,5,5,15,15,12,12,5.131288,107.752708,1778,1778,1980,1980
blackout_only,sparse,2,leo,750.0,1800.0,57,0,1,0,3,0,2,,,1778,1778,1980,1980
blackout_only,sparse,3,earth,750.0,1800.0,57,5,5,15,15,14,14,0.182103,3.847045,1778,1778,1980,1980
with_repeater,sparse,0,mars,750.0,1800.0,57,0,1,0,3,0,2,,,1777,1777,1980,1980
with_repeater,sparse,1,moon,750.0,1800.0,57,5,5,15,15,12,12,5.133202,107.770692,1777,1777,1980,1980
with_repeater,sparse,2,leo,750.0,1800.0,57,0,1,0,3,0,2,,,1777,1777,1980,1980
with_repeater,sparse,3,earth,750.0,1800.0,57,5,5,15,15,14,14,0.181710,3.827622,1777,1777,1980,1980
blackout_only,sparse,0,mars,750.0,1800.0,58,0,1,0,3,0,2,,,1777,1777,1980,1980
blackout_only,sparse,1,moon,750.0,1800.0,58,5,5,15,15,12,12,5.131402,107.780465,1777,1777,1980,1980
blackout_only,sparse,2,leo,750.0,1800.0,58,0,1,0,3,0,2,,,1777,1777,1980,1980
blackout_only,sparse,3,earth,750.0,1800.0,58,5,5,15,15,14,14,0.181982,3.835738,1777,1777,1980,1980
with_repeater,sparse,0,mars,750.0,1800.0,58,0,1,0,3,0,2,,,1777,1777,1980,1980
with_repeater,sparse,1,moon,750.0,1800.0,58,5,5,15,15,12,12,5.132107,107.751996,1777,1777,1980,1980
with_repeater,sparse,2,leo,750.0,1800.0,58,0,1,0,3,0,2,,,1777,1777,1980,1980
with_repeater,sparse,3,earth,750.0,1800.0,58,5,5,15,15,14,14,0.183995,3.887101,1777,1777,1980,1980
blackout_only,sparse,0,mars,750.0,1800.0,59,0,1,0,3,0,2,,,1778,1778,1980,1980
blackout_only,sparse,1,moon,750.0,1800.0,59,5,5,15,15,12,12,5.129448,107.708847,1778,1778,1980,1980
blackout_only,sparse,2,leo,750.0,1800.0,59,0,1,0,3,0,2,,,1778,1778,1980,1980
blackout_only,sparse,3,earth,750.0,1800.0,59,5,5,15,15,14,14,0.183568,3.867054,1778,1778,1980,1980
with_repeater,sparse,0,mars,750.0,1800.0,59,0,1,0,3,0,2,,,1777,1777,1980,1980
with_repeater,sparse,1,moon,750.0,1800.0,59,5,5,15,15,12,12,5.132788,107.776899,1777,1777,1980,1980
with_repeater,sparse,2,leo,750.0,1800.0,59,0,1,0,3,0,2,,,1777,1777,1980,1980
with_repeater,sparse,3,earth,750.0,1800.0,59,5,5,15,15,14,14,0.182437,3.821146,1777,1777,1980,1980
blackout_only,sparse,0,mars,750.0,1800.0,60,0,1,0,3,0,2,,,1777,1777,1980,1980
blackout_only,sparse,1,moon,750.0,1800.0,60,5,5,15,15,12,12,5.131299,107.763152,1777,1777,1980,1980
blackout_only,sparse,2,leo,750.0,1800.0,60,0,1,0,3,0,2,,,1777,1777,1980,1980
blackout_only,sparse,3,earth,750.0,1800.0,60,5,5,15,15,14,14,0.185304,3.860327,1777,1777,1980,1980
with_repeater,sparse,0,mars,750.0,1800.0,60,0,1,0,3,0,2,,,1777,1777,1980,1980
with_repeater,sparse,1,moon,750.0,1800.0,60,5,5,15,15,12,12,5.131701,107.791485,1777,1777,1980,1980
with_repeater,sparse,2,leo,750.0,1800.0,60,0,1,0,3,0,2,,,1777,1777,1980,1980
with_repeater,sparse,3,earth,750.0,1800.0,60,5,5,15,15,14,14,0.185009,3.883682,1777,1777,1980,1980
blackout_only,sparse,0,mars,750.0,1800.0,61,0,1,0,3,0,2,,,1777,1777,1980,1980
blackout_only,sparse,1,moon,750.0,1800.0,61,5,5,15,15,12,12,5.130430,107.742635,1777,1777,1980,1980
blackout_only,sparse,2,leo,750.0,1800.0,61,0,1,0,3,0,2,,,1777,1777,1980,1980
blackout_only,sparse,3,earth,750.0,1800.0,61,5,5,15,15,14,14,0.183393,3.872555,1777,1777,1980,1980
with_repeater,sparse,0,mars,750.0,1800.0,61,0,1,0,3,0,2,,,1778,1778,1980,1980
with_repeater,sparse,1,moon,750.0,1800.0,61,5,5,15,15,12,12,5.130733,107.725206,1778,1778,1980,1980
with_repeater,sparse,2,leo,750.0,1800.0,61,0,1,0,3,0,2,,,1778,1778,1980,1980
with_repeater,sparse,3,earth,750.0,1800.0,61,5,5,15,15,14,14,0.184273,3.859118,1778,1778,1980,1980
blackout_only,sparse,0,mars,750.0,1800.0,62,0,1,0,3,0,2,,,1778,1778,1980,1980
blackout_only,sparse,1,moon,750.0,1800.0,62,5,5,15,15,12,12,5.129815,107.694188,1778,1778,1980,1980
blackout_only,sparse,2,leo,750.0,1800.0,62,0,1,0,3,0,2,,,1778,1778,1980,1980
blackout_only,sparse,3,earth,750.0,1800.0,62,5,5,15,15,14,14,0.182607,3.839405,1778,1778,1980,1980
with_repeater,sparse,0,mars,750.0,1800.0,62,0,1,0,3,0,2,,,1777,1777,1980,1980
with_repeater,sparse,1,moon,750.0,1800.0,62,5,5,15,15,12,12,5.130304,107.743973,1777,1777,1980,1980
with_repeater,sparse,2,leo,750.0,1800.0,62,0,1,0,3,0,2,,,1777,1777,1980,1980
with_repeater,sparse,3,earth,750.0,1800.0,62,5,5,15,15,14,14,0.183593,3.852917,1777,1777,1980,1980
blackout_only,sparse,0,mars,750.0,1800.0,63,0,1,0,3,0,2,,,1777,1777,1980,1980
blackout_only,sparse,1,moon,750.0,1800.0,63,5,5,15,15,12,12,5.131708,107.744853,1777,1777,1980,1980
blackout_only,sparse,2,leo,750.0,1800.0,63,0,1,0,3,0,2,,,1777,1777,1980,1980
blackout_only,sparse,3,earth,750.0,1800.0,63,5,5,15,15,14,14,0.182285,3.815981,1777,1777,1980,1980
with_repeater,sparse,0,mars,750.0,1800.0,63,0,1,0,3,0,2,,,1777,1777,1980,1980
with_repeater,sparse,1,moon,750.0,1800.0,63,5,5,15,15,12,12,5.129572,107.746755,1777,1777,1980,1980
with_repeater,sparse,2,leo,750.0,1800.0,63,0,1,0,3,0,2,,,1777,1777,1980,1980
with_repeater,sparse,3,earth,750.0,1800.0,63,5,5,15,15,14,14,0.182018,3.829038,1777,1777,1980,1980
blackout_only,sparse,0,mars,750.0,1800.0,64,0,1,0,3,0,2,,,1777,1777,1980,1980
blackout_only,sparse,1,moon,750.0,1800.0,64,5,5,15,15,12,12,5.131163,107.751283,1777,1777,1980,1980
blackout_only,sparse,2,leo,750.0,1800.0,64,0,1,0,3,0,2,,,1777,1777,1980,1980
blackout_only,sparse,3,earth,750.0,1800.0,64,5,5,15,15,14,14,0.184990,3.907997,1777,1777,1980,1980
with_repeater,sparse,0,mars,750.0,1800.0,64,0,1,0,3,0,2,,,1777,1777,1980,1980
with_repeater,sparse,1,moon,750.0,1800.0,64,5,5,15,15,12,12,5.131115,107.715404,1777,1777,1980,1980
with_repeater,sparse,2,leo,750.0,1800.0,64,0,1,0,3,0,2,,,1777,1777,1980,1980
with_repeater,sparse,3,earth,750.0,1800.0,64,5,5,15,15,14,14,0.182817,3.835224,1777,1777,1980,1980
blackout_only,sparse,0,mars,750.0,1800.0,65,0,1,0,3,0,2,,,1777,1777,1980,1980
blackout_only,sparse,1,moon,750.0,1800.0,65,5,5,15,15,12,12,5.132578,107.806216,1777,1777,1980,1980
blackout_only,sparse,2,leo,750.0,1800.0,65,0,1,0,3,0,2,,,1777,1777,1980,1980
blackout_only,sparse,3,earth,750.0,1800.0,65,5,5,15,15,14,14,0.184060,3.862167,1777,1777,1980,1980
with_repeater,sparse,0,mars,750.0,1800.0,65,0,1,0,3,0,2,,,1777,1777,1980,1980
with_repeater,sparse,1,moon,750.0,1800.0,65,5,5,15,15,12,12,5.134316,107.805416,1777,1777,1980,1980
with_repeater,sparse,2,leo,750.0,1800.0,65,0,1,0,3,0,2,,,1777,1777,1980,1980
with_repeater,sparse,3,earth,750.0,1800.0,65,5,5,15,15,14,14,0.182416,3.821577,1777,1777,1980,1980
blackout_only,sparse,0,mars,750.0,1800.0,66,0,1,0,3,0,2,,,1777,1777,1980,1980
blackout_only,sparse,1,moon,750.0,1800.0,66,5,5,15,15,12,12,5.133602,107.800224,1777,1777,1980,1980
blackout_only,sparse,2,leo,750.0,1800.0,66,0,1,0,3,0,2,,,1777,1777,1980,1980
blackout_only,sparse,3,earth,750.0,1800.0,66,5,5,15,15,14,14,0.180318,3.821335,1777,1777,1980,1980
with_repeater,sparse,0,mars,750.0,1800.0,66,0,1,0,3,0,2,,,1777,1777,1980,1980
with_repeater,sparse,1,moon,750.0,1800.0,66,5,5,15,15,12,12,5.129501,107.705434,1777,1777,1980,1980
with_repeater,sparse,2,leo,750.0,1800.0,66,0,1,0,3,0,2,,,1777,1777,1980,1980
with_repeater,sparse,3,earth,750.0,1800.0,66,5,5,15,15,14,14,0.183872,3.855523,1777,1777,1980,1980
blackout_only,sparse,0,mars,750.0,1800.0,67,0,1,0,3,0,2,,,1777,1777,1980,1980
blackout_only,sparse,1,moon,750.0,1800.0,67,5,5,15,15,12,12,5.130692,107.744469,1777,1777,1980,1980
blackout_only,sparse,2,leo,750.0,1800.0,67,0,1,0,3,0,2,,,1777,1777,1980,1980
blackout_only,sparse,3,earth,750.0,1800.0,67,5,5,15,15,14,14,0.182541,3.823449,1777,1777,1980,1980
with_repeater,sparse,0,mars,750.0,1800.0,67,0,1,0,3,0,2,,,1777,1777,1980,1980
with_repeater,sparse,1,moon,750.0,1800.0,67,5,5,15,15,12,12,5.132290,107.740619,1777,1777,1980,1980
with_repeater,sparse,2,leo,750.0,1800.0,67,0,1,0,3,0,2,,,1777,1777,1980,1980
with_repeater,sparse,3,earth,750.0,1800.0,67,5,5,15,15,14,14,0.182194,3.844876,1777,1777,1980,1980
blackout_only,sparse,0,mars,750.0,1800.0,68,0,1,0,3,0,2,,,1777,1777,1980,1980
blackout_only,sparse,1,moon,750.0,1800.0,68,5,5,15,15,12,12,5.131964,107.762665,1777,1777,1980,1980
blackout_only,sparse,2,leo,750.0,1800.0,68,0,1,0,3,0,2,,,1777,1777,1980,1980
blackout_only,sparse,3,earth,750.0,1800.0,68,5,5,15,15,14,14,0.183341,3.838366,1777,1777,1980,1980
with_repeater,sparse,0,mars,750.0,1800.0,68,0,1,0,3,0,2,,,1778,1778,1980,1980
with_repeater,sparse,1,moon,750.0,1800.0,68,5,5,15,15,12,12,5.132797,107.802598,1778,1778,1980,1980
with_repeater,sparse,2,leo,750.0,1800.0,68,0,1,0,3,0,2,,,1778,1778,1980,1980
with_repeater,sparse,3,earth,750.0,1800.0,68,5,5,15,15,14,14,0.184273,3.831402,1778,1778,1980,1980
blackout_only,sparse,0,mars,750.0,1800.0,69,0,1,0,3,0,2,,,1777,1777,1980,1980
blackout_only,sparse,1,moon,750.0,1800.0,69,5,5,15,15,12,12,5.131231,107.723249,1777,1777,1980,1980
blackout_only,sparse,2,leo,750.0,1800.0,69,0,1,0,3,0,2,,,1777,1777,1980,1980
blackout_only,sparse,3,earth,750.0,1800.0,69,5,5,15,15,14,14,0.181261,3.789144,1777,1777,1980,1980
with_repeater,sparse,0,mars,750.0,1800.0,69,0,1,0,3,0,2,,,1778,1778,1980,1980
with_repeater,sparse,1,moon,750.0,1800.0,69,5,5,15,15,12,12,5.130266,107.767637,1778,1778,1980,1980
with_repeater,sparse,2,leo,750.0,1800.0,69,0,1,0,3,0,2,,,1778,1778,1980,1980
with_repeater,sparse,3,earth,750.0,1800.0,69,5,5,15,15,14,14,0.183779,3.808830,1778,1778,1980,1980
blackout_only,sparse,0,mars,750.0,1800.0,70,0,1,0,3,0,2,,,1777,1777,1980,1980
blackout_only,sparse,1,moon,750.0,1800.0,70,5,5,15,15,12,12,5.130306,107.719120,1777,1777,1980,1980
blackout_only,sparse,2,leo,750.0,1800.0,70,0,1,0,3,0,2,,,1777,1777,1980,1980
blackout_only,sparse,3,earth,750.0,1800.0,70,5,5,15,15,14,14,0.184882,3.889061,1777,1777,1980,1980
with_repeater,sparse,0,mars,750.0,1800.0,70,0,1,0,3,0,2,,,1778,1778,1980,1980
with_repeater,sparse,1,moon,750.0,1800.0,70,5,5,15,15,12,12,5.131152,107.783988,1778,1778,1980,1980
with_repeater,sparse,2,leo,750.0,1800.0,70,0,1,0,3,0,2,,,1778,1778,1980,1980
with_repeater,sparse,3,earth,750.0,1800.0,70,5,5,15,15,14,14,0.185608,3.919345,1778,1778,1980,1980
blackout_only,sparse,0,mars,750.0,1800.0,71,0,1,0,3,0,2,,,1778,1778,1980,1980
blackout_only,sparse,1,moon,750.0,1800.0,71,5,5,15,15,12,12,5.132089,107.751529,1778,1778,1980,1980
blackout_only,sparse,2,leo,750.0,1800.0,71,0,1,0,3,0,2,,,1778,1778,1980,1980
blackout_only,sparse,3,earth,750.0,1800.0,71,5,5,15,15,14,14,0.182611,3.785972,1778,1778,1980,1980
with_repeater,sparse,0,mars,750.0,1800.0,71,0,1,0,3,0,2,,,1777,1777,1980,1980
with_repeater,sparse,1,moon,750.0,1800.0,71,5,5,15,15,12,12,5.129295,107.708922,1777,1777,1980,1980
with_repeater,sparse,2,leo,750.0,1800.0,71,0,1,0,3,0,2,,,1777,1777,1980,1980
with_repeater,sparse,3,earth,750.0,1800.0,71,5,5,15,15,14,14,0.184055,3.821872,1777,1777,1980,1980
blackout_only,sparse,0,mars,750.0,1800.0,72,0,1,0,3,0,2,,,1777,1777,1980,1980
blackout_only,sparse,1,moon,750.0,1800.0,72,5,5,15,15,12,12,5.130295,107.721658,1777,1777,1980,1980
blackout_only,sparse,2,leo,750.0,1800.0,72,0,1,0,3,0,2,,,1777,1777,1980,1980
blackout_only,sparse,3,earth,750.0,1800.0,72,5,5,15,15,14,14,0.182425,3.850461,1777,1777,1980,1980
with_repeater,sparse,0,mars,750.0,1800.0,72,0,1,0,3,0,2,,,1777,1777,1980,1980
with_repeater,sparse,1,moon,750.0,1800.0,72,5,5,15,15,12,12,5.130565,107.727081,1777,1777,1980,1980
with_repeater,sparse,2,leo,750.0,1800.0,72,0,1,0,3,0,2,,,1777,1777,1980,1980
with_repeater,sparse,3,earth,750.0,1800.0,72,5,5,15,15,14,14,0.185237,3.868175,1777,1777,1980,1980
blackout_only,sparse,0,mars,750.0,1800.0,73,0,1,0,3,0,2,,,1777,1777,1980,1980
blackout_only,sparse,1,moon,750.0,1800.0,73,5,5,15,15,12,12,5.132325,107.746528,1777,1777,1980,1980
blackout_only,sparse,2,leo,750.0,1800.0,73,0,1,0,3,0,2,,,1777,1777,1980,1980
blackout_only,sparse,3,earth,750.0,1800.0,73,5,5,15,15,14,14,0.180234,3.792188,1777,1777,1980,1980
with_repeater,sparse,0,mars,750.0,1800.0,73,0,1,0,3,0,2,,,1777,1777,1980,1980
with_repeater,sparse,1,moon,750.0,1800.0,73,5,5,15,15,12,12,5.128971,107.749361,1777,1777,1980,1980
with_repeater,sparse,2,leo,750.0,1800.0,73,0,1,0,3,0,2,,,1777,1777,1980,1980
with_repeater,sparse,3,earth,750.0,1800.0,73,5,5,15,15,14,14,0.182135,3.777849,1777,1777,1980,1980
blackout_only,sparse,0,mars,750.0,1800.0,74,0,1,0,3,0,2,,,1778,1778,1980,1980
blackout_only,sparse,1,moon,750.0,1800.0,74,5,5,15,15,12,12,5.132850,107.778438,1778,1778,1980,1980
blackout_only,sparse,2,leo,750.0,1800.0,74,0,1,0,3,0,2,,,1778,1778,1980,1980
blackout_only,sparse,3,earth,750.0,1800.0,74,5,5,15,15,14,14,0.183179,3.863615,1778,1778,1980,1980
with_repeater,sparse,0,mars,750.0,1800.0,74,0,1,0,3,0,2,,,1777,1777,1980,1980
with_repeater,sparse,1,moon,750.0,1800.0,74,5,5,15,15,12,12,5.131827,107.774220,1777,1777,1980,1980
with_repeater,sparse,2,leo,750.0,1800.0,74,0,1,0,3,0,2,,,1777,1777,1980,1980
with_repeater,sparse,3,earth,750.0,1800.0,74,5,5,15,15,14,14,0.182031,3.766101,1777,1777,1980,1980
blackout_only,sparse,0,mars,750.0,1800.0,75,0,1,0,3,0,2,,,1777,1777,1980,1980
blackout_only,sparse,1,moon,750.0,1800.0,75,5,5,15,15,12,12,5.128658,107.700063,1777,1777,1980,1980
blackout_only,sparse,2,leo,750.0,1800.0,75,0,1,0,3,0,2,,,1777,1777,1980,1980
blackout_only,sparse,3,earth,750.0,1800.0,75,5,5,15,15,14,14,0.184751,3.843237,1777,1777,1980,1980
with_repeater,sparse,0,mars,750.0,1800.0,75,0,1,0,3,0,2,,,1778,1778,1980,1980
with_repeater,sparse,1,moon,750.0,1800.0,75,5,5,15,15,12,12,5.133481,107.804588,1778,1778,1980,1980
with_repeater,sparse,2,leo,750.0,1800.0,75,0,1,0,3,0,2,,,1778,1778,1980,1980
with_repeater,sparse,3,earth,750.0,1800.0,75,5,5,15,15,14,14,0.181838,3.838565,1778,1778,1980,1980
blackout_only,sparse,0,mars,750.0,1800.0,76,0,1,0,3,0,2,,,1777,1777,1980,1980
blackout_only,sparse,1,moon,750.0,1800.0,76,5,5,15,15,12,12,5.133298,107.841577,1777,1777,1980,1980
blackout_only,sparse,2,leo,750.0,1800.0,76,0,1,0,3,0,2,,,1777,1777,1980,1980
blackout_only,sparse,3,earth,750.0,1800.0,76,5,5,15,15,14,14,0.182520,3.844064,1777,1777,1980,1980
with_repeater,sparse,0,mars,750.0,1800.0,76,0,1,0,3,0,2,,,1778,1778,1980,1980
with_repeater,sparse,1,moon,750.0,1800.0,76,5,5,15,15,12,12,5.133706,107.794948,1778,1778,1980,1980
with_repeater,sparse,2,leo,750.0,1800.0,76,0,1,0,3,0,2,,,1778,1778,1980,1980
with_repeater,sparse,3,earth,750.0,1800.0,76,5,5,15,15,14,14,0.182105,3.813117,1778,1778,1980,1980
blackout_only,sparse,0,mars,750.0,1800.0,77,0,1,0,3,0,2,,,1777,1777,1980,1980
blackout_only,sparse,1,moon,750.0,1800.0,77,5,5,15,15,12,12,5.128964,107.664819,1777,1777,1980,1980
blackout_only,sparse,2,leo,750.0,1800.0,77,0,1,0,3,0,2,,,1777,1777,1980,1980
blackout_only,sparse,3,earth,750.0,1800.0,77,5,5,15,15,14,14,0.182071,3.792199,1777,1777,1980,1980
with_repeater,sparse,0,mars,750.0,1800.0,77,0,1,0,3,0,2,,,1777,1777,1980,1980
with_repeater,sparse,1,moon,750.0,1800.0,77,5,5,15,15,12,12,5.129465,107.712297,1777,1777,1980,1980
with_repeater,sparse,2,leo,750.0,1800.0,77,0,1,0,3,0,2,,,1777,1777,1980,1980
with_repeater,sparse,3,earth,750.0,1800.0,77,5,5,15,15,14,14,0.183516,3.816454,1777,1777,1980,1980
blackout_only,sparse,0,mars,750.0,1800.0,78,0,1,0,3,0,2,,,1777,1777,1980,1980
blackout_only,sparse,1,moon,750.0,1800.0,78,5,5,15,15,12,12,5.133598,107.841006,1777,1777,1980,1980
blackout_only,sparse,2,leo,750.0,1800.0,78,0,1,0,3,0,2,,,1777,1777,1980,1980
blackout_only,sparse,3,earth,750.0,1800.0,78,5,5,15,15,14,14,0.182840,3.815415,1777,1777,1980,1980
with_repeater,sparse,0,mars,750.0,1800.0,78,0,1,0,3,0,2,,,1777,1777,1980,1980
with_repeater,sparse,1,moon,750.0,1800.0,78,5,5,15,15,12,12,5.131839,107.787021,1777,1777,1980,1980
with_repeater,sparse,2,leo,750.0,1800.0,78,0,1,0,3,0,2,,,1777,1777,1980,1980
with_repeater,sparse,3,earth,750.0,1800.0,78,5,5,15,15,14,14,0.179670,3.795731,1777,1777,1980,1980
blackout_only,sparse,0,mars,750.0,1800.0,79,0,1,0,3,0,2,,,1777,1777,1980,1980
blackout_only,sparse,1,moon,750.0,1800.0,79,5,5,15,15,12,12,5.131030,107.718573,1777,1777,1980,1980
blackout_only,sparse,2,leo,750.0,1800.0,79,0,1,0,3,0,2,,,1777,1777,1980,1980
blackout_only,sparse,3,earth,750.0,1800.0,79,5,5,15,15,14,14,0.182696,3.863615,1777,1777,1980,1980
with_repeater,sparse,0,mars,750.0,1800.0,79,0,1,0,3,0,2,,,1777,1777,1980,1980
with_repeater,sparse,1,moon,750.0,1800.0,79,5,5,15,15,12,12,5.130840,107.734198,1777,1777,1980,1980
with_repeater,sparse,2,leo,750.0,1800.0,79,0,1,0,3,0,2,,,1777,1777,1980,1980
with_repeater,sparse,3,earth,750.0,1800.0,79,5,5,15,15,14,14,0.183962,3.880676,1777,1777,1980,1980
blackout_only,sparse,0,mars,750.0,1800.0,80,0,1,0,3,0,2,,,1777,1777,1980,1980
blackout_only,sparse,1,moon,750.0,1800.0,80,5,5,15,15,12,12,5.134189,107.799158,1777,1777,1980,1980
blackout_only,sparse,2,leo,750.0,1800.0,80,0,1,0,3,0,2,,,1777,1777,1980,1980
blackout_only,sparse,3,earth,750.0,1800.0,80,5,5,15,15,14,14,0.181431,3.829743,1777,1777,1980,1980
with_repeater,sparse,0,mars,750.0,1800.0,80,0,1,0,3,0,2,,,1777,1777,1980,1980
with_repeater,sparse,1,moon,750.0,1800.0,80,5,5,15,15,12,12,5.130971,107.762283,1777,1777,1980,1980
with_repeater,sparse,2,leo,750.0,1800.0,80,0,1,0,3,0,2,,,1777,1777,1980,1980
with_repeater,sparse,3,earth,750.0,1800.0,80,5,5,15,15,14,14,0.183361,3.869666,1777,1777,1980,1980
blackout_only,sparse,0,mars,750.0,1800.0,81,0,1,0,3,0,2,,,1778,1778,1980,1980
blackout_only,sparse,1,moon,750.0,1800.0,81,5,5,15,15,12,12,5.129271,107.677560,1778,1778,1980,1980
blackout_only,sparse,2,leo,750.0,1800.0,81,0,1,0,3,0,2,,,1778,1778,1980,1980
blackout_only,sparse,3,earth,750.0,1800.0,81,5,5,15,15,14,14,0.183173,3.842079,1778,1778,1980,1980
with_repeater,sparse,0,mars,750.0,1800.0,81,0,1,0,3,0,2,,,1778,1778,1980,1980
with_repeater,sparse,1,moon,750.0,1800.0,81,5,5,15,15,12,12,5.130992,107.714042,1778,1778,1980,1980
with_repeater,sparse,2,leo,750.0,1800.0,81,0,1,0,3,0,2,,,1778,1778,1980,1980
with_repeater,sparse,3,earth,750.0,1800.0,81,5,5,15,15,14,14,0.184108,3.867373,1778,1778,1980,1980
blackout_only,sparse,0,mars,750.0,1800.0,82,0,1,0,3,0,2,,,1778,1778,1980,1980
blackout_only,sparse,1,moon,750.0,1800.0,82,5,5,15,15,12,12,5.131115,107.750374,1778,1778,1980,1980
blackout_only,sparse,2,leo,750.0,1800.0,82,0,1,0,3,0,2,,,1778,1778,1980,1980
blackout_only,sparse,3,earth,750.0,1800.0,82,5,5,15,15,14,14,0.182279,3.866159,1778,1778,1980,1980
with_repeater,sparse,0,mars,750.0,1800.0,82,0,1,0,3,0,2,,,1777,1777,1980,1980
with_repeater,sparse,1,moon,750.0,1800.0,82,5,5,15,15,12,12,5.131835,107.769913,1777,1777,1980,1980
with_repeater,sparse,2,leo,750.0,1800.0,82,0,1,0,3,0,2,,,1777,1777,1980,1980
with_repeater,sparse,3,earth,750.0,1800.0,82,5,5,15,15,14,14,0.181980,3.822458,1777,1777,1980,1980
blackout_only,sparse,0,mars,750.0,1800.0,83,0,1,0,3,0,2,,,1777,1777,1980,1980
blackout_only,sparse,1,moon,750.0,1800.0,83,5,5,15,15,12,12,5.129950,107.741977,1777,1777,1980,1980
blackout_only,sparse,2,leo,750.0,1800.0,83,0,1,0,3,0,2,,,1777,1777,1980,1980
blackout_only,sparse,3,earth,750.0,1800.0,83,5,5,15,15,14,14,0.182983,3.872659,1777,1777,1980,1980
with_repeater,sparse,0,mars,750.0,1800.0,83,0,1,0,3,0,2,,,1777,1777,1980,1980
with_repeater,sparse,1,moon,750.0,1800.0,83,5,5,15,15,12,12,5.130433,107.702669,1777,1777,1980,1980
with_repeater,sparse,2,leo,750.0,1800.0,83,0,1,0,3,0,2,,,1777,1777,1980,1980
with_repeater,sparse,3,earth,750.0,1800.0,83,5,5,15,15,14,14,0.180240,3.800470,1777,1777,1980,1980
blackout_only,sparse,0,mars,750.0,1800.0,84,0,1,0,3,0,2,,,1777,1777,1980,1980
blackout_only,sparse,1,moon,750.0,1800.0,84,5,5,15,15,12,12,5.133459,107.841150,1777,1777,1980,1980
blackout_only,sparse,2,leo,750.0,1800.0,84,0,1,0,3,0,2,,,1777,1777,1980,1980
blackout_only,sparse,3,earth,750.0,1800.0,84,5,5,15,15,14,14,0.182829,3.840375,1777,1777,1980,1980
with_repeater,sparse,0,mars,750.0,1800.0,84,0,1,0,3,0,2,,,1778,1778,1980,1980
with_repeater,sparse,1,moon,750.0,1800.0,84,5,5,15,15,12,12,5.132459,107.794284,1778,1778,1980,1980
with_repeater,sparse,2,leo,750.0,1800.0,84,0,1,0,3,0,2,,,1778,1778,1980,1980
with_repeater,sparse,3,earth,750.0,1800.0,84,5,5,15,15,14,14,0.180641,3.807786,1778,1778,1980,1980
blackout_only,sparse,0,mars,750.0,1800.0,85,0,1,0,3,0,2,,,1777,1777,1980,1980
blackout_only,sparse,1,moon,750.0,1800.0,85,5,5,15,15,12,12,5.131261,107.698720,1777,1777,1980,1980
blackout_only,sparse,2,leo,750.0,1800.0,85,0,1,0,3,0,2,,,1777,1777,1980,1980
blackout_only,sparse,3,earth,750.0,1800.0,85,5,5,15,15,14,14,0.182325,3.862812,1777,1777,1980,1980
with_repeater,sparse,0,mars,750.0,1800.0,85,0,1,0,3,0,2,,,1777,1777,1980,1980
with_repeater,sparse,1,moon,750.0,1800.0,85,5,5,15,15,12,12,5.131894,107.749854,1777,1777,1980,1980
with_repeater,sparse,2,leo,750.0,1800.0,85,0,1,0,3,0,2,,,1777,1777,1980,1980
with_repeater,sparse,3,earth,750.0,1800.0,85,5,5,15,15,14,14,0.183374,3.848233,1777,1777,1980,1980
blackout_only,sparse,0,mars,750.0,1800.0,86,0,1,0,3,0,2,,,1778,1778,1980,1980
blackout_only,sparse,1,moon,750.0,1800.0,86,5,5,15,15,12,12,5.131229,107.790737,1778,1778,1980,1980
blackout_only,sparse,2,leo,750.0,1800.0,86,0,1,0,3,0,2,,,1778,1778,1980,1980
blackout_only,sparse,3,earth,750.0,1800.0,86,5,5,15,15,14,14,0.185015,3.897002,1778,1778,1980,1980
with_repeater,sparse,0,mars,750.0,1800.0,86,0,1,0,3,0,2,,,1777,1777,1980,1980
with_repeater,sparse,1,moon,750.0,1800.0,86,5,5,15,15,12,12,5.131439,107.775268,1777,1777,1980,1980
with_repeater,sparse,2,leo,750.0,1800.0,86,0,1,0,3,0,2,,,1777,1777,1980,1980
with_repeater,sparse,3,earth,750.0,1800.0,86,5,5,15,15,14,14,0.184121,3.840235,1777,1777,1980,1980
blackout_only,sparse,0,mars,750.0,1800.0,87,0,1,0,3,0,2,,,1778,1778,1980,1980
blackout_only,sparse,1,moon,750.0,1800.0,87,5,5,15,15,12,12,5.132052,107.796574,1778,1778,1980,1980
blackout_only,sparse,2,leo,750.0,1800.0,87,0,1,0,3,0,2,,,1778,1778,1980,1980
blackout_only,sparse,3,earth,750.0,1800.0,87,5,5,15,15,14,14,0.182476,3.851416,1778,1778,1980,1980
with_repeater,sparse,0,mars,750.0,1800.0,87,0,1,0,3,0,2,,,1777,1777,1980,1980
with_repeater,sparse,1,moon,750.0,1800.0,87,5,5,15,15,12,12,5.131897,107.769118,1777,1777,1980,1980
with_repeater,sparse,2,leo,750.0,1800.0,87,0,1,0,3,0,2,,,1777,1777,1980,1980
with_repeater,sparse,3,earth,750.0,1800.0,87,5,5,15,15,14,14,0.185266,3.869471,1777,1777,1980,1980
blackout_only,sparse,0,mars,750.0,1800.0,88,0,1,0,3,0,2,,,1777,1777,1980,1980
blackout_only,sparse,1,moon,750.0,1800.0,88,5,5,15,15,12,12,5.132065,107.738158,1777,1777,1980,1980
blackout_only,sparse,2,leo,750.0,1800.0,88,0,1,0,3,0,2,,,1777,1777,1980,1980
blackout_only,sparse,3,earth,750.0,1800.0,88,5,5,15,15,14,14,0.181572,3.825071,1777,1777,1980,1980
with_repeater,sparse,0,mars,750.0,1800.0,88,0,1,0,3,0,2,,,1777,1777,1980,1980
with_repeater,sparse,1,moon,750.0,1800.0,88,5,5,15,15,12,12,5.130090,107.768642,1777,1777,1980,1980
with_repeater,sparse,2,leo,750.0,1800.0,88,0,1,0,3,0,2,,,1777,1777,1980,1980
with_repeater,sparse,3,earth,750.0,1800.0,88,5,5,15,15,14,14,0.183110,3.850139,1777,1777,1980,1980
blackout_only,sparse,0,mars,750.0,1800.0,89,0,1,0,3,0,2,,,1778,1778,1980,1980
blackout_only,sparse,1,moon,750.0,1800.0,89,5,5,15,15,12,12,5.131094,107.721399,1778,1778,1980,1980
blackout_only,sparse,2,leo,750.0,1800.0,89,0,1,0,3,0,2,,,1778,1778,1980,1980
blackout_only,sparse,3,earth,750.0,1800.0,89,5,5,15,15,14,14,0.184229,3.867924,1778,1778,1980,1980
with_repeater,sparse,0,mars,750.0,1800.0,89,0,1,0,3,0,2,,,1777,1777,1980,1980
with_repeater,sparse,1,moon,750.0,1800.0,89,5,5,15,15,12,12,5.131260,107.766941,1777,1777,1980,1980
with_repeater,sparse,2,leo,750.0,1800.0,89,0,1,0,3,0,2,,,1777,1777,1980,1980
with_repeater,sparse,3,earth,750.0,1800.0,89,5,5,15,15,14,14,0.182900,3.867218,1777,1777,1980,1980
blackout_only,sparse,0,mars,1342.0,300.0,40,0,1,0,1,0,4,,,1777,1777,1980,1980
blackout_only,sparse,1,moon,1342.0,300.0,40,5,5,3,3,24,24,5.131677,106.157276,1777,1777,1980,1980
blackout_only,sparse,2,leo,1342.0,300.0,40,0,1,0,1,0,4,,,1777,1777,1980,1980
blackout_only,sparse,3,earth,1342.0,300.0,40,5,5,3,3,26,26,0.182198,61.658513,1777,1777,1980,1980
with_repeater,sparse,0,mars,1342.0,300.0,40,0,1,0,1,0,4,,,1777,1777,1980,1980
with_repeater,sparse,1,moon,1342.0,300.0,40,5,5,3,3,24,24,5.132713,106.162285,1777,1777,1980,1980
with_repeater,sparse,2,leo,1342.0,300.0,40,0,1,0,1,0,4,,,1777,1777,1980,1980
with_repeater,sparse,3,earth,1342.0,300.0,40,5,5,3,3,26,26,0.184729,61.637530,1777,1777,1980,1980
blackout_only,sparse,0,mars,1342.0,300.0,41,0,1,0,1,0,4,,,1777,1777,1980,1980
blackout_only,sparse,1,moon,1342.0,300.0,41,5,5,3,3,24,24,5.131921,106.194535,1777,1777,1980,1980
blackout_only,sparse,2,leo,1342.0,300.0,41,0,1,0,1,0,4,,,1777,1777,1980,1980
blackout_only,sparse,3,earth,1342.0,300.0,41,5,5,3,3,26,26,0.181798,61.654752,1777,1777,1980,1980
with_repeater,sparse,0,mars,1342.0,300.0,41,0,1,0,1,0,4,,,1777,1777,1980,1980
with_repeater,sparse,1,moon,1342.0,300.0,41,5,5,3,3,24,24,5.133757,106.214584,1777,1777,1980,1980
with_repeater,sparse,2,leo,1342.0,300.0,41,0,1,0,1,0,4,,,1777,1777,1980,1980
with_repeater,sparse,3,earth,1342.0,300.0,41,5,5,3,3,26,26,0.182414,61.667153,1777,1777,1980,1980
blackout_only,sparse,0,mars,1342.0,300.0,42,0,1,0,1,0,4,,,1777,1777,1980,1980
blackout_only,sparse,1,moon,1342.0,300.0,42,5,5,3,3,24,24,5.132639,106.214225,1777,1777,1980,1980
blackout_only,sparse,2,leo,1342.0,300.0,42,0,1,0,1,0,4,,,1777,1777,1980,1980
blackout_only,sparse,3,earth,1342.0,300.0,42,5,5,3,3,26,26,0.180673,61.636441,1777,1777,1980,1980
with_repeater,sparse,0,mars,1342.0,300.0,42,0,1,0,1,0,4,,,1777,1777,1980,1980
with_repeater,sparse,1,moon,1342.0,300.0,42,5,5,3,3,24,24,5.130781,106.162296,1777,1777,1980,1980
with_repeater,sparse,2,leo,1342.0,300.0,42,0,1,0,1,0,4,,,1777,1777,1980,1980
with_repeater,sparse,3,earth,1342.0,300.0,42,5,5,3,3,26,26,0.183922,61.675838,1777,1777,1980,1980
blackout_only,sparse,0,mars,1342.0,300.0,43,0,1,0,1,0,4,,,1777,1777,1980,1980
blackout_only,sparse,1,moon,1342.0,300.0,43,5,5,3,3,24,24,5.130112,106.169064,1777,1777,1980,1980
blackout_only,sparse,2,leo,1342.0,300.0,43,0,1,0,1,0,4,,,1777,1777,1980,1980
blackout_only,sparse,3,earth,1342.0,300.0,43,5,5,3,3,26,26,0.182433,61.640770,1777,1777,1980,1980
with_repeater,sparse,0,mars,1342.0,300.0,43,0,1,0,1,0,4,,,1777,1777,1980,1980
with_repeater,sparse,1,moon,1342.0,300.0,43,5,5,3,3,24,24,5.131637,106.187490,1777,1777,1980,1980
with_repeater,sparse,2,leo,1342.0,300.0,43,0,1,0,1,0,4,,,1777,1777,1980,1980
with_repeater,sparse,3,earth,1342.0,300.0,43,5,5,3,3,26,26,0.179806,61.659101,1777,1777,1980,1980
blackout_only,sparse,0,mars,1342.0,300.0,44,0,1,0,1,0,4,,,1777,1777,1980,1980
blackout_only,sparse,1,moon,1342.0,300.0,44,5,5,3,3,24,24,5.130598,106.173499,1777,1777,1980,1980
blackout_only,sparse,2,leo,1342.0,300.0,44,0,1,0,1,0,4,,,1777,1777,1980,1980
blackout_only,sparse,3,earth,1342.0,300.0,44,5,5,3,3,26,26,0.184462,61.647518,1777,1777,1980,1980
with_repeater,sparse,0,mars,1342.0,300.0,44,0,1,0,1,0,4,,,1777,1777,1980,1980
with_repeater,sparse,1,moon,1342.0,300.0,44,5,5,3,3,24,24,5.130218,106.185985,1777,1777,1980,1980
with_repeater,sparse,2,leo,1342.0,300.0,44,0,1,0,1,0,4,,,1777,1777,1980,1980
with_repeater,sparse,3,earth,1342.0,300.0,44,5,5,3,3,26,26,0.183722,61.654063,1777,1777,1980,1980
blackout_only,sparse,0,mars,1342.0,300.0,45,0,1,0,1,0,4,,,1778,1778,1980,1980
blackout_only,sparse,1,moon,1342.0,300.0,45,5,5,3,3,24,24,5.130799,106.172712,1778,1778,1980,1980
blackout_only,sparse,2,leo,1342.0,300.0,45,0,1,0,1,0,4,,,1778,1778,1980,1980
blackout_only,sparse,3,earth,1342.0,300.0,45,5,5,3,3,26,26,0.184735,61.665374,1778,1778,1980,1980
with_repeater,sparse,0,mars,1342.0,300.0,45,0,1,0,1,0,4,,,1778,1778,1980,1980
with_repeater,sparse,1,moon,1342.0,300.0,45,5,5,3,3,24,24,5.129157,106.150522,1778,1778,1980,1980
with_repeater,sparse,2,leo,1342.0,300.0,45,0,1,0,1,0,4,,,1778,1778,1980,1980
with_repeater,sparse,3,earth,1342.0,300.0,45,5,5,3,3,26,26,0.181794,61.650585,1778,1778,1980,1980
blackout_only,sparse,0,mars,1342.0,300.0,46,0,1,0,1,0,4,,,1777,1777,1980,1980
blackout_only,sparse,1,moon,1342.0,300.0,46,5,5,3,3,24,24,5.130916,106.166323,1777,1777,1980,1980
blackout_only,sparse,2,leo,1342.0,300.0,46,0,1,0,1,0,4,,,1777,1777,1980,1980
blackout_only,sparse,3,earth,1342.0,300.0,46,5,5,3,3,26,26,0.182105,61.636038,1777,1777,1980,1980
with_repeater,sparse,0,mars,1342.0,300.0,46,0,1,0,1,0,4,,,1777,1777,1980,1980
with_repeater,sparse,1,moon,1342.0,300.0,46,5,5,3,3,24,24,5.131372,106.185730,1777,1777,1980,1980
with_repeater,sparse,2,leo,1342.0,300.0,46,0,1,0,1,0,4,,,1777,1777,1980,1980
with_repeater,sparse,3,earth,1342.0,300.0,46,5,5,3,3,26,26,0.181814,61.608768,1777,1777,1980,1980
blackout_only,sparse,0,mars,1342.0,300.0,47,0,1,0,1,0,4,,,1777,1777,1980,1980
blackout_only,sparse,1,moon,1342.0,300.0,47,5,5,3,3,24,24,5.128489,106.170562,1777,1777,1980,1980
blackout_only,sparse,2,leo,1342.0,300.0,47,0,1,0,1,0,4,,,1777,1777,1980,1980
blackout_only,sparse,3,earth,1342.0,300.0,47,5,5,3,3,26,26,0.182652,61.647165,1777,1777,1980,1980
with_repeater,sparse,0,mars,1342.0,300.0,47,0,1,0,1,0,4,,,1777,1777,1980,1980
with_repeater,sparse,1,moon,1342.0,300.0,47,5,5,3,3,24,24,5.132579,106.181209,1777,1777,1980,1980
with_repeater,sparse,2,leo,1342.0,300.0,47,0,1,0,1,0,4,,,1777,1777,1980,1980
with_repeater,sparse,3,earth,1342.0,300.0,47,5,5,3,3,26,26,0.181209,61.650234,1777,1777,1980,1980
blackout_only,sparse,0,mars,1342.0,300.0,48,0,1,0,1,0,4,,,1777,1777,1980,1980
blackout_only,sparse,1,moon,1342.0,300.0,48,5,5,3,3,24,24,5.134227,106.197205,1777,1777,1980,1980
blackout_only,sparse,2,leo,1342.0,300.0,48,0,1,0,1,0,4,,,1777,1777,1980,1980
blackout_only,sparse,3,earth,1342.0,300.0,48,5,5,3,3,26,26,0.182548,61.625516,1777,1777,1980,1980
with_repeater,sparse,0,mars,1342.0,300.0,48,0,1,0,1,0,4,,,1777,1777,1980,1980
with_repeater,sparse,1,moon,1342.0,300.0,48,5,5,3,3,24,24,5.132285,106.198517,1777,1777,1980,1980
with_repeater,sparse,2,leo,1342.0,300.0,48,0,1,0,1,0,4,,,1777,1777,1980,1980
with_repeater,sparse,3,earth,1342.0,300.0,48,5,5,3,3,26,26,0.184581,61.657918,1777,1777,1980,1980
blackout_only,sparse,0,mars,1342.0,300.0,49,0,1,0,1,0,4,,,1777,1777,1980,1980
blackout_only,sparse,1,moon,1342.0,300.0,49,5,5,3,3,24,24,5.133203,106.197952,1777,1777,1980,1980
blackout_only,sparse,2,leo,1342.0,300.0,49,0,1,0,1,0,4,,,1777,1777,1980,1980
blackout_only,sparse,3,earth,1342.0,300.0,49,5,5,3,3,26,26,0.181635,61.633026,1777,1777,1980,1980
with_repeater,sparse,0,mars,1342.0,300.0,49,0,1,0,1,0,4,,,1777,1777,1980,1980
with_repeater,sparse,1,moon,1342.0,300.0,49,5,5,3,3,24,24,5.133719,106.221450,1777,1777,1980,1980
with_repeater,sparse,2,leo,1342.0,300.0,49,0,1,0,1,0,4,,,1777,1777,1980,1980
with_repeater,sparse,3,earth,1342.0,300.0,49,5,5,3,3,26,26,0.183005,61.653808,1777,1777,1980,1980
blackout_only,sparse,0,mars,1342.0,300.0,50,0,1,0,1,0,4,,,1777,1777,1980,1980
blackout_only,sparse,1,moon,1342.0,300.0,50,5,5,3,3,24,24,5.131482,106.197096,1777,1777,1980,1980
blackout_only,sparse,2,leo,1342.0,300.0,50,0,1,0,1,0,4,,,1777,1777,1980,1980
blackout_only,sparse,3,earth,1342.0,300.0,50,5,5,3,3,26,26,0.180484,61.617125,1777,1777,1980,1980
with_repeater,sparse,0,mars,1342.0,300.0,50,0,1,0,1,0,4,,,1777,1777,1980,1980
with_repeater,sparse,1,moon,1342.0,300.0,50,5,5,3,3,24,24,5.129117,106.132420,1777,1777,1980,1980
with_repeater,sparse,2,leo,1342.0,300.0,50,0,1,0,1,0,4,,,1777,1777,1980,1980
with_repeater,sparse,3,earth,1342.0,300.0,50,5,5,3,3,26,26,0.182199,61.624426,1777,1777,1980,1980
blackout_only,sparse,0,mars,1342.0,300.0,51,0,1,0,1,0,4,,,1778,1778,1980,1980
blackout_only,sparse,1,moon,1342.0,300.0,51,5,5,3,3,24,24,5.132133,106.174301,1778,1778,1980,1980
blackout_only,sparse,2,leo,1342.0,300.0,51,0,1,0,1,0,4,,,1778,1778,1980,1980
blackout_only,sparse,3,earth,1342.0,300.0,51,5,5,3,3,26,26,0.184696,61.682698,1778,1778,1980,1980
with_repeater,sparse,0,mars,1342.0,300.0,51,0,1,0,1,0,4,,,1777,1777,1980,1980
with_repeater,sparse,1,moon,1342.0,300.0,51,5,5,3,3,24,24,5.130464,106.154126,1777,1777,1980,1980
with_repeater,sparse,2,leo,1342.0,300.0,51,0,1,0,1,0,4,,,1777,1777,1980,1980
with_repeater,sparse,3,earth,1342.0,300.0,51,5,5,3,3,26,26,0.185043,61.673864,1777,1777,1980,1980
blackout_only,sparse,0,mars,1342.0,300.0,52,0,1,0,1,0,4,,,1777,1777,1980,1980
blackout_only,sparse,1,moon,1342.0,300.0,52,5,5,3,3,24,24,5.132839,106.159752,1777,1777,1980,1980
blackout_only,sparse,2,leo,1342.0,300.0,52,0,1,0,1,0,4,,,1777,1777,1980,1980
blackout_only,sparse,3,earth,1342.0,300.0,52,5,5,3,3,26,26,0.181564,61.624072,1777,1777,1980,1980
with_repeater,sparse,0,mars,1342.0,300.0,52,0,1,0,1,0,4,,,1777,1777,1980,1980
with_repeater,sparse,1,moon,1342.0,300.0,52,5,5,3,3,24,24,5.130546,106.182025,1777,1777,1980,1980
with_repeater,sparse,2,leo,1342.0,300.0,52,0,1,0,1,0,4,,,1777,1777,1980,1980
with_repeater,sparse,3,earth,1342.0,300.0,52,5,5,3,3,26,26,0.183310,61.655398,1777,1777,1980,1980
blackout_only,sparse,0,mars,1342.0,300.0,53,0,1,0,1,0,4,,,1777,1777,1980,1980
blackout_only,sparse,1,moon,1342.0,300.0,53,5,5,3,3,24,24,5.129430,106.161795,1777,1777,1980,1980
blackout_only,sparse,2,leo,1342.0,300.0,53,0,1,0,1,0,4,,,1777,1777,1980,1980
blackout_only,sparse,3,earth,1342.0,300.0,53,5,5,3,3,26,26,0.182586,61.596810,1777,1777,1980,1980
with_repeater,sparse,0,mars,1342.0,300.0,53,0,1,0,1,0,4,,,1777,1777,1980,1980
with_repeater,sparse,1,moon,1342.0,300.0,53,5,5,3,3,24,24,5.130966,106.183353,1777,1777,1980,1980
with_repeater,sparse,2,leo,1342.0,300.0,53,0,1,0,1,0,4,,,1777,1777,1980,1980
with_repeater,sparse,3,earth,1342.0,300.0,53,5,5,3,3,26,26,0.182301,61.595421,1777,1777,1980,1980
blackout_only,sparse,0,mars,1342.0,300.0,54,0,1,0,1,0,4,,,1777,1777,1980,1980
blackout_only,sparse,1,moon,1342.0,300.0,54,5,5,3,3,24,24,5.131099,106.175271,1777,1777,1980,1980
blackout_only,sparse,2,leo,1342.0,300.0,54,0,1,0,1,0,4,,,1777,1777,1980,1980
blackout_only,sparse,3,earth,1342.0,300.0,54,5,5,3,3,26,26,0.184619,61.645993,1777,1777,1980,1980
with_repeater,sparse,0,mars,1342.0,300.0,54,0,1,0,1,0,4,,,1777,1777,1980,1980
with_repeater,sparse,1,moon,1342.0,300.0,54,5,5,3,3,24,24,5.128543,106.170619,1777,1777,1980,1980
with_repeater,sparse,2,leo,1342.0,300.0,54,0,1,0,1,0,4,,,1777,1777,1980,1980
with_repeater,sparse,3,earth,1342.0,300.0,54,5,5,3,3,26,26,0.182689,61.641042,1777,1777,1980,1980
blackout_only,sparse,0,mars,1342.0,300.0,55,0,1,0,1,0,4,,,1777,1777,1980,1980
blackout_only,sparse,1,moon,1342.0,300.0,55,5,5,3,3,24,24,5.132720,106.169054,1777,1777,1980,1980
blackout_only,sparse,2,leo,1342.0,300.0,55,0,1,0,1,0,4,,,1777,1777,1980,1980
blackout_only,sparse,3,earth,1342.0,300.0,55,5,5,3,3,26,26,0.184140,61.661911,1777,1777,1980,1980
with_repeater,sparse,0,mars,1342.0,300.0,55,0,1,0,1,0,4,,,1777,1777,1980,1980
with_repeater,sparse,1,moon,1342.0,300.0,55,5,5,3,3,24,24,5.129045,106.166048,1777,1777,1980,1980
with_repeater,sparse,2,leo,1342.0,300.0,55,0,1,0,1,0,4,,,1777,1777,1980,1980
with_repeater,sparse,3,earth,1342.0,300.0,55,5,5,3,3,26,26,0.183541,61.658337,1777,1777,1980,1980
blackout_only,sparse,0,mars,1342.0,300.0,56,0,1,0,1,0,4,,,1777,1777,1980,1980
blackout_only,sparse,1,moon,1342.0,300.0,56,5,5,3,3,24,24,5.131335,106.156913,1777,1777,1980,1980
blackout_only,sparse,2,leo,1342.0,300.0,56,0,1,0,1,0,4,,,1777,1777,1980,1980
blackout_only,sparse,3,earth,1342.0,300.0,56,5,5,3,3,26,26,0.183458,61.660493,1777,1777,1980,1980
with_repeater,sparse,0,mars,1342.0,300.0,56,0,1,0,1,0,4,,,1777,1777,1980,1980
with_repeater,sparse,1,moon,1342.0,300.0,56,5,5,3,3,24,24,5.130977,106.200363,1777,1777,1980,1980
with_repeater,sparse,2,leo,1342.0,300.0,56,0,1,0,1,0,4,,,1777,1777,1980,1980
with_repeater,sparse,3,earth,1342.0,300.0,56,5,5,3,3,26,26,0.182169,61.634131,1777,1777,1980,1980
blackout_only,sparse,0,mars,1342.0,300.0,57,0,1,0,1,0,4,,,1778,1778,1980,1980
blackout_only,sparse,1,moon,1342.0,300.0,57,5,5,3,3,24,24,5.130031,106.201694,1778,1778,1980,1980
blackout_only,sparse,2,leo,1342.0,300.0,57,0,1,0,1,0,4,,,1778,1778,1980,1980
blackout_only,sparse,3,earth,1342.0,300.0,57,5,5,3,3,26,26,0.184076,61.652971,1778,1778,1980,1980
with_repeater,sparse,0,mars,1342.0,300.0,57,0,1,0,1,0,4,,,1777,1777,1980,1980
with_repeater,sparse,1,moon,1342.0,300.0,57,5,5,3,3,24,24,5.131376,106.209127,1777,1777,1980,1980
with_repeater,sparse,2,leo,1342.0,300.0,57,0,1,0,1,0,4,,,1777,1777,1980,1980
with_repeater,sparse,3,earth,1342.0,300.0,57,5,5,3,3,26,26,0.182909,61.658755,1777,1777,1980,1980
blackout_only,sparse,0,mars,1342.0,300.0,58,0,1,0,1,0,4,,,1777,1777,1980,1980
blackout_only,sparse,1,moon,1342.0,300.0,58,5,5,3,3,24,24,5.130652,106.186027,1777,1777,1980,1980
blackout_only,sparse,2,leo,1342.0,300.0,58,0,1,0,1,0,4,,,1777,1777,1980,1980
blackout_only,sparse,3,earth,1342.0,300.0,58,5,5,3,3,26,26,0.184742,61.699337,1777,1777,1980,1980
with_repeater,sparse,0,mars,1342.0,300.0,58,0,1,0,1,0,4,,,1777,1777,1980,1980
with_repeater,sparse,1,moon,1342.0,300.0,58,5,5,3,3,24,24,5.130135,106.185470,1777,1777,1980,1980
with_repeater,sparse,2,leo,1342.0,300.0,58,0,1,0,1,0,4,,,1777,1777,1980,1980
with_repeater,sparse,3,earth,1342.0,300.0,58,5,5,3,3,26,26,0.183443,61.707291,1777,1777,1980,1980
blackout_only,sparse,0,mars,1342.0,300.0,59,0,1,0,1,0,4,,,1777,1777,1980,1980
blackout_only,sparse,1,moon,1342.0,300.0,59,5,5,3,3,24,24,5.131494,106.164643,1777,1777,1980,1980
blackout_only,sparse,2,leo,1342.0,300.0,59,0,1,0,1,0,4,,,1777,1777,1980,1980
blackout_only,sparse,3,earth,1342.0,300.0,59,5,5,3,3,26,26,0.183491,61.657216,1777,1777,1980,1980
with_repeater,sparse,0,mars,1342.0,300.0,59,0,1,0,1,0,4,,,1778,1778,1980,1980
with_repeater,sparse,1,moon,1342.0,300.0,59,5,5,3,3,24,24,5.134210,106.179615,1778,1778,1980,1980
with_repeater,sparse,2,leo,1342.0,300.0,59,0,1,0,1,0,4,,,1778,1778,1980,1980
with_repeater,sparse,3,earth,1342.0,300.0,59,5,5,3,3,26,26,0.184974,61.652929,1778,1778,1980,1980
blackout_only,sparse,0,mars,1342.0,300.0,60,0,1,0,1,0,4,,,1777,1777,1980,1980
blackout_only,sparse,1,moon,1342.0,300.0,60,5,5,3,3,24,24,5.130312,106.206604,1777,1777,1980,1980
blackout_only,sparse,2,leo,1342.0,300.0,60,0,1,0,1,0,4,,,1777,1777,1980,1980
blackout_only,sparse,3,earth,1342.0,300.0,60,5,5,3,3,26,26,0.182797,61.646328,1777,1777,1980,1980
with_repeater,sparse,0,mars,1342.0,300.0,60,0,1,0,1,0,4,,,1777,1777,1980,1980
with_repeater,sparse,1,moon,1342.0,300.0,60,5,5,3,3,24,24,5.129609,106.153444,1777,1777,1980,1980
with_repeater,sparse,2,leo,1342.0,300.0,60,0,1,0,1,0,4,,,1777,1777,1980,1980
with_repeater,sparse,3,earth,1342.0,300.0,60,5,5,3,3,26,26,0.182560,61.661852,1777,1777,1980,1980
blackout_only,sparse,0,mars,1342.0,300.0,61,0,1,0,1,0,4,,,1777,1777,1980,1980
blackout_only,sparse,1,moon,1342.0,300.0,61,5,5,3,3,24,24,5.133465,106.195365,1777,1777,1980,1980
blackout_only,sparse,2,leo,1342.0,300.0,61,0,1,0,1,0,4,,,1777,1777,1980,1980
blackout_only,sparse,3,earth,1342.0,300.0,61,5,5,3,3,26,26,0.185113,61.681672,1777,1777,1980,1980
with_repeater,sparse,0,mars,1342.0,300.0,61,0,1,0,1,0,4,,,1778,1778,1980,1980
with_repeater,sparse,1,moon,1342.0,300.0,61,5,5,3,3,24,24,5.133284,106.206629,1778,1778,1980,1980
with_repeater,sparse,2,leo,1342.0,300.0,61,0,1,0,1,0,4,,,1778,1778,1980,1980
with_repeater,sparse,3,earth,1342.0,300.0,61,5,5,3,3,26,26,0.184156,61.620814,1778,1778,1980,1980
blackout_only,sparse,0,mars,1342.0,300.0,62,0,1,0,1,0,4,,,1777,1777,1980,1980
blackout_only,sparse,1,moon,1342.0,300.0,62,5,5,3,3,24,24,5.131085,106.158527,1777,1777,1980,1980
blackout_only,sparse,2,leo,1342.0,300.0,62,0,1,0,1,0,4,,,1777,1777,1980,1980
blackout_only,sparse,3,earth,1342.0,300.0,62,5,5,3,3,26,26,0.181807,61.655083,1777,1777,1980,1980
with_repeater,sparse,0,mars,1342.0,300.0,62,0,1,0,1,0,4,,,1777,1777,1980,1980
with_repeater,sparse,1,moon,1342.0,300.0,62,5,5,3,3,24,24,5.130758,106.209499,1777,1777,1980,1980
with_repeater,sparse,2,leo,1342.0,300.0,62,0,1,0,1,0,4,,,1777,1777,1980,1980
with_repeater,sparse,3,earth,1342.0,300.0,62,5,5,3,3,26,26,0.183847,61.630849,1777,1777,1980,1980
blackout_only,sparse,0,mars,1342.0,300.0,63,0,1,0,1,0,4,,,1778,1778,1980,1980
blackout_only,sparse,1,moon,1342.0,300.0,63,5,5,3,3,24,24,5.130956,106.173236,1778,1778,1980,1980
blackout_only,sparse,2,leo,1342.0,300.0,63,0,1,0,1,0,4,,,1778,1778,1980,1980
blackout_only,sparse,3,earth,1342.0,300.0,63,5,5,3,3,26,26,0.180735,61.607369,1778,1778,1980,1980
with_repeater,sparse,0,mars,1342.0,300.0,63,0,1,0,1,0,4,,,1778,1778,1980,1980
with_repeater,sparse,1,moon,1342.0,300.0,63,5,5,3,3,24,24,5.133890,106.174768,1778,1778,1980,1980
with_repeater,sparse,2,leo,1342.0,300.0,63,0,1,0,1,0,4,,,1778,1778,1980,1980
with_repeater,sparse,3,earth,1342.0,300.0,63,5,5,3,3,26,26,0.184096,61.660567,1778,1778,1980,1980
blackout_only,sparse,0,mars,1342.0,300.0,64,0,1,0,1,0,4,,,1777,1777,1980,1980
blackout_only,sparse,1,moon,1342.0,300.0,64,5,5,3,3,24,24,5.131129,106.204972,1777,1777,1980,1980
blackout_only,sparse,2,leo,1342.0,300.0,64,0,1,0,1,0,4,,,1777,1777,1980,1980
blackout_only,sparse,3,earth,1342.0,300.0,64,5,5,3,3,26,26,0.183531,61.665998,1777,1777,1980,1980
with_repeater,sparse,0,mars,1342.0,300.0,64,0,1,0,1,0,4,,,1777,1777,1980,1980
with_repeater,sparse,1,moon,1342.0,300.0,64,5,5,3,3,24,24,5.131121,106.155592,1777,1777,1980,1980
with_repeater,sparse,2,leo,1342.0,300.0,64,0,1,0,1,0,4,,,1777,1777,1980,1980
with_repeater,sparse,3,earth,1342.0,300.0,64,5,5,3,3,26,26,0.183677,61.656997,1777,1777,1980,1980
blackout_only,sparse,0,mars,1342.0,300.0,65,0,1,0,1,0,4,,,1777,1777,1980,1980
blackout_only,sparse,1,moon,1342.0,300.0,65,5,5,3,3,24,24,5.133651,106.193673,1777,1777,1980,1980
blackout_only,sparse,2,leo,1342.0,300.0,65,0,1,0,1,0,4,,,1777,1777,1980,1980
blackout_only,sparse,3,earth,1342.0,300.0,65,5,5,3,3,26,26,0.182948,61.667422,1777,1777,1980,1980
with_repeater,sparse,0,mars,1342.0,300.0,65,0,1,0,1,0,4,,,1778,1778,1980,1980
with_repeater,sparse,1,moon,1342.0,300.0,65,5,5,3,3,24,24,5.131484,106.186167,1778,1778,1980,1980
with_repeater,sparse,2,leo,1342.0,300.0,65,0,1,0,1,0,4,,,1778,1778,1980,1980
with_repeater,sparse,3,earth,1342.0,300.0,65,5,5,3,3,26,26,0.185423,61.657377,1778,1778,1980,1980
blackout_only,sparse,0,mars,1342.0,300.0,66,0,1,0,1,0,4,,,1777,1777,1980,1980
blackout_only,sparse,1,moon,1342.0,300.0,66,5,5,3,3,24,24,5.130061,106.143814,1777,1777,1980,1980
blackout_only,sparse,2,leo,1342.0,300.0,66,0,1,0,1,0,4,,,1777,1777,1980,1980
blackout_only,sparse,3,earth,1342.0,300.0,66,5,5,3,3,26,26,0.181553,61.625113,1777,1777,1980,1980
with_repeater,sparse,0,mars,1342.0,300.0,66,0,1,0,1,0,4,,,1777,1777,1980,1980
with_repeater,sparse,1,moon,1342.0,300.0,66,5,5,3,3,24,24,5.131395,106.154645,1777,1777,1980,1980
with_repeater,sparse,2,leo,1342.0,300.0,66,0,1,0,1,0,4,,,1777,1777,1980,1980
with_repeater,sparse,3,earth,1342.0,300.0,66,5,5,3,3,26,26,0.182981,61.634117,1777,1777,1980,1980
blackout_only,sparse,0,mars,1342.0,300.0,67,0,1,0,1,0,4,,,1777,1777,1980,1980
blackout_only,sparse,1,moon,1342.0,300.0,67,5,5,3,3,24,24,5.129403,106.177774,1777,1777,1980,1980
blackout_only,sparse,2,leo,1342.0,300.0,67,0,1,0,1,0,4,,,1777,1777,1980,1980
blackout_only,sparse,3,earth,1342.0,300.0,67,5,5,3,3,26,26,0.181743,61.600973,1777,1777,1980,1980
with_repeater,sparse,0,mars,1342.0,300.0,67,0,1,0,1,0,4,,,1777,1777,1980,1980
with_repeater,sparse,1,moon,1342.0,300.0,67,5,5,3,3,24,24,5.130180,106.153068,1777,1777,1980,1980
with_repeater,sparse,2,leo,1342.0,300.0,67,0,1,0,1,0,4,,,1777,1777,1980,1980
with_repeater,sparse,3,earth,1342.0,300.0,67,5,5,3,3,26,26,0.181907,61.587595,1777,1777,1980,1980
blackout_only,sparse,0,mars,1342.0,300.0,68,0,1,0,1,0,4,,,1777,1777,1980,1980
blackout_only,sparse,1,moon,1342.0,300.0,68,5,5,3,3,24,24,5.129056,106.153793,1777,1777,1980,1980
blackout_only,sparse,2,leo,1342.0,300.0,68,0,1,0,1,0,4,,,1777,1777,1980,1980
blackout_only,sparse,3,earth,1342.0,300.0,68,5,5,3,3,26,26,0.182153,61.646424,1777,1777,1980,1980
with_repeater,sparse,0,mars,1342.0,300.0,68,0,1,0,1,0,4,,,1777,1777,1980,1980
with_repeater,sparse,1,moon,1342.0,300.0,68,5,5,3,3,24,24,5.129649,106.156471,1777,1777,1980,1980
with_repeater,sparse,2,leo,1342.0,300.0,68,0,1,0,1,0,4,,,1777,1777,1980,1980
with_repeater,sparse,3,earth,1342.0,300.0,68,5,5,3,3,26,26,0.181255,61.625566,1777,1777,1980,1980
blackout_only,sparse,0,mars,1342.0,300.0,69,0,1,0,1,0,4,,,1777,1777,1980,1980
blackout_only,sparse,1,moon,1342.0,300.0,69,5,5,3,3,24,24,5.132489,106.161097,1777,1777,1980,1980
blackout_only,sparse,2,leo,1342.0,300.0,69,0,1,0,1,0,4,,,1777,1777,1980,1980
blackout_only,sparse,3,earth,1342.0,300.0,69,5,5,3,3,26,26,0.183378,61.625088,1777,1777,1980,1980
with_repeater,sparse,0,mars,1342.0,300.0,69,0,1,0,1,0,4,,,1777,1777,1980,1980
with_repeater,sparse,1,moon,1342.0,300.0,69,5,5,3,3,24,24,5.129973,106.158492,1777,1777,1980,1980
with_repeater,sparse,2,leo,1342.0,300.0,69,0,1,0,1,0,4,,,1777,1777,1980,1980
with_repeater,sparse,3,earth,1342.0,300.0,69,5,5,3,3,26,26,0.185269,61.684029,1777,1777,1980,1980
blackout_only,sparse,0,mars,1342.0,300.0,70,0,1,0,1,0,4,,,1777,1777,1980,1980
blackout_only,sparse,1,moon,1342.0,300.0,70,5,5,3,3,24,24,5.130699,106.166758,1777,1777,1980,1980
blackout_only,sparse,2,leo,1342.0,300.0,70,0,1,0,1,0,4,,,1777,1777,1980,1980
blackout_only,sparse,3,earth,1342.0,300.0,70,5,5,3,3,26,26,0.181244,61.661743,1777,1777,1980,1980
with_repeater,sparse,0,mars,1342.0,300.0,70,0,1,0,1,0,4,,,1777,1777,1980,1980
with_repeater,sparse,1,moon,1342.0,300.0,70,5,5,3,3,24,24,5.132526,106.204140,1777,1777,1980,1980
with_repeater,sparse,2,leo,1342.0,300.0,70,0,1,0,1,0,4,,,1777,1777,1980,1980
with_repeater,sparse,3,earth,1342.0,300.0,70,5,5,3,3,26,26,0.186605,61.678527,1777,1777,1980,1980
blackout_only,sparse,0,mars,1342.0,300.0,71,0,1,0,1,0,4,,,1777,1777,1980,1980
blackout_only,sparse,1,moon,1342.0,300.0,71,5,5,3,3,24,24,5.129837,106.171394,1777,1777,1980,1980
blackout_only,sparse,2,leo,1342.0,300.0,71,0,1,0,1,0,4,,,1777,1777,1980,1980
blackout_only,sparse,3,earth,1342.0,300.0,71,5,5,3,3,26,26,0.184733,61.643493,1777,1777,1980,1980
with_repeater,sparse,0,mars,1342.0,300.0,71,0,1,0,1,0,4,,,1777,1777,1980,1980
with_repeater,sparse,1,moon,1342.0,300.0,71,5,5,3,3,24,24,5.132801,106.181329,1777,1777,1980,1980
with_repeater,sparse,2,leo,1342.0,300.0,71,0,1,0,1,0,4,,,1777,1777,1980,1980
with_repeater,sparse,3,earth,1342.0,300.0,71,5,5,3,3,26,26,0.182566,61.638736,1777,1777,1980,1980
blackout_only,sparse,0,mars,1342.0,300.0,72,0,1,0,1,0,4,,,1777,1777,1980,1980
blackout_only,sparse,1,moon,1342.0,300.0,72,5,5,3,3,24,24,5.131751,106.133217,1777,1777,1980,1980
blackout_only,sparse,2,leo,1342.0,300.0,72,0,1,0,1,0,4,,,1777,1777,1980,1980
blackout_only,sparse,3,earth,1342.0,300.0,72,5,5,3,3,26,26,0.184672,61.674637,1777,1777,1980,1980
with_repeater,sparse,0,mars,1342.0,300.0,72,0,1,0,1,0,4,,,1777,1777,1980,1980
with_repeater,sparse,1,moon,1342.0,300.0,72,5,5,3,3,24,24,5.130316,106.172539,1777,1777,1980,1980
with_repeater,sparse,2,leo,1342.0,300.0,72,0,1,0,1,0,4,,,1777,1777,1980,1980
with_repeater,sparse,3,earth,1342.0,300.0,72,5,5,3,3,26,26,0.182078,61.649484,1777,1777,1980,1980
blackout_only,sparse,0,mars,1342.0,300.0,73,0,1,0,1,0,4,,,1777,1777,1980,1980
blackout_only,sparse,1,moon,1342.0,300.0,73,5,5,3,3,24,24,5.132070,106.165313,1777,1777,1980,1980
blackout_only,sparse,2,leo,1342.0,300.0,73,0,1,0,1,0,4,,,1777,1777,1980,1980
blackout_only,sparse,3,earth,1342.0,300.0,73,5,5,3,3,26,26,0.182394,61.608308,1777,1777,1980,1980
with_repeater,sparse,0,mars,1342.0,300.0,73,0,1,0,1,0,4,,,1777,1777,1980,1980
with_repeater,sparse,1,moon,1342.0,300.0,73,5,5,3,3,24,24,5.129321,106.171528,1777,1777,1980,1980
with_repeater,sparse,2,leo,1342.0,300.0,73,0,1,0,1,0,4,,,1777,1777,1980,1980
with_repeater,sparse,3,earth,1342.0,300.0,73,5,5,3,3,26,26,0.182121,61.605002,1777,1777,1980,1980
blackout_only,sparse,0,mars,1342.0,300.0,74,0,1,0,1,0,4,,,1777,1777,1980,1980
blackout_only,sparse,1,moon,1342.0,300.0,74,5,5,3,3,24,24,5.130797,106.179128,1777,1777,1980,1980
blackout_only,sparse,2,leo,1342.0,300.0,74,0,1,0,1,0,4,,,1777,1777,1980,1980
blackout_only,sparse,3,earth,1342.0,300.0,74,5,5,3,3,26,26,0.182703,61.684525,1777,1777,1980,1980
with_repeater,sparse,0,mars,1342.0,300.0,74,0,1,0,1,0,4,,,1777,1777,1980,1980
with_repeater,sparse,1,moon,1342.0,300.0,74,5,5,3,3,24,24,5.132358,106.195036,1777,1777,1980,1980
with_repeater,sparse,2,leo,1342.0,300.0,74,0,1,0,1,0,4,,,1777,1777,1980,1980
with_repeater,sparse,3,earth,1342.0,300.0,74,5,5,3,3,26,26,0.180755,61.618722,1777,1777,1980,1980
blackout_only,sparse,0,mars,1342.0,300.0,75,0,1,0,1,0,4,,,1778,1778,1980,1980
blackout_only,sparse,1,moon,1342.0,300.0,75,5,5,3,3,24,24,5.131071,106.181689,1778,1778,1980,1980
blackout_only,sparse,2,leo,1342.0,300.0,75,0,1,0,1,0,4,,,1778,1778,1980,1980
blackout_only,sparse,3,earth,1342.0,300.0,75,5,5,3,3,26,26,0.182712,61.670703,1778,1778,1980,1980
with_repeater,sparse,0,mars,1342.0,300.0,75,0,1,0,1,0,4,,,1777,1777,1980,1980
with_repeater,sparse,1,moon,1342.0,300.0,75,5,5,3,3,24,24,5.132755,106.197553,1777,1777,1980,1980
with_repeater,sparse,2,leo,1342.0,300.0,75,0,1,0,1,0,4,,,1777,1777,1980,1980
with_repeater,sparse,3,earth,1342.0,300.0,75,5,5,3,3,26,26,0.181350,61.638186,1777,1777,1980,1980
blackout_only,sparse,0,mars,1342.0,300.0,76,0,1,0,1,0,4,,,1777,1777,1980,1980
blackout_only,sparse,1,moon,1342.0,300.0,76,5,5,3,3,24,24,5.134523,106.229706,1777,1777,1980,1980
blackout_only,sparse,2,leo,1342.0,300.0,76,0,1,0,1,0,4,,,1777,1777,1980,1980
blackout_only,sparse,3,earth,1342.0,300.0,76,5,5,3,3,26,26,0.184898,61.657107,1777,1777,1980,1980
with_repeater,sparse,0,mars,1342.0,300.0,76,0,1,0,1,0,4,,,1777,1777,1980,1980
with_repeater,sparse,1,moon,1342.0,300.0,76,5,5,3,3,24,24,5.131817,106.197907,1777,1777,1980,1980
with_repeater,sparse,2,leo,1342.0,300.0,76,0,1,0,1,0,4,,,1777,1777,1980,1980
with_repeater,sparse,3,earth,1342.0,300.0,76,5,5,3,3,26,26,0.183541,61.669820,1777,1777,1980,1980
blackout_only,sparse,0,mars,1342.0,300.0,77,0,1,0,1,0,4,,,1777,1777,1980,1980
blackout_only,sparse,1,moon,1342.0,300.0,77,5,5,3,3,24,24,5.130792,106.144394,1777,1777,1980,1980
blackout_only,sparse,2,leo,1342.0,300.0,77,0,1,0,1,0,4,,,1777,1777,1980,1980
blackout_only,sparse,3,earth,1342.0,300.0,77,5,5,3,3,26,26,0.182936,61.631811,1777,1777,1980,1980
with_repeater,sparse,0,mars,1342.0,300.0,77,0,1,0,1,0,4,,,1777,1777,1980,1980
with_repeater,sparse,1,moon,1342.0,300.0,77,5,5,3,3,24,24,5.130833,106.149866,1777,1777,1980,1980
with_repeater,sparse,2,leo,1342.0,300.0,77,0,1,0,1,0,4,,,1777,1777,1980,1980
with_repeater,sparse,3,earth,1342.0,300.0,77,5,5,3,3,26,26,0.182714,61.614230,1777,1777,1980,1980
blackout_only,sparse,0,mars,1342.0,300.0,78,0,1,0,1,0,4,,,1777,1777,1980,1980
blackout_only,sparse,1,moon,1342.0,300.0,78,5,5,3,3,24,24,5.131435,106.203689,1777,1777,1980,1980
blackout_only,sparse,2,leo,1342.0,300.0,78,0,1,0,1,0,4,,,1777,1777,1980,1980
blackout_only,sparse,3,earth,1342.0,300.0,78,5,5,3,3,26,26,0.180068,61.602925,1777,1777,1980,1980
with_repeater,sparse,0,mars,1342.0,300.0,78,0,1,0,1,0,4,,,1777,1777,1980,1980
with_repeater,sparse,1,moon,1342.0,300.0,78,5,5,3,3,24,24,5.132146,106.221917,1777,1777,1980,1980
with_repeater,sparse,2,leo,1342.0,300.0,78,0,1,0,1,0,4,,,1777,1777,1980,1980
with_repeater,sparse,3,earth,1342.0,300.0,78,5,5,3,3,26,26,0.182031,61.631179,1777,1777,1980,1980
blackout_only,sparse,0,mars,1342.0,300.0,79,0,1,0,1,0,4,,,1777,1777,1980,1980
blackout_only,sparse,1,moon,1342.0,300.0,79,5,5,3,3,24,24,5.130272,106.209864,1777,1777,1980,1980
blackout_only,sparse,2,leo,1342.0,300.0,79,0,1,0,1,0,4,,,1777,1777,1980,1980
blackout_only,sparse,3,earth,1342.0,300.0,79,5,5,3,3,26,26,0.182279,61.656364,1777,1777,1980,1980
with_repeater,sparse,0,mars,1342.0,300.0,79,0,1,0,1,0,4,,,1777,1777,1980,1980
with_repeater,sparse,1,moon,1342.0,300.0,79,5,5,3,3,24,24,5.130630,106.197975,1777,1777,1980,1980
with_repeater,sparse,2,leo,1342.0,300.0,79,0,1,0,1,0,4,,,1777,1777,1980,1980
with_repeater,sparse,3,earth,1342.0,300.0,79,5,5,3,3,26,26,0.181282,61.640813,1777,1777,1980,1980
blackout_only,sparse,0,mars,1342.0,300.0,80,0,1,0,1,0,4,,,1777,1777,1980,1980
blackout_only,sparse,1,moon,1342.0,300.0,80,5,5,3,3,24,24,5.131546,106.216341,1777,1777,1980,1980
blackout_only,sparse,2,leo,1342.0,300.0,80,0,1,0,1,0,4,,,1777,1777,1980,1980
blackout_only,sparse,3,earth,1342.0,300.0,80,5,5,3,3,26,26,0.182852,61.630047,1777,1777,1980,1980
with_repeater,sparse,0,mars,1342.0,300.0,80,0,1,0,1,0,4,,,1777,1777,1980,1980
with_repeater,sparse,1,moon,1342.0,300.0,80,5,5,3,3,24,24,5.132658,106.223843,1777,1777,1980,1980
with_repeater,sparse,2,leo,1342.0,300.0,80,0,1,0,1,0,4,,,1777,1777,1980,1980
with_repeater,sparse,3,earth,1342.0,300.0,80,5,5,3,3,26,26,0.181789,61.632807,1777,1777,1980,1980
blackout_only,sparse,0,mars,1342.0,300.0,81,0,1,0,1,0,4,,,1777,1777,1980,1980
blackout_only,sparse,1,moon,1342.0,300.0,81,5,5,3,3,24,24,5.132217,106.188905,1777,1777,1980,1980
blackout_only,sparse,2,leo,1342.0,300.0,81,0,1,0,1,0,4,,,1777,1777,1980,1980
blackout_only,sparse,3,earth,1342.0,300.0,81,5,5,3,3,26,26,0.181529,61.614039,1777,1777,1980,1980
with_repeater,sparse,0,mars,1342.0,300.0,81,0,1,0,1,0,4,,,1777,1777,1980,1980
with_repeater,sparse,1,moon,1342.0,300.0,81,5,5,3,3,24,24,5.132836,106.204904,1777,1777,1980,1980
with_repeater,sparse,2,leo,1342.0,300.0,81,0,1,0,1,0,4,,,1777,1777,1980,1980
with_repeater,sparse,3,earth,1342.0,300.0,81,5,5,3,3,26,26,0.182954,61.627051,1777,1777,1980,1980
blackout_only,sparse,0,mars,1342.0,300.0,82,0,1,0,1,0,4,,,1778,1778,1980,1980
blackout_only,sparse,1,moon,1342.0,300.0,82,5,5,3,3,24,24,5.131605,106.173757,1778,1778,1980,1980
blackout_only,sparse,2,leo,1342.0,300.0,82,0,1,0,1,0,4,,,1778,1778,1980,1980
blackout_only,sparse,3,earth,1342.0,300.0,82,5,5,3,3,26,26,0.182236,61.620091,1778,1778,1980,1980
with_repeater,sparse,0,mars,1342.0,300.0,82,0,1,0,1,0,4,,,1777,1777,1980,1980
with_repeater,sparse,1,moon,1342.0,300.0,82,5,5,3,3,24,24,5.133256,106.229438,1777,1777,1980,1980
with_repeater,sparse,2,leo,1342.0,300.0,82,0,1,0,1,0,4,,,1777,1777,1980,1980
with_repeater,sparse,3,earth,1342.0,300.0,82,5,5,3,3,26,26,0.183332,61.645646,1777,1777,1980,1980
blackout_only,sparse,0,mars,1342.0,300.0,83,0,1,0,1,0,4,,,1777,1777,1980,1980
blackout_only,sparse,1,moon,1342.0,300.0,83,5,5,3,3,24,24,5.131519,106.185886,1777,1777,1980,1980
blackout_only,sparse,2,leo,1342.0,300.0,83,0,1,0,1,0,4,,,1777,1777,1980,1980
blackout_only,sparse,3,earth,1342.0,300.0,83,5,5,3,3,26,26,0.183584,61.674934,1777,1777,1980,1980
with_repeater,sparse,0,mars,1342.0,300.0,83,0,1,0,1,0,4,,,1777,1777,1980,1980
with_repeater,sparse,1,moon,1342.0,300.0,83,5,5,3,3,24,24,5.131245,106.186461,1777,1777,1980,1980
with_repeater,sparse,2,leo,1342.0,300.0,83,0,1,0,1,0,4,,,1777,1777,1980,1980
with_repeater,sparse,3,earth,1342.0,300.0,83,5,5,3,3,26,26,0.182508,61.641368,1777,1777,1980,1980
blackout_only,sparse,0,mars,1342.0,300.0,84,0,1,0,1,0,4,,,1777,1777,1980,1980
blackout_only,sparse,1,moon,1342.0,300.0,84,5,5,3,3,24,24,5.133259,106.232926,1777,1777,1980,1980
blackout_only,sparse,2,leo,1342.0,300.0,84,0,1,0,1,0,4,,,1777,1777,1980,1980
blackout_only,sparse,3,earth,1342.0,300.0,84,5,5,3,3,26,26,0.180431,61.605195,1777,1777,1980,1980
with_repeater,sparse,0,mars,1342.0,300.0,84,0,1,0,1,0,4,,,1777,1777,1980,1980
with_repeater,sparse,1,moon,1342.0,300.0,84,5,5,3,3,24,24,5.131550,106.220068,1777,1777,1980,1980
with_repeater,sparse,2,leo,1342.0,300.0,84,0,1,0,1,0,4,,,1777,1777,1980,1980
with_repeater,sparse,3,earth,1342.0,300.0,84,5,5,3,3,26,26,0.181580,61.612809,1777,1777,1980,1980
blackout_only,sparse,0,mars,1342.0,300.0,85,0,1,0,1,0,4,,,1777,1777,1980,1980
blackout_only,sparse,1,moon,1342.0,300.0,85,5,5,3,3,24,24,5.129951,106.194553,1777,1777,1980,1980
blackout_only,sparse,2,leo,1342.0,300.0,85,0,1,0,1,0,4,,,1777,1777,1980,1980
blackout_only,sparse,3,earth,1342.0,300.0,85,5,5,3,3,26,26,0.183784,61.633073,1777,1777,1980,1980
with_repeater,sparse,0,mars,1342.0,300.0,85,0,1,0,1,0,4,,,1777,1777,1980,1980
with_repeater,sparse,1,moon,1342.0,300.0,85,5,5,3,3,24,24,5.132089,106.177071,1777,1777,1980,1980
with_repeater,sparse,2,leo,1342.0,300.0,85,0,1,0,1,0,4,,,1777,1777,1980,1980
with_repeater,sparse,3,earth,1342.0,300.0,85,5,5,3,3,26,26,0.182356,61.611699,1777,1777,1980,1980
blackout_only,sparse,0,mars,1342.0,300.0,86,0,1,0,1,0,4,,,1777,1777,1980,1980
blackout_only,sparse,1,moon,1342.0,300.0,86,5,5,3,3,24,24,5.130912,106.185003,1777,1777,1980,1980
blackout_only,sparse,2,leo,1342.0,300.0,86,0,1,0,1,0,4,,,1777,1777,1980,1980
blackout_only,sparse,3,earth,1342.0,300.0,86,5,5,3,3,26,26,0.187438,61.701040,1777,1777,1980,1980
with_repeater,sparse,0,mars,1342.0,300.0,86,0,1,0,1,0,4,,,1777,1777,1980,1980
with_repeater,sparse,1,moon,1342.0,300.0,86,5,5,3,3,24,24,5.133867,106.195982,1777,1777,1980,1980
with_repeater,sparse,2,leo,1342.0,300.0,86,0,1,0,1,0,4,,,1777,1777,1980,1980
with_repeater,sparse,3,earth,1342.0,300.0,86,5,5,3,3,26,26,0.182469,61.673885,1777,1777,1980,1980
blackout_only,sparse,0,mars,1342.0,300.0,87,0,1,0,1,0,4,,,1778,1778,1980,1980
blackout_only,sparse,1,moon,1342.0,300.0,87,5,5,3,3,24,24,5.129525,106.184985,1778,1778,1980,1980
blackout_only,sparse,2,leo,1342.0,300.0,87,0,1,0,1,0,4,,,1778,1778,1980,1980
blackout_only,sparse,3,earth,1342.0,300.0,87,5,5,3,3,26,26,0.180545,61.643161,1778,1778,1980,1980
with_repeater,sparse,0,mars,1342.0,300.0,87,0,1,0,1,0,4,,,1777,1777,1980,1980
with_repeater,sparse,1,moon,1342.0,300.0,87,5,5,3,3,24,24,5.127265,106.182165,1777,1777,1980,1980
with_repeater,sparse,2,leo,1342.0,300.0,87,0,1,0,1,0,4,,,1777,1777,1980,1980
with_repeater,sparse,3,earth,1342.0,300.0,87,5,5,3,3,26,26,0.181804,61.630520,1777,1777,1980,1980
blackout_only,sparse,0,mars,1342.0,300.0,88,0,1,0,1,0,4,,,1777,1777,1980,1980
blackout_only,sparse,1,moon,1342.0,300.0,88,5,5,3,3,24,24,5.132868,106.172180,1777,1777,1980,1980
blackout_only,sparse,2,leo,1342.0,300.0,88,0,1,0,1,0,4,,,1777,1777,1980,1980
blackout_only,sparse,3,earth,1342.0,300.0,88,5,5,3,3,26,26,0.181527,61.636173,1777,1777,1980,1980
with_repeater,sparse,0,mars,1342.0,300.0,88,0,1,0,1,0,4,,,1778,1778,1980,1980
with_repeater,sparse,1,moon,1342.0,300.0,88,5,5,3,3,24,24,5.133022,106.193393,1778,1778,1980,1980
with_repeater,sparse,2,leo,1342.0,300.0,88,0,1,0,1,0,4,,,1778,1778,1980,1980
with_repeater,sparse,3,earth,1342.0,300.0,88,5,5,3,3,26,26,0.183839,61.661247,1778,1778,1980,1980
blackout_only,sparse,0,mars,1342.0,300.0,89,0,1,0,1,0,4,,,1777,1777,1980,1980
blackout_only,sparse,1,moon,1342.0,300.0,89,5,5,3,3,24,24,5.131733,106.164729,1777,1777,1980,1980
blackout_only,sparse,2,leo,1342.0,300.0,89,0,1,0,1,0,4,,,1777,1777,1980,1980
blackout_only,sparse,3,earth,1342.0,300.0,89,5,5,3,3,26,26,0.183440,61.676466,1777,1777,1980,1980
with_repeater,sparse,0,mars,1342.0,300.0,89,0,1,0,1,0,4,,,1777,1777,1980,1980
with_repeater,sparse,1,moon,1342.0,300.0,89,5,5,3,3,24,24,5.130156,106.165314,1777,1777,1980,1980
with_repeater,sparse,2,leo,1342.0,300.0,89,0,1,0,1,0,4,,,1777,1777,1980,1980
with_repeater,sparse,3,earth,1342.0,300.0,89,5,5,3,3,26,26,0.182661,61.651367,1777,1777,1980,1980
blackout_only,sparse,0,mars,1342.0,900.0,40,0,1,0,2,0,3,,,1777,1777,1980,1980
blackout_only,sparse,1,moon,1342.0,900.0,40,5,5,7,7,20,20,5.130174,6.698081,1777,1777,1980,1980
blackout_only,sparse,2,leo,1342.0,900.0,40,0,1,0,2,0,3,,,1777,1777,1980,1980
blackout_only,sparse,3,earth,1342.0,900.0,40,5,5,8,8,21,21,0.184355,62.564616,1777,1777,1980,1980
with_repeater,sparse,0,mars,1342.0,900.0,40,0,1,0,2,0,3,,,1777,1777,1980,1980
with_repeater,sparse,1,moon,1342.0,900.0,40,5,5,7,7,20,20,5.131101,6.681549,1777,1777,1980,1980
with_repeater,sparse,2,leo,1342.0,900.0,40,0,1,0,2,0,3,,,1777,1777,1980,1980
with_repeater,sparse,3,earth,1342.0,900.0,40,5,5,8,8,21,21,0.182672,62.547590,1777,1777,1980,1980
blackout_only,sparse,0,mars,1342.0,900.0,41,0,1,0,2,0,3,,,1777,1777,1980,1980
blackout_only,sparse,1,moon,1342.0,900.0,41,5,5,7,7,20,20,5.133056,6.750371,1777,1777,1980,1980
blackout_only,sparse,2,leo,1342.0,900.0,41,0,1,0,2,0,3,,,1777,1777,1980,1980
blackout_only,sparse,3,earth,1342.0,900.0,41,5,5,8,8,21,21,0.183082,62.575246,1777,1777,1980,1980
with_repeater,sparse,0,mars,1342.0,900.0,41,0,1,0,2,0,3,,,1777,1777,1980,1980
with_repeater,sparse,1,moon,1342.0,900.0,41,5,5,7,7,20,20,5.132936,6.704987,1777,1777,1980,1980
with_repeater,sparse,2,leo,1342.0,900.0,41,0,1,0,2,0,3,,,1777,1777,1980,1980
with_repeater,sparse,3,earth,1342.0,900.0,41,5,5,8,8,21,21,0.181541,62.582829,1777,1777,1980,1980
blackout_only,sparse,0,mars,1342.0,900.0,42,0,1,0,2,0,3,,,1777,1777,1980,1980
blackout_only,sparse,1,moon,1342.0,900.0,42,5,5,7,7,20,20,5.132559,6.731732,1777,1777,1980,1980
blackout_only,sparse,2,leo,1342.0,900.0,42,0,1,0,2,0,3,,,1777,1777,1980,1980
blackout_only,sparse,3,earth,1342.0,900.0,42,5,5,8,8,21,21,0.180002,62.538462,1777,1777,1980,1980
with_repeater,sparse,0,mars,1342.0,900.0,42,0,1,0,2,0,3,,,1777,1777,1980,1980
with_repeater,sparse,1,moon,1342.0,900.0,42,5,5,7,7,20,20,5.131386,6.658166,1777,1777,1980,1980
with_repeater,sparse,2,leo,1342.0,900.0,42,0,1,0,2,0,3,,,1777,1777,1980,1980
with_repeater,sparse,3,earth,1342.0,900.0,42,5,5,8,8,21,21,0.184737,62.599374,1777,1777,1980,1980
blackout_only,sparse,0,mars,1342.0,900.0,43,0,1,0,2,0,3,,,1777,1777,1980,1980
blackout_only,sparse,1,moon,1342.0,900.0,43,5,5,7,7,20,20,5.131755,6.699165,1777,1777,1980,1980
blackout_only,sparse,2,leo,1342.0,900.0,43,0,1,0,2,0,3,,,1777,1777,1980,1980
blackout_only,sparse,3,earth,1342.0,900.0,43,5,5,8,8,21,21,0.182999,62.563041,1777,1777,1980,1980
with_repeater,sparse,0,mars,1342.0,900.0,43,0,1,0,2,0,3,,,1777,1777,1980,1980
with_repeater,sparse,1,moon,1342.0,900.0,43,5,5,7,7,20,20,5.132164,6.699174,1777,1777,1980,1980
with_repeater,sparse,2,leo,1342.0,900.0,43,0,1,0,2,0,3,,,1777,1777,1980,1980
with_repeater,sparse,3,earth,1342.0,900.0,43,5,5,8,8,21,21,0.183377,62.576517,1777,1777,1980,1980
blackout_only,sparse,0,mars,1342.0,900.0,44,0,1,0,2,0,3,,,1777,1777,1980,1980
blackout_only,sparse,1,moon,1342.0,900.0,44,5,5,7,7,20,20,5.131071,6.702076,1777,1777,1980,1980
blackout_only,sparse,2,leo,1342.0,900.0,44,0,1,0,2,0,3,,,1777,1777,1980,1980
blackout_only,sparse,3,earth,1342.0,900.0,44,5,5,8,8,21,21,0.181991,62.539488,1777,1777,1980,1980
with_repeater,sparse,0,mars,1342.0,900.0,44,0,1,0,2,0,3,,,1778,1778,1980,1980
with_repeater,sparse,1,moon,1342.0,900.0,44,5,5,7,7,20,20,5.132715,6.740357,1778,1778,1980,1980
with_repeater,sparse,2,leo,1342.0,900.0,44,0,1,0,2,0,3,,,1778,1778,1980,1980
with_repeater,sparse,3,earth,1342.0,900.0,44,5,5,8,8,21,21,0.183410,62.562137,1778,1778,1980,1980
blackout_only,sparse,0,mars,1342.0,900.0,45,0,1,0,2,0,3,,,1777,1777,1980,1980
blackout_only,sparse,1,moon,1342.0,900.0,45,5,5,7,7,20,20,5.131764,6.732020,1777,1777,1980,1980
blackout_only,sparse,2,leo,1342.0,900.0,45,0,1,0,2,0,3,,,1777,1777,1980,1980
blackout_only,sparse,3,earth,1342.0,900.0,45,5,5,8,8,21,21,0.185897,62.583515,1777,1777,1980,1980
with_repeater,sparse,0,mars,1342.0,900.0,45,0,1,0,2,0,3,,,1777,1777,1980,1980
with_repeater,sparse,1,moon,1342.0,900.0,45,5,5,7,7,20,20,5.130786,6.679829,1777,1777,1980,1980
with_repeater,sparse,2,leo,1342.0,900.0,45,0,1,0,2,0,3,,,1777,1777,1980,1980
with_repeater,sparse,3,earth,1342.0,900.0,45,5,5,8,8,21,21,0.183676,62.564353,1777,1777,1980,1980
blackout_only,sparse,0,mars,1342.0,900.0,46,0,1,0,2,0,3,,,1777,1777,1980,1980
blackout_only,sparse,1,moon,1342.0,900.0,46,5,5,7,7,20,20,5.130564,6.663814,1777,1777,1980,1980
blackout_only,sparse,2,leo,1342.0,900.0,46,0,1,0,2,0,3,,,1777,1777,1980,1980
blackout_only,sparse,3,earth,1342.0,900.0,46,5,5,8,8,21,21,0.182388,62.558107,1777,1777,1980,1980
with_repeater,sparse,0,mars,1342.0,900.0,46,0,1,0,2,0,3,,,1777,1777,1980,1980
with_repeater,sparse,1,moon,1342.0,900.0,46,5,5,7,7,20,20,5.130568,6.686913,1777,1777,1980,1980
with_repeater,sparse,2,leo,1342.0,900.0,46,0,1,0,2,0,3,,,1777,1777,1980,1980
with_repeater,sparse,3,earth,1342.0,900.0,46,5,5,8,8,21,21,0.181540,62.524102,1777,1777,1980,1980
blackout_only,sparse,0,mars,1342.0,900.0,47,0,1,0,2,0,3,,,1777,1777,1980,1980
blackout_only,sparse,1,moon,1342.0,900.0,47,5,5,7,7,20,20,5.129957,6.693895,1777,1777,1980,1980
blackout_only,sparse,2,leo,1342.0,900.0,47,0,1,0,2,0,3,,,1777,1777,1980,1980
blackout_only,sparse,3,earth,1342.0,900.0,47,5,5,8,8,21,21,0.184152,62.577753,1777,1777,1980,1980
with_repeater,sparse,0,mars,1342.0,900.0,47,0,1,0,2,0,3,,,1778,1778,1980,1980
with_repeater,sparse,1,moon,1342.0,900.0,47,5,5,7,7,20,20,5.129873,6.679258,1778,1778,1980,1980
with_repeater,sparse,2,leo,1342.0,900.0,47,0,1,0,2,0,3,,,1778,1778,1980,1980
with_repeater,sparse,3,earth,1342.0,900.0,47,5,5,8,8,21,21,0.183105,62.550125,1778,1778,1980,1980
blackout_only,sparse,0,mars,1342.0,900.0,48,0,1,0,2,0,3,,,1777,1777,1980,1980
blackout_only,sparse,1,moon,1342.0,900.0,48,5,5,7,7,20,20,5.133299,6.744743,1777,1777,1980,1980
blackout_only,sparse,2,leo,1342.0,900.0,48,0,1,0,2,0,3,,,1777,1777,1980,1980
blackout_only,sparse,3,earth,1342.0,900.0,48,5,5,8,8,21,21,0.182215,62.549080,1777,1777,1980,1980
with_repeater,sparse,0,mars,1342.0,900.0,48,0,1,0,2,0,3,,,1777,1777,1980,1980
with_repeater,sparse,1,moon,1342.0,900.0,48,5,5,7,7,20,20,5.132534,6.739977,1777,1777,1980,1980
with_repeater,sparse,2,leo,1342.0,900.0,48,0,1,0,2,0,3,,,1777,1777,1980,1980
with_repeater,sparse,3,earth,1342.0,900.0,48,5,5,8,8,21,21,0.182724,62.558142,1777,1777,1980,1980
blackout_only,sparse,0,mars,1342.0,900.0,49,0,1,0,2,0,3,,,1778,1778,1980,1980
blackout_only,sparse,1,moon,1342.0,900.0,49,5,5,7,7,20,20,5.132725,6.736466,1778,1778,1980,1980
blackout_only,sparse,2,leo,1342.0,900.0,49,0,1,0,2,0,3,,,1778,1778,1980,1980
blackout_only,sparse,3,earth,1342.0,900.0,49,5,5,8,8,21,21,0.184144,62.580655,1778,1778,1980,1980
with_repeater,sparse,0,mars,1342.0,900.0,49,0,1,0,2,0,3,,,1777,1777,1980,1980
with_repeater,sparse,1,moon,1342.0,900.0,49,5,5,7,7,20,20,5.131003,6.739271,1777,1777,1980,1980
with_repeater,sparse,2,leo,1342.0,900.0,49,0,1,0,2,0,3,,,1777,1777,1980,1980
with_repeater,sparse,3,earth,1342.0,900.0,49,5,5,8,8,21,21,0.183937,62.559679,1777,1777,1980,1980
blackout_only,sparse,0,mars,1342.0,900.0,50,0,1,0,2,0,3,,,1777,1777,1980,1980
blackout_only,sparse,1,moon,1342.0,900.0,50,5,5,7,7,20,20,5.131365,6.717036,1777,1777,1980,1980
blackout_only,sparse,2,leo,1342.0,900.0,50,0,1,0,2,0,3,,,1777,1777,1980,1980
blackout_only,sparse,3,earth,1342.0,900.0,50,5,5,8,8,21,21,0.181499,62.529210,1777,1777,1980,1980
with_repeater,sparse,0,mars,1342.0,900.0,50,0,1,0,2,0,3,,,1777,1777,1980,1980
with_repeater,sparse,1,moon,1342.0,900.0,50,5,5,7,7,20,20,5.128265,6.644946,1777,1777,1980,1980
with_repeater,sparse,2,leo,1342.0,900.0,50,0,1,0,2,0,3,,,1777,1777,1980,1980
with_repeater,sparse,3,earth,1342.0,900.0,50,5,5,8,8,21,21,0.182760,62.540385,1777,1777,1980,1980
blackout_only,sparse,0,mars,1342.0,900.0,51,0,1,0,2,0,3,,,1777,1777,1980,1980
blackout_only,sparse,1,moon,1342.0,900.0,51,5,5,7,7,20,20,5.130432,6.682023,1777,1777,1980,1980
blackout_only,sparse,2,leo,1342.0,900.0,51,0,1,0,2,0,3,,,1777,1777,1980,1980
blackout_only,sparse,3,earth,1342.0,900.0,51,5,5,8,8,21,21,0.183637,62.584946,1777,1777,1980,1980
with_repeater,sparse,0,mars,1342.0,900.0,51,0,1,0,2,0,3,,,1777,1777,1980,1980
with_repeater,sparse,1,moon,1342.0,900.0,51,5,5,7,7,20,20,5.128595,6.681418,1777,1777,1980,1980
with_repeater,sparse,2,leo,1342.0,900.0,51,0,1,0,2,0,3,,,1777,1777,1980,1980
with_repeater,sparse,3,earth,1342.0,900.0,51,5,5,8,8,21,21,0.181918,62.538904,1777,1777,1980,1980
blackout_only,sparse,0,mars,1342.0,900.0,52,0,1,0,2,0,3,,,1777,1777,1980,1980
blackout_only,sparse,1,moon,1342.0,900.0,52,5,5,7,7,20,20,5.132429,6.690038,1777,1777,1980,1980
blackout_only,sparse,2,leo,1342.0,900.0,52,0,1,0,2,0,3,,,1777,1777,1980,1980
blackout_only,sparse,3,earth,1342.0,900.0,52,5,5,8,8,21,21,0.183168,62.548999,1777,1777,1980,1980
with_repeater,sparse,0,mars,1342.0,900.0,52,0,1,0,2,0,3,,,1777,1777,1980,1980
with_repeater,sparse,1,moon,1342.0,900.0,52,5,5,7,7,20,20,5.131080,6.695895,1777,1777,1980,1980
with_repeater,sparse,2,leo,1342.0,900.0,52,0,1,0,2,0,3,,,1777,1777,1980,1980
with_repeater,sparse,3,earth,1342.0,900.0,52,5,5,8,8,21,21,0.181956,62.566352,1777,1777,1980,1980
blackout_only,sparse,0,mars,1342.0,900.0,53,0,1,0,2,0,3,,,1777,1777,1980,1980
blackout_only,sparse,1,moon,1342.0,900.0,53,5,5,7,7,20,20,5.129025,6.687044,1777,1777,1980,1980
blackout_only,sparse,2,leo,1342.0,900.0,53,0,1,0,2,0,3,,,1777,1777,1980,1980
blackout_only,sparse,3,earth,1342.0,900.0,53,5,5,8,8,21,21,0.181069,62.486991,1777,1777,1980,1980
with_repeater,sparse,0,mars,1342.0,900.0,53,0,1,0,2,0,3,,,1777,1777,1980,1980
with_repeater,sparse,1,moon,1342.0,900.0,53,5,5,7,7,20,20,5.132081,6.712296,1777,1777,1980,1980
with_repeater,sparse,2,leo,1342.0,900.0,53,0,1,0,2,0,3,,,1777,1777,1980,1980
with_repeater,sparse,3,earth,1342.0,900.0,53,5,5,8,8,21,21,0.179967,62.497147,1777,1777,1980,1980
blackout_only,sparse,0,mars,1342.0,900.0,54,0,1,0,2,0,3,,,1778,1778,1980,1980
blackout_only,sparse,1,moon,1342.0,900.0,54,5,5,7,7,20,20,5.130824,6.687208,1778,1778,1980,1980
blackout_only,sparse,2,leo,1342.0,900.0,54,0,1,0,2,0,3,,,1778,1778,1980,1980
blackout_only,sparse,3,earth,1342.0,900.0,54,5,5,8,8,21,21,0.181597,62.575745,1778,1778,1980,1980
with_repeater,sparse,0,mars,1342.0,900.0,54,0,1,0,2,0,3,,,1777,1777,1980,1980
with_repeater,sparse,1,moon,1342.0,900.0,54,5,5,7,7,20,20,5.129191,6.701466,1777,1777,1980,1980
with_repeater,sparse,2,leo,1342.0,900.0,54,0,1,0,2,0,3,,,1777,1777,1980,1980
with_repeater,sparse,3,earth,1342.0,900.0,54,5,5,8,8,21,21,0.183297,62.539855,1777,1777,1980,1980
blackout_only,sparse,0,mars,1342.0,900.0,55,0,1,0,2,0,3,,,1777,1777,1980,1980
blackout_only,sparse,1,moon,1342.0,900.0,55,5,5,7,7,20,20,5.131514,6.691877,1777,1777,1980,1980
blackout_only,sparse,2,leo,1342.0,900.0,55,0,1,0,2,0,3,,,1777,1777,1980,1980
blackout_only,sparse,3,earth,1342.0,900.0,55,5,5,8,8,21,21,0.184245,62.580116,1777,1777,1980,1980
with_repeater,sparse,0,mars,1342.0,900.0,55,0,1,0,2,0,3,,,1777,1777,1980,1980
with_repeater,sparse,1,moon,1342.0,900.0,55,5,5,7,7,20,20,5.131346,6.717156,1777,1777,1980,1980
with_repeater,sparse,2,leo,1342.0,900.0,55,0,1,0,2,0,3,,,1777,1777,1980,1980
with_repeater,sparse,3,earth,1342.0,900.0,55,5,5,8,8,21,21,0.182541,62.574589,1777,1777,1980,1980
blackout_only,sparse,0,mars,1342.0,900.0,56,0,1,0,2,0,3,,,1777,1777,1980,1980
blackout_only,sparse,1,moon,1342.0,900.0,56,5,5,7,7,20,20,5.130665,6.667651,1777,1777,1980,1980
blackout_only,sparse,2,leo,1342.0,900.0,56,0,1,0,2,0,3,,,1777,1777,1980,1980
blackout_only,sparse,3,earth,1342.0,900.0,56,5,5,8,8,21,21,0.184049,62.576922,1777,1777,1980,1980
with_repeater,sparse,0,mars,1342.0,900.0,56,0,1,0,2,0,3,,,1777,1777,1980,1980
with_repeater,sparse,1,moon,1342.0,900.0,56,5,5,7,7,20,20,5.132503,6.721548,1777,1777,1980,1980
with_repeater,sparse,2,leo,1342.0,900.0,56,0,1,0,2,0,3,,,1777,1777,1980,1980
with_repeater,sparse,3,earth,1342.0,900.0,56,5,5,8,8,21,21,0.183228,62.554099,1777,1777,1980,1980
blackout_only,sparse,0,mars,1342.0,900.0,57,0,1,0,2,0,3,,,1778,1778,1980,1980
blackout_only,sparse,1,moon,1342.0,900.0,57,5,5,7,7,20,20,5.132055,6.736951,1778,1778,1980,1980
blackout_only,sparse,2,leo,1342.0,900.0,57,0,1,0,2,0,3,,,1778,1778,1980,1980
blackout_only,sparse,3,earth,1342.0,900.0,57,5,5,8,8,21,21,0.182551,62.559845,1778,1778,1980,1980
with_repeater,sparse,0,mars,1342.0,900.0,57,0,1,0,2,0,3,,,1777,1777,1980,1980
with_repeater,sparse,1,moon,1342.0,900.0,57,5,5,7,7,20,20,5.131434,6.712531,1777,1777,1980,1980
with_repeater,sparse,2,leo,1342.0,900.0,57,0,1,0,2,0,3,,,1777,1777,1980,1980
with_repeater,sparse,3,earth,1342.0,900.0,57,5,5,8,8,21,21,0.184761,62.584481,1777,1777,1980,1980
blackout_only,sparse,0,mars,1342.0,900.0,58,0,1,0,2,0,3,,,1778,1778,1980,1980
blackout_only,sparse,1,moon,1342.0,900.0,58,5,5,7,7,20,20,5.131315,6.710999,1778,1778,1980,1980
blackout_only,sparse,2,leo,1342.0,900.0,58,0,1,0,2,0,3,,,1778,1778,1980,1980
blackout_only,sparse,3,earth,1342.0,900.0,58,5,5,8,8,21,21,0.183526,62.600886,1778,1778,1980,1980
with_repeater,sparse,0,mars,1342.0,900.0,58,0,1,0,2,0,3,,,1777,1777,1980,1980
with_repeater,sparse,1,moon,1342.0,900.0,58,5,5,7,7,20,20,5.132326,6.717782,1777,1777,1980,1980
with_repeater,sparse,2,leo,1342.0,900.0,58,0,1,0,2,0,3,,,1777,1777,1980,1980
with_repeater,sparse,3,earth,1342.0,900.0,58,5,5,8,8,21,21,0.182934,62.626056,1777,1777,1980,1980
blackout_only,sparse,0,mars,1342.0,900.0,59,0,1,0,2,0,3,,,1777,1777,1980,1980
blackout_only,sparse,1,moon,1342.0,900.0,59,5,5,7,7,20,20,5.131860,6.691216,1777,1777,1980,1980
blackout_only,sparse,2,leo,1342.0,900.0,59,0,1,0,2,0,3,,,1777,1777,1980,1980
blackout_only,sparse,3,earth,1342.0,900.0,59,5,5,8,8,21,21,0.182710,62.573469,1777,1777,1980,1980
with_repeater,sparse,0,mars,1342.0,900.0,59,0,1,0,2,0,3,,,1777,1777,1980,1980
with_repeater,sparse,1,moon,1342.0,900.0,59,5,5,7,7,20,20,5.133871,6.725499,1777,1777,1980,1980
with_repeater,sparse,2,leo,1342.0,900.0,59,0,1,0,2,0,3,,,1777,1777,1980,1980
with_repeater,sparse,3,earth,1342.0,900.0,59,5,5,8,8,21,21,0.182531,62.544327,1777,1777,1980,1980
blackout_only,sparse,0,mars,1342.0,900.0,60,0,1,0,2,0,3,,,1777,1777,1980,1980
blackout_only,sparse,1,moon,1342.0,900.0,60,5,5,7,7,20,20,5.130847,6.756237,1777,1777,1980,1980
blackout_only,sparse,2,leo,1342.0,900.0,60,0,1,0,2,0,3,,,1777,1777,1980,1980
blackout_only,sparse,3,earth,1342.0,900.0,60,5,5,8,8,21,21,0.182954,62.571070,1777,1777,1980,1980
with_repeater,sparse,0,mars,1342.0,900.0,60,0,1,0,2,0,3,,,1777,1777,1980,1980
with_repeater,sparse,1,moon,1342.0,900.0,60,5,5,7,7,20,20,5.130459,6.635703,1777,1777,1980,1980
with_repeater,sparse,2,leo,1342.0,900.0,60,0,1,0,2,0,3,,,1777,1777,1980,1980
with_repeater,sparse,3,earth,1342.0,900.0,60,5,5,8,8,21,21,0.183410,62.551045,1777,1777,1980,1980
blackout_only,sparse,0,mars,1342.0,900.0,61,0,1,0,2,0,3,,,1777,1777,1980,1980
blackout_only,sparse,1,moon,1342.0,900.0,61,5,5,7,7,20,20,5.129414,6.700815,1777,1777,1980,1980
blackout_only,sparse,2,leo,1342.0,900.0,61,0,1,0,2,0,3,,,1777,1777,1980,1980
blackout_only,sparse,3,earth,1342.0,900.0,61,5,5,8,8,21,21,0.182364,62.554295,1777,1777,1980,1980
with_repeater,sparse,0,mars,1342.0,900.0,61,0,1,0,2,0,3,,,1778,1778,1980,1980
with_repeater,sparse,1,moon,1342.0,900.0,61,5,5,7,7,20,20,5.132083,6.714924,1778,1778,1980,1980
with_repeater,sparse,2,leo,1342.0,900.0,61,0,1,0,2,0,3,,,1778,1778,1980,1980
with_repeater,sparse,3,earth,1342.0,900.0,61,5,5,8,8,21,21,0.183765,62.545200,1778,1778,1980,1980
blackout_only,sparse,0,mars,1342.0,900.0,62,0,1,0,2,0,3,,,1777,1777,1980,1980
blackout_only,sparse,1,moon,1342.0,900.0,62,5,5,7,7,20,20,5.131639,6.702154,1777,1777,1980,1980
blackout_only,sparse,2,leo,1342.0,900.0,62,0,1,0,2,0,3,,,1777,1777,1980,1980
blackout_only,sparse,3,earth,1342.0,900.0,62,5,5,8,8,21,21,0.180596,62.540271,1777,1777,1980,1980
with_repeater,sparse,0,mars,1342.0,900.0,62,0,1,0,2,0,3,,,1777,1777,1980,1980
with_repeater,sparse,1,moon,1342.0,900.0,62,5,5,7,7,20,20,5.132879,6.739269,1777,1777,1980,1980
with_repeater,sparse,2,leo,1342.0,900.0,62,0,1,0,2,0,3,,,1777,1777,1980,1980
with_repeater,sparse,3,earth,1342.0,900.0,62,5,5,8,8,21,21,0.181992,62.509720,1777,1777,1980,1980
blackout_only,sparse,0,mars,1342.0,900.0,63,0,1,0,2,0,3,,,1778,1778,1980,1980
blackout_only,sparse,1,moon,1342.0,900.0,63,5,5,7,7,20,20,5.130323,6.674739,1778,1778,1980,1980
blackout_only,sparse,2,leo,1342.0,900.0,63,0,1,0,2,0,3,,,1778,1778,1980,1980
blackout_only,sparse,3,earth,1342.0,900.0,63,5,5,8,8,21,21,0.180804,62.484217,1778,1778,1980,1980
with_repeater,sparse,0,mars,1342.0,900.0,63,0,1,0,2,0,3,,,1778,1778,1980,1980
with_repeater,sparse,1,moon,1342.0,900.0,63,5,5,7,7,20,20,5.130390,6.737948,1778,1778,1980,1980
with_repeater,sparse,2,leo,1342.0,900.0,63,0,1,0,2,0,3,,,1778,1778,1980,1980
with_repeater,sparse,3,earth,1342.0,900.0,63,5,5,8,8,21,21,0.183268,62.559448,1778,1778,1980,1980
blackout_only,sparse,0,mars,1342.0,900.0,64,0,1,0,2,0,3,,,1777,1777,1980,1980
blackout_only,sparse,1,moon,1342.0,900.0,64,5,5,7,7,20,20,5.131497,6.716800,1777,1777,1980,1980
blackout_only,sparse,2,leo,1342.0,900.0,64,0,1,0,2,0,3,,,1777,1777,1980,1980
blackout_only,sparse,3,earth,1342.0,900.0,64,5,5,8,8,21,21,0.186437,62.635709,1777,1777,1980,1980
with_repeater,sparse,0,mars,1342.0,900.0,64,0,1,0,2,0,3,,,1777,1777,1980,1980
with_repeater,sparse,1,moon,1342.0,900.0,64,5,5,7,7,20,20,5.131489,6.700708,1777,1777,1980,1980
with_repeater,sparse,2,leo,1342.0,900.0,64,0,1,0,2,0,3,,,1777,1777,1980,1980
with_repeater,sparse,3,earth,1342.0,900.0,64,5,5,8,8,21,21,0.181580,62.532935,1777,1777,1980,1980
blackout_only,sparse,0,mars,1342.0,900.0,65,0,1,0,2,0,3,,,1777,1777,1980,1980
blackout_only,sparse,1,moon,1342.0,900.0,65,5,5,7,7,20,20,5.129817,6.748133,1777,1777,1980,1980
blackout_only,sparse,2,leo,1342.0,900.0,65,0,1,0,2,0,3,,,1777,1777,1980,1980
blackout_only,sparse,3,earth,1342.0,900.0,65,5,5,8,8,21,21,0.184171,62.581621,1777,1777,1980,1980
with_repeater,sparse,0,mars,1342.0,900.0,65,0,1,0,2,0,3,,,1777,1777,1980,1980
with_repeater,sparse,1,moon,1342.0,900.0,65,5,5,7,7,20,20,5.131384,6.723840,1777,1777,1980,1980
with_repeater,sparse,2,leo,1342.0,900.0,65,0,1,0,2,0,3,,,1777,1777,1980,1980
with_repeater,sparse,3,earth,1342.0,900.0,65,5,5,8,8,21,21,0.185341,62.605901,1777,1777,1980,1980
blackout_only,sparse,0,mars,1342.0,900.0,66,0,1,0,2,0,3,,,1777,1777,1980,1980
blackout_only,sparse,1,moon,1342.0,900.0,66,5,5,7,7,20,20,5.132971,6.700499,1777,1777,1980,1980
blackout_only,sparse,2,leo,1342.0,900.0,66,0,1,0,2,0,3,,,1777,1777,1980,1980
blackout_only,sparse,3,earth,1342.0,900.0,66,5,5,8,8,21,21,0.184259,62.577577,1777,1777,1980,1980
with_repeater,sparse,0,mars,1342.0,900.0,66,0,1,0,2,0,3,,,1777,1777,1980,1980
with_repeater,sparse,1,moon,1342.0,900.0,66,5,5,7,7,20,20,5.129919,6.684392,1777,1777,1980,1980
with_repeater,sparse,2,leo,1342.0,900.0,66,0,1,0,2,0,3,,,1777,1777,1980,1980
with_repeater,sparse,3,earth,1342.0,900.0,66,5,5,8,8,21,21,0.182297,62.564334,1777,1777,1980,1980
blackout_only,sparse,0,mars,1342.0,900.0,67,0,1,0,2,0,3,,,1778,1778,1980,1980
blackout_only,sparse,1,moon,1342.0,900.0,67,5,5,7,7,20,20,5.128891,6.692398,1778,1778,1980,1980
blackout_only,sparse,2,leo,1342.0,900.0,67,0,1,0,2,0,3,,,1778,1778,1980,1980
blackout_only,sparse,3,earth,1342.0,900.0,67,5,5,8,8,21,21,0.181834,62.520402,1778,1778,1980,1980
with_repeater,sparse,0,mars,1342.0,900.0,67,0,1,0,2,0,3,,,1777,1777,1980,1980
with_repeater,sparse,1,moon,1342.0,900.0,67,5,5,7,7,20,20,5.127965,6.653945,1777,1777,1980,1980
with_repeater,sparse,2,leo,1342.0,900.0,67,0,1,0,2,0,3,,,1777,1777,1980,1980
with_repeater,sparse,3,earth,1342.0,900.0,67,5,5,8,8,21,21,0.182667,62.496632,1777,1777,1980,1980
blackout_only,sparse,0,mars,1342.0,900.0,68,0,1,0,2,0,3,,,1777,1777,1980,1980
blackout_only,sparse,1,moon,1342.0,900.0,68,5,5,7,7,20,20,5.130456,6.690241,1777,1777,1980,1980
blackout_only,sparse,2,leo,1342.0,900.0,68,0,1,0,2,0,3,,,1777,1777,1980,1980
blackout_only,sparse,3,earth,1342.0,900.0,68,5,5,8,8,21,21,0.183388,62.575711,1777,1777,1980,1980
with_repeater,sparse,0,mars,1342.0,900.0,68,0,1,0,2,0,3,,,1777,1777,1980,1980
with_repeater,sparse,1,moon,1342.0,900.0,68,5,5,7,7,20,20,5.131272,6.712083,1777,1777,1980,1980
with_repeater,sparse,2,leo,1342.0,900.0,68,0,1,0,2,0,3,,,1777,1777,1980,1980
with_repeater,sparse,3,earth,1342.0,900.0,68,5,5,8,8,21,21,0.182127,62.525726,1777,1777,1980,1980
blackout_only,sparse,0,mars,1342.0,900.0,69,0,1,0,2,0,3,,,1778,1778,1980,1980
blackout_only,sparse,1,moon,1342.0,900.0,69,5,5,7,7,20,20,5.131448,6.695195,1778,1778,1980,1980
blackout_only,sparse,2,leo,1342.0,900.0,69,0,1,0,2,0,3,,,1778,1778,1980,1980
blackout_only,sparse,3,earth,1342.0,900.0,69,5,5,8,8,21,21,0.181385,62.521666,1778,1778,1980,1980
with_repeater,sparse,0,mars,1342.0,900.0,69,0,1,0,2,0,3,,,1777,1777,1980,1980
with_repeater,sparse,1,moon,1342.0,900.0,69,5,5,7,7,20,20,5.129956,6.690192,1777,1777,1980,1980
with_repeater,sparse,2,leo,1342.0,900.0,69,0,1,0,2,0,3,,,1777,1777,1980,1980
with_repeater,sparse,3,earth,1342.0,900.0,69,5,5,8,8,21,21,0.184766,62.574577,1777,1777,1980,1980
blackout_only,sparse,0,mars,1342.0,900.0,70,0,1,0,2,0,3,,,1777,1777,1980,1980
blackout_only,sparse,1,moon,1342.0,900.0,70,5,5,7,7,20,20,5.132750,6.684430,1777,1777,1980,1980
blackout_only,sparse,2,leo,1342.0,900.0,70,0,1,0,2,0,3,,,1777,1777,1980,1980
blackout_only,sparse,3,earth,1342.0,900.0,70,5,5,8,8,21,21,0.184326,62.583054,1777,1777,1980,1980
with_repeater,sparse,0,mars,1342.0,900.0,70,0,1,0,2,0,3,,,1777,1777,1980,1980
with_repeater,sparse,1,moon,1342.0,900.0,70,5,5,7,7,20,20,5.135363,6.743521,1777,1777,1980,1980
with_repeater,sparse,2,leo,1342.0,900.0,70,0,1,0,2,0,3,,,1777,1777,1980,1980
with_repeater,sparse,3,earth,1342.0,900.0,70,5,5,8,8,21,21,0.184018,62.603191,1777,1777,1980,1980
blackout_only,sparse,0,mars,1342.0,900.0,71,0,1,0,2,0,3,,,1777,1777,1980,1980
blackout_only,sparse,1,moon,1342.0,900.0,71,5,5,7,7,20,20,5.129562,6.705549,1777,1777,1980,1980
blackout_only,sparse,2,leo,1342.0,900.0,71,0,1,0,2,0,3,,,1777,1777,1980,1980
blackout_only,sparse,3,earth,1342.0,900.0,71,5,5,8,8,21,21,0.182509,62.533389,1777,1777,1980,1980
with_repeater,sparse,0,mars,1342.0,900.0,71,0,1,0,2,0,3,,,1777,1777,1980,1980
with_repeater,sparse,1,moon,1342.0,900.0,71,5,5,7,7,20,20,5.130248,6.728132,1777,1777,1980,1980
with_repeater,sparse,2,leo,1342.0,900.0,71,0,1,0,2,0,3,,,1777,1777,1980,1980
with_repeater,sparse,3,earth,1342.0,900.0,71,5,5,8,8,21,21,0.181503,62.518509,1777,1777,1980,1980
blackout_only,sparse,0,mars,1342.0,900.0,72,0,1,0,2,0,3,,,1777,1777,1980,1980
blackout_only,sparse,1,moon,1342.0,900.0,72,5,5,7,7,20,20,5.130962,6.661517,1777,1777,1980,1980
blackout_only,sparse,2,leo,1342.0,900.0,72,0,1,0,2,0,3,,,1777,1777,1980,1980
blackout_only,sparse,3,earth,1342.0,900.0,72,5,5,8,8,21,21,0.181836,62.556318,1777,1777,1980,1980
with_repeater,sparse,0,mars,1342.0,900.0,72,0,1,0,2,0,3,,,1777,1777,1980,1980
with_repeater,sparse,1,moon,1342.0,900.0,72,5,5,7,7,20,20,5.131920,6.686564,1777,1777,1980,1980
with_repeater,sparse,2,leo,1342.0,900.0,72,0,1,0,2,0,3,,,1777,1777,1980,1980
with_repeater,sparse,3,earth,1342.0,900.0,72,5,5,8,8,21,21,0.183394,62.571954,1777,1777,1980,1980
blackout_only,sparse,0,mars,1342.0,900.0,73,0,1,0,2,0,3,,,1778,1778,1980,1980
blackout_only,sparse,1,moon,1342.0,900.0,73,5,5,7,7,20,20,5.130559,6.672863,1778,1778,1980,1980
blackout_only,sparse,2,leo,1342.0,900.0,73,0,1,0,2,0,3,,,1778,1778,1980,1980
blackout_only,sparse,3,earth,1342.0,900.0,73,5,5,8,8,21,21,0.181051,62.516433,1778,1778,1980,1980
with_repeater,sparse,0,mars,1342.0,900.0,73,0,1,0,2,0,3,,,1777,1777,1980,1980
with_repeater,sparse,1,moon,1342.0,900.0,73,5,5,7,7,20,20,5.128855,6.670228,1777,1777,1980,1980
with_repeater,sparse,2,leo,1342.0,900.0,73,0,1,0,2,0,3,,,1777,1777,1980,1980
with_repeater,sparse,3,earth,1342.0,900.0,73,5,5,8,8,21,21,0.181369,62.499133,1777,1777,1980,1980
blackout_only,sparse,0,mars,1342.0,900.0,74,0,1,0,2,0,3,,,1777,1777,1980,1980
blackout_only,sparse,1,moon,1342.0,900.0,74,5,5,7,7,20,20,5.131990,6.723138,1777,1777,1980,1980
blackout_only,sparse,2,leo,1342.0,900.0,74,0,1,0,2,0,3,,,1777,1777,1980,1980
blackout_only,sparse,3,earth,1342.0,900.0,74,5,5,8,8,21,21,0.182868,62.552607,1777,1777,1980,1980
with_repeater,sparse,0,mars,1342.0,900.0,74,0,1,0,2,0,3,,,1777,1777,1980,1980
with_repeater,sparse,1,moon,1342.0,900.0,74,5,5,7,7,20,20,5.130933,6.726917,1777,1777,1980,1980
with_repeater,sparse,2,leo,1342.0,900.0,74,0,1,0,2,0,3,,,1777,1777,1980,1980
with_repeater,sparse,3,earth,1342.0,900.0,74,5,5,8,8,21,21,0.182335,62.538713,1777,1777,1980,1980
blackout_only,sparse,0,mars,1342.0,900.0,75,0,1,0,2,0,3,,,1778,1778,1980,1980
blackout_only,sparse,1,moon,1342.0,900.0,75,5,5,7,7,20,20,5.129702,6.659381,1778,1778,1980,1980
blackout_only,sparse,2,leo,1342.0,900.0,75,0,1,0,2,0,3,,,1778,1778,1980,1980
blackout_only,sparse,3,earth,1342.0,900.0,75,5,5,8,8,21,21,0.181444,62.548840,1778,1778,1980,1980
with_repeater,sparse,0,mars,1342.0,900.0,75,0,1,0,2,0,3,,,1778,1778,1980,1980
with_repeater,sparse,1,moon,1342.0,900.0,75,5,5,7,7,20,20,5.133577,6.729434,1778,1778,1980,1980
with_repeater,sparse,2,leo,1342.0,900.0,75,0,1,0,2,0,3,,,1778,1778,1980,1980
with_repeater,sparse,3,earth,1342.0,900.0,75,5,5,8,8,21,21,0.183596,62.539545,1778,1778,1980,1980
blackout_only,sparse,0,mars,1342.0,900.0,76,0,1,0,2,0,3,,,1777,1777,1980,1980
blackout_only,sparse,1,moon,1342.0,900.0,76,5,5,7,7,20,20,5.133504,6.764679,1777,1777,1980,1980
blackout_only,sparse,2,leo,1342.0,900.0,76,0,1,0,2,0,3,,,1777,1777,1980,1980
blackout_only,sparse,3,earth,1342.0,900.0,76,5,5,8,8,21,21,0.183282,62.581409,1777,1777,1980,1980
with_repeater,sparse,0,mars,1342.0,900.0,76,0,1,0,2,0,3,,,1777,1777,1980,1980
with_repeater,sparse,1,moon,1342.0,900.0,76,5,5,7,7,20,20,5.134673,6.736803,1777,1777,1980,1980
with_repeater,sparse,2,leo,1342.0,900.0,76,0,1,0,2,0,3,,,1777,1777,1980,1980
with_repeater,sparse,3,earth,1342.0,900.0,76,5,5,8,8,21,21,0.183555,62.599245,1777,1777,1980,1980
blackout_only,sparse,0,mars,1342.0,900.0,77,0,1,0,2,0,3,,,1777,1777,1980,1980
blackout_only,sparse,1,moon,1342.0,900.0,77,5,5,7,7,20,20,5.129345,6.629302,1777,1777,1980,1980
blackout_only,sparse,2,leo,1342.0,900.0,77,0,1,0,2,0,3,,,1777,1777,1980,1980
blackout_only,sparse,3,earth,1342.0,900.0,77,5,5,8,8,21,21,0.182480,62.539101,1777,1777,1980,1980
with_repeater,sparse,0,mars,1342.0,900.0,77,0,1,0,2,0,3,,,1777,1777,1980,1980
with_repeater,sparse,1,moon,1342.0,900.0,77,5,5,7,7,20,20,5.132084,6.676996,1777,1777,1980,1980
with_repeater,sparse,2,leo,1342.0,900.0,77,0,1,0,2,0,3,,,1777,1777,1980,1980
with_repeater,sparse,3,earth,1342.0,900.0,77,5,5,8,8,21,21,0.182096,62.539584,1777,1777,1980,1980
blackout_only,sparse,0,mars,1342.0,900.0,78,0,1,0,2,0,3,,,1777,1777,1980,1980
blackout_only,sparse,1,moon,1342.0,900.0,78,5,5,7,7,20,20,5.134167,6.758539,1777,1777,1980,1980
blackout_only,sparse,2,leo,1342.0,900.0,78,0,1,0,2,0,3,,,1777,1777,1980,1980
blackout_only,sparse,3,earth,1342.0,900.0,78,5,5,8,8,21,21,0.181717,62.523192,1777,1777,1980,1980
with_repeater,sparse,0,mars,1342.0,900.0,78,0,1,0,2,0,3,,,1777,1777,1980,1980
with_repeater,sparse,1,moon,1342.0,900.0,78,5,5,7,7,20,20,5.133759,6.754826,1777,1777,1980,1980
with_repeater,sparse,2,leo,1342.0,900.0,78,0,1,0,2,0,3,,,1777,1777,1980,1980
with_repeater,sparse,3,earth,1342.0,900.0,78,5,5,8,8,21,21,0.184814,62.542631,1777,1777,1980,1980
blackout_only,sparse,0,mars,1342.0,900.0,79,0,1,0,2,0,3,,,1777,1777,1980,1980
blackout_only,sparse,1,moon,1342.0,900.0,79,5,5,7,7,20,20,5.130152,6.719546,1777,1777,1980,1980
blackout_only,sparse,2,leo,1342.0,900.0,79,0,1,0,2,0,3,,,1777,1777,1980,1980
blackout_only,sparse,3,earth,1342.0,900.0,79,5,5,8,8,21,21,0.183345,62.597348,1777,1777,1980,1980
with_repeater,sparse,0,mars,1342.0,900.0,79,0,1,0,2,0,3,,,1777,1777,1980,1980
with_repeater,sparse,1,moon,1342.0,900.0,79,5,5,7,7,20,20,5.132554,6.718737,1777,1777,1980,1980
with_repeater,sparse,2,leo,1342.0,900.0,79,0,1,0,2,0,3,,,1777,1777,1980,1980
with_repeater,sparse,3,earth,1342.0,900.0,79,5,5,8,8,21,21,0.183862,62.557049,1777,1777,1980,1980
blackout_only,sparse,0,mars,1342.0,900.0,80,0,1,0,2,0,3,,,1777,1777,1980,1980
blackout_only,sparse,1,moon,1342.0,900.0,80,5,5,7,7,20,20,5.132277,6.738038,1777,1777,1980,1980
blackout_only,sparse,2,leo,1342.0,900.0,80,0,1,0,2,0,3,,,1777,1777,1980,1980
blackout_only,sparse,3,earth,1342.0,900.0,80,5,5,8,8,21,21,0.183069,62.568108,1777,1777,1980,1980
with_repeater,sparse,0,mars,1342.0,900.0,80,0,1,0,2,0,3,,,1778,1778,1980,1980
with_repeater,sparse,1,moon,1342.0,900.0,80,5,5,7,7,20,20,5.133036,6.743653,1778,1778,1980,1980
with_repeater,sparse,2,leo,1342.0,900.0,80,0,1,0,2,0,3,,,1778,1778,1980,1980
with_repeater,sparse,3,earth,1342.0,900.0,80,5,5,8,8,21,21,0.182488,62.545626,1778,1778,1980,1980
blackout_only,sparse,0,mars,1342.0,900.0,81,0,1,0,2,0,3,,,1778,1778,1980,1980
blackout_only,sparse,1,moon,1342.0,900.0,81,5,5,7,7,20,20,5.131222,6.684284,1778,1778,1980,1980
blackout_only,sparse,2,leo,1342.0,900.0,81,0,1,0,2,0,3,,,1778,1778,1980,1980
blackout_only,sparse,3,earth,1342.0,900.0,81,5,5,8,8,21,21,0.183331,62.530637,1778,1778,1980,1980
with_repeater,sparse,0,mars,1342.0,900.0,81,0,1,0,2,0,3,,,1777,1777,1980,1980
with_repeater,sparse,1,moon,1342.0,900.0,81,5,5,7,7,20,20,5.132949,6.715039,1777,1777,1980,1980
with_repeater,sparse,2,leo,1342.0,900.0,81,0,1,0,2,0,3,,,1777,1777,1980,1980
with_repeater,sparse,3,earth,1342.0,900.0,81,5,5,8,8,21,21,0.182100,62.544897,1777,1777,1980,1980
blackout_only,sparse,0,mars,1342.0,900.0,82,0,1,0,2,0,3,,,1777,1777,1980,1980
blackout_only,sparse,1,moon,1342.0,900.0,82,5,5,7,7,20,20,5.131061,6.697839,1777,1777,1980,1980
blackout_only,sparse,2,leo,1342.0,900.0,82,0,1,0,2,0,3,,,1777,1777,1980,1980
blackout_only,sparse,3,earth,1342.0,900.0,82,5,5,8,8,21,21,0.182223,62.573987,1777,1777,1980,1980
with_repeater,sparse,0,mars,1342.0,900.0,82,0,1,0,2,0,3,,,1777,1777,1980,1980
with_repeater,sparse,1,moon,1342.0,900.0,82,5,5,7,7,20,20,5.132583,6.753252,1777,1777,1980,1980
with_repeater,sparse,2,leo,1342.0,900.0,82,0,1,0,2,0,3,,,1777,1777,1980,1980
with_repeater,sparse,3,earth,1342.0,900.0,82,5,5,8,8,21,21,0.183390,62.538188,1777,1777,1980,1980
blackout_only,sparse,0,mars,1342.0,900.0,83,0,1,0,2,0,3,,,1777,1777,1980,1980
blackout_only,sparse,1,moon,1342.0,900.0,83,5,5,7,7,20,20,5.131190,6.686760,1777,1777,1980,1980
blackout_only,sparse,2,leo,1342.0,900.0,83,0,1,0,2,0,3,,,1777,1777,1980,1980
blackout_only,sparse,3,earth,1342.0,900.0,83,5,5,8,8,21,21,0.183393,62.583388,1777,1777,1980,1980
with_repeater,sparse,0,mars,1342.0,900.0,83,0,1,0,2,0,3,,,1777,1777,1980,1980
with_repeater,sparse,1,moon,1342.0,900.0,83,5,5,7,7,20,20,5.131711,6.725305,1777,1777,1980,1980
with_repeater,sparse,2,leo,1342.0,900.0,83,0,1,0,2,0,3,,,1777,1777,1980,1980
with_repeater,sparse,3,earth,1342.0,900.0,83,5,5,8,8,21,21,0.182290,62.560469,1777,1777,1980,1980
blackout_only,sparse,0,mars,1342.0,900.0,84,0,1,0,2,0,3,,,1777,1777,1980,1980
blackout_only,sparse,1,moon,1342.0,900.0,84,5,5,7,7,20,20,5.131362,6.765713,1777,1777,1980,1980
blackout_only,sparse,2,leo,1342.0,900.0,84,0,1,0,2,0,3,,,1777,1777,1980,1980
blackout_only,sparse,3,earth,1342.0,900.0,84,5,5,8,8,21,21,0.183576,62.560050,1777,1777,1980,1980
with_repeater,sparse,0,mars,1342.0,900.0,84,0,1,0,2,0,3,,,1777,1777,1980,1980
with_repeater,sparse,1,moon,1342.0,900.0,84,5,5,7,7,20,20,5.132992,6.752196,1777,1777,1980,1980
with_repeater,sparse,2,leo,1342.0,900.0,84,0,1,0,2,0,3,,,1777,1777,1980,1980
with_repeater,sparse,3,earth,1342.0,900.0,84,5,5,8,8,21,21,0.181093,62.529528,1777,1777,1980,1980
blackout_only,sparse,0,mars,1342.0,900.0,85,0,1,0,2,0,3,,,1777,1777,1980,1980
blackout_only,sparse,1,moon,1342.0,900.0,85,5,5,7,7,20,20,5.132776,6.704375,1777,1777,1980,1980
blackout_only,sparse,2,leo,1342.0,900.0,85,0,1,0,2,0,3,,,1777,1777,1980,1980
blackout_only,sparse,3,earth,1342.0,900.0,85,5,5,8,8,21,21,0.182614,62.593823,1777,1777,1980,1980
with_repeater,sparse,0,mars,1342.0,900.0,85,0,1,0,2,0,3,,,1777,1777,1980,1980
with_repeater,sparse,1,moon,1342.0,900.0,85,5,5,7,7,20,20,5.131560,6.702245,1777,1777,1980,1980
with_repeater,sparse,2,leo,1342.0,900.0,85,0,1,0,2,0,3,,,1777,1777,1980,1980
with_repeater,sparse,3,earth,1342.0,900.0,85,5,5,8,8,21,21,0.182677,62.513148,1777,1777,1980,1980
blackout_only,sparse,0,mars,1342.0,900.0,86,0,1,0,2,0,3,,,1777,1777,1980,1980
blackout_only,sparse,1,moon,1342.0,900.0,86,5,5,7,7,20,20,5.133844,6.722750,1777,1777,1980,1980
blackout_only,sparse,2,leo,1342.0,900.0,86,0,1,0,2,0,3,,,1777,1777,1980,1980
blackout_only,sparse,3,earth,1342.0,900.0,86,5,5,8,8,21,21,0.187842,62.647459,1777,1777,1980,1980
with_repeater,sparse,0,mars,1342.0,900.0,86,0,1,0,2,0,3,,,1777,1777,1980,1980
with_repeater,sparse,1,moon,1342.0,900.0,86,5,5,7,7,20,20,5.133885,6.725013,1777,1777,1980,1980
with_repeater,sparse,2,leo,1342.0,900.0,86,0,1,0,2,0,3,,,1777,1777,1980,1980
with_repeater,sparse,3,earth,1342.0,900.0,86,5,5,8,8,21,21,0.181870,62.570843,1777,1777,1980,1980
blackout_only,sparse,0,mars,1342.0,900.0,87,0,1,0,2,0,3,,,1777,1777,1980,1980
blackout_only,sparse,1,moon,1342.0,900.0,87,5,5,7,7,20,20,5.132170,6.734387,1777,1777,1980,1980
blackout_only,sparse,2,leo,1342.0,900.0,87,0,1,0,2,0,3,,,1777,1777,1980,1980
blackout_only,sparse,3,earth,1342.0,900.0,87,5,5,8,8,21,21,0.181075,62.547399,1777,1777,1980,1980
with_repeater,sparse,0,mars,1342.0,900.0,87,0,1,0,2,0,3,,,1778,1778,1980,1980
with_repeater,sparse,1,moon,1342.0,900.0,87,5,5,7,7,20,20,5.130046,6.692584,1778,1778,1980,1980
with_repeater,sparse,2,leo,1342.0,900.0,87,0,1,0,2,0,3,,,1778,1778,1980,1980
with_repeater,sparse,3,earth,1342.0,900.0,87,5,5,8,8,21,21,0.183705,62.559623,1778,1778,1980,1980
blackout_only,sparse,0,mars,1342.0,900.0,88,0,1,0,2,0,3,,,1777,1777,1980,1980
blackout_only,sparse,1,moon,1342.0,900.0,88,5,5,7,7,20,20,5.133263,6.698306,1777,1777,1980,1980
blackout_only,sparse,2,leo,1342.0,900.0,88,0,1,0,2,0,3,,,1777,1777,1980,1980
blackout_only,sparse,3,earth,1342.0,900.0,88,5,5,8,8,21,21,0.182442,62.541754,1777,1777,1980,1980
with_repeater,sparse,0,mars,1342.0,900.0,88,0,1,0,2,0,3,,,1777,1777,1980,1980
with_repeater,sparse,1,moon,1342.0,900.0,88,5,5,7,7,20,20,5.133098,6.723309,1777,1777,1980,1980
with_repeater,sparse,2,leo,1342.0,900.0,88,0,1,0,2,0,3,,,1777,1777,1980,1980
with_repeater,sparse,3,earth,1342.0,900.0,88,5,5,8,8,21,21,0.184847,62.582950,1777,1777,1980,1980
blackout_only,sparse,0,mars,1342.0,900.0,89,0,1,0,2,0,3,,,1777,1777,1980,1980
blackout_only,sparse,1,moon,1342.0,900.0,89,5,5,7,7,20,20,5.133132,6.708194,1777,1777,1980,1980
blackout_only,sparse,2,leo,1342.0,900.0,89,0,1,0,2,0,3,,,1777,1777,1980,1980
blackout_only,sparse,3,earth,1342.0,900.0,89,5,5,8,8,21,21,0.184276,62.580658,1777,1777,1980,1980
with_repeater,sparse,0,mars,1342.0,900.0,89,0,1,0,2,0,3,,,1777,1777,1980,1980
with_repeater,sparse,1,moon,1342.0,900.0,89,5,5,7,7,20,20,5.129653,6.697927,1777,1777,1980,1980
with_repeater,sparse,2,leo,1342.0,900.0,89,0,1,0,2,0,3,,,1777,1777,1980,1980
with_repeater,sparse,3,earth,1342.0,900.0,89,5,5,8,8,21,21,0.183183,62.565345,1777,1777,1980,1980
blackout_only,sparse,0,mars,1342.0,1800.0,40,0,1,0,3,0,2,,,1777,1777,1980,1980
blackout_only,sparse,1,moon,1342.0,1800.0,40,5,5,15,15,12,12,5.134210,107.835273,1777,1777,1980,1980
blackout_only,sparse,2,leo,1342.0,1800.0,40,0,1,0,3,0,2,,,1777,1777,1980,1980
blackout_only,sparse,3,earth,1342.0,1800.0,40,5,5,15,15,14,14,0.183195,3.824818,1777,1777,1980,1980
with_repeater,sparse,0,mars,1342.0,1800.0,40,0,1,0,3,0,2,,,1777,1777,1980,1980
with_repeater,sparse,1,moon,1342.0,1800.0,40,5,5,15,15,12,12,5.130229,107.722205,1777,1777,1980,1980
with_repeater,sparse,2,leo,1342.0,1800.0,40,0,1,0,3,0,2,,,1777,1777,1980,1980
with_repeater,sparse,3,earth,1342.0,1800.0,40,5,5,15,15,14,14,0.182558,3.849468,1777,1777,1980,1980
blackout_only,sparse,0,mars,1342.0,1800.0,41,0,1,0,3,0,2,,,1777,1777,1980,1980
blackout_only,sparse,1,moon,1342.0,1800.0,41,5,5,15,15,12,12,5.131292,107.770798,1777,1777,1980,1980
blackout_only,sparse,2,leo,1342.0,1800.0,41,0,1,0,3,0,2,,,1777,1777,1980,1980
blackout_only,sparse,3,earth,1342.0,1800.0,41,5,5,15,15,14,14,0.181420,3.823374,1777,1777,1980,1980
with_repeater,sparse,0,mars,1342.0,1800.0,41,0,1,0,3,0,2,,,1777,1777,1980,1980
with_repeater,sparse,1,moon,1342.0,1800.0,41,5,5,15,15,12,12,5.131114,107.763018,1777,1777,1980,1980
with_repeater,sparse,2,leo,1342.0,1800.0,41,0,1,0,3,0,2,,,1777,1777,1980,1980
with_repeater,sparse,3,earth,1342.0,1800.0,41,5,5,15,15,14,14,0.183143,3.846149,1777,1777,1980,1980
blackout_only,sparse,0,mars,1342.0,1800.0,42,0,1,0,3,0,2,,,1777,1777,1980,1980
blackout_only,sparse,1,moon,1342.0,1800.0,42,5,5,15,15,12,12,5.132879,107.799383,1777,1777,1980,1980
blackout_only,sparse,2,leo,1342.0,1800.0,42,0,1,0,3,0,2,,,1777,1777,1980,1980
blackout_only,sparse,3,earth,1342.0,1800.0,42,5,5,15,15,14,14,0.182880,3.817493,1777,1777,1980,1980
with_repeater,sparse,0,mars,1342.0,1800.0,42,0,1,0,3,0,2,,,1777,1777,1980,1980
with_repeater,sparse,1,moon,1342.0,1800.0,42,5,5,15,15,12,12,5.128853,107.681638,1777,1777,1980,1980
with_repeater,sparse,2,leo,1342.0,1800.0,42,0,1,0,3,0,2,,,1777,1777,1980,1980
with_repeater,sparse,3,earth,1342.0,1800.0,42,5,5,15,15,14,14,0.185520,3.910723,1777,1777,1980,1980
blackout_only,sparse,0,mars,1342.0,1800.0,43,0,1,0,3,0,2,,,1777,1777,1980,1980
blackout_only,sparse,1,moon,1342.0,1800.0,43,5,5,15,15,12,12,5.133719,107.775622,1777,1777,1980,1980
blackout_only,sparse,2,leo,1342.0,1800.0,43,0,1,0,3,0,2,,,1777,1777,1980,1980
blackout_only,sparse,3,earth,1342.0,1800.0,43,5,5,15,15,14,14,0.182433,3.828854,1777,1777,1980,1980
with_repeater,sparse,0,mars,1342.0,1800.0,43,0,1,0,3,0,2,,,1777,1777,1980,1980
with_repeater,sparse,1,moon,1342.0,1800.0,43,5,5,15,15,12,12,5.131181,107.759496,1777,1777,1980,1980
with_repeater,sparse,2,leo,1342.0,1800.0,43,0,1,0,3,0,2,,,1777,1777,1980,1980
with_repeater,sparse,3,earth,1342.0,1800.0,43,5,5,15,15,14,14,0.181455,3.845440,1777,1777,1980,1980
blackout_only,sparse,0,mars,1342.0,1800.0,44,0,1,0,3,0,2,,,1777,1777,1980,1980
blackout_only,sparse,1,moon,1342.0,1800.0,44,5,5,15,15,12,12,5.131381,107.763680,1777,1777,1980,1980
blackout_only,sparse,2,leo,1342.0,1800.0,44,0,1,0,3,0,2,,,1777,1777,1980,1980
blackout_only,sparse,3,earth,1342.0,1800.0,44,5,5,15,15,14,14,0.181924,3.806198,1777,1777,1980,1980
with_repeater,sparse,0,mars,1342.0,1800.0,44,0,1,0,3,0,2,,,1778,1778,1980,1980
with_repeater,sparse,1,moon,1342.0,1800.0,44,5,5,15,15,12,12,5.134995,107.806464,1778,1778,1980,1980
with_repeater,sparse,2,leo,1342.0,1800.0,44,0,1,0,3,0,2,,,1778,1778,1980,1980
with_repeater,sparse,3,earth,1342.0,1800.0,44,5,5,15,15,14,14,0.184336,3.845346,1778,1778,1980,1980
blackout_only,sparse,0,mars,1342.0,1800.0,45,0,1,0,3,0,2,,,1777,1777,1980,1980
blackout_only,sparse,1,moon,1342.0,1800.0,45,5,5,15,15,12,12,5.130303,107.786450,1777,1777,1980,1980
blackout_only,sparse,2,leo,1342.0,1800.0,45,0,1,0,3,0,2,,,1777,1777,1980,1980
blackout_only,sparse,3,earth,1342.0,1800.0,45,5,5,15,15,14,14,0.183488,3.833123,1777,1777,1980,1980
with_repeater,sparse,0,mars,1342.0,1800.0,45,0,1,0,3,0,2,,,1778,1778,1980,1980
with_repeater,sparse,1,moon,1342.0,1800.0,45,5,5,15,15,12,12,5.131795,107.769165,1778,1778,1980,1980
with_repeater,sparse,2,leo,1342.0,1800.0,45,0,1,0,3,0,2,,,1778,1778,1980,1980
with_repeater,sparse,3,earth,1342.0,1800.0,45,5,5,15,15,14,14,0.182413,3.862524,1778,1778,1980,1980
blackout_only,sparse,0,mars,1342.0,1800.0,46,0,1,0,3,0,2,,,1777,1777,1980,1980
blackout_only,sparse,1,moon,1342.0,1800.0,46,5,5,15,15,12,12,5.129601,107.683656,1777,1777,1980,1980
blackout_only,sparse,2,leo,1342.0,1800.0,46,0,1,0,3,0,2,,,1777,1777,1980,1980
blackout_only,sparse,3,earth,1342.0,1800.0,46,5,5,15,15,14,14,0.182992,3.842341,1777,1777,1980,1980
with_repeater,sparse,0,mars,1342.0,1800.0,46,0,1,0,3,0,2,,,1778,1778,1980,1980
with_repeater,sparse,1,moon,1342.0,1800.0,46,5,5,15,15,12,12,5.129114,107.730537,1778,1778,1980,1980
with_repeater,sparse,2,leo,1342.0,1800.0,46,0,1,0,3,0,2,,,1778,1778,1980,1980
with_repeater,sparse,3,earth,1342.0,1800.0,46,5,5,15,15,14,14,0.180994,3.799109,1778,1778,1980,1980
blackout_only,sparse,0,mars,1342.0,1800.0,47,0,1,0,3,0,2,,,1777,1777,1980,1980
blackout_only,sparse,1,moon,1342.0,1800.0,47,5,5,15,15,12,12,5.131361,107.741703,1777,1777,1980,1980
blackout_only,sparse,2,leo,1342.0,1800.0,47,0,1,0,3,0,2,,,1777,1777,1980,1980
blackout_only,sparse,3,earth,1342.0,1800.0,47,5,5,15,15,14,14,0.183838,3.828396,1777,1777,1980,1980
with_repeater,sparse,0,mars,1342.0,1800.0,47,0,1,0,3,0,2,,,1777,1777,1980,1980
with_repeater,sparse,1,moon,1342.0,1800.0,47,5,5,15,15,12,12,5.131802,107.776501,1777,1777,1980,1980
with_repeater,sparse,2,leo,1342.0,1800.0,47,0,1,0,3,0,2,,,1777,1777,1980,1980
with_repeater,sparse,3,earth,1342.0,1800.0,47,5,5,15,15,14,14,0.182478,3.820462,1777,1777,1980,1980
blackout_only,sparse,0,mars,1342.0,1800.0,48,0,1,0,3,0,2,,,1777,1777,1980,1980
blackout_only,sparse,1,moon,1342.0,1800.0,48,5,5,15,15,12,12,5.131962,107.788939,1777,1777,1980,1980
blackout_only,sparse,2,leo,1342.0,1800.0,48,0,1,0,3,0,2,,,1777,1777,1980,1980
blackout_only,sparse,3,earth,1342.0,1800.0,48,5,5,15,15,14,14,0.182647,3.826221,1777,1777,1980,1980
with_repeater,sparse,0,mars,1342.0,1800.0,48,0,1,0,3,0,2,,,1777,1777,1980,1980
with_repeater,sparse,1,moon,1342.0,1800.0,48,5,5,15,15,12,12,5.133161,107.819647,1777,1777,1980,1980
with_repeater,sparse,2,leo,1342.0,1800.0,48,0,1,0,3,0,2,,,1777,1777,1980,1980
with_repeater,sparse,3,earth,1342.0,1800.0,48,5,5,15,15,14,14,0.181126,3.799862,1777,1777,1980,1980
blackout_only,sparse,0,mars,1342.0,1800.0,49,0,1,0,3,0,2,,,1777,1777,1980,1980
blackout_only,sparse,1,moon,1342.0,1800.0,49,5,5,15,15,12,12,5.131697,107.778667,1777,1777,1980,1980
blackout_only,sparse,2,leo,1342.0,1800.0,49,0,1,0,3,0,2,,,1777,1777,1980,1980
blackout_only,sparse,3,earth,1342.0,1800.0,49,5,5,15,15,14,14,0.182822,3.812041,1777,1777,1980,1980
with_repeater,sparse,0,mars,1342.0,1800.0,49,0,1,0,3,0,2,,,1778,1778,1980,1980
with_repeater,sparse,1,moon,1342.0,1800.0,49,5,5,15,15,12,12,5.132400,107.819468,1778,1778,1980,1980
with_repeater,sparse,2,leo,1342.0,1800.0,49,0,1,0,3,0,2,,,1778,1778,1980,1980
with_repeater,sparse,3,earth,1342.0,1800.0,49,5,5,15,15,14,14,0.184179,3.845398,1778,1778,1980,1980
blackout_only,sparse,0,mars,1342.0,1800.0,50,0,1,0,3,0,2,,,1777,1777,1980,1980
blackout_only,sparse,1,moon,1342.0,1800.0,50,5,5,15,15,12,12,5.131524,107.779572,1777,1777,1980,1980
blackout_only,sparse,2,leo,1342.0,1800.0,50,0,1,0,3,0,2,,,1777,1777,1980,1980
blackout_only,sparse,3,earth,1342.0,1800.0,50,5,5,15,15,14,14,0.182047,3.837429,1777,1777,1980,1980
with_repeater,sparse,0,mars,1342.0,1800.0,50,0,1,0,3,0,2,,,1777,1777,1980,1980
with_repeater,sparse,1,moon,1342.0,1800.0,50,5,5,15,15,12,12,5.130281,107.718993,1777,1777,1980,1980
with_repeater,sparse,2,leo,1342.0,1800.0,50,0,1,0,3,0,2,,,1777,1777,1980,1980
with_repeater,sparse,3,earth,1342.0,1800.0,50,5,5,15,15,14,14,0.181820,3.814601,1777,1777,1980,1980
blackout_only,sparse,0,mars,1342.0,1800.0,51,0,1,0,3,0,2,,,1777,1777,1980,1980
blackout_only,sparse,1,moon,1342.0,1800.0,51,5,5,15,15,12,12,5.130772,107.745167,1777,1777,1980,1980
blackout_only,sparse,2,leo,1342.0,1800.0,51,0,1,0,3,0,2,,,1777,1777,1980,1980
blackout_only,sparse,3,earth,1342.0,1800.0,51,5,5,15,15,14,14,0.182258,3.848474,1777,1777,1980,1980
with_repeater,sparse,0,mars,1342.0,1800.0,51,0,1,0,3,0,2,,,1777,1777,1980,1980
with_repeater,sparse,1,moon,1342.0,1800.0,51,5,5,15,15,12,12,5.130942,107.708593,1777,1777,1980,1980
with_repeater,sparse,2,leo,1342.0,1800.0,51,0,1,0,3,0,2,,,1777,1777,1980,1980
with_repeater,sparse,3,earth,1342.0,1800.0,51,5,5,15,15,14,14,0.181310,3.843595,1777,1777,1980,1980
blackout_only,sparse,0,mars,1342.0,1800.0,52,0,1,0,3,0,2,,,1777,1777,1980,1980
blackout_only,sparse,1,moon,1342.0,1800.0,52,5,5,15,15,12,12,5.132834,107.776527,1777,1777,1980,1980
blackout_only,sparse,2,leo,1342.0,1800.0,52,0,1,0,3,0,2,,,1777,1777,1980,1980
blackout_only,sparse,3,earth,1342.0,1800.0,52,5,5,15,15,14,14,0.184102,3.830614,1777,1777,1980,1980
with_repeater,sparse,0,mars,1342.0,1800.0,52,0,1,0,3,0,2,,,1777,1777,1980,1980
with_repeater,sparse,1,moon,1342.0,1800.0,52,5,5,15,15,12,12,5.131578,107.755752,1777,1777,1980,1980
with_repeater,sparse,2,leo,1342.0,1800.0,52,0,1,0,3,0,2,,,1777,1777,1980,1980
with_repeater,sparse,3,earth,1342.0,1800.0,52,5,5,15,15,14,14,0.182165,3.855076,1777,1777,1980,1980
blackout_only,sparse,0,mars,1342.0,1800.0,53,0,1,0,3,0,2,,,1777,1777,1980,1980
blackout_only,sparse,1,moon,1342.0,1800.0,53,5,5,15,15,12,12,5.131411,107.747136,1777,1777,1980,1980
blackout_only,sparse,2,leo,1342.0,1800.0,53,0,1,0,3,0,2,,,1777,1777,1980,1980
blackout_only,sparse,3,earth,1342.0,1800.0,53,5,5,15,15,14,14,0.180595,3.757364,1777,1777,1980,1980
with_repeater,sparse,0,mars,1342.0,1800.0,53,0,1,0,3,0,2,,,1777,1777,1980,1980
with_repeater,sparse,1,moon,1342.0,1800.0,53,5,5,15,15,12,12,5.131925,107.790094,1777,1777,1980,1980
with_repeater,sparse,2,leo,1342.0,1800.0,53,0,1,0,3,0,2,,,1777,1777,1980,1980
with_repeater,sparse,3,earth,1342.0,1800.0,53,5,5,15,15,14,14,0.181376,3.760396,1777,1777,1980,1980
blackout_only,sparse,0,mars,1342.0,1800.0,54,0,1,0,3,0,2,,,1777,1777,1980,1980
blackout_only,sparse,1,moon,1342.0,1800.0,54,5,5,15,15,12,12,5.128572,107.699863,1777,1777,1980,1980
blackout_only,sparse,2,leo,1342.0,1800.0,54,0,1,0,3,0,2,,,1777,1777,1980,1980
blackout_only,sparse,3,earth,1342.0,1800.0,54,5,5,15,15,14,14,0.183140,3.837989,1777,1777,1980,1980
with_repeater,sparse,0,mars,1342.0,1800.0,54,0,1,0,3,0,2,,,1777,1777,1980,1980
with_repeater,sparse,1,moon,1342.0,1800.0,54,5,5,15,15,12,12,5.133403,107.785440,1777,1777,1980,1980
with_repeater,sparse,2,leo,1342.0,1800.0,54,0,1,0,3,0,2,,,1777,1777,1980,1980
with_repeater,sparse,3,earth,1342.0,1800.0,54,5,5,15,15,14,14,0.182067,3.813971,1777,1777,1980,1980
blackout_only,sparse,0,mars,1342.0,1800.0,55,0,1,0,3,0,2,,,1777,1777,1980,1980
blackout_only,sparse,1,moon,1342.0,1800.0,55,5,5,15,15,12,12,5.131594,107.752342,1777,1777,1980,1980
blackout_only,sparse,2,leo,1342.0,1800.0,55,0,1,0,3,0,2,,,1777,1777,1980,1980
blackout_only,sparse,3,earth,1342.0,1800.0,55,5,5,15,15,14,14,0.183224,3.871601,1777,1777,1980,1980
with_repeater,sparse,0,mars,1342.0,1800.0,55,0,1,0,3,0,2,,,1777,1777,1980,1980
with_repeater,sparse,1,moon,1342.0,1800.0,55,5,5,15,15,12,12,5.131156,107.791749,1777,1777,1980,1980
with_repeater,sparse,2,leo,1342.0,1800.0,55,0,1,0,3,0,2,,,1777,1777,1980,1980
with_repeater,sparse,3,earth,1342.0,1800.0,55,5,5,15,15,14,14,0.182230,3.876493,1777,1777,1980,1980
blackout_only,sparse,0,mars,1342.0,1800.0,56,0,1,0,3,0,2,,,1777,1777,1980,1980
blackout_only,sparse,1,moon,1342.0,1800.0,56,5,5,15,15,12,12,5.131198,107.734956,1777,1777,1980,1980
blackout_only,sparse,2,leo,1342.0,1800.0,56,0,1,0,3,0,2,,,1777,1777,1980,1980
blackout_only,sparse,3,earth,1342.0,1800.0,56,5,5,15,15,14,14,0.181839,3.837162,1777,1777,1980,1980
with_repeater,sparse,0,mars,1342.0,1800.0,56,0,1,0,3,0,2,,,1777,1777,1980,1980
with_repeater,sparse,1,moon,1342.0,1800.0,56,5,5,15,15,12,12,5.131821,107.751682,1777,1777,1980,1980
with_repeater,sparse,2,leo,1342.0,1800.0,56,0,1,0,3,0,2,,,1777,1777,1980,1980
with_repeater,sparse,3,earth,1342.0,1800.0,56,5,5,15,15,14,14,0.184038,3.877065,1777,1777,1980,1980
blackout_only,sparse,0,mars,1342.0,1800.0,57,0,1,0,3,0,2,,,1777,1777,1980,1980
blackout_only,sparse,1,moon,1342.0,1800.0,57,5,5,15,15,12,12,5.132991,107.752708,1777,1777,1980,1980
blackout_only,sparse,2,leo,1342.0,1800.0,57,0,1,0,3,0,2,,,1777,1777,1980,1980
blackout_only,sparse,3,earth,1342.0,1800.0,57,5,5,15,15,14,14,0.181978,3.847045,1777,1777,1980,1980
with_repeater,sparse,0,mars,1342.0,1800.0,57,0,1,0,3,0,2,,,1777,1777,1980,1980
with_repeater,sparse,1,moon,1342.0,1800.0,57,5,5,15,15,12,12,5.132458,107.792151,1777,1777,1980,1980
with_repeater,sparse,2,leo,1342.0,1800.0,57,0,1,0,3,0,2,,,1777,1777,1980,1980
with_repeater,sparse,3,earth,1342.0,1800.0,57,5,5,15,15,14,14,0.184844,3.867509,1777,1777,1980,1980
blackout_only,sparse,0,mars,1342.0,1800.0,58,0,1,0,3,0,2,,,1777,1777,1980,1980
blackout_only,sparse,1,moon,1342.0,1800.0,58,5,5,15,15,12,12,5.132010,107.780465,1777,1777,1980,1980
blackout_only,sparse,2,leo,1342.0,1800.0,58,0,1,0,3,0,2,,,1777,1777,1980,1980
blackout_only,sparse,3,earth,1342.0,1800.0,58,5,5,15,15,14,14,0.181232,3.835738,1777,1777,1980,1980
with_repeater,sparse,0,mars,1342.0,1800.0,58,0,1,0,3,0,2,,,1777,1777,1980,1980
with_repeater,sparse,1,moon,1342.0,1800.0,58,5,5,15,15,12,12,5.131942,107.763257,1777,1777,1980,1980
with_repeater,sparse,2,leo,1342.0,1800.0,58,0,1,0,3,0,2,,,1777,1777,1980,1980
with_repeater,sparse,3,earth,1342.0,1800.0,58,5,5,15,15,14,14,0.183149,3.903073,1777,1777,1980,1980
blackout_only,sparse,0,mars,1342.0,1800.0,59,0,1,0,3,0,2,,,1777,1777,1980,1980
blackout_only,sparse,1,moon,1342.0,1800.0,59,5,5,15,15,12,12,5.128979,107.708847,1777,1777,1980,1980
blackout_only,sparse,2,leo,1342.0,1800.0,59,0,1,0,3,0,2,,,1777,1777,1980,1980
blackout_only,sparse,3,earth,1342.0,1800.0,59,5,5,15,15,14,14,0.184249,3.867054,1777,1777,1980,1980
with_repeater,sparse,0,mars,1342.0,1800.0,59,0,1,0,3,0,2,,,1777,1777,1980,1980
with_repeater,sparse,1,moon,1342.0,1800.0,59,5,5,15,15,12,12,5.133996,107.810104,1777,1777,1980,1980
with_repeater,sparse,2,leo,1342.0,1800.0,59,0,1,0,3,0,2,,,1777,1777,1980,1980
with_repeater,sparse,3,earth,1342.0,1800.0,59,5,5,15,15,14,14,0.182110,3.800074,1777,1777,1980,1980
blackout_only,sparse,0,mars,1342.0,1800.0,60,0,1,0,3,0,2,,,1777,1777,1980,1980
blackout_only,sparse,1,moon,1342.0,1800.0,60,5,5,15,15,12,12,5.130624,107.763152,1777,1777,1980,1980
blackout_only,sparse,2,leo,1342.0,1800.0,60,0,1,0,3,0,2,,,1777,1777,1980,1980
blackout_only,sparse,3,earth,1342.0,1800.0,60,5,5,15,15,14,14,0.184273,3.860327,1777,1777,1980,1980
with_repeater,sparse,0,mars,1342.0,1800.0,60,0,1,0,3,0,2,,,1778,1778,1980,1980
with_repeater,sparse,1,moon,1342.0,1800.0,60,5,5,15,15,12,12,5.128937,107.673757,1778,1778,1980,1980
with_repeater,sparse,2,leo,1342.0,1800.0,60,0,1,0,3,0,2,,,1778,1778,1980,1980
with_repeater,sparse,3,earth,1342.0,1800.0,60,5,5,15,15,14,14,0.181840,3.858152,1778,1778,1980,1980
blackout_only,sparse,0,mars,1342.0,1800.0,61,0,1,0,3,0,2,,,1777,1777,1980,1980
blackout_only,sparse,1,moon,1342.0,1800.0,61,5,5,15,15,12,12,5.130353,107.742635,1777,1777,1980,1980
blackout_only,sparse,2,leo,1342.0,1800.0,61,0,1,0,3,0,2,,,1777,1777,1980,1980
blackout_only,sparse,3,earth,1342.0,1800.0,61,5,5,15,15,14,14,0.183956,3.872555,1777,1777,1980,1980
with_repeater,sparse,0,mars,1342.0,1800.0,61,0,1,0,3,0,2,,,1777,1777,1980,1980
with_repeater,sparse,1,moon,1342.0,1800.0,61,5,5,15,15,12,12,5.131227,107.728216,1777,1777,1980,1980
with_repeater,sparse,2,leo,1342.0,1800.0,61,0,1,0,3,0,2,,,1777,1777,1980,1980
with_repeater,sparse,3,earth,1342.0,1800.0,61,5,5,15,15,14,14,0.184371,3.861694,1777,1777,1980,1980
blackout_only,sparse,0,mars,1342.0,1800.0,62,0,1,0,3,0,2,,,1777,1777,1980,1980
blackout_only,sparse,1,moon,1342.0,1800.0,62,5,5,15,15,12,12,5.130710,107.694188,1777,1777,1980,1980
blackout_only,sparse,2,leo,1342.0,1800.0,62,0,1,0,3,0,2,,,1777,1777,1980,1980
blackout_only,sparse,3,earth,1342.0,1800.0,62,5,5,15,15,14,14,0.183086,3.839405,1777,1777,1980,1980
with_repeater,sparse,0,mars,1342.0,1800.0,62,0,1,0,3,0,2,,,1777,1777,1980,1980
with_repeater,sparse,1,moon,1342.0,1800.0,62,5,5,15,15,12,12,5.132851,107.794809,1777,1777,1980,1980
with_repeater,sparse,2,leo,1342.0,1800.0,62,0,1,0,3,0,2,,,1777,1777,1980,1980
with_repeater,sparse,3,earth,1342.0,1800.0,62,5,5,15,15,14,14,0.181436,3.808702,1777,1777,1980,1980
blackout_only,sparse,0,mars,1342.0,1800.0,63,0,1,0,3,0,2,,,1778,1778,1980,1980
blackout_only,sparse,1,moon,1342.0,1800.0,63,5,5,15,15,12,12,5.130576,107.744853,1778,1778,1980,1980
blackout_only,sparse,2,leo,1342.0,1800.0,63,0,1,0,3,0,2,,,1778,1778,1980,1980
blackout_only,sparse,3,earth,1342.0,1800.0,63,5,5,15,15,14,14,0.181114,3.815981,1778,1778,1980,1980
with_repeater,sparse,0,mars,1342.0,1800.0,63,0,1,0,3,0,2,,,1777,1777,1980,1980
with_repeater,sparse,1,moon,1342.0,1800.0,63,5,5,15,15,12,12,5.131191,107.783766,1777,1777,1980,1980
with_repeater,sparse,2,leo,1342.0,1800.0,63,0,1,0,3,0,2,,,1777,1777,1980,1980
with_repeater,sparse,3,earth,1342.0,1800.0,63,5,5,15,15,14,14,0.182551,3.823585,1777,1777,1980,1980
blackout_only,sparse,0,mars,1342.0,1800.0,64,0,1,0,3,0,2,,,1777,1777,1980,1980
blackout_only,sparse,1,moon,1342.0,1800.0,64,5,5,15,15,12,12,5.130728,107.751283,1777,1777,1980,1980
blackout_only,sparse,2,leo,1342.0,1800.0,64,0,1,0,3,0,2,,,1777,1777,1980,1980
blackout_only,sparse,3,earth,1342.0,1800.0,64,5,5,15,15,14,14,0.184221,3.907997,1777,1777,1980,1980
with_repeater,sparse,0,mars,1342.0,1800.0,64,0,1,0,3,0,2,,,1777,1777,1980,1980
with_repeater,sparse,1,moon,1342.0,1800.0,64,5,5,15,15,12,12,5.134967,107.768091,1777,1777,1980,1980
with_repeater,sparse,2,leo,1342.0,1800.0,64,0,1,0,3,0,2,,,1777,1777,1980,1980
with_repeater,sparse,3,earth,1342.0,1800.0,64,5,5,15,15,14,14,0.182066,3.781922,1777,1777,1980,1980
blackout_only,sparse,0,mars,1342.0,1800.0,65,0,1,0,3,0,2,,,1778,1778,1980,1980
blackout_only,sparse,1,moon,1342.0,1800.0,65,5,5,15,15,12,12,5.131052,107.806216,1778,1778,1980,1980
blackout_only,sparse,2,leo,1342.0,1800.0,65,0,1,0,3,0,2,,,1778,1778,1980,1980
blackout_only,sparse,3,earth,1342.0,1800.0,65,5,5,15,15,14,14,0.183131,3.862167,1778,1778,1980,1980
with_repeater,sparse,0,mars,1342.0,1800.0,65,0,1,0,3,0,2,,,1777,1777,1980,1980
with_repeater,sparse,1,moon,1342.0,1800.0,65,5,5,15,15,12,12,5.131227,107.792055,1777,1777,1980,1980
with_repeater,sparse,2,leo,1342.0,1800.0,65,0,1,0,3,0,2,,,1777,1777,1980,1980
with_repeater,sparse,3,earth,1342.0,1800.0,65,5,5,15,15,14,14,0.185856,3.906665,1777,1777,1980,1980
blackout_only,sparse,0,mars,1342.0,1800.0,66,0,1,0,3,0,2,,,1777,1777,1980,1980
blackout_only,sparse,1,moon,1342.0,1800.0,66,5,5,15,15,12,12,5.133857,107.800224,1777,1777,1980,1980
blackout_only,sparse,2,leo,1342.0,1800.0,66,0,1,0,3,0,2,,,1777,1777,1980,1980
blackout_only,sparse,3,earth,1342.0,1800.0,66,5,5,15,15,14,14,0.181120,3.821335,1777,1777,1980,1980
with_repeater,sparse,0,mars,1342.0,1800.0,66,0,1,0,3,0,2,,,1777,1777,1980,1980
with_repeater,sparse,1,moon,1342.0,1800.0,66,5,5,15,15,12,12,5.128684,107.727178,1777,1777,1980,1980
with_repeater,sparse,2,leo,1342.0,1800.0,66,0,1,0,3,0,2,,,1777,1777,1980,1980
with_repeater,sparse,3,earth,1342.0,1800.0,66,5,5,15,15,14,14,0.183984,3.860817,1777,1777,1980,1980
blackout_only,sparse,0,mars,1342.0,1800.0,67,0,1,0,3,0,2,,,1777,1777,1980,1980
blackout_only,sparse,1,moon,1342.0,1800.0,67,5,5,15,15,12,12,5.132127,107.744469,1777,1777,1980,1980
blackout_only,sparse,2,leo,1342.0,1800.0,67,0,1,0,3,0,2,,,1777,1777,1980,1980
blackout_only,sparse,3,earth,1342.0,1800.0,67,5,5,15,15,14,14,0.182215,3.823449,1777,1777,1980,1980
with_repeater,sparse,0,mars,1342.0,1800.0,67,0,1,0,3,0,2,,,1777,1777,1980,1980
with_repeater,sparse,1,moon,1342.0,1800.0,67,5,5,15,15,12,12,5.131463,107.727604,1777,1777,1980,1980
with_repeater,sparse,2,leo,1342.0,1800.0,67,0,1,0,3,0,2,,,1777,1777,1980,1980
with_repeater,sparse,3,earth,1342.0,1800.0,67,5,5,15,15,14,14,0.180359,3.777667,1777,1777,1980,1980
blackout_only,sparse,0,mars,1342.0,1800.0,68,0,1,0,3,0,2,,,1777,1777,1980,1980
blackout_only,sparse,1,moon,1342.0,1800.0,68,5,5,15,15,12,12,5.131655,107.762665,1777,1777,1980,1980
blackout_only,sparse,2,leo,1342.0,1800.0,68,0,1,0,3,0,2,,,1777,1777,1980,1980
blackout_only,sparse,3,earth,1342.0,1800.0,68,5,5,15,15,14,14,0.183345,3.838366,1777,1777,1980,1980
with_repeater,sparse,0,mars,1342.0,1800.0,68,0,1,0,3,0,2,,,1777,1777,1980,1980
with_repeater,sparse,1,moon,1342.0,1800.0,68,5,5,15,15,12,12,5.130461,107.767793,1777,1777,1980,1980
with_repeater,sparse,2,leo,1342.0,1800.0,68,0,1,0,3,0,2,,,1777,1777,1980,1980
with_repeater,sparse,3,earth,1342.0,1800.0,68,5,5,15,15,14,14,0.180914,3.778579,1777,1777,1980,1980
blackout_only,sparse,0,mars,1342.0,1800.0,69,0,1,0,3,0,2,,,1777,1777,1980,1980
blackout_only,sparse,1,moon,1342.0,1800.0,69,5,5,15,15,12,12,5.130117,107.724840,1777,1777,1980,1980
blackout_only,sparse,2,leo,1342.0,1800.0,69,0,1,0,3,0,2,,,1777,1777,1980,1980
blackout_only,sparse,3,earth,1342.0,1800.0,69,5,5,15,15,14,14,0.182346,3.789144,1777,1777,1980,1980
with_repeater,sparse,0,mars,1342.0,1800.0,69,0,1,0,3,0,2,,,1778,1778,1980,1980
with_repeater,sparse,1,moon,1342.0,1800.0,69,5,5,15,15,12,12,5.130504,107.761147,1778,1778,1980,1980
with_repeater,sparse,2,leo,1342.0,1800.0,69,0,1,0,3,0,2,,,1778,1778,1980,1980
with_repeater,sparse,3,earth,1342.0,1800.0,69,5,5,15,15,14,14,0.183650,3.850189,1778,1778,1980,1980
blackout_only,sparse,0,mars,1342.0,1800.0,70,0,1,0,3,0,2,,,1777,1777,1980,1980
blackout_only,sparse,1,moon,1342.0,1800.0,70,5,5,15,15,12,12,5.129519,107.719120,1777,1777,1980,1980
blackout_only,sparse,2,leo,1342.0,1800.0,70,0,1,0,3,0,2,,,1777,1777,1980,1980
blackout_only,sparse,3,earth,1342.0,1800.0,70,5,5,15,15,14,14,0.182709,3.889061,1777,1777,1980,1980
with_repeater,sparse,0,mars,1342.0,1800.0,70,0,1,0,3,0,2,,,1778,1778,1980,1980
with_repeater,sparse,1,moon,1342.0,1800.0,70,5,5,15,15,12,12,5.133113,107.812993,1778,1778,1980,1980
with_repeater,sparse,2,leo,1342.0,1800.0,70,0,1,0,3,0,2,,,1778,1778,1980,1980
with_repeater,sparse,3,earth,1342.0,1800.0,70,5,5,15,15,14,14,0.182435,3.846286,1778,1778,1980,1980
blackout_only,sparse,0,mars,1342.0,1800.0,71,0,1,0,3,0,2,,,1777,1777,1980,1980
blackout_only,sparse,1,moon,1342.0,1800.0,71,5,5,15,15,12,12,5.131391,107.751529,1777,1777,1980,1980
blackout_only,sparse,2,leo,1342.0,1800.0,71,0,1,0,3,0,2,,,1777,1777,1980,1980
blackout_only,sparse,3,earth,1342.0,1800.0,71,5,5,15,15,14,14,0.181269,3.785972,1777,1777,1980,1980
with_repeater,sparse,0,mars,1342.0,1800.0,71,0,1,0,3,0,2,,,1777,1777,1980,1980
with_repeater,sparse,1,moon,1342.0,1800.0,71,5,5,15,15,12,12,5.131591,107.789830,1777,1777,1980,1980
with_repeater,sparse,2,leo,1342.0,1800.0,71,0,1,0,3,0,2,,,1777,1777,1980,1980
with_repeater,sparse,3,earth,1342.0,1800.0,71,5,5,15,15,14,14,0.182727,3.834836,1777,1777,1980,1980
blackout_only,sparse,0,mars,1342.0,1800.0,72,0,1,0,3,0,2,,,1777,1777,1980,1980
blackout_only,sparse,1,moon,1342.0,1800.0,72,5,5,15,15,12,12,5.130654,107.724059,1777,1777,1980,1980
blackout_only,sparse,2,leo,1342.0,1800.0,72,0,1,0,3,0,2,,,1777,1777,1980,1980
blackout_only,sparse,3,earth,1342.0,1800.0,72,5,5,15,15,14,14,0.183053,3.850689,1777,1777,1980,1980
with_repeater,sparse,0,mars,1342.0,1800.0,72,0,1,0,3,0,2,,,1777,1777,1980,1980
with_repeater,sparse,1,moon,1342.0,1800.0,72,5,5,15,15,12,12,5.129319,107.685274,1777,1777,1980,1980
with_repeater,sparse,2,leo,1342.0,1800.0,72,0,1,0,3,0,2,,,1777,1777,1980,1980
with_repeater,sparse,3,earth,1342.0,1800.0,72,5,5,15,15,14,14,0.184715,3.871288,1777,1777,1980,1980
blackout_only,sparse,0,mars,1342.0,1800.0,73,0,1,0,3,0,2,,,1777,1777,1980,1980
blackout_only,sparse,1,moon,1342.0,1800.0,73,5,5,15,15,12,12,5.132226,107.746528,1777,1777,1980,1980
blackout_only,sparse,2,leo,1342.0,1800.0,73,0,1,0,3,0,2,,,1777,1777,1980,1980
blackout_only,sparse,3,earth,1342.0,1800.0,73,5,5,15,15,14,14,0.179221,3.792188,1777,1777,1980,1980
with_repeater,sparse,0,mars,1342.0,1800.0,73,0,1,0,3,0,2,,,1777,1777,1980,1980
with_repeater,sparse,1,moon,1342.0,1800.0,73,5,5,15,15,12,12,5.128362,107.688878,1777,1777,1980,1980
with_repeater,sparse,2,leo,1342.0,1800.0,73,0,1,0,3,0,2,,,1777,1777,1980,1980
with_repeater,sparse,3,earth,1342.0,1800.0,73,5,5,15,15,14,14,0.181931,3.775977,1777,1777,1980,1980
blackout_only,sparse,0,mars,1342.0,1800.0,74,0,1,0,3,0,2,,,1778,1778,1980,1980
blackout_only,sparse,1,moon,1342.0,1800.0,74,5,5,15,15,12,12,5.131662,107.778438,1778,1778,1980,1980
blackout_only,sparse,2,leo,1342.0,1800.0,74,0,1,0,3,0,2,,,1778,1778,1980,1980
blackout_only,sparse,3,earth,1342.0,1800.0,74,5,5,15,15,14,14,0.184573,3.863615,1778,1778,1980,1980
with_repeater,sparse,0,mars,1342.0,1800.0,74,0,1,0,3,0,2,,,1778,1778,1980,1980
with_repeater,sparse,1,moon,1342.0,1800.0,74,5,5,15,15,12,12,5.132011,107.809150,1778,1778,1980,1980
with_repeater,sparse,2,leo,1342.0,1800.0,74,0,1,0,3,0,2,,,1778,1778,1980,1980
with_repeater,sparse,3,earth,1342.0,1800.0,74,5,5,15,15,14,14,0.181965,3.829032,1778,1778,1980,1980
blackout_only,sparse,0,mars,1342.0,1800.0,75,0,1,0,3,0,2,,,1777,1777,1980,1980
blackout_only,sparse,1,moon,1342.0,1800.0,75,5,5,15,15,12,12,5.130083,107.700063,1777,1777,1980,1980
blackout_only,sparse,2,leo,1342.0,1800.0,75,0,1,0,3,0,2,,,1777,1777,1980,1980
blackout_only,sparse,3,earth,1342.0,1800.0,75,5,5,15,15,14,14,0.184853,3.843237,1777,1777,1980,1980
with_repeater,sparse,0,mars,1342.0,1800.0,75,0,1,0,3,0,2,,,1778,1778,1980,1980
with_repeater,sparse,1,moon,1342.0,1800.0,75,5,5,15,15,12,12,5.132051,107.809382,1778,1778,1980,1980
with_repeater,sparse,2,leo,1342.0,1800.0,75,0,1,0,3,0,2,,,1778,1778,1980,1980
with_repeater,sparse,3,earth,1342.0,1800.0,75,5,5,15,15,14,14,0.182966,3.822288,1778,1778,1980,1980
blackout_only,sparse,0,mars,1342.0,1800.0,76,0,1,0,3,0,2,,,1777,1777,1980,1980
blackout_only,sparse,1,moon,1342.0,1800.0,76,5,5,15,15,12,12,5.135295,107.841577,1777,1777,1980,1980
blackout_only,sparse,2,leo,1342.0,1800.0,76,0,1,0,3,0,2,,,1777,1777,1980,1980
blackout_only,sparse,3,earth,1342.0,1800.0,76,5,5,15,15,14,14,0.183624,3.844064,1777,1777,1980,1980
with_repeater,sparse,0,mars,1342.0,1800.0,76,0,1,0,3,0,2,,,1777,1777,1980,1980
with_repeater,sparse,1,moon,1342.0,1800.0,76,5,5,15,15,12,12,5.134552,107.827712,1777,1777,1980,1980
with_repeater,sparse,2,leo,1342.0,1800.0,76,0,1,0,3,0,2,,,1777,1777,1980,1980
with_repeater,sparse,3,earth,1342.0,1800.0,76,5,5,15,15,14,14,0.183927,3.883008,1777,1777,1980,1980
blackout_only,sparse,0,mars,1342.0,1800.0,77,0,1,0,3,0,2,,,1777,1777,1980,1980
blackout_only,sparse,1,moon,1342.0,1800.0,77,5,5,15,15,12,12,5.128557,107.664819,1777,1777,1980,1980
blackout_only,sparse,2,leo,1342.0,1800.0,77,0,1,0,3,0,2,,,1777,1777,1980,1980
blackout_only,sparse,3,earth,1342.0,1800.0,77,5,5,15,15,14,14,0.181568,3.792199,1777,1777,1980,1980
with_repeater,sparse,0,mars,1342.0,1800.0,77,0,1,0,3,0,2,,,1777,1777,1980,1980
with_repeater,sparse,1,moon,1342.0,1800.0,77,5,5,15,15,12,12,5.131552,107.761676,1777,1777,1980,1980
with_repeater,sparse,2,leo,1342.0,1800.0,77,0,1,0,3,0,2,,,1777,1777,1980,1980
with_repeater,sparse,3,earth,1342.0,1800.0,77,5,5,15,15,14,14,0.183945,3.834517,1777,1777,1980,1980
blackout_only,sparse,0,mars,1342.0,1800.0,78,0,1,0,3,0,2,,,1778,1778,1980,1980
blackout_only,sparse,1,moon,1342.0,1800.0,78,5,5,15,15,12,12,5.134000,107.841006,1778,1778,1980,1980
blackout_only,sparse,2,leo,1342.0,1800.0,78,0,1,0,3,0,2,,,1778,1778,1980,1980
blackout_only,sparse,3,earth,1342.0,1800.0,78,5,5,15,15,14,14,0.181749,3.815415,1778,1778,1980,1980
with_repeater,sparse,0,mars,1342.0,1800.0,78,0,1,0,3,0,2,,,1777,1777,1980,1980
with_repeater,sparse,1,moon,1342.0,1800.0,78,5,5,15,15,12,12,5.132738,107.808426,1777,1777,1980,1980
with_repeater,sparse,2,leo,1342.0,1800.0,78,0,1,0,3,0,2,,,1777,1777,1980,1980
with_repeater,sparse,3,earth,1342.0,1800.0,78,5,5,15,15,14,14,0.181026,3.795289,1777,1777,1980,1980
blackout_only,sparse,0,mars,1342.0,1800.0,79,0,1,0,3,0,2,,,1777,1777,1980,1980
blackout_only,sparse,1,moon,1342.0,1800.0,79,5,5,15,15,12,12,5.131003,107.718573,1777,1777,1980,1980
blackout_only,sparse,2,leo,1342.0,1800.0,79,0,1,0,3,0,2,,,1777,1777,1980,1980
blackout_only,sparse,3,earth,1342.0,1800.0,79,5,5,15,15,14,14,0.183647,3.863615,1777,1777,1980,1980
with_repeater,sparse,0,mars,1342.0,1800.0,79,0,1,0,3,0,2,,,1777,1777,1980,1980
with_repeater,sparse,1,moon,1342.0,1800.0,79,5,5,15,15,12,12,5.131352,107.765170,1777,1777,1980,1980
with_repeater,sparse,2,leo,1342.0,1800.0,79,0,1,0,3,0,2,,,1777,1777,1980,1980
with_repeater,sparse,3,earth,1342.0,1800.0,79,5,5,15,15,14,14,0.182883,3.854416,1777,1777,1980,1980
blackout_only,sparse,0,mars,1342.0,1800.0,80,0,1,0,3,0,2,,,1777,1777,1980,1980
blackout_only,sparse,1,moon,1342.0,1800.0,80,5,5,15,15,12,12,5.134846,107.799158,1777,1777,1980,1980
blackout_only,sparse,2,leo,1342.0,1800.0,80,0,1,0,3,0,2,,,1777,1777,1980,1980
blackout_only,sparse,3,earth,1342.0,1800.0,80,5,5,15,15,14,14,0.182271,3.829743,1777,1777,1980,1980
with_repeater,sparse,0,mars,1342.0,1800.0,80,0,1,0,3,0,2,,,1777,1777,1980,1980
with_repeater,sparse,1,moon,1342.0,1800.0,80,5,5,15,15,12,12,5.133733,107.811412,1777,1777,1980,1980
with_repeater,sparse,2,leo,1342.0,1800.0,80,0,1,0,3,0,2,,,1777,1777,1980,1980
with_repeater,sparse,3,earth,1342.0,1800.0,80,5,5,15,15,14,14,0.180915,3.825547,1777,1777,1980,1980
blackout_only,sparse,0,mars,1342.0,1800.0,81,0,1,0,3,0,2,,,1778,1778,1980,1980
blackout_only,sparse,1,moon,1342.0,1800.0,81,5,5,15,15,12,12,5.128826,107.677560,1778,1778,1980,1980
blackout_only,sparse,2,leo,1342.0,1800.0,81,0,1,0,3,0,2,,,1778,1778,1980,1980
blackout_only,sparse,3,earth,1342.0,1800.0,81,5,5,15,15,14,14,0.182620,3.842079,1778,1778,1980,1980
with_repeater,sparse,0,mars,1342.0,1800.0,81,0,1,0,3,0,2,,,1777,1777,1980,1980
with_repeater,sparse,1,moon,1342.0,1800.0,81,5,5,15,15,12,12,5.132100,107.763747,1777,1777,1980,1980
with_repeater,sparse,2,leo,1342.0,1800.0,81,0,1,0,3,0,2,,,1777,1777,1980,1980
with_repeater,sparse,3,earth,1342.0,1800.0,81,5,5,15,15,14,14,0.183773,3.839982,1777,1777,1980,1980
blackout_only,sparse,0,mars,1342.0,1800.0,82,0,1,0,3,0,2,,,1777,1777,1980,1980
blackout_only,sparse,1,moon,1342.0,1800.0,82,5,5,15,15,12,12,5.128790,107.750374,1777,1777,1980,1980
blackout_only,sparse,2,leo,1342.0,1800.0,82,0,1,0,3,0,2,,,1777,1777,1980,1980
blackout_only,sparse,3,earth,1342.0,1800.0,82,5,5,15,15,14,14,0.182588,3.866159,1777,1777,1980,1980
with_repeater,sparse,0,mars,1342.0,1800.0,82,0,1,0,3,0,2,,,1777,1777,1980,1980
with_repeater,sparse,1,moon,1342.0,1800.0,82,5,5,15,15,12,12,5.133944,107.818104,1777,1777,1980,1980
with_repeater,sparse,2,leo,1342.0,1800.0,82,0,1,0,3,0,2,,,1777,1777,1980,1980
with_repeater,sparse,3,earth,1342.0,1800.0,82,5,5,15,15,14,14,0.182588,3.830467,1777,1777,1980,1980
blackout_only,sparse,0,mars,1342.0,1800.0,83,0,1,0,3,0,2,,,1777,1777,1980,1980
blackout_only,sparse,1,moon,1342.0,1800.0,83,5,5,15,15,12,12,5.130119,107.741977,1777,1777,1980,1980
blackout_only,sparse,2,leo,1342.0,1800.0,83,0,1,0,3,0,2,,,1777,1777,1980,1980
blackout_only,sparse,3,earth,1342.0,1800.0,83,5,5,15,15,14,14,0.185295,3.872659,1777,1777,1980,1980
with_repeater,sparse,0,mars,1342.0,1800.0,83,0,1,0,3,0,2,,,1777,1777,1980,1980
with_repeater,sparse,1,moon,1342.0,1800.0,83,5,5,15,15,12,12,5.131248,107.768437,1777,1777,1980,1980
with_repeater,sparse,2,leo,1342.0,1800.0,83,0,1,0,3,0,2,,,1777,1777,1980,1980
with_repeater,sparse,3,earth,1342.0,1800.0,83,5,5,15,15,14,14,0.183022,3.828492,1777,1777,1980,1980
blackout_only,sparse,0,mars,1342.0,1800.0,84,0,1,0,3,0,2,,,1777,1777,1980,1980
blackout_only,sparse,1,moon,1342.0,1800.0,84,5,5,15,15,12,12,5.132860,107.841150,1777,1777,1980,1980
blackout_only,sparse,2,leo,1342.0,1800.0,84,0,1,0,3,0,2,,,1777,1777,1980,1980
blackout_only,sparse,3,earth,1342.0,1800.0,84,5,5,15,15,14,14,0.182765,3.840375,1777,1777,1980,1980
with_repeater,sparse,0,mars,1342.0,1800.0,84,0,1,0,3,0,2,,,1777,1777,1980,1980
with_repeater,sparse,1,moon,1342.0,1800.0,84,5,5,15,15,12,12,5.134464,107.837656,1777,1777,1980,1980
with_repeater,sparse,2,leo,1342.0,1800.0,84,0,1,0,3,0,2,,,1777,1777,1980,1980
with_repeater,sparse,3,earth,1342.0,1800.0,84,5,5,15,15,14,14,0.181784,3.836970,1777,1777,1980,1980
blackout_only,sparse,0,mars,1342.0,1800.0,85,0,1,0,3,0,2,,,1777,1777,1980,1980
blackout_only,sparse,1,moon,1342.0,1800.0,85,5,5,15,15,12,12,5.131757,107.698720,1777,1777,1980,1980
blackout_only,sparse,2,leo,1342.0,1800.0,85,0,1,0,3,0,2,,,1777,1777,1980,1980
blackout_only,sparse,3,earth,1342.0,1800.0,85,5,5,15,15,14,14,0.182943,3.862812,1777,1777,1980,1980
with_repeater,sparse,0,mars,1342.0,1800.0,85,0,1,0,3,0,2,,,1777,1777,1980,1980
with_repeater,sparse,1,moon,1342.0,1800.0,85,5,5,15,15,12,12,5.129267,107.722345,1777,1777,1980,1980
with_repeater,sparse,2,leo,1342.0,1800.0,85,0,1,0,3,0,2,,,1777,1777,1980,1980
with_repeater,sparse,3,earth,1342.0,1800.0,85,5,5,15,15,14,14,0.182063,3.786915,1777,1777,1980,1980
blackout_only,sparse,0,mars,1342.0,1800.0,86,0,1,0,3,0,2,,,1778,1778,1980,1980
blackout_only,sparse,1,moon,1342.0,1800.0,86,5,5,15,15,12,12,5.131324,107.790737,1778,1778,1980,1980
blackout_only,sparse,2,leo,1342.0,1800.0,86,0,1,0,3,0,2,,,1778,1778,1980,1980
blackout_only,sparse,3,earth,1342.0,1800.0,86,5,5,15,15,14,14,0.184953,3.897002,1778,1778,1980,1980
with_repeater,sparse,0,mars,1342.0,1800.0,86,0,1,0,3,0,2,,,1777,1777,1980,1980
with_repeater,sparse,1,moon,1342.0,1800.0,86,5,5,15,15,12,12,5.132698,107.784451,1777,1777,1980,1980
with_repeater,sparse,2,leo,1342.0,1800.0,86,0,1,0,3,0,2,,,1777,1777,1980,1980
with_repeater,sparse,3,earth,1342.0,1800.0,86,5,5,15,15,14,14,0.183318,3.833150,1777,1777,1980,1980
blackout_only,sparse,0,mars,1342.0,1800.0,87,0,1,0,3,0,2,,,1777,1777,1980,1980
blackout_only,sparse,1,moon,1342.0,1800.0,87,5,5,15,15,12,12,5.132708,107.796574,1777,1777,1980,1980
blackout_only,sparse,2,leo,1342.0,1800.0,87,0,1,0,3,0,2,,,1777,1777,1980,1980
blackout_only,sparse,3,earth,1342.0,1800.0,87,5,5,15,15,14,14,0.183200,3.851416,1777,1777,1980,1980
with_repeater,sparse,0,mars,1342.0,1800.0,87,0,1,0,3,0,2,,,1777,1777,1980,1980
with_repeater,sparse,1,moon,1342.0,1800.0,87,5,5,15,15,12,12,5.129506,107.709240,1777,1777,1980,1980
with_repeater,sparse,2,leo,1342.0,1800.0,87,0,1,0,3,0,2,,,1777,1777,1980,1980
with_repeater,sparse,3,earth,1342.0,1800.0,87,5,5,15,15,14,14,0.183349,3.844131,1777,1777,1980,1980
blackout_only,sparse,0,mars,1342.0,1800.0,88,0,1,0,3,0,2,,,1777,1777,1980,1980
blackout_only,sparse,1,moon,1342.0,1800.0,88,5,5,15,15,12,12,5.130284,107.738158,1777,1777,1980,1980
blackout_only,sparse,2,leo,1342.0,1800.0,88,0,1,0,3,0,2,,,1777,1777,1980,1980
blackout_only,sparse,3,earth,1342.0,1800.0,88,5,5,15,15,14,14,0.182922,3.825071,1777,1777,1980,1980
with_repeater,sparse,0,mars,1342.0,1800.0,88,0,1,0,3,0,2,,,1777,1777,1980,1980
with_repeater,sparse,1,moon,1342.0,1800.0,88,5,5,15,15,12,12,5.133535,107.782231,1777,1777,1980,1980
with_repeater,sparse,2,leo,1342.0,1800.0,88,0,1,0,3,0,2,,,1777,1777,1980,1980
with_repeater,sparse,3,earth,1342.0,1800.0,88,5,5,15,15,14,14,0.183906,3.854873,1777,1777,1980,1980
blackout_only,sparse,0,mars,1342.0,1800.0,89,0,1,0,3,0,2,,,1777,1777,1980,1980
blackout_only,sparse,1,moon,1342.0,1800.0,89,5,5,15,15,12,12,5.129467,107.721399,1777,1777,1980,1980
blackout_only,sparse,2,leo,1342.0,1800.0,89,0,1,0,3,0,2,,,1777,1777,1980,1980
blackout_only,sparse,3,earth,1342.0,1800.0,89,5,5,15,15,14,14,0.184685,3.867924,1777,1777,1980,1980
with_repeater,sparse,0,mars,1342.0,1800.0,89,0,1,0,3,0,2,,,1777,1777,1980,1980
with_repeater,sparse,1,moon,1342.0,1800.0,89,5,5,15,15,12,12,5.129528,107.707372,1777,1777,1980,1980
with_repeater,sparse,2,leo,1342.0,1800.0,89,0,1,0,3,0,2,,,1777,1777,1980,1980
with_repeater,sparse,3,earth,1342.0,1800.0,89,5,5,15,15,14,14,0.183009,3.852592,1777,1777,1980,1980
blackout_only,full_coverage,0,mars,186.0,300.0,40,0,1,0,1,0,4,,,1777,1777,1980,1980
blackout_only,full_coverage,1,moon,186.0,300.0,40,5,5,3,3,24,24,5.131840,106.173129,1777,1777,1980,1980
blackout_only,full_coverage,2,leo,186.0,300.0,40,5,5,3,3,26,26,0.130159,61.184735,1777,1777,1980,1980
blackout_only,full_coverage,3,earth,186.0,300.0,40,5,5,3,3,26,26,0.184337,61.635619,1777,1777,1980,1980
with_repeater,full_coverage,0,mars,186.0,300.0,40,0,1,0,1,0,4,,,1778,1778,1980,1980
with_repeater,full_coverage,1,moon,186.0,300.0,40,5,5,3,3,24,24,5.132595,106.185317,1778,1778,1980,1980
with_repeater,full_coverage,2,leo,186.0,300.0,40,5,5,3,3,26,26,0.131070,61.189145,1778,1778,1980,1980
with_repeater,full_coverage,3,earth,186.0,300.0,40,5,5,3,3,26,26,0.184115,61.667429,1778,1778,1980,1980
blackout_only,full_coverage,0,mars,186.0,300.0,41,0,1,0,1,0,4,,,1778,1778,1980,1980
blackout_only,full_coverage,1,moon,186.0,300.0,41,5,5,3,3,24,24,5.132217,106.164643,1778,1778,1980,1980
blackout_only,full_coverage,2,leo,186.0,300.0,41,5,5,3,3,26,26,0.131069,61.184273,1778,1778,1980,1980
blackout_only,full_coverage,3,earth,186.0,300.0,41,5,5,3,3,26,26,0.182699,61.648642,1778,1778,1980,1980
with_repeater,full_coverage,0,mars,186.0,300.0,41,0,1,0,1,0,4,,,1777,1777,1980,1980
with_repeater,full_coverage,1,moon,186.0,300.0,41,5,5,3,3,24,24,5.132105,106.154739,1777,1777,1980,1980
with_repeater,full_coverage,2,leo,186.0,300.0,41,5,5,3,3,26,26,0.132138,61.189603,1777,1777,1980,1980
with_repeater,full_coverage,3,earth,186.0,300.0,41,5,5,3,3,26,26,0.181973,61.645069,1777,1777,1980,1980
blackout_only,full_coverage,0,mars,186.0,300.0,42,0,1,0,1,0,4,,,1777,1777,1980,1980
blackout_only,full_coverage,1,moon,186.0,300.0,42,5,5,3,3,24,24,5.129723,106.209441,1777,1777,1980,1980
blackout_only,full_coverage,2,leo,186.0,300.0,42,5,5,3,3,26,26,0.131315,61.176624,1777,1777,1980,1980
blackout_only,full_coverage,3,earth,186.0,300.0,42,5,5,3,3,26,26,0.183161,61.648934,1777,1777,1980,1980
with_repeater,full_coverage,0,mars,186.0,300.0,42,0,1,0,1,0,4,,,1778,1778,1980,1980
with_repeater,full_coverage,1,moon,186.0,300.0,42,5,5,3,3,24,24,5.128158,106.164503,1778,1778,1980,1980
with_repeater,full_coverage,2,leo,186.0,300.0,42,5,5,3,3,26,26,0.131791,61.199620,1778,1778,1980,1980
with_repeater,full_coverage,3,earth,186.0,300.0,42,5,5,3,3,26,26,0.183930,61.659688,1778,1778,1980,1980
blackout_only,full_coverage,0,mars,186.0,300.0,43,0,1,0,1,0,4,,,1778,1778,1980,1980
blackout_only,full_coverage,1,moon,186.0,300.0,43,5,5,3,3,24,24,5.129158,106.128190,1778,1778,1980,1980
blackout_only,full_coverage,2,leo,186.0,300.0,43,5,5,3,3,26,26,0.130759,61.167065,1778,1778,1980,1980
blackout_only,full_coverage,3,earth,186.0,300.0,43,5,5,3,3,26,26,0.182381,61.653234,1778,1778,1980,1980
with_repeater,full_coverage,0,mars,186.0,300.0,43,0,1,0,1,0,4,,,1778,1778,1980,1980
with_repeater,full_coverage,1,moon,186.0,300.0,43,5,5,3,3,24,24,5.130933,106.166147,1778,1778,1980,1980
with_repeater,full_coverage,2,leo,186.0,300.0,43,5,5,3,3,26,26,0.130381,61.193119,1778,1778,1980,1980
with_repeater,full_coverage,3,earth,186.0,300.0,43,5,5,3,3,26,26,0.183531,61.620756,1778,1778,1980,1980
blackout_only,full_coverage,0,mars,186.0,300.0,44,0,1,0,1,0,4,,,1777,1777,1980,1980
blackout_only,full_coverage,1,moon,186.0,300.0,44,5,5,3,3,24,24,5.132575,106.192396,1777,1777,1980,1980
blackout_only,full_coverage,2,leo,186.0,300.0,44,5,5,3,3,26,26,0.130705,61.161417,1777,1777,1980,1980
blackout_only,full_coverage,3,earth,186.0,300.0,44,5,5,3,3,26,26,0.181622,61.639324,1777,1777,1980,1980
with_repeater,full_coverage,0,mars,186.0,300.0,44,0,1,0,1,0,4,,,1777,1777,1980,1980
with_repeater,full_coverage,1,moon,186.0,300.0,44,5,5,3,3,24,24,5.132196,106.204048,1777,1777,1980,1980
with_repeater,full_coverage,2,leo,186.0,300.0,44,5,5,3,3,26,26,0.129106,61.138528,1777,1777,1980,1980
with_repeater,full_coverage,3,earth,186.0,300.0,44,5,5,3,3,26,26,0.181759,61.640072,1777,1777,1980,1980
blackout_only,full_coverage,0,mars,186.0,300.0,45,0,1,0,1,0,4,,,1777,1777,1980,1980
blackout_only,full_coverage,1,moon,186.0,300.0,45,5,5,3,3,24,24,5.134815,106.198464,1777,1777,1980,1980
blackout_only,full_coverage,2,leo,186.0,300.0,45,5,5,3,3,26,26,0.130564,61.157277,1777,1777,1980,1980
blackout_only,full_coverage,3,earth,186.0,300.0,45,5,5,3,3,26,26,0.178814,61.623471,1777,1777,1980,1980
with_repeater,full_coverage,0,mars,186.0,300.0,45,0,1,0,1,0,4,,,1777,1777,1980,1980
with_repeater,full_coverage,1,moon,186.0,300.0,45,5,5,3,3,24,24,5.133478,106.196821,1777,1777,1980,1980
with_repeater,full_coverage,2,leo,186.0,300.0,45,5,5,3,3,26,26,0.131461,61.167842,1777,1777,1980,1980
with_repeater,full_coverage,3,earth,186.0,300.0,45,5,5,3,3,26,26,0.181945,61.616323,1777,1777,1980,1980
blackout_only,full_coverage,0,mars,186.0,300.0,46,0,1,0,1,0,4,,,1777,1777,1980,1980
blackout_only,full_coverage,1,moon,186.0,300.0,46,5,5,3,3,24,24,5.131371,106.183699,1777,1777,1980,1980
blackout_only,full_coverage,2,leo,186.0,300.0,46,5,5,3,3,26,26,0.130827,61.179880,1777,1777,1980,1980
blackout_only,full_coverage,3,earth,186.0,300.0,46,5,5,3,3,26,26,0.182584,61.667518,1777,1777,1980,1980
with_repeater,full_coverage,0,mars,186.0,300.0,46,0,1,0,1,0,4,,,1777,1777,1980,1980
with_repeater,full_coverage,1,moon,186.0,300.0,46,5,5,3,3,24,24,5.130133,106.180832,1777,1777,1980,1980
with_repeater,full_coverage,2,leo,186.0,300.0,46,5,5,3,3,26,26,0.130379,61.171399,1777,1777,1980,1980
with_repeater,full_coverage,3,earth,186.0,300.0,46,5,5,3,3,26,26,0.183744,61.649073,1777,1777,1980,1980
blackout_only,full_coverage,0,mars,186.0,300.0,47,0,1,0,1,0,4,,,1777,1777,1980,1980
blackout_only,full_coverage,1,moon,186.0,300.0,47,5,5,3,3,24,24,5.132897,106.173717,1777,1777,1980,1980
blackout_only,full_coverage,2,leo,186.0,300.0,47,5,5,3,3,26,26,0.129461,61.149134,1777,1777,1980,1980
blackout_only,full_coverage,3,earth,186.0,300.0,47,5,5,3,3,26,26,0.180987,61.621934,1777,1777,1980,1980
with_repeater,full_coverage,0,mars,186.0,300.0,47,0,1,0,1,0,4,,,1777,1777,1980,1980
with_repeater,full_coverage,1,moon,186.0,300.0,47,5,5,3,3,24,24,5.131494,106.201160,1777,1777,1980,1980
with_repeater,full_coverage,2,leo,186.0,300.0,47,5,5,3,3,26,26,0.130238,61.139719,1777,1777,1980,1980
with_repeater,full_coverage,3,earth,186.0,300.0,47,5,5,3,3,26,26,0.181597,61.602587,1777,1777,1980,1980
blackout_only,full_coverage,0,mars,186.0,300.0,48,0,1,0,1,0,4,,,1777,1777,1980,1980
blackout_only,full_coverage,1,moon,186.0,300.0,48,5,5,3,3,24,24,5.133807,106.186141,1777,1777,1980,1980
blackout_only,full_coverage,2,leo,186.0,300.0,48,5,5,3,3,26,26,0.132463,61.191971,1777,1777,1980,1980
blackout_only,full_coverage,3,earth,186.0,300.0,48,5,5,3,3,26,26,0.183418,61.639757,1777,1777,1980,1980
with_repeater,full_coverage,0,mars,186.0,300.0,48,0,1,0,1,0,4,,,1777,1777,1980,1980
with_repeater,full_coverage,1,moon,186.0,300.0,48,5,5,3,3,24,24,5.131582,106.199732,1777,1777,1980,1980
with_repeater,full_coverage,2,leo,186.0,300.0,48,5,5,3,3,26,26,0.130934,61.186903,1777,1777,1980,1980
with_repeater,full_coverage,3,earth,186.0,300.0,48,5,5,3,3,26,26,0.180672,61.629867,1777,1777,1980,1980
blackout_only,full_coverage,0,mars,186.0,300.0,49,0,1,0,1,0,4,,,1777,1777,1980,1980
blackout_only,full_coverage,1,moon,186.0,300.0,49,5,5,3,3,24,24,5.131990,106.175604,1777,1777,1980,1980
blackout_only,full_coverage,2,leo,186.0,300.0,49,5,5,3,3,26,26,0.132830,61.206643,1777,1777,1980,1980
blackout_only,full_coverage,3,earth,186.0,300.0,49,5,5,3,3,26,26,0.181936,61.649792,1777,1777,1980,1980
with_repeater,full_coverage,0,mars,186.0,300.0,49,0,1,0,1,0,4,,,1777,1777,1980,1980
with_repeater,full_coverage,1,moon,186.0,300.0,49,5,5,3,3,24,24,5.131996,106.177969,1777,1777,1980,1980
with_repeater,full_coverage,2,leo,186.0,300.0,49,5,5,3,3,26,26,0.131614,61.195128,1777,1777,1980,1980
with_repeater,full_coverage,3,earth,186.0,300.0,49,5,5,3,3,26,26,0.183809,61.646187,1777,1777,1980,1980
blackout_only,full_coverage,0,mars,186.0,300.0,50,0,1,0,1,0,4,,,1777,1777,1980,1980
blackout_only,full_coverage,1,moon,186.0,300.0,50,5,5,3,3,24,24,5.129887,106.194774,1777,1777,1980,1980
blackout_only,full_coverage,2,leo,186.0,300.0,50,5,5,3,3,26,26,0.130393,61.177398,1777,1777,1980,1980
blackout_only,full_coverage,3,earth,186.0,300.0,50,5,5,3,3,26,26,0.181492,61.606195,1777,1777,1980,1980
with_repeater,full_coverage,0,mars,186.0,300.0,50,0,1,0,1,0,4,,,1777,1777,1980,1980
with_repeater,full_coverage,1,moon,186.0,300.0,50,5,5,3,3,24,24,5.130244,106.190955,1777,1777,1980,1980
with_repeater,full_coverage,2,leo,186.0,300.0,50,5,5,3,3,26,26,0.131417,61.173309,1777,1777,1980,1980
with_repeater,full_coverage,3,earth,186.0,300.0,50,5,5,3,3,26,26,0.182211,61.636483,1777,1777,1980,1980
blackout_only,full_coverage,0,mars,186.0,300.0,51,0,1,0,1,0,4,,,1777,1777,1980,1980
blackout_only,full_coverage,1,moon,186.0,300.0,51,5,5,3,3,24,24,5.133470,106.252968,1777,1777,1980,1980
blackout_only,full_coverage,2,leo,186.0,300.0,51,5,5,3,3,26,26,0.131106,61.154212,1777,1777,1980,1980
blackout_only,full_coverage,3,earth,186.0,300.0,51,5,5,3,3,26,26,0.182889,61.670664,1777,1777,1980,1980
with_repeater,full_coverage,0,mars,186.0,300.0,51,0,1,0,1,0,4,,,1777,1777,1980,1980
with_repeater,full_coverage,1,moon,186.0,300.0,51,5,5,3,3,24,24,5.133895,106.230689,1777,1777,1980,1980
with_repeater,full_coverage,2,leo,186.0,300.0,51,5,5,3,3,26,26,0.130832,61.167426,1777,1777,1980,1980
with_repeater,full_coverage,3,earth,186.0,300.0,51,5,5,3,3,26,26,0.185349,61.663870,1777,1777,1980,1980
blackout_only,full_coverage,0,mars,186.0,300.0,52,0,1,0,1,0,4,,,1778,1778,1980,1980
blackout_only,full_coverage,1,moon,186.0,300.0,52,5,5,3,3,24,24,5.131517,106.210477,1778,1778,1980,1980
blackout_only,full_coverage,2,leo,186.0,300.0,52,5,5,3,3,26,26,0.130912,61.175007,1778,1778,1980,1980
blackout_only,full_coverage,3,earth,186.0,300.0,52,5,5,3,3,26,26,0.184230,61.660324,1778,1778,1980,1980
with_repeater,full_coverage,0,mars,186.0,300.0,52,0,1,0,1,0,4,,,1777,1777,1980,1980
with_repeater,full_coverage,1,moon,186.0,300.0,52,5,5,3,3,24,24,5.131357,106.204344,1777,1777,1980,1980
with_repeater,full_coverage,2,leo,186.0,300.0,52,5,5,3,3,26,26,0.131964,61.178996,1777,1777,1980,1980
with_repeater,full_coverage,3,earth,186.0,300.0,52,5,5,3,3,26,26,0.180617,61.651249,1777,1777,1980,1980
blackout_only,full_coverage,0,mars,186.0,300.0,53,0,1,0,1,0,4,,,1777,1777,1980,1980
blackout_only,full_coverage,1,moon,186.0,300.0,53,5,5,3,3,24,24,5.129737,106.158771,1777,1777,1980,1980
blackout_only,full_coverage,2,leo,186.0,300.0,53,5,5,3,3,26,26,0.130473,61.186376,1777,1777,1980,1980
blackout_only,full_coverage,3,earth,186.0,300.0,53,5,5,3,3,26,26,0.182043,61.645017,1777,1777,1980,1980
with_repeater,full_coverage,0,mars,186.0,300.0,53,0,1,0,1,0,4,,,1777,1777,1980,1980
with_repeater,full_coverage,1,moon,186.0,300.0,53,5,5,3,3,24,24,5.129028,106.104479,1777,1777,1980,1980
with_repeater,full_coverage,2,leo,186.0,300.0,53,5,5,3,3,26,26,0.131211,61.170542,1777,1777,1980,1980
with_repeater,full_coverage,3,earth,186.0,300.0,53,5,5,3,3,26,26,0.183209,61.663158,1777,1777,1980,1980
blackout_only,full_coverage,0,mars,186.0,300.0,54,0,1,0,1,0,4,,,1777,1777,1980,1980
blackout_only,full_coverage,1,moon,186.0,300.0,54,5,5,3,3,24,24,5.130964,106.127237,1777,1777,1980,1980
blackout_only,full_coverage,2,leo,186.0,300.0,54,5,5,3,3,26,26,0.130319,61.199050,1777,1777,1980,1980
blackout_only,full_coverage,3,earth,186.0,300.0,54,5,5,3,3,26,26,0.183665,61.652442,1777,1777,1980,1980
with_repeater,full_coverage,0,mars,186.0,300.0,54,0,1,0,1,0,4,,,1777,1777,1980,1980
with_repeater,full_coverage,1,moon,186.0,300.0,54,5,5,3,3,24,24,5.127568,106.127785,1777,1777,1980,1980
with_repeater,full_coverage,2,leo,186.0,300.0,54,5,5,3,3,26,26,0.131245,61.184981,1777,1777,1980,1980
with_repeater,full_coverage,3,earth,186.0,300.0,54,5,5,3,3,26,26,0.184173,61.651342,1777,1777,1980,1980
blackout_only,full_coverage,0,mars,186.0,300.0,55,0,1,0,1,0,4,,,1777,1777,1980,1980
blackout_only,full_coverage,1,moon,186.0,300.0,55,5,5,3,3,24,24,5.129815,106.163159,1777,1777,1980,1980
blackout_only,full_coverage,2,leo,186.0,300.0,55,5,5,3,3,26,26,0.131718,61.215601,1777,1777,1980,1980
blackout_only,full_coverage,3,earth,186.0,300.0,55,5,5,3,3,26,26,0.179459,61.602841,1777,1777,1980,1980
with_repeater,full_coverage,0,mars,186.0,300.0,55,0,1,0,1,0,4,,,1777,1777,1980,1980
with_repeater,full_coverage,1,moon,186.0,300.0,55,5,5,3,3,24,24,5.131173,106.174097,1777,1777,1980,1980
with_repeater,full_coverage,2,leo,186.0,300.0,55,5,5,3,3,26,26,0.132589,61.209131,1777,1777,1980,1980
with_repeater,full_coverage,3,earth,186.0,300.0,55,5,5,3,3,26,26,0.182927,61.628061,1777,1777,1980,1980
blackout_only,full_coverage,0,mars,186.0,300.0,56,0,1,0,1,0,4,,,1777,1777,1980,1980
blackout_only,full_coverage,1,moon,186.0,300.0,56,5,5,3,3,24,24,5.130166,106.190562,1777,1777,1980,1980
blackout_only,full_coverage,2,leo,186.0,300.0,56,5,5,3,3,26,26,0.129658,61.152622,1777,1777,1980,1980
blackout_only,full_coverage,3,earth,186.0,300.0,56,5,5,3,3,26,26,0.185023,61.694628,1777,1777,1980,1980
with_repeater,full_coverage,0,mars,186.0,300.0,56,0,1,0,1,0,4,,,1778,1778,1980,1980
with_repeater,full_coverage,1,moon,186.0,300.0,56,5,5,3,3,24,24,5.130746,106.182288,1778,1778,1980,1980
with_repeater,full_coverage,2,leo,186.0,300.0,56,5,5,3,3,26,26,0.130468,61.169133,1778,1778,1980,1980
with_repeater,full_coverage,3,earth,186.0,300.0,56,5,5,3,3,26,26,0.183137,61.680175,1778,1778,1980,1980
blackout_only,full_coverage,0,mars,186.0,300.0,57,0,1,0,1,0,4,,,1777,1777,1980,1980
blackout_only,full_coverage,1,moon,186.0,300.0,57,5,5,3,3,24,24,5.128942,106.162337,1777,1777,1980,1980
blackout_only,full_coverage,2,leo,186.0,300.0,57,5,5,3,3,26,26,0.129902,61.176638,1777,1777,1980,1980
blackout_only,full_coverage,3,earth,186.0,300.0,57,5,5,3,3,26,26,0.182115,61.624173,1777,1777,1980,1980
with_repeater,full_coverage,0,mars,186.0,300.0,57,0,1,0,1,0,4,,,1777,1777,1980,1980
with_repeater,full_coverage,1,moon,186.0,300.0,57,5,5,3,3,24,24,5.130224,106.138109,1777,1777,1980,1980
with_repeater,full_coverage,2,leo,186.0,300.0,57,5,5,3,3,26,26,0.129809,61.172469,1777,1777,1980,1980
with_repeater,full_coverage,3,earth,186.0,300.0,57,5,5,3,3,26,26,0.182816,61.620447,1777,1777,1980,1980
blackout_only,full_coverage,0,mars,186.0,300.0,58,0,1,0,1,0,4,,,1777,1777,1980,1980
blackout_only,full_coverage,1,moon,186.0,300.0,58,5,5,3,3,24,24,5.131122,106.172088,1777,1777,1980,1980
blackout_only,full_coverage,2,leo,186.0,300.0,58,5,5,3,3,26,26,0.131557,61.191679,1777,1777,1980,1980
blackout_only,full_coverage,3,earth,186.0,300.0,58,5,5,3,3,26,26,0.183085,61.691140,1777,1777,1980,1980
with_repeater,full_coverage,0,mars,186.0,300.0,58,0,1,0,1,0,4,,,1777,1777,1980,1980
with_repeater,full_coverage,1,moon,186.0,300.0,58,5,5,3,3,24,24,5.131498,106.183023,1777,1777,1980,1980
with_repeater,full_coverage,2,leo,186.0,300.0,58,5,5,3,3,26,26,0.132240,61.187973,1777,1777,1980,1980
with_repeater,full_coverage,3,earth,186.0,300.0,58,5,5,3,3,26,26,0.184346,61.675326,1777,1777,1980,1980
blackout_only,full_coverage,0,mars,186.0,300.0,59,0,1,0,1,0,4,,,1777,1777,1980,1980
blackout_only,full_coverage,1,moon,186.0,300.0,59,5,5,3,3,24,24,5.132963,106.191523,1777,1777,1980,1980
blackout_only,full_coverage,2,leo,186.0,300.0,59,5,5,3,3,26,26,0.131981,61.199075,1777,1777,1980,1980
blackout_only,full_coverage,3,earth,186.0,300.0,59,5,5,3,3,26,26,0.181430,61.634128,1777,1777,1980,1980
with_repeater,full_coverage,0,mars,186.0,300.0,59,0,1,0,1,0,4,,,1777,1777,1980,1980
with_repeater,full_coverage,1,moon,186.0,300.0,59,5,5,3,3,24,24,5.130394,106.190263,1777,1777,1980,1980
with_repeater,full_coverage,2,leo,186.0,300.0,59,5,5,3,3,26,26,0.131771,61.184721,1777,1777,1980,1980
with_repeater,full_coverage,3,earth,186.0,300.0,59,5,5,3,3,26,26,0.181530,61.649593,1777,1777,1980,1980
blackout_only,full_coverage,0,mars,186.0,300.0,60,0,1,0,1,0,4,,,1777,1777,1980,1980
blackout_only,full_coverage,1,moon,186.0,300.0,60,5,5,3,3,24,24,5.133445,106.183608,1777,1777,1980,1980
blackout_only,full_coverage,2,leo,186.0,300.0,60,5,5,3,3,26,26,0.131668,61.196277,1777,1777,1980,1980
blackout_only,full_coverage,3,earth,186.0,300.0,60,5,5,3,3,26,26,0.183519,61.677584,1777,1777,1980,1980
with_repeater,full_coverage,0,mars,186.0,300.0,60,0,1,0,1,0,4,,,1777,1777,1980,1980
with_repeater,full_coverage,1,moon,186.0,300.0,60,5,5,3,3,24,24,5.132477,106.212791,1777,1777,1980,1980
with_repeater,full_coverage,2,leo,186.0,300.0,60,5,5,3,3,26,26,0.131103,61.156156,1777,1777,1980,1980
with_repeater,full_coverage,3,earth,186.0,300.0,60,5,5,3,3,26,26,0.184736,61.674652,1777,1777,1980,1980
blackout_only,full_coverage,0,mars,186.0,300.0,61,0,1,0,1,0,4,,,1777,1777,1980,1980
blackout_only,full_coverage,1,moon,186.0,300.0,61,5,5,3,3,24,24,5.131664,106.141699,1777,1777,1980,1980
blackout_only,full_coverage,2,leo,186.0,300.0,61,5,5,3,3,26,26,0.131127,61.181429,1777,1777,1980,1980
blackout_only,full_coverage,3,earth,186.0,300.0,61,5,5,3,3,26,26,0.181528,61.600602,1777,1777,1980,1980
with_repeater,full_coverage,0,mars,186.0,300.0,61,0,1,0,1,0,4,,,1777,1777,1980,1980
with_repeater,full_coverage,1,moon,186.0,300.0,61,5,5,3,3,24,24,5.130641,106.157139,1777,1777,1980,1980
with_repeater,full_coverage,2,leo,186.0,300.0,61,5,5,3,3,26,26,0.132990,61.189404,1777,1777,1980,1980
with_repeater,full_coverage,3,earth,186.0,300.0,61,5,5,3,3,26,26,0.185307,61.642728,1777,1777,1980,1980
blackout_only,full_coverage,0,mars,186.0,300.0,62,0,1,0,1,0,4,,,1777,1777,1980,1980
blackout_only,full_coverage,1,moon,186.0,300.0,62,5,5,3,3,24,24,5.131962,106.206996,1777,1777,1980,1980
blackout_only,full_coverage,2,leo,186.0,300.0,62,5,5,3,3,26,26,0.130028,61.183063,1777,1777,1980,1980
blackout_only,full_coverage,3,earth,186.0,300.0,62,5,5,3,3,26,26,0.181697,61.640572,1777,1777,1980,1980
with_repeater,full_coverage,0,mars,186.0,300.0,62,0,1,0,1,0,4,,,1777,1777,1980,1980
with_repeater,full_coverage,1,moon,186.0,300.0,62,5,5,3,3,24,24,5.131570,106.203842,1777,1777,1980,1980
with_repeater,full_coverage,2,leo,186.0,300.0,62,5,5,3,3,26,26,0.131703,61.197991,1777,1777,1980,1980
with_repeater,full_coverage,3,earth,186.0,300.0,62,5,5,3,3,26,26,0.183787,61.655777,1777,1777,1980,1980
blackout_only,full_coverage,0,mars,186.0,300.0,63,0,1,0,1,0,4,,,1778,1778,1980,1980
blackout_only,full_coverage,1,moon,186.0,300.0,63,5,5,3,3,24,24,5.132231,106.182477,1778,1778,1980,1980
blackout_only,full_coverage,2,leo,186.0,300.0,63,5,5,3,3,26,26,0.130762,61.162714,1778,1778,1980,1980
blackout_only,full_coverage,3,earth,186.0,300.0,63,5,5,3,3,26,26,0.181541,61.658578,1778,1778,1980,1980
with_repeater,full_coverage,0,mars,186.0,300.0,63,0,1,0,1,0,4,,,1777,1777,1980,1980
with_repeater,full_coverage,1,moon,186.0,300.0,63,5,5,3,3,24,24,5.131278,106.179325,1777,1777,1980,1980
with_repeater,full_coverage,2,leo,186.0,300.0,63,5,5,3,3,26,26,0.131234,61.159334,1777,1777,1980,1980
with_repeater,full_coverage,3,earth,186.0,300.0,63,5,5,3,3,26,26,0.183488,61.643029,1777,1777,1980,1980
blackout_only,full_coverage,0,mars,186.0,300.0,64,0,1,0,1,0,4,,,1777,1777,1980,1980
blackout_only,full_coverage,1,moon,186.0,300.0,64,5,5,3,3,24,24,5.132640,106.153864,1777,1777,1980,1980
blackout_only,full_coverage,2,leo,186.0,300.0,64,5,5,3,3,26,26,0.130478,61.182581,1777,1777,1980,1980
blackout_only,full_coverage,3,earth,186.0,300.0,64,5,5,3,3,26,26,0.182907,61.651687,1777,1777,1980,1980
with_repeater,full_coverage,0,mars,186.0,300.0,64,0,1,0,1,0,4,,,1777,1777,1980,1980
with_repeater,full_coverage,1,moon,186.0,300.0,64,5,5,3,3,24,24,5.130102,106.162238,1777,1777,1980,1980
with_repeater,full_coverage,2,leo,186.0,300.0,64,5,5,3,3,26,26,0.131488,61.192754,1777,1777,1980,1980
with_repeater,full_coverage,3,earth,186.0,300.0,64,5,5,3,3,26,26,0.184445,61.624122,1777,1777,1980,1980
blackout_only,full_coverage,0,mars,186.0,300.0,65,0,1,0,1,0,4,,,1777,1777,1980,1980
blackout_only,full_coverage,1,moon,186.0,300.0,65,5,5,3,3,24,24,5.133159,106.157960,1777,1777,1980,1980
blackout_only,full_coverage,2,leo,186.0,300.0,65,5,5,3,3,26,26,0.130075,61.195272,1777,1777,1980,1980
blackout_only,full_coverage,3,earth,186.0,300.0,65,5,5,3,3,26,26,0.183000,61.634902,1777,1777,1980,1980
with_repeater,full_coverage,0,mars,186.0,300.0,65,0,1,0,1,0,4,,,1777,1777,1980,1980
with_repeater,full_coverage,1,moon,186.0,300.0,65,5,5,3,3,24,24,5.131140,106.201596,1777,1777,1980,1980
with_repeater,full_coverage,2,leo,186.0,300.0,65,5,5,3,3,26,26,0.131289,61.198181,1777,1777,1980,1980
with_repeater,full_coverage,3,earth,186.0,300.0,65,5,5,3,3,26,26,0.184652,61.681984,1777,1777,1980,1980
blackout_only,full_coverage,0,mars,186.0,300.0,66,0,1,0,1,0,4,,,1777,1777,1980,1980
blackout_only,full_coverage,1,moon,186.0,300.0,66,5,5,3,3,24,24,5.131870,106.151592,1777,1777,1980,1980
blackout_only,full_coverage,2,leo,186.0,300.0,66,5,5,3,3,26,26,0.130594,61.160278,1777,1777,1980,1980
blackout_only,full_coverage,3,earth,186.0,300.0,66,5,5,3,3,26,26,0.184030,61.672866,1777,1777,1980,1980
with_repeater,full_coverage,0,mars,186.0,300.0,66,0,1,0,1,0,4,,,1777,1777,1980,1980
with_repeater,full_coverage,1,moon,186.0,300.0,66,5,5,3,3,24,24,5.127973,106.145230,1777,1777,1980,1980
with_repeater,full_coverage,2,leo,186.0,300.0,66,5,5,3,3,26,26,0.131269,61.154744,1777,1777,1980,1980
with_repeater,full_coverage,3,earth,186.0,300.0,66,5,5,3,3,26,26,0.185471,61.696752,1777,1777,1980,1980
blackout_only,full_coverage,0,mars,186.0,300.0,67,0,1,0,1,0,4,,,1777,1777,1980,1980
blackout_only,full_coverage,1,moon,186.0,300.0,67,5,5,3,3,24,24,5.132715,106.204226,1777,1777,1980,1980
blackout_only,full_coverage,2,leo,186.0,300.0,67,5,5,3,3,26,26,0.130626,61.179148,1777,1777,1980,1980
blackout_only,full_coverage,3,earth,186.0,300.0,67,5,5,3,3,26,26,0.182423,61.689004,1777,1777,1980,1980
with_repeater,full_coverage,0,mars,186.0,300.0,67,0,1,0,1,0,4,,,1777,1777,1980,1980
with_repeater,full_coverage,1,moon,186.0,300.0,67,5,5,3,3,24,24,5.131398,106.150028,1777,1777,1980,1980
with_repeater,full_coverage,2,leo,186.0,300.0,67,5,5,3,3,26,26,0.131447,61.176055,1777,1777,1980,1980
with_repeater,full_coverage,3,earth,186.0,300.0,67,5,5,3,3,26,26,0.182672,61.675350,1777,1777,1980,1980
blackout_only,full_coverage,0,mars,186.0,300.0,68,0,1,0,1,0,4,,,1777,1777,1980,1980
blackout_only,full_coverage,1,moon,186.0,300.0,68,5,5,3,3,24,24,5.129697,106.142258,1777,1777,1980,1980
blackout_only,full_coverage,2,leo,186.0,300.0,68,5,5,3,3,26,26,0.129916,61.148760,1777,1777,1980,1980
blackout_only,full_coverage,3,earth,186.0,300.0,68,5,5,3,3,26,26,0.183450,61.672471,1777,1777,1980,1980
with_repeater,full_coverage,0,mars,186.0,300.0,68,0,1,0,1,0,4,,,1777,1777,1980,1980
with_repeater,full_coverage,1,moon,186.0,300.0,68,5,5,3,3,24,24,5.129528,106.171077,1777,1777,1980,1980
with_repeater,full_coverage,2,leo,186.0,300.0,68,5,5,3,3,26,26,0.129883,61.173290,1777,1777,1980,1980
with_repeater,full_coverage,3,earth,186.0,300.0,68,5,5,3,3,26,26,0.183604,61.689957,1777,1777,1980,1980
blackout_only,full_coverage,0,mars,186.0,300.0,69,0,1,0,1,0,4,,,1777,1777,1980,1980
blackout_only,full_coverage,1,moon,186.0,300.0,69,5,5,3,3,24,24,5.131917,106.171544,1777,1777,1980,1980
blackout_only,full_coverage,2,leo,186.0,300.0,69,5,5,3,3,26,26,0.132160,61.194469,1777,1777,1980,1980
blackout_only,full_coverage,3,earth,186.0,300.0,69,5,5,3,3,26,26,0.183284,61.633179,1777,1777,1980,1980
with_repeater,full_coverage,0,mars,186.0,300.0,69,0,1,0,1,0,4,,,1777,1777,1980,1980
with_repeater,full_coverage,1,moon,186.0,300.0,69,5,5,3,3,24,24,5.128732,106.149473,1777,1777,1980,1980
with_repeater,full_coverage,2,leo,186.0,300.0,69,5,5,3,3,26,26,0.131569,61.173906,1777,1777,1980,1980
with_repeater,full_coverage,3,earth,186.0,300.0,69,5,5,3,3,26,26,0.181886,61.666911,1777,1777,1980,1980
blackout_only,full_coverage,0,mars,186.0,300.0,70,0,1,0,1,0,4,,,1777,1777,1980,1980
blackout_only,full_coverage,1,moon,186.0,300.0,70,5,5,3,3,24,24,5.131985,106.163518,1777,1777,1980,1980
blackout_only,full_coverage,2,leo,186.0,300.0,70,5,5,3,3,26,26,0.131221,61.173445,1777,1777,1980,1980
blackout_only,full_coverage,3,earth,186.0,300.0,70,5,5,3,3,26,26,0.182794,61.653131,1777,1777,1980,1980
with_repeater,full_coverage,0,mars,186.0,300.0,70,0,1,0,1,0,4,,,1778,1778,1980,1980
with_repeater,full_coverage,1,moon,186.0,300.0,70,5,5,3,3,24,24,5.132201,106.181781,1778,1778,1980,1980
with_repeater,full_coverage,2,leo,186.0,300.0,70,5,5,3,3,26,26,0.131684,61.177508,1778,1778,1980,1980
with_repeater,full_coverage,3,earth,186.0,300.0,70,5,5,3,3,26,26,0.181705,61.635811,1778,1778,1980,1980
blackout_only,full_coverage,0,mars,186.0,300.0,71,0,1,0,1,0,4,,,1777,1777,1980,1980
blackout_only,full_coverage,1,moon,186.0,300.0,71,5,5,3,3,24,24,5.133904,106.209069,1777,1777,1980,1980
blackout_only,full_coverage,2,leo,186.0,300.0,71,5,5,3,3,26,26,0.131742,61.203725,1777,1777,1980,1980
blackout_only,full_coverage,3,earth,186.0,300.0,71,5,5,3,3,26,26,0.181769,61.638032,1777,1777,1980,1980
with_repeater,full_coverage,0,mars,186.0,300.0,71,0,1,0,1,0,4,,,1777,1777,1980,1980
with_repeater,full_coverage,1,moon,186.0,300.0,71,5,5,3,3,24,24,5.133816,106.213894,1777,1777,1980,1980
with_repeater,full_coverage,2,leo,186.0,300.0,71,5,5,3,3,26,26,0.131602,61.192624,1777,1777,1980,1980
with_repeater,full_coverage,3,earth,186.0,300.0,71,5,5,3,3,26,26,0.185511,61.660739,1777,1777,1980,1980
blackout_only,full_coverage,0,mars,186.0,300.0,72,0,1,0,1,0,4,,,1777,1777,1980,1980
blackout_only,full_coverage,1,moon,186.0,300.0,72,5,5,3,3,24,24,5.130719,106.139370,1777,1777,1980,1980
blackout_only,full_coverage,2,leo,186.0,300.0,72,5,5,3,3,26,26,0.130225,61.151002,1777,1777,1980,1980
blackout_only,full_coverage,3,earth,186.0,300.0,72,5,5,3,3,26,26,0.180623,61.652992,1777,1777,1980,1980
with_repeater,full_coverage,0,mars,186.0,300.0,72,0,1,0,1,0,4,,,1777,1777,1980,1980
with_repeater,full_coverage,1,moon,186.0,300.0,72,5,5,3,3,24,24,5.130730,106.137748,1777,1777,1980,1980
with_repeater,full_coverage,2,leo,186.0,300.0,72,5,5,3,3,26,26,0.129436,61.148125,1777,1777,1980,1980
with_repeater,full_coverage,3,earth,186.0,300.0,72,5,5,3,3,26,26,0.180380,61.654241,1777,1777,1980,1980
blackout_only,full_coverage,0,mars,186.0,300.0,73,0,1,0,1,0,4,,,1778,1778,1980,1980
blackout_only,full_coverage,1,moon,186.0,300.0,73,5,5,3,3,24,24,5.135091,106.158327,1778,1778,1980,1980
blackout_only,full_coverage,2,leo,186.0,300.0,73,5,5,3,3,26,26,0.130332,61.181206,1778,1778,1980,1980
blackout_only,full_coverage,3,earth,186.0,300.0,73,5,5,3,3,26,26,0.182435,61.631680,1778,1778,1980,1980
with_repeater,full_coverage,0,mars,186.0,300.0,73,0,1,0,1,0,4,,,1777,1777,1980,1980
with_repeater,full_coverage,1,moon,186.0,300.0,73,5,5,3,3,24,24,5.132312,106.205776,1777,1777,1980,1980
with_repeater,full_coverage,2,leo,186.0,300.0,73,5,5,3,3,26,26,0.129995,61.169387,1777,1777,1980,1980
with_repeater,full_coverage,3,earth,186.0,300.0,73,5,5,3,3,26,26,0.181497,61.649203,1777,1777,1980,1980
blackout_only,full_coverage,0,mars,186.0,300.0,74,0,1,0,1,0,4,,,1777,1777,1980,1980
blackout_only,full_coverage,1,moon,186.0,300.0,74,5,5,3,3,24,24,5.130648,106.192214,1777,1777,1980,1980
blackout_only,full_coverage,2,leo,186.0,300.0,74,5,5,3,3,26,26,0.130673,61.198491,1777,1777,1980,1980
blackout_only,full_coverage,3,earth,186.0,300.0,74,5,5,3,3,26,26,0.181492,61.644540,1777,1777,1980,1980
with_repeater,full_coverage,0,mars,186.0,300.0,74,0,1,0,1,0,4,,,1778,1778,1980,1980
with_repeater,full_coverage,1,moon,186.0,300.0,74,5,5,3,3,24,24,5.131660,106.167863,1778,1778,1980,1980
with_repeater,full_coverage,2,leo,186.0,300.0,74,5,5,3,3,26,26,0.130823,61.198223,1778,1778,1980,1980
with_repeater,full_coverage,3,earth,186.0,300.0,74,5,5,3,3,26,26,0.182072,61.632582,1778,1778,1980,1980
blackout_only,full_coverage,0,mars,186.0,300.0,75,0,1,0,1,0,4,,,1777,1777,1980,1980
blackout_only,full_coverage,1,moon,186.0,300.0,75,5,5,3,3,24,24,5.131384,106.191987,1777,1777,1980,1980
blackout_only,full_coverage,2,leo,186.0,300.0,75,5,5,3,3,26,26,0.130272,61.165644,1777,1777,1980,1980
blackout_only,full_coverage,3,earth,186.0,300.0,75,5,5,3,3,26,26,0.185021,61.683784,1777,1777,1980,1980
with_repeater,full_coverage,0,mars,186.0,300.0,75,0,1,0,1,0,4,,,1777,1777,1980,1980
with_repeater,full_coverage,1,moon,186.0,300.0,75,5,5,3,3,24,24,5.129857,106.192606,1777,1777,1980,1980
with_repeater,full_coverage,2,leo,186.0,300.0,75,5,5,3,3,26,26,0.131002,61.163319,1777,1777,1980,1980
with_repeater,full_coverage,3,earth,186.0,300.0,75,5,5,3,3,26,26,0.184747,61.676760,1777,1777,1980,1980
blackout_only,full_coverage,0,mars,186.0,300.0,76,0,1,0,1,0,4,,,1777,1777,1980,1980
blackout_only,full_coverage,1,moon,186.0,300.0,76,5,5,3,3,24,24,5.132071,106.163358,1777,1777,1980,1980
blackout_only,full_coverage,2,leo,186.0,300.0,76,5,5,3,3,26,26,0.132003,61.184285,1777,1777,1980,1980
blackout_only,full_coverage,3,earth,186.0,300.0,76,5,5,3,3,26,26,0.181088,61.629891,1777,1777,1980,1980
with_repeater,full_coverage,0,mars,186.0,300.0,76,0,1,0,1,0,4,,,1777,1777,1980,1980
with_repeater,full_coverage,1,moon,186.0,300.0,76,5,5,3,3,24,24,5.130106,106.158393,1777,1777,1980,1980
with_repeater,full_coverage,2,leo,186.0,300.0,76,5,5,3,3,26,26,0.130883,61.180005,1777,1777,1980,1980
with_repeater,full_coverage,3,earth,186.0,300.0,76,5,5,3,3,26,26,0.184780,61.660176,1777,1777,1980,1980
blackout_only,full_coverage,0,mars,186.0,300.0,77,0,1,0,1,0,4,,,1777,1777,1980,1980
blackout_only,full_coverage,1,moon,186.0,300.0,77,5,5,3,3,24,24,5.130796,106.198793,1777,1777,1980,1980
blackout_only,full_coverage,2,leo,186.0,300.0,77,5,5,3,3,26,26,0.130345,61.161506,1777,1777,1980,1980
blackout_only,full_coverage,3,earth,186.0,300.0,77,5,5,3,3,26,26,0.183895,61.654524,1777,1777,1980,1980
with_repeater,full_coverage,0,mars,186.0,300.0,77,0,1,0,1,0,4,,,1777,1777,1980,1980
with_repeater,full_coverage,1,moon,186.0,300.0,77,5,5,3,3,24,24,5.131962,106.195880,1777,1777,1980,1980
with_repeater,full_coverage,2,leo,186.0,300.0,77,5,5,3,3,26,26,0.129413,61.150151,1777,1777,1980,1980
with_repeater,full_coverage,3,earth,186.0,300.0,77,5,5,3,3,26,26,0.181233,61.632837,1777,1777,1980,1980
blackout_only,full_coverage,0,mars,186.0,300.0,78,0,1,0,1,0,4,,,1777,1777,1980,1980
blackout_only,full_coverage,1,moon,186.0,300.0,78,5,5,3,3,24,24,5.130965,106.180217,1777,1777,1980,1980
blackout_only,full_coverage,2,leo,186.0,300.0,78,5,5,3,3,26,26,0.131152,61.180301,1777,1777,1980,1980
blackout_only,full_coverage,3,earth,186.0,300.0,78,5,5,3,3,26,26,0.182408,61.633534,1777,1777,1980,1980
with_repeater,full_coverage,0,mars,186.0,300.0,78,0,1,0,1,0,4,,,1777,1777,1980,1980
with_repeater,full_coverage,1,moon,186.0,300.0,78,5,5,3,3,24,24,5.135089,106.189281,1777,1777,1980,1980
with_repeater,full_coverage,2,leo,186.0,300.0,78,5,5,3,3,26,26,0.130355,61.164264,1777,1777,1980,1980
with_repeater,full_coverage,3,earth,186.0,300.0,78,5,5,3,3,26,26,0.185980,61.696605,1777,1777,1980,1980
blackout_only,full_coverage,0,mars,186.0,300.0,79,0,1,0,1,0,4,,,1777,1777,1980,1980
blackout_only,full_coverage,1,moon,186.0,300.0,79,5,5,3,3,24,24,5.130765,106.200661,1777,1777,1980,1980
blackout_only,full_coverage,2,leo,186.0,300.0,79,5,5,3,3,26,26,0.131428,61.201323,1777,1777,1980,1980
blackout_only,full_coverage,3,earth,186.0,300.0,79,5,5,3,3,26,26,0.182112,61.651949,1777,1777,1980,1980
with_repeater,full_coverage,0,mars,186.0,300.0,79,0,1,0,1,0,4,,,1778,1778,1980,1980
with_repeater,full_coverage,1,moon,186.0,300.0,79,5,5,3,3,24,24,5.130755,106.183569,1778,1778,1980,1980
with_repeater,full_coverage,2,leo,186.0,300.0,79,5,5,3,3,26,26,0.131961,61.172736,1778,1778,1980,1980
with_repeater,full_coverage,3,earth,186.0,300.0,79,5,5,3,3,26,26,0.187009,61.682883,1778,1778,1980,1980
blackout_only,full_coverage,0,mars,186.0,300.0,80,0,1,0,1,0,4,,,1777,1777,1980,1980
blackout_only,full_coverage,1,moon,186.0,300.0,80,5,5,3,3,24,24,5.131900,106.200729,1777,1777,1980,1980
blackout_only,full_coverage,2,leo,186.0,300.0,80,5,5,3,3,26,26,0.131284,61.195810,1777,1777,1980,1980
blackout_only,full_coverage,3,earth,186.0,300.0,80,5,5,3,3,26,26,0.182762,61.622194,1777,1777,1980,1980
with_repeater,full_coverage,0,mars,186.0,300.0,80,0,1,0,1,0,4,,,1777,1777,1980,1980
with_repeater,full_coverage,1,moon,186.0,300.0,80,5,5,3,3,24,24,5.134180,106.216560,1777,1777,1980,1980
with_repeater,full_coverage,2,leo,186.0,300.0,80,5,5,3,3,26,26,0.131081,61.178064,1777,1777,1980,1980
with_repeater,full_coverage,3,earth,186.0,300.0,80,5,5,3,3,26,26,0.184158,61.663725,1777,1777,1980,1980
blackout_only,full_coverage,0,mars,186.0,300.0,81,0,1,0,1,0,4,,,1777,1777,1980,1980
blackout_only,full_coverage,1,moon,186.0,300.0,81,5,5,3,3,24,24,5.128466,106.162031,1777,1777,1980,1980
blackout_only,full_coverage,2,leo,186.0,300.0,81,5,5,3,3,26,26,0.131594,61.183158,1777,1777,1980,1980
blackout_only,full_coverage,3,earth,186.0,300.0,81,5,5,3,3,26,26,0.184487,61.623154,1777,1777,1980,1980
with_repeater,full_coverage,0,mars,186.0,300.0,81,0,1,0,1,0,4,,,1777,1777,1980,1980
with_repeater,full_coverage,1,moon,186.0,300.0,81,5,5,3,3,24,24,5.129214,106.136269,1777,1777,1980,1980
with_repeater,full_coverage,2,leo,186.0,300.0,81,5,5,3,3,26,26,0.131213,61.175363,1777,1777,1980,1980
with_repeater,full_coverage,3,earth,186.0,300.0,81,5,5,3,3,26,26,0.183620,61.658643,1777,1777,1980,1980
blackout_only,full_coverage,0,mars,186.0,300.0,82,0,1,0,1,0,4,,,1777,1777,1980,1980
blackout_only,full_coverage,1,moon,186.0,300.0,82,5,5,3,3,24,24,5.129240,106.138345,1777,1777,1980,1980
blackout_only,full_coverage,2,leo,186.0,300.0,82,5,5,3,3,26,26,0.130767,61.188512,1777,1777,1980,1980
blackout_only,full_coverage,3,earth,186.0,300.0,82,5,5,3,3,26,26,0.182916,61.597065,1777,1777,1980,1980
with_repeater,full_coverage,0,mars,186.0,300.0,82,0,1,0,1,0,4,,,1777,1777,1980,1980
with_repeater,full_coverage,1,moon,186.0,300.0,82,5,5,3,3,24,24,5.131648,106.168764,1777,1777,1980,1980
with_repeater,full_coverage,2,leo,186.0,300.0,82,5,5,3,3,26,26,0.130999,61.200842,1777,1777,1980,1980
with_repeater,full_coverage,3,earth,186.0,300.0,82,5,5,3,3,26,26,0.181684,61.615879,1777,1777,1980,1980
blackout_only,full_coverage,0,mars,186.0,300.0,83,0,1,0,1,0,4,,,1777,1777,1980,1980
blackout_only,full_coverage,1,moon,186.0,300.0,83,5,5,3,3,24,24,5.130633,106.107062,1777,1777,1980,1980
blackout_only,full_coverage,2,leo,186.0,300.0,83,5,5,3,3,26,26,0.131861,61.187167,1777,1777,1980,1980
blackout_only,full_coverage,3,earth,186.0,300.0,83,5,5,3,3,26,26,0.181037,61.618961,1777,1777,1980,1980
with_repeater,full_coverage,0,mars,186.0,300.0,83,0,1,0,1,0,4,,,1777,1777,1980,1980
with_repeater,full_coverage,1,moon,186.0,300.0,83,5,5,3,3,24,24,5.127427,106.115915,1777,1777,1980,1980
with_repeater,full_coverage,2,leo,186.0,300.0,83,5,5,3,3,26,26,0.131592,61.194561,1777,1777,1980,1980
with_repeater,full_coverage,3,earth,186.0,300.0,83,5,5,3,3,26,26,0.182587,61.642161,1777,1777,1980,1980
blackout_only,full_coverage,0,mars,186.0,300.0,84,0,1,0,1,0,4,,,1777,1777,1980,1980
blackout_only,full_coverage,1,moon,186.0,300.0,84,5,5,3,3,24,24,5.131413,106.168644,1777,1777,1980,1980
blackout_only,full_coverage,2,leo,186.0,300.0,84,5,5,3,3,26,26,0.130530,61.175603,1777,1777,1980,1980
blackout_only,full_coverage,3,earth,186.0,300.0,84,5,5,3,3,26,26,0.183543,61.600612,1777,1777,1980,1980
with_repeater,full_coverage,0,mars,186.0,300.0,84,0,1,0,1,0,4,,,1777,1777,1980,1980
with_repeater,full_coverage,1,moon,186.0,300.0,84,5,5,3,3,24,24,5.132375,106.184464,1777,1777,1980,1980
with_repeater,full_coverage,2,leo,186.0,300.0,84,5,5,3,3,26,26,0.132852,61.205854,1777,1777,1980,1980
with_repeater,full_coverage,3,earth,186.0,300.0,84,5,5,3,3,26,26,0.182582,61.603484,1777,1777,1980,1980
blackout_only,full_coverage,0,mars,186.0,300.0,85,0,1,0,1,0,4,,,1777,1777,1980,1980
blackout_only,full_coverage,1,moon,186.0,300.0,85,5,5,3,3,24,24,5.132876,106.197376,1777,1777,1980,1980
blackout_only,full_coverage,2,leo,186.0,300.0,85,5,5,3,3,26,26,0.129899,61.190753,1777,1777,1980,1980
blackout_only,full_coverage,3,earth,186.0,300.0,85,5,5,3,3,26,26,0.182850,61.612710,1777,1777,1980,1980
with_repeater,full_coverage,0,mars,186.0,300.0,85,0,1,0,1,0,4,,,1777,1777,1980,1980
with_repeater,full_coverage,1,moon,186.0,300.0,85,5,5,3,3,24,24,5.131377,106.199453,1777,1777,1980,1980
with_repeater,full_coverage,2,leo,186.0,300.0,85,5,5,3,3,26,26,0.130721,61.187391,1777,1777,1980,1980
with_repeater,full_coverage,3,earth,186.0,300.0,85,5,5,3,3,26,26,0.182926,61.632306,1777,1777,1980,1980
blackout_only,full_coverage,0,mars,186.0,300.0,86,0,1,0,1,0,4,,,1777,1777,1980,1980
blackout_only,full_coverage,1,moon,186.0,300.0,86,5,5,3,3,24,24,5.129728,106.157029,1777,1777,1980,1980
blackout_only,full_coverage,2,leo,186.0,300.0,86,5,5,3,3,26,26,0.131961,61.196267,1777,1777,1980,1980
blackout_only,full_coverage,3,earth,186.0,300.0,86,5,5,3,3,26,26,0.182480,61.636897,1777,1777,1980,1980
with_repeater,full_coverage,0,mars,186.0,300.0,86,0,1,0,1,0,4,,,1777,1777,1980,1980
with_repeater,full_coverage,1,moon,186.0,300.0,86,5,5,3,3,24,24,5.128926,106.163468,1777,1777,1980,1980
with_repeater,full_coverage,2,leo,186.0,300.0,86,5,5,3,3,26,26,0.131551,61.187220,1777,1777,1980,1980
with_repeater,full_coverage,3,earth,186.0,300.0,86,5,5,3,3,26,26,0.182662,61.667881,1777,1777,1980,1980
blackout_only,full_coverage,0,mars,186.0,300.0,87,0,1,0,1,0,4,,,1778,1778,1980,1980
blackout_only,full_coverage,1,moon,186.0,300.0,87,5,5,3,3,24,24,5.134860,106.235970,1778,1778,1980,1980
blackout_only,full_coverage,2,leo,186.0,300.0,87,5,5,3,3,26,26,0.129948,61.171266,1778,1778,1980,1980
blackout_only,full_coverage,3,earth,186.0,300.0,87,5,5,3,3,26,26,0.182862,61.666709,1778,1778,1980,1980
with_repeater,full_coverage,0,mars,186.0,300.0,87,0,1,0,1,0,4,,,1778,1778,1980,1980
with_repeater,full_coverage,1,moon,186.0,300.0,87,5,5,3,3,24,24,5.132301,106.216360,1778,1778,1980,1980
with_repeater,full_coverage,2,leo,186.0,300.0,87,5,5,3,3,26,26,0.131778,61.188290,1778,1778,1980,1980
with_repeater,full_coverage,3,earth,186.0,300.0,87,5,5,3,3,26,26,0.181895,61.622553,1778,1778,1980,1980
blackout_only,full_coverage,0,mars,186.0,300.0,88,0,1,0,1,0,4,,,1777,1777,1980,1980
blackout_only,full_coverage,1,moon,186.0,300.0,88,5,5,3,3,24,24,5.129905,106.170573,1777,1777,1980,1980
blackout_only,full_coverage,2,leo,186.0,300.0,88,5,5,3,3,26,26,0.130811,61.151860,1777,1777,1980,1980
blackout_only,full_coverage,3,earth,186.0,300.0,88,5,5,3,3,26,26,0.184982,61.645437,1777,1777,1980,1980
with_repeater,full_coverage,0,mars,186.0,300.0,88,0,1,0,1,0,4,,,1777,1777,1980,1980
with_repeater,full_coverage,1,moon,186.0,300.0,88,5,5,3,3,24,24,5.130785,106.161925,1777,1777,1980,1980
with_repeater,full_coverage,2,leo,186.0,300.0,88,5,5,3,3,26,26,0.132169,61.166026,1777,1777,1980,1980
with_repeater,full_coverage,3,earth,186.0,300.0,88,5,5,3,3,26,26,0.182272,61.626582,1777,1777,1980,1980
blackout_only,full_coverage,0,mars,186.0,300.0,89,0,1,0,1,0,4,,,1777,1777,1980,1980
blackout_only,full_coverage,1,moon,186.0,300.0,89,5,5,3,3,24,24,5.132033,106.217915,1777,1777,1980,1980
blackout_only,full_coverage,2,leo,186.0,300.0,89,5,5,3,3,26,26,0.131665,61.167378,1777,1777,1980,1980
blackout_only,full_coverage,3,earth,186.0,300.0,89,5,5,3,3,26,26,0.184409,61.637570,1777,1777,1980,1980
with_repeater,full_coverage,0,mars,186.0,300.0,89,0,1,0,1,0,4,,,1777,1777,1980,1980
with_repeater,full_coverage,1,moon,186.0,300.0,89,5,5,3,3,24,24,5.133462,106.177390,1777,1777,1980,1980
with_repeater,full_coverage,2,leo,186.0,300.0,89,5,5,3,3,26,26,0.131211,61.150411,1777,1777,1980,1980
with_repeater,full_coverage,3,earth,186.0,300.0,89,5,5,3,3,26,26,0.182860,61.615141,1777,1777,1980,1980
blackout_only,full_coverage,0,mars,186.0,900.0,40,0,1,0,2,0,3,,,1778,1778,1980,1980
blackout_only,full_coverage,1,moon,186.0,900.0,40,5,5,7,7,20,20,5.134757,6.756189,1778,1778,1980,1980
blackout_only,full_coverage,2,leo,186.0,900.0,40,5,5,8,8,21,21,0.131343,61.835101,1778,1778,1980,1980
blackout_only,full_coverage,3,earth,186.0,900.0,40,5,5,8,8,21,21,0.183787,62.562311,1778,1778,1980,1980
with_repeater,full_coverage,0,mars,186.0,900.0,40,0,1,0,2,0,3,,,1778,1778,1980,1980
with_repeater,full_coverage,1,moon,186.0,900.0,40,5,5,7,7,20,20,5.131394,6.729034,1778,1778,1980,1980
with_repeater,full_coverage,2,leo,186.0,900.0,40,5,5,8,8,21,21,0.131532,61.837861,1778,1778,1980,1980
with_repeater,full_coverage,3,earth,186.0,900.0,40,5,5,8,8,21,21,0.183823,62.569699,1778,1778,1980,1980
blackout_only,full_coverage,0,mars,186.0,900.0,41,0,1,0,2,0,3,,,1777,1777,1980,1980
blackout_only,full_coverage,1,moon,186.0,900.0,41,5,5,7,7,20,20,5.129787,6.697095,1777,1777,1980,1980
blackout_only,full_coverage,2,leo,186.0,900.0,41,5,5,8,8,21,21,0.132434,61.858614,1777,1777,1980,1980
blackout_only,full_coverage,3,earth,186.0,900.0,41,5,5,8,8,21,21,0.182294,62.553854,1777,1777,1980,1980
with_repeater,full_coverage,0,mars,186.0,900.0,41,0,1,0,2,0,3,,,1777,1777,1980,1980
with_repeater,full_coverage,1,moon,186.0,900.0,41,5,5,7,7,20,20,5.132287,6.684835,1777,1777,1980,1980
with_repeater,full_coverage,2,leo,186.0,900.0,41,5,5,8,8,21,21,0.132326,61.842750,1777,1777,1980,1980
with_repeater,full_coverage,3,earth,186.0,900.0,41,5,5,8,8,21,21,0.184404,62.595978,1777,1777,1980,1980
blackout_only,full_coverage,0,mars,186.0,900.0,42,0,1,0,2,0,3,,,1777,1777,1980,1980
blackout_only,full_coverage,1,moon,186.0,900.0,42,5,5,7,7,20,20,5.131342,6.721687,1777,1777,1980,1980
blackout_only,full_coverage,2,leo,186.0,900.0,42,5,5,8,8,21,21,0.131150,61.836399,1777,1777,1980,1980
blackout_only,full_coverage,3,earth,186.0,900.0,42,5,5,8,8,21,21,0.182859,62.557789,1777,1777,1980,1980
with_repeater,full_coverage,0,mars,186.0,900.0,42,0,1,0,2,0,3,,,1778,1778,1980,1980
with_repeater,full_coverage,1,moon,186.0,900.0,42,5,5,7,7,20,20,5.129126,6.660388,1778,1778,1980,1980
with_repeater,full_coverage,2,leo,186.0,900.0,42,5,5,8,8,21,21,0.132377,61.866898,1778,1778,1980,1980
with_repeater,full_coverage,3,earth,186.0,900.0,42,5,5,8,8,21,21,0.182246,62.589232,1778,1778,1980,1980
blackout_only,full_coverage,0,mars,186.0,900.0,43,0,1,0,2,0,3,,,1778,1778,1980,1980
blackout_only,full_coverage,1,moon,186.0,900.0,43,5,5,7,7,20,20,5.130732,6.659981,1778,1778,1980,1980
blackout_only,full_coverage,2,leo,186.0,900.0,43,5,5,8,8,21,21,0.129345,61.827197,1778,1778,1980,1980
blackout_only,full_coverage,3,earth,186.0,900.0,43,5,5,8,8,21,21,0.182331,62.555856,1778,1778,1980,1980
with_repeater,full_coverage,0,mars,186.0,900.0,43,0,1,0,2,0,3,,,1778,1778,1980,1980
with_repeater,full_coverage,1,moon,186.0,900.0,43,5,5,7,7,20,20,5.131645,6.726834,1778,1778,1980,1980
with_repeater,full_coverage,2,leo,186.0,900.0,43,5,5,8,8,21,21,0.131029,61.840936,1778,1778,1980,1980
with_repeater,full_coverage,3,earth,186.0,900.0,43,5,5,8,8,21,21,0.181764,62.499131,1778,1778,1980,1980
blackout_only,full_coverage,0,mars,186.0,900.0,44,0,1,0,2,0,3,,,1777,1777,1980,1980
blackout_only,full_coverage,1,moon,186.0,900.0,44,5,5,7,7,20,20,5.129681,6.703935,1777,1777,1980,1980
blackout_only,full_coverage,2,leo,186.0,900.0,44,5,5,8,8,21,21,0.132030,61.838477,1777,1777,1980,1980
blackout_only,full_coverage,3,earth,186.0,900.0,44,5,5,8,8,21,21,0.182628,62.553724,1777,1777,1980,1980
with_repeater,full_coverage,0,mars,186.0,900.0,44,0,1,0,2,0,3,,,1777,1777,1980,1980
with_repeater,full_coverage,1,moon,186.0,900.0,44,5,5,7,7,20,20,5.132268,6.737753,1777,1777,1980,1980
with_repeater,full_coverage,2,leo,186.0,900.0,44,5,5,8,8,21,21,0.129442,61.800013,1777,1777,1980,1980
with_repeater,full_coverage,3,earth,186.0,900.0,44,5,5,8,8,21,21,0.180529,62.538573,1777,1777,1980,1980
blackout_only,full_coverage,0,mars,186.0,900.0,45,0,1,0,2,0,3,,,1777,1777,1980,1980
blackout_only,full_coverage,1,moon,186.0,900.0,45,5,5,7,7,20,20,5.134695,6.734831,1777,1777,1980,1980
blackout_only,full_coverage,2,leo,186.0,900.0,45,5,5,8,8,21,21,0.130239,61.803934,1777,1777,1980,1980
blackout_only,full_coverage,3,earth,186.0,900.0,45,5,5,8,8,21,21,0.181850,62.521674,1777,1777,1980,1980
with_repeater,full_coverage,0,mars,186.0,900.0,45,0,1,0,2,0,3,,,1777,1777,1980,1980
with_repeater,full_coverage,1,moon,186.0,900.0,45,5,5,7,7,20,20,5.134187,6.720458,1777,1777,1980,1980
with_repeater,full_coverage,2,leo,186.0,900.0,45,5,5,8,8,21,21,0.131257,61.833965,1777,1777,1980,1980
with_repeater,full_coverage,3,earth,186.0,900.0,45,5,5,8,8,21,21,0.180887,62.539317,1777,1777,1980,1980
blackout_only,full_coverage,0,mars,186.0,900.0,46,0,1,0,2,0,3,,,1777,1777,1980,1980
blackout_only,full_coverage,1,moon,186.0,900.0,46,5,5,7,7,20,20,5.129899,6.717540,1777,1777,1980,1980
blackout_only,full_coverage,2,leo,186.0,900.0,46,5,5,8,8,21,21,0.131202,61.827461,1777,1777,1980,1980
blackout_only,full_coverage,3,earth,186.0,900.0,46,5,5,8,8,21,21,0.184498,62.589629,1777,1777,1980,1980
with_repeater,full_coverage,0,mars,186.0,900.0,46,0,1,0,2,0,3,,,1777,1777,1980,1980
with_repeater,full_coverage,1,moon,186.0,900.0,46,5,5,7,7,20,20,5.129670,6.702357,1777,1777,1980,1980
with_repeater,full_coverage,2,leo,186.0,900.0,46,5,5,8,8,21,21,0.130078,61.834321,1777,1777,1980,1980
with_repeater,full_coverage,3,earth,186.0,900.0,46,5,5,8,8,21,21,0.183424,62.546860,1777,1777,1980,1980
blackout_only,full_coverage,0,mars,186.0,900.0,47,0,1,0,2,0,3,,,1778,1778,1980,1980
blackout_only,full_coverage,1,moon,186.0,900.0,47,5,5,7,7,20,20,5.132015,6.710232,1778,1778,1980,1980
blackout_only,full_coverage,2,leo,186.0,900.0,47,5,5,8,8,21,21,0.130430,61.817603,1778,1778,1980,1980
blackout_only,full_coverage,3,earth,186.0,900.0,47,5,5,8,8,21,21,0.179837,62.487784,1778,1778,1980,1980
with_repeater,full_coverage,0,mars,186.0,900.0,47,0,1,0,2,0,3,,,1777,1777,1980,1980
with_repeater,full_coverage,1,moon,186.0,900.0,47,5,5,7,7,20,20,5.133398,6.728625,1777,1777,1980,1980
with_repeater,full_coverage,2,leo,186.0,900.0,47,5,5,8,8,21,21,0.129727,61.790495,1777,1777,1980,1980
with_repeater,full_coverage,3,earth,186.0,900.0,47,5,5,8,8,21,21,0.182646,62.538620,1777,1777,1980,1980
blackout_only,full_coverage,0,mars,186.0,900.0,48,0,1,0,2,0,3,,,1777,1777,1980,1980
blackout_only,full_coverage,1,moon,186.0,900.0,48,5,5,7,7,20,20,5.130301,6.724845,1777,1777,1980,1980
blackout_only,full_coverage,2,leo,186.0,900.0,48,5,5,8,8,21,21,0.129623,61.844960,1777,1777,1980,1980
blackout_only,full_coverage,3,earth,186.0,900.0,48,5,5,8,8,21,21,0.183949,62.571887,1777,1777,1980,1980
with_repeater,full_coverage,0,mars,186.0,900.0,48,0,1,0,2,0,3,,,1777,1777,1980,1980
with_repeater,full_coverage,1,moon,186.0,900.0,48,5,5,7,7,20,20,5.131227,6.723407,1777,1777,1980,1980
with_repeater,full_coverage,2,leo,186.0,900.0,48,5,5,8,8,21,21,0.130677,61.839435,1777,1777,1980,1980
with_repeater,full_coverage,3,earth,186.0,900.0,48,5,5,8,8,21,21,0.180960,62.540498,1777,1777,1980,1980
blackout_only,full_coverage,0,mars,186.0,900.0,49,0,1,0,2,0,3,,,1777,1777,1980,1980
blackout_only,full_coverage,1,moon,186.0,900.0,49,5,5,7,7,20,20,5.132441,6.713410,1777,1777,1980,1980
blackout_only,full_coverage,2,leo,186.0,900.0,49,5,5,8,8,21,21,0.132004,61.850953,1777,1777,1980,1980
blackout_only,full_coverage,3,earth,186.0,900.0,49,5,5,8,8,21,21,0.182612,62.545741,1777,1777,1980,1980
with_repeater,full_coverage,0,mars,186.0,900.0,49,0,1,0,2,0,3,,,1777,1777,1980,1980
with_repeater,full_coverage,1,moon,186.0,900.0,49,5,5,7,7,20,20,5.131954,6.699918,1777,1777,1980,1980
with_repeater,full_coverage,2,leo,186.0,900.0,49,5,5,8,8,21,21,0.131586,61.846119,1777,1777,1980,1980
with_repeater,full_coverage,3,earth,186.0,900.0,49,5,5,8,8,21,21,0.183779,62.561289,1777,1777,1980,1980
blackout_only,full_coverage,0,mars,186.0,900.0,50,0,1,0,2,0,3,,,1777,1777,1980,1980
blackout_only,full_coverage,1,moon,186.0,900.0,50,5,5,7,7,20,20,5.131150,6.700977,1777,1777,1980,1980
blackout_only,full_coverage,2,leo,186.0,900.0,50,5,5,8,8,21,21,0.132123,61.820191,1777,1777,1980,1980
blackout_only,full_coverage,3,earth,186.0,900.0,50,5,5,8,8,21,21,0.182772,62.515597,1777,1777,1980,1980
with_repeater,full_coverage,0,mars,186.0,900.0,50,0,1,0,2,0,3,,,1777,1777,1980,1980
with_repeater,full_coverage,1,moon,186.0,900.0,50,5,5,7,7,20,20,5.130799,6.704330,1777,1777,1980,1980
with_repeater,full_coverage,2,leo,186.0,900.0,50,5,5,8,8,21,21,0.130752,61.821292,1777,1777,1980,1980
with_repeater,full_coverage,3,earth,186.0,900.0,50,5,5,8,8,21,21,0.181771,62.573489,1777,1777,1980,1980
blackout_only,full_coverage,0,mars,186.0,900.0,51,0,1,0,2,0,3,,,1777,1777,1980,1980
blackout_only,full_coverage,1,moon,186.0,900.0,51,5,5,7,7,20,20,5.135762,6.795131,1777,1777,1980,1980
blackout_only,full_coverage,2,leo,186.0,900.0,51,5,5,8,8,21,21,0.130408,61.814872,1777,1777,1980,1980
blackout_only,full_coverage,3,earth,186.0,900.0,51,5,5,8,8,21,21,0.182345,62.577432,1777,1777,1980,1980
with_repeater,full_coverage,0,mars,186.0,900.0,51,0,1,0,2,0,3,,,1777,1777,1980,1980
with_repeater,full_coverage,1,moon,186.0,900.0,51,5,5,7,7,20,20,5.133229,6.740745,1777,1777,1980,1980
with_repeater,full_coverage,2,leo,186.0,900.0,51,5,5,8,8,21,21,0.131691,61.836317,1777,1777,1980,1980
with_repeater,full_coverage,3,earth,186.0,900.0,51,5,5,8,8,21,21,0.186619,62.598317,1777,1777,1980,1980
blackout_only,full_coverage,0,mars,186.0,900.0,52,0,1,0,2,0,3,,,1778,1778,1980,1980
blackout_only,full_coverage,1,moon,186.0,900.0,52,5,5,7,7,20,20,5.130749,6.734244,1778,1778,1980,1980
blackout_only,full_coverage,2,leo,186.0,900.0,52,5,5,8,8,21,21,0.130503,61.810711,1778,1778,1980,1980
blackout_only,full_coverage,3,earth,186.0,900.0,52,5,5,8,8,21,21,0.186656,62.593866,1778,1778,1980,1980
with_repeater,full_coverage,0,mars,186.0,900.0,52,0,1,0,2,0,3,,,1777,1777,1980,1980
with_repeater,full_coverage,1,moon,186.0,900.0,52,5,5,7,7,20,20,5.131083,6.714726,1777,1777,1980,1980
with_repeater,full_coverage,2,leo,186.0,900.0,52,5,5,8,8,21,21,0.131807,61.850992,1777,1777,1980,1980
with_repeater,full_coverage,3,earth,186.0,900.0,52,5,5,8,8,21,21,0.180644,62.546268,1777,1777,1980,1980
blackout_only,full_coverage,0,mars,186.0,900.0,53,0,1,0,2,0,3,,,1777,1777,1980,1980
blackout_only,full_coverage,1,moon,186.0,900.0,53,5,5,7,7,20,20,5.131756,6.690014,1777,1777,1980,1980
blackout_only,full_coverage,2,leo,186.0,900.0,53,5,5,8,8,21,21,0.132004,61.829973,1777,1777,1980,1980
blackout_only,full_coverage,3,earth,186.0,900.0,53,5,5,8,8,21,21,0.183477,62.568969,1777,1777,1980,1980
with_repeater,full_coverage,0,mars,186.0,900.0,53,0,1,0,2,0,3,,,1777,1777,1980,1980
with_repeater,full_coverage,1,moon,186.0,900.0,53,5,5,7,7,20,20,5.130019,6.659019,1777,1777,1980,1980
with_repeater,full_coverage,2,leo,186.0,900.0,53,5,5,8,8,21,21,0.131110,61.828935,1777,1777,1980,1980
with_repeater,full_coverage,3,earth,186.0,900.0,53,5,5,8,8,21,21,0.182392,62.573168,1777,1777,1980,1980
blackout_only,full_coverage,0,mars,186.0,900.0,54,0,1,0,2,0,3,,,1777,1777,1980,1980
blackout_only,full_coverage,1,moon,186.0,900.0,54,5,5,7,7,20,20,5.130974,6.651668,1777,1777,1980,1980
blackout_only,full_coverage,2,leo,186.0,900.0,54,5,5,8,8,21,21,0.131078,61.857243,1777,1777,1980,1980
blackout_only,full_coverage,3,earth,186.0,900.0,54,5,5,8,8,21,21,0.181888,62.542263,1777,1777,1980,1980
with_repeater,full_coverage,0,mars,186.0,900.0,54,0,1,0,2,0,3,,,1777,1777,1980,1980
with_repeater,full_coverage,1,moon,186.0,900.0,54,5,5,7,7,20,20,5.128798,6.652495,1777,1777,1980,1980
with_repeater,full_coverage,2,leo,186.0,900.0,54,5,5,8,8,21,21,0.131274,61.846467,1777,1777,1980,1980
with_repeater,full_coverage,3,earth,186.0,900.0,54,5,5,8,8,21,21,0.182523,62.578141,1777,1777,1980,1980
blackout_only,full_coverage,0,mars,186.0,900.0,55,0,1,0,2,0,3,,,1777,1777,1980,1980
blackout_only,full_coverage,1,moon,186.0,900.0,55,5,5,7,7,20,20,5.132189,6.655546,1777,1777,1980,1980
blackout_only,full_coverage,2,leo,186.0,900.0,55,5,5,8,8,21,21,0.131976,61.865763,1777,1777,1980,1980
blackout_only,full_coverage,3,earth,186.0,900.0,55,5,5,8,8,21,21,0.182450,62.524113,1777,1777,1980,1980
with_repeater,full_coverage,0,mars,186.0,900.0,55,0,1,0,2,0,3,,,1778,1778,1980,1980
with_repeater,full_coverage,1,moon,186.0,900.0,55,5,5,7,7,20,20,5.130406,6.684748,1778,1778,1980,1980
with_repeater,full_coverage,2,leo,186.0,900.0,55,5,5,8,8,21,21,0.131988,61.856621,1778,1778,1980,1980
with_repeater,full_coverage,3,earth,186.0,900.0,55,5,5,8,8,21,21,0.182955,62.542339,1778,1778,1980,1980
blackout_only,full_coverage,0,mars,186.0,900.0,56,0,1,0,2,0,3,,,1777,1777,1980,1980
blackout_only,full_coverage,1,moon,186.0,900.0,56,5,5,7,7,20,20,5.133490,6.718869,1777,1777,1980,1980
blackout_only,full_coverage,2,leo,186.0,900.0,56,5,5,8,8,21,21,0.129871,61.817123,1777,1777,1980,1980
blackout_only,full_coverage,3,earth,186.0,900.0,56,5,5,8,8,21,21,0.183500,62.612247,1777,1777,1980,1980
with_repeater,full_coverage,0,mars,186.0,900.0,56,0,1,0,2,0,3,,,1778,1778,1980,1980
with_repeater,full_coverage,1,moon,186.0,900.0,56,5,5,7,7,20,20,5.132400,6.695221,1778,1778,1980,1980
with_repeater,full_coverage,2,leo,186.0,900.0,56,5,5,8,8,21,21,0.130418,61.844701,1778,1778,1980,1980
with_repeater,full_coverage,3,earth,186.0,900.0,56,5,5,8,8,21,21,0.182866,62.606903,1778,1778,1980,1980
blackout_only,full_coverage,0,mars,186.0,900.0,57,0,1,0,2,0,3,,,1777,1777,1980,1980
blackout_only,full_coverage,1,moon,186.0,900.0,57,5,5,7,7,20,20,5.132433,6.691634,1777,1777,1980,1980
blackout_only,full_coverage,2,leo,186.0,900.0,57,5,5,8,8,21,21,0.128175,61.783364,1777,1777,1980,1980
blackout_only,full_coverage,3,earth,186.0,900.0,57,5,5,8,8,21,21,0.181682,62.512304,1777,1777,1980,1980
with_repeater,full_coverage,0,mars,186.0,900.0,57,0,1,0,2,0,3,,,1777,1777,1980,1980
with_repeater,full_coverage,1,moon,186.0,900.0,57,5,5,7,7,20,20,5.128880,6.625842,1777,1777,1980,1980
with_repeater,full_coverage,2,leo,186.0,900.0,57,5,5,8,8,21,21,0.130650,61.852797,1777,1777,1980,1980
with_repeater,full_coverage,3,earth,186.0,900.0,57,5,5,8,8,21,21,0.183530,62.543756,1777,1777,1980,1980
blackout_only,full_coverage,0,mars,186.0,900.0,58,0,1,0,2,0,3,,,1777,1777,1980,1980
blackout_only,full_coverage,1,moon,186.0,900.0,58,5,5,7,7,20,20,5.130800,6.671173,1777,1777,1980,1980
blackout_only,full_coverage,2,leo,186.0,900.0,58,5,5,8,8,21,21,0.130750,61.829267,1777,1777,1980,1980
blackout_only,full_coverage,3,earth,186.0,900.0,58,5,5,8,8,21,21,0.184572,62.604783,1777,1777,1980,1980
with_repeater,full_coverage,0,mars,186.0,900.0,58,0,1,0,2,0,3,,,1777,1777,1980,1980
with_repeater,full_coverage,1,moon,186.0,900.0,58,5,5,7,7,20,20,5.131055,6.700092,1777,1777,1980,1980
with_repeater,full_coverage,2,leo,186.0,900.0,58,5,5,8,8,21,21,0.131027,61.855606,1777,1777,1980,1980
with_repeater,full_coverage,3,earth,186.0,900.0,58,5,5,8,8,21,21,0.183947,62.587048,1777,1777,1980,1980
blackout_only,full_coverage,0,mars,186.0,900.0,59,0,1,0,2,0,3,,,1777,1777,1980,1980
blackout_only,full_coverage,1,moon,186.0,900.0,59,5,5,7,7,20,20,5.133250,6.697004,1777,1777,1980,1980
blackout_only,full_coverage,2,leo,186.0,900.0,59,5,5,8,8,21,21,0.131855,61.869142,1777,1777,1980,1980
blackout_only,full_coverage,3,earth,186.0,900.0,59,5,5,8,8,21,21,0.183169,62.548066,1777,1777,1980,1980
with_repeater,full_coverage,0,mars,186.0,900.0,59,0,1,0,2,0,3,,,1777,1777,1980,1980
with_repeater,full_coverage,1,moon,186.0,900.0,59,5,5,7,7,20,20,5.131058,6.733373,1777,1777,1980,1980
with_repeater,full_coverage,2,leo,186.0,900.0,59,5,5,8,8,21,21,0.131797,61.862692,1777,1777,1980,1980
with_repeater,full_coverage,3,earth,186.0,900.0,59,5,5,8,8,21,21,0.182099,62.551756,1777,1777,1980,1980
blackout_only,full_coverage,0,mars,186.0,900.0,60,0,1,0,2,0,3,,,1777,1777,1980,1980
blackout_only,full_coverage,1,moon,186.0,900.0,60,5,5,7,7,20,20,5.128399,6.656959,1777,1777,1980,1980
blackout_only,full_coverage,2,leo,186.0,900.0,60,5,5,8,8,21,21,0.132256,61.853664,1777,1777,1980,1980
blackout_only,full_coverage,3,earth,186.0,900.0,60,5,5,8,8,21,21,0.184771,62.623647,1777,1777,1980,1980
with_repeater,full_coverage,0,mars,186.0,900.0,60,0,1,0,2,0,3,,,1777,1777,1980,1980
with_repeater,full_coverage,1,moon,186.0,900.0,60,5,5,7,7,20,20,5.131805,6.736526,1777,1777,1980,1980
with_repeater,full_coverage,2,leo,186.0,900.0,60,5,5,8,8,21,21,0.131126,61.802136,1777,1777,1980,1980
with_repeater,full_coverage,3,earth,186.0,900.0,60,5,5,8,8,21,21,0.184797,62.610129,1777,1777,1980,1980
blackout_only,full_coverage,0,mars,186.0,900.0,61,0,1,0,2,0,3,,,1777,1777,1980,1980
blackout_only,full_coverage,1,moon,186.0,900.0,61,5,5,7,7,20,20,5.129891,6.674511,1777,1777,1980,1980
blackout_only,full_coverage,2,leo,186.0,900.0,61,5,5,8,8,21,21,0.131946,61.835250,1777,1777,1980,1980
blackout_only,full_coverage,3,earth,186.0,900.0,61,5,5,8,8,21,21,0.182251,62.511357,1777,1777,1980,1980
with_repeater,full_coverage,0,mars,186.0,900.0,61,0,1,0,2,0,3,,,1777,1777,1980,1980
with_repeater,full_coverage,1,moon,186.0,900.0,61,5,5,7,7,20,20,5.130838,6.677360,1777,1777,1980,1980
with_repeater,full_coverage,2,leo,186.0,900.0,61,5,5,8,8,21,21,0.132816,61.849033,1777,1777,1980,1980
with_repeater,full_coverage,3,earth,186.0,900.0,61,5,5,8,8,21,21,0.183768,62.560978,1777,1777,1980,1980
blackout_only,full_coverage,0,mars,186.0,900.0,62,0,1,0,2,0,3,,,1777,1777,1980,1980
blackout_only,full_coverage,1,moon,186.0,900.0,62,5,5,7,7,20,20,5.130232,6.720767,1777,1777,1980,1980
blackout_only,full_coverage,2,leo,186.0,900.0,62,5,5,8,8,21,21,0.130135,61.813165,1777,1777,1980,1980
blackout_only,full_coverage,3,earth,186.0,900.0,62,5,5,8,8,21,21,0.184067,62.556541,1777,1777,1980,1980
with_repeater,full_coverage,0,mars,186.0,900.0,62,0,1,0,2,0,3,,,1777,1777,1980,1980
with_repeater,full_coverage,1,moon,186.0,900.0,62,5,5,7,7,20,20,5.133061,6.727736,1777,1777,1980,1980
with_repeater,full_coverage,2,leo,186.0,900.0,62,5,5,8,8,21,21,0.131589,61.852341,1777,1777,1980,1980
with_repeater,full_coverage,3,earth,186.0,900.0,62,5,5,8,8,21,21,0.181899,62.535185,1777,1777,1980,1980
blackout_only,full_coverage,0,mars,186.0,900.0,63,0,1,0,2,0,3,,,1778,1778,1980,1980
blackout_only,full_coverage,1,moon,186.0,900.0,63,5,5,7,7,20,20,5.131676,6.734923,1778,1778,1980,1980
blackout_only,full_coverage,2,leo,186.0,900.0,63,5,5,8,8,21,21,0.129732,61.825469,1778,1778,1980,1980
blackout_only,full_coverage,3,earth,186.0,900.0,63,5,5,8,8,21,21,0.181947,62.566271,1778,1778,1980,1980
with_repeater,full_coverage,0,mars,186.0,900.0,63,0,1,0,2,0,3,,,1777,1777,1980,1980
with_repeater,full_coverage,1,moon,186.0,900.0,63,5,5,7,7,20,20,5.130558,6.686079,1777,1777,1980,1980
with_repeater,full_coverage,2,leo,186.0,900.0,63,5,5,8,8,21,21,0.130680,61.813040,1777,1777,1980,1980
with_repeater,full_coverage,3,earth,186.0,900.0,63,5,5,8,8,21,21,0.183998,62.532664,1777,1777,1980,1980
blackout_only,full_coverage,0,mars,186.0,900.0,64,0,1,0,2,0,3,,,1777,1777,1980,1980
blackout_only,full_coverage,1,moon,186.0,900.0,64,5,5,7,7,20,20,5.130987,6.688012,1777,1777,1980,1980
blackout_only,full_coverage,2,leo,186.0,900.0,64,5,5,8,8,21,21,0.130576,61.840634,1777,1777,1980,1980
blackout_only,full_coverage,3,earth,186.0,900.0,64,5,5,8,8,21,21,0.184002,62.560795,1777,1777,1980,1980
with_repeater,full_coverage,0,mars,186.0,900.0,64,0,1,0,2,0,3,,,1777,1777,1980,1980
with_repeater,full_coverage,1,moon,186.0,900.0,64,5,5,7,7,20,20,5.131390,6.691223,1777,1777,1980,1980
with_repeater,full_coverage,2,leo,186.0,900.0,64,5,5,8,8,21,21,0.131534,61.861856,1777,1777,1980,1980
with_repeater,full_coverage,3,earth,186.0,900.0,64,5,5,8,8,21,21,0.184261,62.535693,1777,1777,1980,1980
blackout_only,full_coverage,0,mars,186.0,900.0,65,0,1,0,2,0,3,,,1777,1777,1980,1980
blackout_only,full_coverage,1,moon,186.0,900.0,65,5,5,7,7,20,20,5.130489,6.719235,1777,1777,1980,1980
blackout_only,full_coverage,2,leo,186.0,900.0,65,5,5,8,8,21,21,0.130668,61.853932,1777,1777,1980,1980
blackout_only,full_coverage,3,earth,186.0,900.0,65,5,5,8,8,21,21,0.182395,62.550489,1777,1777,1980,1980
with_repeater,full_coverage,0,mars,186.0,900.0,65,0,1,0,2,0,3,,,1777,1777,1980,1980
with_repeater,full_coverage,1,moon,186.0,900.0,65,5,5,7,7,20,20,5.131409,6.747258,1777,1777,1980,1980
with_repeater,full_coverage,2,leo,186.0,900.0,65,5,5,8,8,21,21,0.132145,61.862770,1777,1777,1980,1980
with_repeater,full_coverage,3,earth,186.0,900.0,65,5,5,8,8,21,21,0.182815,62.601541,1777,1777,1980,1980
blackout_only,full_coverage,0,mars,186.0,900.0,66,0,1,0,2,0,3,,,1777,1777,1980,1980
blackout_only,full_coverage,1,moon,186.0,900.0,66,5,5,7,7,20,20,5.129038,6.691041,1777,1777,1980,1980
blackout_only,full_coverage,2,leo,186.0,900.0,66,5,5,8,8,21,21,0.131214,61.806023,1777,1777,1980,1980
blackout_only,full_coverage,3,earth,186.0,900.0,66,5,5,8,8,21,21,0.184966,62.600478,1777,1777,1980,1980
with_repeater,full_coverage,0,mars,186.0,900.0,66,0,1,0,2,0,3,,,1777,1777,1980,1980
with_repeater,full_coverage,1,moon,186.0,900.0,66,5,5,7,7,20,20,5.130407,6.665130,1777,1777,1980,1980
with_repeater,full_coverage,2,leo,186.0,900.0,66,5,5,8,8,21,21,0.131918,61.814326,1777,1777,1980,1980
with_repeater,full_coverage,3,earth,186.0,900.0,66,5,5,8,8,21,21,0.183680,62.608596,1777,1777,1980,1980
blackout_only,full_coverage,0,mars,186.0,900.0,67,0,1,0,2,0,3,,,1777,1777,1980,1980
blackout_only,full_coverage,1,moon,186.0,900.0,67,5,5,7,7,20,20,5.130656,6.706500,1777,1777,1980,1980
blackout_only,full_coverage,2,leo,186.0,900.0,67,5,5,8,8,21,21,0.129233,61.825740,1777,1777,1980,1980
blackout_only,full_coverage,3,earth,186.0,900.0,67,5,5,8,8,21,21,0.181460,62.566488,1777,1777,1980,1980
with_repeater,full_coverage,0,mars,186.0,900.0,67,0,1,0,2,0,3,,,1777,1777,1980,1980
with_repeater,full_coverage,1,moon,186.0,900.0,67,5,5,7,7,20,20,5.130524,6.694790,1777,1777,1980,1980
with_repeater,full_coverage,2,leo,186.0,900.0,67,5,5,8,8,21,21,0.131302,61.827377,1777,1777,1980,1980
with_repeater,full_coverage,3,earth,186.0,900.0,67,5,5,8,8,21,21,0.184579,62.606552,1777,1777,1980,1980
blackout_only,full_coverage,0,mars,186.0,900.0,68,0,1,0,2,0,3,,,1777,1777,1980,1980
blackout_only,full_coverage,1,moon,186.0,900.0,68,5,5,7,7,20,20,5.130129,6.667554,1777,1777,1980,1980
blackout_only,full_coverage,2,leo,186.0,900.0,68,5,5,8,8,21,21,0.130443,61.810373,1777,1777,1980,1980
blackout_only,full_coverage,3,earth,186.0,900.0,68,5,5,8,8,21,21,0.185102,62.601240,1777,1777,1980,1980
with_repeater,full_coverage,0,mars,186.0,900.0,68,0,1,0,2,0,3,,,1777,1777,1980,1980
with_repeater,full_coverage,1,moon,186.0,900.0,68,5,5,7,7,20,20,5.129170,6.698393,1777,1777,1980,1980
with_repeater,full_coverage,2,leo,186.0,900.0,68,5,5,8,8,21,21,0.130269,61.819688,1777,1777,1980,1980
with_repeater,full_coverage,3,earth,186.0,900.0,68,5,5,8,8,21,21,0.184487,62.602318,1777,1777,1980,1980
blackout_only,full_coverage,0,mars,186.0,900.0,69,0,1,0,2,0,3,,,1777,1777,1980,1980
blackout_only,full_coverage,1,moon,186.0,900.0,69,5,5,7,7,20,20,5.130627,6.666429,1777,1777,1980,1980
blackout_only,full_coverage,2,leo,186.0,900.0,69,5,5,8,8,21,21,0.131384,61.847357,1777,1777,1980,1980
blackout_only,full_coverage,3,earth,186.0,900.0,69,5,5,8,8,21,21,0.182585,62.539660,1777,1777,1980,1980
with_repeater,full_coverage,0,mars,186.0,900.0,69,0,1,0,2,0,3,,,1777,1777,1980,1980
with_repeater,full_coverage,1,moon,186.0,900.0,69,5,5,7,7,20,20,5.128793,6.663003,1777,1777,1980,1980
with_repeater,full_coverage,2,leo,186.0,900.0,69,5,5,8,8,21,21,0.131163,61.837303,1777,1777,1980,1980
with_repeater,full_coverage,3,earth,186.0,900.0,69,5,5,8,8,21,21,0.183357,62.582801,1777,1777,1980,1980
blackout_only,full_coverage,0,mars,186.0,900.0,70,0,1,0,2,0,3,,,1778,1778,1980,1980
blackout_only,full_coverage,1,moon,186.0,900.0,70,5,5,7,7,20,20,5.131937,6.690246,1778,1778,1980,1980
blackout_only,full_coverage,2,leo,186.0,900.0,70,5,5,8,8,21,21,0.130021,61.801707,1778,1778,1980,1980
blackout_only,full_coverage,3,earth,186.0,900.0,70,5,5,8,8,21,21,0.183097,62.564065,1778,1778,1980,1980
with_repeater,full_coverage,0,mars,186.0,900.0,70,0,1,0,2,0,3,,,1778,1778,1980,1980
with_repeater,full_coverage,1,moon,186.0,900.0,70,5,5,7,7,20,20,5.130055,6.702904,1778,1778,1980,1980
with_repeater,full_coverage,2,leo,186.0,900.0,70,5,5,8,8,21,21,0.131368,61.838640,1778,1778,1980,1980
with_repeater,full_coverage,3,earth,186.0,900.0,70,5,5,8,8,21,21,0.182054,62.550064,1778,1778,1980,1980
blackout_only,full_coverage,0,mars,186.0,900.0,71,0,1,0,2,0,3,,,1777,1777,1980,1980
blackout_only,full_coverage,1,moon,186.0,900.0,71,5,5,7,7,20,20,5.130775,6.725318,1777,1777,1980,1980
blackout_only,full_coverage,2,leo,186.0,900.0,71,5,5,8,8,21,21,0.132512,61.867842,1777,1777,1980,1980
blackout_only,full_coverage,3,earth,186.0,900.0,71,5,5,8,8,21,21,0.182773,62.537502,1777,1777,1980,1980
with_repeater,full_coverage,0,mars,186.0,900.0,71,0,1,0,2,0,3,,,1777,1777,1980,1980
with_repeater,full_coverage,1,moon,186.0,900.0,71,5,5,7,7,20,20,5.132424,6.740660,1777,1777,1980,1980
with_repeater,full_coverage,2,leo,186.0,900.0,71,5,5,8,8,21,21,0.131665,61.842246,1777,1777,1980,1980
with_repeater,full_coverage,3,earth,186.0,900.0,71,5,5,8,8,21,21,0.183511,62.557996,1777,1777,1980,1980
blackout_only,full_coverage,0,mars,186.0,900.0,72,0,1,0,2,0,3,,,1777,1777,1980,1980
blackout_only,full_coverage,1,moon,186.0,900.0,72,5,5,7,7,20,20,5.129336,6.679252,1777,1777,1980,1980
blackout_only,full_coverage,2,leo,186.0,900.0,72,5,5,8,8,21,21,0.130838,61.837770,1777,1777,1980,1980
blackout_only,full_coverage,3,earth,186.0,900.0,72,5,5,8,8,21,21,0.182240,62.552141,1777,1777,1980,1980
with_repeater,full_coverage,0,mars,186.0,900.0,72,0,1,0,2,0,3,,,1777,1777,1980,1980
with_repeater,full_coverage,1,moon,186.0,900.0,72,5,5,7,7,20,20,5.131035,6.685424,1777,1777,1980,1980
with_repeater,full_coverage,2,leo,186.0,900.0,72,5,5,8,8,21,21,0.129199,61.782065,1777,1777,1980,1980
with_repeater,full_coverage,3,earth,186.0,900.0,72,5,5,8,8,21,21,0.182411,62.600403,1777,1777,1980,1980
blackout_only,full_coverage,0,mars,186.0,900.0,73,0,1,0,2,0,3,,,1777,1777,1980,1980
blackout_only,full_coverage,1,moon,186.0,900.0,73,5,5,7,7,20,20,5.129722,6.696486,1777,1777,1980,1980
blackout_only,full_coverage,2,leo,186.0,900.0,73,5,5,8,8,21,21,0.131587,61.830479,1777,1777,1980,1980
blackout_only,full_coverage,3,earth,186.0,900.0,73,5,5,8,8,21,21,0.182041,62.568259,1777,1777,1980,1980
with_repeater,full_coverage,0,mars,186.0,900.0,73,0,1,0,2,0,3,,,1777,1777,1980,1980
with_repeater,full_coverage,1,moon,186.0,900.0,73,5,5,7,7,20,20,5.133220,6.746102,1777,1777,1980,1980
with_repeater,full_coverage,2,leo,186.0,900.0,73,5,5,8,8,21,21,0.130642,61.824238,1777,1777,1980,1980
with_repeater,full_coverage,3,earth,186.0,900.0,73,5,5,8,8,21,21,0.182364,62.544388,1777,1777,1980,1980
blackout_only,full_coverage,0,mars,186.0,900.0,74,0,1,0,2,0,3,,,1777,1777,1980,1980
blackout_only,full_coverage,1,moon,186.0,900.0,74,5,5,7,7,20,20,5.132186,6.721714,1777,1777,1980,1980
blackout_only,full_coverage,2,leo,186.0,900.0,74,5,5,8,8,21,21,0.131875,61.836880,1777,1777,1980,1980
blackout_only,full_coverage,3,earth,186.0,900.0,74,5,5,8,8,21,21,0.181867,62.495156,1777,1777,1980,1980
with_repeater,full_coverage,0,mars,186.0,900.0,74,0,1,0,2,0,3,,,1778,1778,1980,1980
with_repeater,full_coverage,1,moon,186.0,900.0,74,5,5,7,7,20,20,5.131545,6.693603,1778,1778,1980,1980
with_repeater,full_coverage,2,leo,186.0,900.0,74,5,5,8,8,21,21,0.131385,61.865770,1778,1778,1980,1980
with_repeater,full_coverage,3,earth,186.0,900.0,74,5,5,8,8,21,21,0.181605,62.517314,1778,1778,1980,1980
blackout_only,full_coverage,0,mars,186.0,900.0,75,0,1,0,2,0,3,,,1777,1777,1980,1980
blackout_only,full_coverage,1,moon,186.0,900.0,75,5,5,7,7,20,20,5.131574,6.699511,1777,1777,1980,1980
blackout_only,full_coverage,2,leo,186.0,900.0,75,5,5,8,8,21,21,0.129496,61.818109,1777,1777,1980,1980
blackout_only,full_coverage,3,earth,186.0,900.0,75,5,5,8,8,21,21,0.184800,62.584641,1777,1777,1980,1980
with_repeater,full_coverage,0,mars,186.0,900.0,75,0,1,0,2,0,3,,,1777,1777,1980,1980
with_repeater,full_coverage,1,moon,186.0,900.0,75,5,5,7,7,20,20,5.130638,6.697672,1777,1777,1980,1980
with_repeater,full_coverage,2,leo,186.0,900.0,75,5,5,8,8,21,21,0.131386,61.815799,1777,1777,1980,1980
with_repeater,full_coverage,3,earth,186.0,900.0,75,5,5,8,8,21,21,0.185058,62.591368,1777,1777,1980,1980
blackout_only,full_coverage,0,mars,186.0,900.0,76,0,1,0,2,0,3,,,1777,1777,1980,1980
blackout_only,full_coverage,1,moon,186.0,900.0,76,5,5,7,7,20,20,5.132073,6.733174,1777,1777,1980,1980
blackout_only,full_coverage,2,leo,186.0,900.0,76,5,5,8,8,21,21,0.131883,61.854159,1777,1777,1980,1980
blackout_only,full_coverage,3,earth,186.0,900.0,76,5,5,8,8,21,21,0.181517,62.549823,1777,1777,1980,1980
with_repeater,full_coverage,0,mars,186.0,900.0,76,0,1,0,2,0,3,,,1777,1777,1980,1980
with_repeater,full_coverage,1,moon,186.0,900.0,76,5,5,7,7,20,20,5.130291,6.704885,1777,1777,1980,1980
with_repeater,full_coverage,2,leo,186.0,900.0,76,5,5,8,8,21,21,0.131366,61.834670,1777,1777,1980,1980
with_repeater,full_coverage,3,earth,186.0,900.0,76,5,5,8,8,21,21,0.183506,62.595782,1777,1777,1980,1980
blackout_only,full_coverage,0,mars,186.0,900.0,77,0,1,0,2,0,3,,,1777,1777,1980,1980
blackout_only,full_coverage,1,moon,186.0,900.0,77,5,5,7,7,20,20,5.133745,6.726204,1777,1777,1980,1980
blackout_only,full_coverage,2,leo,186.0,900.0,77,5,5,8,8,21,21,0.130097,61.804793,1777,1777,1980,1980
blackout_only,full_coverage,3,earth,186.0,900.0,77,5,5,8,8,21,21,0.184349,62.611000,1777,1777,1980,1980
with_repeater,full_coverage,0,mars,186.0,900.0,77,0,1,0,2,0,3,,,1777,1777,1980,1980
with_repeater,full_coverage,1,moon,186.0,900.0,77,5,5,7,7,20,20,5.130309,6.721770,1777,1777,1980,1980
with_repeater,full_coverage,2,leo,186.0,900.0,77,5,5,8,8,21,21,0.128808,61.782202,1777,1777,1980,1980
with_repeater,full_coverage,3,earth,186.0,900.0,77,5,5,8,8,21,21,0.182525,62.563092,1777,1777,1980,1980
blackout_only,full_coverage,0,mars,186.0,900.0,78,0,1,0,2,0,3,,,1777,1777,1980,1980
blackout_only,full_coverage,1,moon,186.0,900.0,78,5,5,7,7,20,20,5.130958,6.721933,1777,1777,1980,1980
blackout_only,full_coverage,2,leo,186.0,900.0,78,5,5,8,8,21,21,0.129829,61.821711,1777,1777,1980,1980
blackout_only,full_coverage,3,earth,186.0,900.0,78,5,5,8,8,21,21,0.182293,62.541041,1777,1777,1980,1980
with_repeater,full_coverage,0,mars,186.0,900.0,78,0,1,0,2,0,3,,,1777,1777,1980,1980
with_repeater,full_coverage,1,moon,186.0,900.0,78,5,5,7,7,20,20,5.135109,6.725942,1777,1777,1980,1980
with_repeater,full_coverage,2,leo,186.0,900.0,78,5,5,8,8,21,21,0.130271,61.831668,1777,1777,1980,1980
with_repeater,full_coverage,3,earth,186.0,900.0,78,5,5,8,8,21,21,0.183601,62.609558,1777,1777,1980,1980
blackout_only,full_coverage,0,mars,186.0,900.0,79,0,1,0,2,0,3,,,1777,1777,1980,1980
blackout_only,full_coverage,1,moon,186.0,900.0,79,5,5,7,7,20,20,5.130543,6.713326,1777,1777,1980,1980
blackout_only,full_coverage,2,leo,186.0,900.0,79,5,5,8,8,21,21,0.132649,61.853637,1777,1777,1980,1980
blackout_only,full_coverage,3,earth,186.0,900.0,79,5,5,8,8,21,21,0.183151,62.558742,1777,1777,1980,1980
with_repeater,full_coverage,0,mars,186.0,900.0,79,0,1,0,2,0,3,,,1778,1778,1980,1980
with_repeater,full_coverage,1,moon,186.0,900.0,79,5,5,7,7,20,20,5.130100,6.701454,1778,1778,1980,1980
with_repeater,full_coverage,2,leo,186.0,900.0,79,5,5,8,8,21,21,0.132098,61.836965,1778,1778,1980,1980
with_repeater,full_coverage,3,earth,186.0,900.0,79,5,5,8,8,21,21,0.187413,62.626424,1778,1778,1980,1980
blackout_only,full_coverage,0,mars,186.0,900.0,80,0,1,0,2,0,3,,,1777,1777,1980,1980
blackout_only,full_coverage,1,moon,186.0,900.0,80,5,5,7,7,20,20,5.132788,6.766482,1777,1777,1980,1980
blackout_only,full_coverage,2,leo,186.0,900.0,80,5,5,8,8,21,21,0.132248,61.858193,1777,1777,1980,1980
blackout_only,full_coverage,3,earth,186.0,900.0,80,5,5,8,8,21,21,0.183071,62.573424,1777,1777,1980,1980
with_repeater,full_coverage,0,mars,186.0,900.0,80,0,1,0,2,0,3,,,1777,1777,1980,1980
with_repeater,full_coverage,1,moon,186.0,900.0,80,5,5,7,7,20,20,5.133844,6.747776,1777,1777,1980,1980
with_repeater,full_coverage,2,leo,186.0,900.0,80,5,5,8,8,21,21,0.129948,61.822256,1777,1777,1980,1980
with_repeater,full_coverage,3,earth,186.0,900.0,80,5,5,8,8,21,21,0.184352,62.589045,1777,1777,1980,1980
blackout_only,full_coverage,0,mars,186.0,900.0,81,0,1,0,2,0,3,,,1777,1777,1980,1980
blackout_only,full_coverage,1,moon,186.0,900.0,81,5,5,7,7,20,20,5.130797,6.710174,1777,1777,1980,1980
blackout_only,full_coverage,2,leo,186.0,900.0,81,5,5,8,8,21,21,0.132458,61.849879,1777,1777,1980,1980
blackout_only,full_coverage,3,earth,186.0,900.0,81,5,5,8,8,21,21,0.180645,62.534722,1777,1777,1980,1980
with_repeater,full_coverage,0,mars,186.0,900.0,81,0,1,0,2,0,3,,,1777,1777,1980,1980
with_repeater,full_coverage,1,moon,186.0,900.0,81,5,5,7,7,20,20,5.129538,6.649550,1777,1777,1980,1980
with_repeater,full_coverage,2,leo,186.0,900.0,81,5,5,8,8,21,21,0.131614,61.848534,1777,1777,1980,1980
with_repeater,full_coverage,3,earth,186.0,900.0,81,5,5,8,8,21,21,0.184132,62.593434,1777,1777,1980,1980
blackout_only,full_coverage,0,mars,186.0,900.0,82,0,1,0,2,0,3,,,1778,1778,1980,1980
blackout_only,full_coverage,1,moon,186.0,900.0,82,5,5,7,7,20,20,5.130759,6.671905,1778,1778,1980,1980
blackout_only,full_coverage,2,leo,186.0,900.0,82,5,5,8,8,21,21,0.131759,61.848938,1778,1778,1980,1980
blackout_only,full_coverage,3,earth,186.0,900.0,82,5,5,8,8,21,21,0.182875,62.552215,1778,1778,1980,1980
with_repeater,full_coverage,0,mars,186.0,900.0,82,0,1,0,2,0,3,,,1777,1777,1980,1980
with_repeater,full_coverage,1,moon,186.0,900.0,82,5,5,7,7,20,20,5.131560,6.691836,1777,1777,1980,1980
with_repeater,full_coverage,2,leo,186.0,900.0,82,5,5,8,8,21,21,0.131478,61.859204,1777,1777,1980,1980
with_repeater,full_coverage,3,earth,186.0,900.0,82,5,5,8,8,21,21,0.181781,62.511482,1777,1777,1980,1980
blackout_only,full_coverage,0,mars,186.0,900.0,83,0,1,0,2,0,3,,,1778,1778,1980,1980
blackout_only,full_coverage,1,moon,186.0,900.0,83,5,5,7,7,20,20,5.127404,6.640043,1778,1778,1980,1980
blackout_only,full_coverage,2,leo,186.0,900.0,83,5,5,8,8,21,21,0.132814,61.848434,1778,1778,1980,1980
blackout_only,full_coverage,3,earth,186.0,900.0,83,5,5,8,8,21,21,0.182632,62.562612,1778,1778,1980,1980
with_repeater,full_coverage,0,mars,186.0,900.0,83,0,1,0,2,0,3,,,1777,1777,1980,1980
with_repeater,full_coverage,1,moon,186.0,900.0,83,5,5,7,7,20,20,5.127513,6.638517,1777,1777,1980,1980
with_repeater,full_coverage,2,leo,186.0,900.0,83,5,5,8,8,21,21,0.130612,61.829311,1777,1777,1980,1980
with_repeater,full_coverage,3,earth,186.0,900.0,83,5,5,8,8,21,21,0.182729,62.547295,1777,1777,1980,1980
blackout_only,full_coverage,0,mars,186.0,900.0,84,0,1,0,2,0,3,,,1777,1777,1980,1980
blackout_only,full_coverage,1,moon,186.0,900.0,84,5,5,7,7,20,20,5.132688,6.734816,1777,1777,1980,1980
blackout_only,full_coverage,2,leo,186.0,900.0,84,5,5,8,8,21,21,0.131938,61.844627,1777,1777,1980,1980
blackout_only,full_coverage,3,earth,186.0,900.0,84,5,5,8,8,21,21,0.182764,62.501346,1777,1777,1980,1980
with_repeater,full_coverage,0,mars,186.0,900.0,84,0,1,0,2,0,3,,,1777,1777,1980,1980
with_repeater,full_coverage,1,moon,186.0,900.0,84,5,5,7,7,20,20,5.132083,6.733104,1777,1777,1980,1980
with_repeater,full_coverage,2,leo,186.0,900.0,84,5,5,8,8,21,21,0.133203,61.873996,1777,1777,1980,1980
with_repeater,full_coverage,3,earth,186.0,900.0,84,5,5,8,8,21,21,0.181447,62.526768,1777,1777,1980,1980
blackout_only,full_coverage,0,mars,186.0,900.0,85,0,1,0,2,0,3,,,1777,1777,1980,1980
blackout_only,full_coverage,1,moon,186.0,900.0,85,5,5,7,7,20,20,5.131625,6.733816,1777,1777,1980,1980
blackout_only,full_coverage,2,leo,186.0,900.0,85,5,5,8,8,21,21,0.132410,61.844681,1777,1777,1980,1980
blackout_only,full_coverage,3,earth,186.0,900.0,85,5,5,8,8,21,21,0.182403,62.522189,1777,1777,1980,1980
with_repeater,full_coverage,0,mars,186.0,900.0,85,0,1,0,2,0,3,,,1777,1777,1980,1980
with_repeater,full_coverage,1,moon,186.0,900.0,85,5,5,7,7,20,20,5.132341,6.744228,1777,1777,1980,1980
with_repeater,full_coverage,2,leo,186.0,900.0,85,5,5,8,8,21,21,0.130900,61.856664,1777,1777,1980,1980
with_repeater,full_coverage,3,earth,186.0,900.0,85,5,5,8,8,21,21,0.182058,62.550366,1777,1777,1980,1980
blackout_only,full_coverage,0,mars,186.0,900.0,86,0,1,0,2,0,3,,,1777,1777,1980,1980
blackout_only,full_coverage,1,moon,186.0,900.0,86,5,5,7,7,20,20,5.130139,6.674555,1777,1777,1980,1980
blackout_only,full_coverage,2,leo,186.0,900.0,86,5,5,8,8,21,21,0.131409,61.846438,1777,1777,1980,1980
blackout_only,full_coverage,3,earth,186.0,900.0,86,5,5,8,8,21,21,0.181890,62.561857,1777,1777,1980,1980
with_repeater,full_coverage,0,mars,186.0,900.0,86,0,1,0,2,0,3,,,1777,1777,1980,1980
with_repeater,full_coverage,1,moon,186.0,900.0,86,5,5,7,7,20,20,5.129919,6.696001,1777,1777,1980,1980
with_repeater,full_coverage,2,leo,186.0,900.0,86,5,5,8,8,21,21,0.131386,61.840147,1777,1777,1980,1980
with_repeater,full_coverage,3,earth,186.0,900.0,86,5,5,8,8,21,21,0.185536,62.597706,1777,1777,1980,1980
blackout_only,full_coverage,0,mars,186.0,900.0,87,0,1,0,2,0,3,,,1778,1778,1980,1980
blackout_only,full_coverage,1,moon,186.0,900.0,87,5,5,7,7,20,20,5.133548,6.769741,1778,1778,1980,1980
blackout_only,full_coverage,2,leo,186.0,900.0,87,5,5,8,8,21,21,0.132759,61.853205,1778,1778,1980,1980
blackout_only,full_coverage,3,earth,186.0,900.0,87,5,5,8,8,21,21,0.184318,62.587307,1778,1778,1980,1980
with_repeater,full_coverage,0,mars,186.0,900.0,87,0,1,0,2,0,3,,,1778,1778,1980,1980
with_repeater,full_coverage,1,moon,186.0,900.0,87,5,5,7,7,20,20,5.132207,6.720753,1778,1778,1980,1980
with_repeater,full_coverage,2,leo,186.0,900.0,87,5,5,8,8,21,21,0.131579,61.844253,1778,1778,1980,1980
with_repeater,full_coverage,3,earth,186.0,900.0,87,5,5,8,8,21,21,0.182287,62.534799,1778,1778,1980,1980
blackout_only,full_coverage,0,mars,186.0,900.0,88,0,1,0,2,0,3,,,1777,1777,1980,1980
blackout_only,full_coverage,1,moon,186.0,900.0,88,5,5,7,7,20,20,5.130372,6.687123,1777,1777,1980,1980
blackout_only,full_coverage,2,leo,186.0,900.0,88,5,5,8,8,21,21,0.130110,61.804149,1777,1777,1980,1980
blackout_only,full_coverage,3,earth,186.0,900.0,88,5,5,8,8,21,21,0.183046,62.569709,1777,1777,1980,1980
with_repeater,full_coverage,0,mars,186.0,900.0,88,0,1,0,2,0,3,,,1777,1777,1980,1980
with_repeater,full_coverage,1,moon,186.0,900.0,88,5,5,7,7,20,20,5.130990,6.701156,1777,1777,1980,1980
with_repeater,full_coverage,2,leo,186.0,900.0,88,5,5,8,8,21,21,0.133068,61.847766,1777,1777,1980,1980
with_repeater,full_coverage,3,earth,186.0,900.0,88,5,5,8,8,21,21,0.182461,62.554636,1777,1777,1980,1980
blackout_only,full_coverage,0,mars,186.0,900.0,89,0,1,0,2,0,3,,,1777,1777,1980,1980
blackout_only,full_coverage,1,moon,186.0,900.0,89,5,5,7,7,20,20,5.131519,6.693151,1777,1777,1980,1980
blackout_only,full_coverage,2,leo,186.0,900.0,89,5,5,8,8,21,21,0.130625,61.834419,1777,1777,1980,1980
blackout_only,full_coverage,3,earth,186.0,900.0,89,5,5,8,8,21,21,0.183027,62.541872,1777,1777,1980,1980
with_repeater,full_coverage,0,mars,186.0,900.0,89,0,1,0,2,0,3,,,1777,1777,1980,1980
with_repeater,full_coverage,1,moon,186.0,900.0,89,5,5,7,7,20,20,5.131800,6.710644,1777,1777,1980,1980
with_repeater,full_coverage,2,leo,186.0,900.0,89,5,5,8,8,21,21,0.131226,61.811075,1777,1777,1980,1980
with_repeater,full_coverage,3,earth,186.0,900.0,89,5,5,8,8,21,21,0.182864,62.520922,1777,1777,1980,1980
blackout_only,full_coverage,0,mars,186.0,1800.0,40,0,1,0,3,0,2,,,1777,1777,1980,1980
blackout_only,full_coverage,1,moon,186.0,1800.0,40,5,5,15,15,12,12,5.132136,107.798169,1777,1777,1980,1980
blackout_only,full_coverage,2,leo,186.0,1800.0,40,5,5,15,15,14,14,0.130756,2.714219,1777,1777,1980,1980
blackout_only,full_coverage,3,earth,186.0,1800.0,40,5,5,15,15,14,14,0.183578,3.849925,1777,1777,1980,1980
with_repeater,full_coverage,0,mars,186.0,1800.0,40,0,1,0,3,0,2,,,1778,1778,1980,1980
with_repeater,full_coverage,1,moon,186.0,1800.0,40,5,5,15,15,12,12,5.131301,107.779788,1778,1778,1980,1980
with_repeater,full_coverage,2,leo,186.0,1800.0,40,5,5,15,15,14,14,0.130721,2.745886,1778,1778,1980,1980
with_repeater,full_coverage,3,earth,186.0,1800.0,40,5,5,15,15,14,14,0.183720,3.839443,1778,1778,1980,1980
blackout_only,full_coverage,0,mars,186.0,1800.0,41,0,1,0,3,0,2,,,1777,1777,1980,1980
blackout_only,full_coverage,1,moon,186.0,1800.0,41,5,5,15,15,12,12,5.131207,107.760827,1777,1777,1980,1980
blackout_only,full_coverage,2,leo,186.0,1800.0,41,5,5,15,15,14,14,0.130455,2.748234,1777,1777,1980,1980
blackout_only,full_coverage,3,earth,186.0,1800.0,41,5,5,15,15,14,14,0.184659,3.864119,1777,1777,1980,1980
with_repeater,full_coverage,0,mars,186.0,1800.0,41,0,1,0,3,0,2,,,1778,1778,1980,1980
with_repeater,full_coverage,1,moon,186.0,1800.0,41,5,5,15,15,12,12,5.130834,107.743949,1778,1778,1980,1980
with_repeater,full_coverage,2,leo,186.0,1800.0,41,5,5,15,15,14,14,0.131439,2.748684,1778,1778,1980,1980
with_repeater,full_coverage,3,earth,186.0,1800.0,41,5,5,15,15,14,14,0.183978,3.910946,1778,1778,1980,1980
blackout_only,full_coverage,0,mars,186.0,1800.0,42,0,1,0,3,0,2,,,1777,1777,1980,1980
blackout_only,full_coverage,1,moon,186.0,1800.0,42,5,5,15,15,12,12,5.132325,107.773607,1777,1777,1980,1980
blackout_only,full_coverage,2,leo,186.0,1800.0,42,5,5,15,15,14,14,0.130583,2.741622,1777,1777,1980,1980
blackout_only,full_coverage,3,earth,186.0,1800.0,42,5,5,15,15,14,14,0.182748,3.810829,1777,1777,1980,1980
with_repeater,full_coverage,0,mars,186.0,1800.0,42,0,1,0,3,0,2,,,1777,1777,1980,1980
with_repeater,full_coverage,1,moon,186.0,1800.0,42,5,5,15,15,12,12,5.128911,107.672210,1777,1777,1980,1980
with_repeater,full_coverage,2,leo,186.0,1800.0,42,5,5,15,15,14,14,0.132345,2.785913,1777,1777,1980,1980
with_repeater,full_coverage,3,earth,186.0,1800.0,42,5,5,15,15,14,14,0.182803,3.873849,1777,1777,1980,1980
blackout_only,full_coverage,0,mars,186.0,1800.0,43,0,1,0,3,0,2,,,1778,1778,1980,1980
blackout_only,full_coverage,1,moon,186.0,1800.0,43,5,5,15,15,12,12,5.129651,107.725730,1778,1778,1980,1980
blackout_only,full_coverage,2,leo,186.0,1800.0,43,5,5,15,15,14,14,0.130450,2.732454,1778,1778,1980,1980
blackout_only,full_coverage,3,earth,186.0,1800.0,43,5,5,15,15,14,14,0.183807,3.869445,1778,1778,1980,1980
with_repeater,full_coverage,0,mars,186.0,1800.0,43,0,1,0,3,0,2,,,1778,1778,1980,1980
with_repeater,full_coverage,1,moon,186.0,1800.0,43,5,5,15,15,12,12,5.130755,107.765706,1778,1778,1980,1980
with_repeater,full_coverage,2,leo,186.0,1800.0,43,5,5,15,15,14,14,0.131150,2.760929,1778,1778,1980,1980
with_repeater,full_coverage,3,earth,186.0,1800.0,43,5,5,15,15,14,14,0.183126,3.804212,1778,1778,1980,1980
blackout_only,full_coverage,0,mars,186.0,1800.0,44,0,1,0,3,0,2,,,1777,1777,1980,1980
blackout_only,full_coverage,1,moon,186.0,1800.0,44,5,5,15,15,12,12,5.131855,107.768542,1777,1777,1980,1980
blackout_only,full_coverage,2,leo,186.0,1800.0,44,5,5,15,15,14,14,0.130527,2.762311,1777,1777,1980,1980
blackout_only,full_coverage,3,earth,186.0,1800.0,44,5,5,15,15,14,14,0.181799,3.801670,1777,1777,1980,1980
with_repeater,full_coverage,0,mars,186.0,1800.0,44,0,1,0,3,0,2,,,1777,1777,1980,1980
with_repeater,full_coverage,1,moon,186.0,1800.0,44,5,5,15,15,12,12,5.132732,107.816684,1777,1777,1980,1980
with_repeater,full_coverage,2,leo,186.0,1800.0,44,5,5,15,15,14,14,0.129674,2.713437,1777,1777,1980,1980
with_repeater,full_coverage,3,earth,186.0,1800.0,44,5,5,15,15,14,14,0.181301,3.820969,1777,1777,1980,1980
blackout_only,full_coverage,0,mars,186.0,1800.0,45,0,1,0,3,0,2,,,1778,1778,1980,1980
blackout_only,full_coverage,1,moon,186.0,1800.0,45,5,5,15,15,12,12,5.134303,107.862938,1778,1778,1980,1980
blackout_only,full_coverage,2,leo,186.0,1800.0,45,5,5,15,15,14,14,0.130000,2.717297,1778,1778,1980,1980
blackout_only,full_coverage,3,earth,186.0,1800.0,45,5,5,15,15,14,14,0.181413,3.800737,1778,1778,1980,1980
with_repeater,full_coverage,0,mars,186.0,1800.0,45,0,1,0,3,0,2,,,1777,1777,1980,1980
with_repeater,full_coverage,1,moon,186.0,1800.0,45,5,5,15,15,12,12,5.132454,107.775415,1777,1777,1980,1980
with_repeater,full_coverage,2,leo,186.0,1800.0,45,5,5,15,15,14,14,0.131268,2.760341,1777,1777,1980,1980
with_repeater,full_coverage,3,earth,186.0,1800.0,45,5,5,15,15,14,14,0.181772,3.822415,1777,1777,1980,1980
blackout_only,full_coverage,0,mars,186.0,1800.0,46,0,1,0,3,0,2,,,1778,1778,1980,1980
blackout_only,full_coverage,1,moon,186.0,1800.0,46,5,5,15,15,12,12,5.130878,107.720600,1778,1778,1980,1980
blackout_only,full_coverage,2,leo,186.0,1800.0,46,5,5,15,15,14,14,0.130840,2.737292,1778,1778,1980,1980
blackout_only,full_coverage,3,earth,186.0,1800.0,46,5,5,15,15,14,14,0.183848,3.894201,1778,1778,1980,1980
with_repeater,full_coverage,0,mars,186.0,1800.0,46,0,1,0,3,0,2,,,1777,1777,1980,1980
with_repeater,full_coverage,1,moon,186.0,1800.0,46,5,5,15,15,12,12,5.132021,107.772399,1777,1777,1980,1980
with_repeater,full_coverage,2,leo,186.0,1800.0,46,5,5,15,15,14,14,0.130609,2.749841,1777,1777,1980,1980
with_repeater,full_coverage,3,earth,186.0,1800.0,46,5,5,15,15,14,14,0.182037,3.838281,1777,1777,1980,1980
blackout_only,full_coverage,0,mars,186.0,1800.0,47,0,1,0,3,0,2,,,1778,1778,1980,1980
blackout_only,full_coverage,1,moon,186.0,1800.0,47,5,5,15,15,12,12,5.132228,107.731612,1778,1778,1980,1980
blackout_only,full_coverage,2,leo,186.0,1800.0,47,5,5,15,15,14,14,0.131697,2.753711,1778,1778,1980,1980
blackout_only,full_coverage,3,earth,186.0,1800.0,47,5,5,15,15,14,14,0.181344,3.737920,1778,1778,1980,1980
with_repeater,full_coverage,0,mars,186.0,1800.0,47,0,1,0,3,0,2,,,1777,1777,1980,1980
with_repeater,full_coverage,1,moon,186.0,1800.0,47,5,5,15,15,12,12,5.132386,107.772339,1777,1777,1980,1980
with_repeater,full_coverage,2,leo,186.0,1800.0,47,5,5,15,15,14,14,0.130161,2.717466,1777,1777,1980,1980
with_repeater,full_coverage,3,earth,186.0,1800.0,47,5,5,15,15,14,14,0.182005,3.821358,1777,1777,1980,1980
blackout_only,full_coverage,0,mars,186.0,1800.0,48,0,1,0,3,0,2,,,1777,1777,1980,1980
blackout_only,full_coverage,1,moon,186.0,1800.0,48,5,5,15,15,12,12,5.133741,107.791665,1777,1777,1980,1980
blackout_only,full_coverage,2,leo,186.0,1800.0,48,5,5,15,15,14,14,0.130836,2.760859,1777,1777,1980,1980
blackout_only,full_coverage,3,earth,186.0,1800.0,48,5,5,15,15,14,14,0.182432,3.892390,1777,1777,1980,1980
with_repeater,full_coverage,0,mars,186.0,1800.0,48,0,1,0,3,0,2,,,1777,1777,1980,1980
with_repeater,full_coverage,1,moon,186.0,1800.0,48,5,5,15,15,12,12,5.130600,107.748173,1777,1777,1980,1980
with_repeater,full_coverage,2,leo,186.0,1800.0,48,5,5,15,15,14,14,0.131079,2.758534,1777,1777,1980,1980
with_repeater,full_coverage,3,earth,186.0,1800.0,48,5,5,15,15,14,14,0.180605,3.785891,1777,1777,1980,1980
blackout_only,full_coverage,0,mars,186.0,1800.0,49,0,1,0,3,0,2,,,1777,1777,1980,1980
blackout_only,full_coverage,1,moon,186.0,1800.0,49,5,5,15,15,12,12,5.131678,107.783308,1777,1777,1980,1980
blackout_only,full_coverage,2,leo,186.0,1800.0,49,5,5,15,15,14,14,0.130644,2.742892,1777,1777,1980,1980
blackout_only,full_coverage,3,earth,186.0,1800.0,49,5,5,15,15,14,14,0.180817,3.807037,1777,1777,1980,1980
with_repeater,full_coverage,0,mars,186.0,1800.0,49,0,1,0,3,0,2,,,1777,1777,1980,1980
with_repeater,full_coverage,1,moon,186.0,1800.0,49,5,5,15,15,12,12,5.130466,107.711804,1777,1777,1980,1980
with_repeater,full_coverage,2,leo,186.0,1800.0,49,5,5,15,15,14,14,0.131851,2.767804,1777,1777,1980,1980
with_repeater,full_coverage,3,earth,186.0,1800.0,49,5,5,15,15,14,14,0.182570,3.837921,1777,1777,1980,1980
blackout_only,full_coverage,0,mars,186.0,1800.0,50,0,1,0,3,0,2,,,1777,1777,1980,1980
blackout_only,full_coverage,1,moon,186.0,1800.0,50,5,5,15,15,12,12,5.130809,107.722781,1777,1777,1980,1980
blackout_only,full_coverage,2,leo,186.0,1800.0,50,5,5,15,15,14,14,0.130734,2.713900,1777,1777,1980,1980
blackout_only,full_coverage,3,earth,186.0,1800.0,50,5,5,15,15,14,14,0.181349,3.851848,1777,1777,1980,1980
with_repeater,full_coverage,0,mars,186.0,1800.0,50,0,1,0,3,0,2,,,1777,1777,1980,1980
with_repeater,full_coverage,1,moon,186.0,1800.0,50,5,5,15,15,12,12,5.131150,107.749137,1777,1777,1980,1980
with_repeater,full_coverage,2,leo,186.0,1800.0,50,5,5,15,15,14,14,0.131223,2.734026,1777,1777,1980,1980
with_repeater,full_coverage,3,earth,186.0,1800.0,50,5,5,15,15,14,14,0.183959,3.858013,1777,1777,1980,1980
blackout_only,full_coverage,0,mars,186.0,1800.0,51,0,1,0,3,0,2,,,1777,1777,1980,1980
blackout_only,full_coverage,1,moon,186.0,1800.0,51,5,5,15,15,12,12,5.134963,107.884204,1777,1777,1980,1980
blackout_only,full_coverage,2,leo,186.0,1800.0,51,5,5,15,15,14,14,0.130083,2.711170,1777,1777,1980,1980
blackout_only,full_coverage,3,earth,186.0,1800.0,51,5,5,15,15,14,14,0.183002,3.868732,1777,1777,1980,1980
with_repeater,full_coverage,0,mars,186.0,1800.0,51,0,1,0,3,0,2,,,1777,1777,1980,1980
with_repeater,full_coverage,1,moon,186.0,1800.0,51,5,5,15,15,12,12,5.133202,107.799007,1777,1777,1980,1980
with_repeater,full_coverage,2,leo,186.0,1800.0,51,5,5,15,15,14,14,0.130316,2.735793,1777,1777,1980,1980
with_repeater,full_coverage,3,earth,186.0,1800.0,51,5,5,15,15,14,14,0.185059,3.891375,1777,1777,1980,1980
blackout_only,full_coverage,0,mars,186.0,1800.0,52,0,1,0,3,0,2,,,1778,1778,1980,1980
blackout_only,full_coverage,1,moon,186.0,1800.0,52,5,5,15,15,12,12,5.134321,107.816045,1778,1778,1980,1980
blackout_only,full_coverage,2,leo,186.0,1800.0,52,5,5,15,15,14,14,0.129944,2.727030,1778,1778,1980,1980
blackout_only,full_coverage,3,earth,186.0,1800.0,52,5,5,15,15,14,14,0.182659,3.848732,1778,1778,1980,1980
with_repeater,full_coverage,0,mars,186.0,1800.0,52,0,1,0,3,0,2,,,1777,1777,1980,1980
with_repeater,full_coverage,1,moon,186.0,1800.0,52,5,5,15,15,12,12,5.132008,107.761327,1777,1777,1980,1980
with_repeater,full_coverage,2,leo,186.0,1800.0,52,5,5,15,15,14,14,0.131729,2.761368,1777,1777,1980,1980
with_repeater,full_coverage,3,earth,186.0,1800.0,52,5,5,15,15,14,14,0.181868,3.859557,1777,1777,1980,1980
blackout_only,full_coverage,0,mars,186.0,1800.0,53,0,1,0,3,0,2,,,1778,1778,1980,1980
blackout_only,full_coverage,1,moon,186.0,1800.0,53,5,5,15,15,12,12,5.133449,107.763511,1778,1778,1980,1980
blackout_only,full_coverage,2,leo,186.0,1800.0,53,5,5,15,15,14,14,0.129880,2.723693,1778,1778,1980,1980
blackout_only,full_coverage,3,earth,186.0,1800.0,53,5,5,15,15,14,14,0.184703,3.862762,1778,1778,1980,1980
with_repeater,full_coverage,0,mars,186.0,1800.0,53,0,1,0,3,0,2,,,1777,1777,1980,1980
with_repeater,full_coverage,1,moon,186.0,1800.0,53,5,5,15,15,12,12,5.130572,107.729161,1777,1777,1980,1980
with_repeater,full_coverage,2,leo,186.0,1800.0,53,5,5,15,15,14,14,0.130767,2.732442,1777,1777,1980,1980
with_repeater,full_coverage,3,earth,186.0,1800.0,53,5,5,15,15,14,14,0.184324,3.873586,1777,1777,1980,1980
blackout_only,full_coverage,0,mars,186.0,1800.0,54,0,1,0,3,0,2,,,1777,1777,1980,1980
blackout_only,full_coverage,1,moon,186.0,1800.0,54,5,5,15,15,12,12,5.130142,107.690019,1777,1777,1980,1980
blackout_only,full_coverage,2,leo,186.0,1800.0,54,5,5,15,15,14,14,0.128969,2.734501,1777,1777,1980,1980
blackout_only,full_coverage,3,earth,186.0,1800.0,54,5,5,15,15,14,14,0.182635,3.814554,1777,1777,1980,1980
with_repeater,full_coverage,0,mars,186.0,1800.0,54,0,1,0,3,0,2,,,1777,1777,1980,1980
with_repeater,full_coverage,1,moon,186.0,1800.0,54,5,5,15,15,12,12,5.128665,107.702379,1777,1777,1980,1980
with_repeater,full_coverage,2,leo,186.0,1800.0,54,5,5,15,15,14,14,0.132576,2.777227,1777,1777,1980,1980
with_repeater,full_coverage,3,earth,186.0,1800.0,54,5,5,15,15,14,14,0.181372,3.856838,1777,1777,1980,1980
blackout_only,full_coverage,0,mars,186.0,1800.0,55,0,1,0,3,0,2,,,1777,1777,1980,1980
blackout_only,full_coverage,1,moon,186.0,1800.0,55,5,5,15,15,12,12,5.128915,107.709907,1777,1777,1980,1980
blackout_only,full_coverage,2,leo,186.0,1800.0,55,5,5,15,15,14,14,0.131007,2.766709,1777,1777,1980,1980
blackout_only,full_coverage,3,earth,186.0,1800.0,55,5,5,15,15,14,14,0.182191,3.798463,1777,1777,1980,1980
with_repeater,full_coverage,0,mars,186.0,1800.0,55,0,1,0,3,0,2,,,1777,1777,1980,1980
with_repeater,full_coverage,1,moon,186.0,1800.0,55,5,5,15,15,12,12,5.129478,107.717657,1777,1777,1980,1980
with_repeater,full_coverage,2,leo,186.0,1800.0,55,5,5,15,15,14,14,0.132159,2.763401,1777,1777,1980,1980
with_repeater,full_coverage,3,earth,186.0,1800.0,55,5,5,15,15,14,14,0.182924,3.853550,1777,1777,1980,1980
blackout_only,full_coverage,0,mars,186.0,1800.0,56,0,1,0,3,0,2,,,1777,1777,1980,1980
blackout_only,full_coverage,1,moon,186.0,1800.0,56,5,5,15,15,12,12,5.133530,107.808877,1777,1777,1980,1980
blackout_only,full_coverage,2,leo,186.0,1800.0,56,5,5,15,15,14,14,0.129428,2.701816,1777,1777,1980,1980
blackout_only,full_coverage,3,earth,186.0,1800.0,56,5,5,15,15,14,14,0.185057,3.886807,1777,1777,1980,1980
with_repeater,full_coverage,0,mars,186.0,1800.0,56,0,1,0,3,0,2,,,1778,1778,1980,1980
with_repeater,full_coverage,1,moon,186.0,1800.0,56,5,5,15,15,12,12,5.132433,107.762405,1778,1778,1980,1980
with_repeater,full_coverage,2,leo,186.0,1800.0,56,5,5,15,15,14,14,0.130997,2.752362,1778,1778,1980,1980
with_repeater,full_coverage,3,earth,186.0,1800.0,56,5,5,15,15,14,14,0.183567,3.888620,1778,1778,1980,1980
blackout_only,full_coverage,0,mars,186.0,1800.0,57,0,1,0,3,0,2,,,1777,1777,1980,1980
blackout_only,full_coverage,1,moon,186.0,1800.0,57,5,5,15,15,12,12,5.130886,107.722298,1777,1777,1980,1980
blackout_only,full_coverage,2,leo,186.0,1800.0,57,5,5,15,15,14,14,0.129160,2.710097,1777,1777,1980,1980
blackout_only,full_coverage,3,earth,186.0,1800.0,57,5,5,15,15,14,14,0.179564,3.750603,1777,1777,1980,1980
with_repeater,full_coverage,0,mars,186.0,1800.0,57,0,1,0,3,0,2,,,1777,1777,1980,1980
with_repeater,full_coverage,1,moon,186.0,1800.0,57,5,5,15,15,12,12,5.127797,107.651870,1777,1777,1980,1980
with_repeater,full_coverage,2,leo,186.0,1800.0,57,5,5,15,15,14,14,0.131425,2.797379,1777,1777,1980,1980
with_repeater,full_coverage,3,earth,186.0,1800.0,57,5,5,15,15,14,14,0.183610,3.833707,1777,1777,1980,1980
blackout_only,full_coverage,0,mars,186.0,1800.0,58,0,1,0,3,0,2,,,1778,1778,1980,1980
blackout_only,full_coverage,1,moon,186.0,1800.0,58,5,5,15,15,12,12,5.130645,107.706818,1778,1778,1980,1980
blackout_only,full_coverage,2,leo,186.0,1800.0,58,5,5,15,15,14,14,0.131823,2.758321,1778,1778,1980,1980
blackout_only,full_coverage,3,earth,186.0,1800.0,58,5,5,15,15,14,14,0.183786,3.926473,1778,1778,1980,1980
with_repeater,full_coverage,0,mars,186.0,1800.0,58,0,1,0,3,0,2,,,1777,1777,1980,1980
with_repeater,full_coverage,1,moon,186.0,1800.0,58,5,5,15,15,12,12,5.132393,107.762902,1777,1777,1980,1980
with_repeater,full_coverage,2,leo,186.0,1800.0,58,5,5,15,15,14,14,0.131446,2.784979,1777,1777,1980,1980
with_repeater,full_coverage,3,earth,186.0,1800.0,58,5,5,15,15,14,14,0.184997,3.898408,1777,1777,1980,1980
blackout_only,full_coverage,0,mars,186.0,1800.0,59,0,1,0,3,0,2,,,1778,1778,1980,1980
blackout_only,full_coverage,1,moon,186.0,1800.0,59,5,5,15,15,12,12,5.130835,107.795294,1778,1778,1980,1980
blackout_only,full_coverage,2,leo,186.0,1800.0,59,5,5,15,15,14,14,0.131791,2.782501,1778,1778,1980,1980
blackout_only,full_coverage,3,earth,186.0,1800.0,59,5,5,15,15,14,14,0.182946,3.797462,1778,1778,1980,1980
with_repeater,full_coverage,0,mars,186.0,1800.0,59,0,1,0,3,0,2,,,1777,1777,1980,1980
with_repeater,full_coverage,1,moon,186.0,1800.0,59,5,5,15,15,12,12,5.129973,107.765294,1777,1777,1980,1980
with_repeater,full_coverage,2,leo,186.0,1800.0,59,5,5,15,15,14,14,0.132424,2.786450,1777,1777,1980,1980
with_repeater,full_coverage,3,earth,186.0,1800.0,59,5,5,15,15,14,14,0.182885,3.847364,1777,1777,1980,1980
blackout_only,full_coverage,0,mars,186.0,1800.0,60,0,1,0,3,0,2,,,1777,1777,1980,1980
blackout_only,full_coverage,1,moon,186.0,1800.0,60,5,5,15,15,12,12,5.129721,107.722132,1777,1777,1980,1980
blackout_only,full_coverage,2,leo,186.0,1800.0,60,5,5,15,15,14,14,0.130901,2.773083,1777,1777,1980,1980
blackout_only,full_coverage,3,earth,186.0,1800.0,60,5,5,15,15,14,14,0.183095,3.896500,1777,1777,1980,1980
with_repeater,full_coverage,0,mars,186.0,1800.0,60,0,1,0,3,0,2,,,1777,1777,1980,1980
with_repeater,full_coverage,1,moon,186.0,1800.0,60,5,5,15,15,12,12,5.132111,107.776072,1777,1777,1980,1980
with_repeater,full_coverage,2,leo,186.0,1800.0,60,5,5,15,15,14,14,0.130809,2.721829,1777,1777,1980,1980
with_repeater,full_coverage,3,earth,186.0,1800.0,60,5,5,15,15,14,14,0.184851,3.890054,1777,1777,1980,1980
blackout_only,full_coverage,0,mars,186.0,1800.0,61,0,1,0,3,0,2,,,1777,1777,1980,1980
blackout_only,full_coverage,1,moon,186.0,1800.0,61,5,5,15,15,12,12,5.128054,107.715702,1777,1777,1980,1980
blackout_only,full_coverage,2,leo,186.0,1800.0,61,5,5,15,15,14,14,0.131288,2.752625,1777,1777,1980,1980
blackout_only,full_coverage,3,earth,186.0,1800.0,61,5,5,15,15,14,14,0.183246,3.834224,1777,1777,1980,1980
with_repeater,full_coverage,0,mars,186.0,1800.0,61,0,1,0,3,0,2,,,1777,1777,1980,1980
with_repeater,full_coverage,1,moon,186.0,1800.0,61,5,5,15,15,12,12,5.129929,107.704865,1777,1777,1980,1980
with_repeater,full_coverage,2,leo,186.0,1800.0,61,5,5,15,15,14,14,0.132771,2.775245,1777,1777,1980,1980
with_repeater,full_coverage,3,earth,186.0,1800.0,61,5,5,15,15,14,14,0.183021,3.829174,1777,1777,1980,1980
blackout_only,full_coverage,0,mars,186.0,1800.0,62,0,1,0,3,0,2,,,1778,1778,1980,1980
blackout_only,full_coverage,1,moon,186.0,1800.0,62,5,5,15,15,12,12,5.132462,107.791764,1778,1778,1980,1980
blackout_only,full_coverage,2,leo,186.0,1800.0,62,5,5,15,15,14,14,0.131315,2.766424,1778,1778,1980,1980
blackout_only,full_coverage,3,earth,186.0,1800.0,62,5,5,15,15,14,14,0.181769,3.802870,1778,1778,1980,1980
with_repeater,full_coverage,0,mars,186.0,1800.0,62,0,1,0,3,0,2,,,1777,1777,1980,1980
with_repeater,full_coverage,1,moon,186.0,1800.0,62,5,5,15,15,12,12,5.133731,107.800045,1777,1777,1980,1980
with_repeater,full_coverage,2,leo,186.0,1800.0,62,5,5,15,15,14,14,0.130957,2.777035,1777,1777,1980,1980
with_repeater,full_coverage,3,earth,186.0,1800.0,62,5,5,15,15,14,14,0.182006,3.826996,1777,1777,1980,1980
blackout_only,full_coverage,0,mars,186.0,1800.0,63,0,1,0,3,0,2,,,1778,1778,1980,1980
blackout_only,full_coverage,1,moon,186.0,1800.0,63,5,5,15,15,12,12,5.130367,107.761159,1778,1778,1980,1980
blackout_only,full_coverage,2,leo,186.0,1800.0,63,5,5,15,15,14,14,0.130243,2.738158,1778,1778,1980,1980
blackout_only,full_coverage,3,earth,186.0,1800.0,63,5,5,15,15,14,14,0.181652,3.843558,1778,1778,1980,1980
with_repeater,full_coverage,0,mars,186.0,1800.0,63,0,1,0,3,0,2,,,1777,1777,1980,1980
with_repeater,full_coverage,1,moon,186.0,1800.0,63,5,5,15,15,12,12,5.131936,107.764128,1777,1777,1980,1980
with_repeater,full_coverage,2,leo,186.0,1800.0,63,5,5,15,15,14,14,0.131304,2.765161,1777,1777,1980,1980
with_repeater,full_coverage,3,earth,186.0,1800.0,63,5,5,15,15,14,14,0.181053,3.784388,1777,1777,1980,1980
blackout_only,full_coverage,0,mars,186.0,1800.0,64,0,1,0,3,0,2,,,1777,1777,1980,1980
blackout_only,full_coverage,1,moon,186.0,1800.0,64,5,5,15,15,12,12,5.129733,107.745576,1777,1777,1980,1980
blackout_only,full_coverage,2,leo,186.0,1800.0,64,5,5,15,15,14,14,0.130860,2.763453,1777,1777,1980,1980
blackout_only,full_coverage,3,earth,186.0,1800.0,64,5,5,15,15,14,14,0.181938,3.806027,1777,1777,1980,1980
with_repeater,full_coverage,0,mars,186.0,1800.0,64,0,1,0,3,0,2,,,1777,1777,1980,1980
with_repeater,full_coverage,1,moon,186.0,1800.0,64,5,5,15,15,12,12,5.131633,107.764801,1777,1777,1980,1980
with_repeater,full_coverage,2,leo,186.0,1800.0,64,5,5,15,15,14,14,0.131628,2.776477,1777,1777,1980,1980
with_repeater,full_coverage,3,earth,186.0,1800.0,64,5,5,15,15,14,14,0.183734,3.848958,1777,1777,1980,1980
blackout_only,full_coverage,0,mars,186.0,1800.0,65,0,1,0,3,0,2,,,1777,1777,1980,1980
blackout_only,full_coverage,1,moon,186.0,1800.0,65,5,5,15,15,12,12,5.131923,107.749168,1777,1777,1980,1980
blackout_only,full_coverage,2,leo,186.0,1800.0,65,5,5,15,15,14,14,0.131656,2.775196,1777,1777,1980,1980
blackout_only,full_coverage,3,earth,186.0,1800.0,65,5,5,15,15,14,14,0.184670,3.856145,1777,1777,1980,1980
with_repeater,full_coverage,0,mars,186.0,1800.0,65,0,1,0,3,0,2,,,1777,1777,1980,1980
with_repeater,full_coverage,1,moon,186.0,1800.0,65,5,5,15,15,12,12,5.130283,107.759210,1777,1777,1980,1980
with_repeater,full_coverage,2,leo,186.0,1800.0,65,5,5,15,15,14,14,0.131772,2.768633,1777,1777,1980,1980
with_repeater,full_coverage,3,earth,186.0,1800.0,65,5,5,15,15,14,14,0.183911,3.900574,1777,1777,1980,1980
blackout_only,full_coverage,0,mars,186.0,1800.0,66,0,1,0,3,0,2,,,1777,1777,1980,1980
blackout_only,full_coverage,1,moon,186.0,1800.0,66,5,5,15,15,12,12,5.132080,107.779186,1777,1777,1980,1980
blackout_only,full_coverage,2,leo,186.0,1800.0,66,5,5,15,15,14,14,0.130377,2.712909,1777,1777,1980,1980
blackout_only,full_coverage,3,earth,186.0,1800.0,66,5,5,15,15,14,14,0.185759,3.870714,1777,1777,1980,1980
with_repeater,full_coverage,0,mars,186.0,1800.0,66,0,1,0,3,0,2,,,1777,1777,1980,1980
with_repeater,full_coverage,1,moon,186.0,1800.0,66,5,5,15,15,12,12,5.130056,107.718406,1777,1777,1980,1980
with_repeater,full_coverage,2,leo,186.0,1800.0,66,5,5,15,15,14,14,0.132911,2.786583,1777,1777,1980,1980
with_repeater,full_coverage,3,earth,186.0,1800.0,66,5,5,15,15,14,14,0.184720,3.893916,1777,1777,1980,1980
blackout_only,full_coverage,0,mars,186.0,1800.0,67,0,1,0,3,0,2,,,1777,1777,1980,1980
blackout_only,full_coverage,1,moon,186.0,1800.0,67,5,5,15,15,12,12,5.131924,107.746786,1777,1777,1980,1980
blackout_only,full_coverage,2,leo,186.0,1800.0,67,5,5,15,15,14,14,0.131243,2.741832,1777,1777,1980,1980
blackout_only,full_coverage,3,earth,186.0,1800.0,67,5,5,15,15,14,14,0.181473,3.839374,1777,1777,1980,1980
with_repeater,full_coverage,0,mars,186.0,1800.0,67,0,1,0,3,0,2,,,1777,1777,1980,1980
with_repeater,full_coverage,1,moon,186.0,1800.0,67,5,5,15,15,12,12,5.131389,107.739524,1777,1777,1980,1980
with_repeater,full_coverage,2,leo,186.0,1800.0,67,5,5,15,15,14,14,0.130876,2.752945,1777,1777,1980,1980
with_repeater,full_coverage,3,earth,186.0,1800.0,67,5,5,15,15,14,14,0.184748,3.873935,1777,1777,1980,1980
blackout_only,full_coverage,0,mars,186.0,1800.0,68,0,1,0,3,0,2,,,1777,1777,1980,1980
blackout_only,full_coverage,1,moon,186.0,1800.0,68,5,5,15,15,12,12,5.130722,107.722693,1777,1777,1980,1980
blackout_only,full_coverage,2,leo,186.0,1800.0,68,5,5,15,15,14,14,0.129175,2.725250,1777,1777,1980,1980
blackout_only,full_coverage,3,earth,186.0,1800.0,68,5,5,15,15,14,14,0.185062,3.880019,1777,1777,1980,1980
with_repeater,full_coverage,0,mars,186.0,1800.0,68,0,1,0,3,0,2,,,1777,1777,1980,1980
with_repeater,full_coverage,1,moon,186.0,1800.0,68,5,5,15,15,12,12,5.129756,107.732053,1777,1777,1980,1980
with_repeater,full_coverage,2,leo,186.0,1800.0,68,5,5,15,15,14,14,0.131137,2.765705,1777,1777,1980,1980
with_repeater,full_coverage,3,earth,186.0,1800.0,68,5,5,15,15,14,14,0.185748,3.891279,1777,1777,1980,1980
blackout_only,full_coverage,0,mars,186.0,1800.0,69,0,1,0,3,0,2,,,1777,1777,1980,1980
blackout_only,full_coverage,1,moon,186.0,1800.0,69,5,5,15,15,12,12,5.128607,107.710022,1777,1777,1980,1980
blackout_only,full_coverage,2,leo,186.0,1800.0,69,5,5,15,15,14,14,0.132228,2.778663,1777,1777,1980,1980
blackout_only,full_coverage,3,earth,186.0,1800.0,69,5,5,15,15,14,14,0.183942,3.839877,1777,1777,1980,1980
with_repeater,full_coverage,0,mars,186.0,1800.0,69,0,1,0,3,0,2,,,1777,1777,1980,1980
with_repeater,full_coverage,1,moon,186.0,1800.0,69,5,5,15,15,12,12,5.130575,107.739256,1777,1777,1980,1980
with_repeater,full_coverage,2,leo,186.0,1800.0,69,5,5,15,15,14,14,0.132339,2.741859,1777,1777,1980,1980
with_repeater,full_coverage,3,earth,186.0,1800.0,69,5,5,15,15,14,14,0.183566,3.884534,1777,1777,1980,1980
blackout_only,full_coverage,0,mars,186.0,1800.0,70,0,1,0,3,0,2,,,1778,1778,1980,1980
blackout_only,full_coverage,1,moon,186.0,1800.0,70,5,5,15,15,12,12,5.131363,107.719909,1778,1778,1980,1980
blackout_only,full_coverage,2,leo,186.0,1800.0,70,5,5,15,15,14,14,0.129036,2.687503,1778,1778,1980,1980
blackout_only,full_coverage,3,earth,186.0,1800.0,70,5,5,15,15,14,14,0.182714,3.868719,1778,1778,1980,1980
with_repeater,full_coverage,0,mars,186.0,1800.0,70,0,1,0,3,0,2,,,1778,1778,1980,1980
with_repeater,full_coverage,1,moon,186.0,1800.0,70,5,5,15,15,12,12,5.131364,107.804421,1778,1778,1980,1980
with_repeater,full_coverage,2,leo,186.0,1800.0,70,5,5,15,15,14,14,0.131129,2.757852,1778,1778,1980,1980
with_repeater,full_coverage,3,earth,186.0,1800.0,70,5,5,15,15,14,14,0.181298,3.830918,1778,1778,1980,1980
blackout_only,full_coverage,0,mars,186.0,1800.0,71,0,1,0,3,0,2,,,1777,1777,1980,1980
blackout_only,full_coverage,1,moon,186.0,1800.0,71,5,5,15,15,12,12,5.131968,107.799571,1777,1777,1980,1980
blackout_only,full_coverage,2,leo,186.0,1800.0,71,5,5,15,15,14,14,0.131092,2.764782,1777,1777,1980,1980
blackout_only,full_coverage,3,earth,186.0,1800.0,71,5,5,15,15,14,14,0.182115,3.841407,1777,1777,1980,1980
with_repeater,full_coverage,0,mars,186.0,1800.0,71,0,1,0,3,0,2,,,1777,1777,1980,1980
with_repeater,full_coverage,1,moon,186.0,1800.0,71,5,5,15,15,12,12,5.132749,107.774710,1777,1777,1980,1980
with_repeater,full_coverage,2,leo,186.0,1800.0,71,5,5,15,15,14,14,0.131451,2.759696,1777,1777,1980,1980
with_repeater,full_coverage,3,earth,186.0,1800.0,71,5,5,15,15,14,14,0.183989,3.841190,1777,1777,1980,1980
blackout_only,full_coverage,0,mars,186.0,1800.0,72,0,1,0,3,0,2,,,1777,1777,1980,1980
blackout_only,full_coverage,1,moon,186.0,1800.0,72,5,5,15,15,12,12,5.129543,107.721948,1777,1777,1980,1980
blackout_only,full_coverage,2,leo,186.0,1800.0,72,5,5,15,15,14,14,0.131331,2.744022,1777,1777,1980,1980
blackout_only,full_coverage,3,earth,186.0,1800.0,72,5,5,15,15,14,14,0.182276,3.814461,1777,1777,1980,1980
with_repeater,full_coverage,0,mars,186.0,1800.0,72,0,1,0,3,0,2,,,1777,1777,1980,1980
with_repeater,full_coverage,1,moon,186.0,1800.0,72,5,5,15,15,12,12,5.129819,107.711263,1777,1777,1980,1980
with_repeater,full_coverage,2,leo,186.0,1800.0,72,5,5,15,15,14,14,0.129444,2.707101,1777,1777,1980,1980
with_repeater,full_coverage,3,earth,186.0,1800.0,72,5,5,15,15,14,14,0.183639,3.887781,1777,1777,1980,1980
blackout_only,full_coverage,0,mars,186.0,1800.0,73,0,1,0,3,0,2,,,1778,1778,1980,1980
blackout_only,full_coverage,1,moon,186.0,1800.0,73,5,5,15,15,12,12,5.129568,107.719895,1778,1778,1980,1980
blackout_only,full_coverage,2,leo,186.0,1800.0,73,5,5,15,15,14,14,0.131623,2.754027,1778,1778,1980,1980
blackout_only,full_coverage,3,earth,186.0,1800.0,73,5,5,15,15,14,14,0.183918,3.866450,1778,1778,1980,1980
with_repeater,full_coverage,0,mars,186.0,1800.0,73,0,1,0,3,0,2,,,1777,1777,1980,1980
with_repeater,full_coverage,1,moon,186.0,1800.0,73,5,5,15,15,12,12,5.133172,107.789616,1777,1777,1980,1980
with_repeater,full_coverage,2,leo,186.0,1800.0,73,5,5,15,15,14,14,0.130265,2.730056,1777,1777,1980,1980
with_repeater,full_coverage,3,earth,186.0,1800.0,73,5,5,15,15,14,14,0.180285,3.824760,1777,1777,1980,1980
blackout_only,full_coverage,0,mars,186.0,1800.0,74,0,1,0,3,0,2,,,1778,1778,1980,1980
blackout_only,full_coverage,1,moon,186.0,1800.0,74,5,5,15,15,12,12,5.133211,107.791650,1778,1778,1980,1980
blackout_only,full_coverage,2,leo,186.0,1800.0,74,5,5,15,15,14,14,0.132361,2.771491,1778,1778,1980,1980
blackout_only,full_coverage,3,earth,186.0,1800.0,74,5,5,15,15,14,14,0.182820,3.805926,1778,1778,1980,1980
with_repeater,full_coverage,0,mars,186.0,1800.0,74,0,1,0,3,0,2,,,1778,1778,1980,1980
with_repeater,full_coverage,1,moon,186.0,1800.0,74,5,5,15,15,12,12,5.132069,107.780597,1778,1778,1980,1980
with_repeater,full_coverage,2,leo,186.0,1800.0,74,5,5,15,15,14,14,0.132259,2.772528,1778,1778,1980,1980
with_repeater,full_coverage,3,earth,186.0,1800.0,74,5,5,15,15,14,14,0.180865,3.799410,1778,1778,1980,1980
blackout_only,full_coverage,0,mars,186.0,1800.0,75,0,1,0,3,0,2,,,1778,1778,1980,1980
blackout_only,full_coverage,1,moon,186.0,1800.0,75,5,5,15,15,12,12,5.130770,107.732791,1778,1778,1980,1980
blackout_only,full_coverage,2,leo,186.0,1800.0,75,5,5,15,15,14,14,0.130776,2.736377,1778,1778,1980,1980
blackout_only,full_coverage,3,earth,186.0,1800.0,75,5,5,15,15,14,14,0.180571,3.825950,1778,1778,1980,1980
with_repeater,full_coverage,0,mars,186.0,1800.0,75,0,1,0,3,0,2,,,1777,1777,1980,1980
with_repeater,full_coverage,1,moon,186.0,1800.0,75,5,5,15,15,12,12,5.132339,107.765286,1777,1777,1980,1980
with_repeater,full_coverage,2,leo,186.0,1800.0,75,5,5,15,15,14,14,0.131022,2.751547,1777,1777,1980,1980
with_repeater,full_coverage,3,earth,186.0,1800.0,75,5,5,15,15,14,14,0.183560,3.839328,1777,1777,1980,1980
blackout_only,full_coverage,0,mars,186.0,1800.0,76,0,1,0,3,0,2,,,1777,1777,1980,1980
blackout_only,full_coverage,1,moon,186.0,1800.0,76,5,5,15,15,12,12,5.132580,107.782254,1777,1777,1980,1980
blackout_only,full_coverage,2,leo,186.0,1800.0,76,5,5,15,15,14,14,0.130944,2.760950,1777,1777,1980,1980
blackout_only,full_coverage,3,earth,186.0,1800.0,76,5,5,15,15,14,14,0.183964,3.814258,1777,1777,1980,1980
with_repeater,full_coverage,0,mars,186.0,1800.0,76,0,1,0,3,0,2,,,1777,1777,1980,1980
with_repeater,full_coverage,1,moon,186.0,1800.0,76,5,5,15,15,12,12,5.131306,107.749592,1777,1777,1980,1980
with_repeater,full_coverage,2,leo,186.0,1800.0,76,5,5,15,15,14,14,0.130491,2.750212,1777,1777,1980,1980
with_repeater,full_coverage,3,earth,186.0,1800.0,76,5,5,15,15,14,14,0.185402,3.909700,1777,1777,1980,1980
blackout_only,full_coverage,0,mars,186.0,1800.0,77,0,1,0,3,0,2,,,1777,1777,1980,1980
blackout_only,full_coverage,1,moon,186.0,1800.0,77,5,5,15,15,12,12,5.132547,107.784743,1777,1777,1980,1980
blackout_only,full_coverage,2,leo,186.0,1800.0,77,5,5,15,15,14,14,0.130330,2.712802,1777,1777,1980,1980
blackout_only,full_coverage,3,earth,186.0,1800.0,77,5,5,15,15,14,14,0.186096,3.924645,1777,1777,1980,1980
with_repeater,full_coverage,0,mars,186.0,1800.0,77,0,1,0,3,0,2,,,1777,1777,1980,1980
with_repeater,full_coverage,1,moon,186.0,1800.0,77,5,5,15,15,12,12,5.130918,107.784502,1777,1777,1980,1980
with_repeater,full_coverage,2,leo,186.0,1800.0,77,5,5,15,15,14,14,0.130079,2.726528,1777,1777,1980,1980
with_repeater,full_coverage,3,earth,186.0,1800.0,77,5,5,15,15,14,14,0.184154,3.893325,1777,1777,1980,1980
blackout_only,full_coverage,0,mars,186.0,1800.0,78,0,1,0,3,0,2,,,1777,1777,1980,1980
blackout_only,full_coverage,1,moon,186.0,1800.0,78,5,5,15,15,12,12,5.132961,107.814407,1777,1777,1980,1980
blackout_only,full_coverage,2,leo,186.0,1800.0,78,5,5,15,15,14,14,0.130211,2.739817,1777,1777,1980,1980
blackout_only,full_coverage,3,earth,186.0,1800.0,78,5,5,15,15,14,14,0.183555,3.812700,1777,1777,1980,1980
with_repeater,full_coverage,0,mars,186.0,1800.0,78,0,1,0,3,0,2,,,1777,1777,1980,1980
with_repeater,full_coverage,1,moon,186.0,1800.0,78,5,5,15,15,12,12,5.135271,107.792857,1777,1777,1980,1980
with_repeater,full_coverage,2,leo,186.0,1800.0,78,5,5,15,15,14,14,0.130565,2.734175,1777,1777,1980,1980
with_repeater,full_coverage,3,earth,186.0,1800.0,78,5,5,15,15,14,14,0.185800,3.903884,1777,1777,1980,1980
blackout_only,full_coverage,0,mars,186.0,1800.0,79,0,1,0,3,0,2,,,1778,1778,1980,1980
blackout_only,full_coverage,1,moon,186.0,1800.0,79,5,5,15,15,12,12,5.130481,107.814243,1778,1778,1980,1980
blackout_only,full_coverage,2,leo,186.0,1800.0,79,5,5,15,15,14,14,0.132841,2.775710,1778,1778,1980,1980
blackout_only,full_coverage,3,earth,186.0,1800.0,79,5,5,15,15,14,14,0.183063,3.846155,1778,1778,1980,1980
with_repeater,full_coverage,0,mars,186.0,1800.0,79,0,1,0,3,0,2,,,1778,1778,1980,1980
with_repeater,full_coverage,1,moon,186.0,1800.0,79,5,5,15,15,12,12,5.131858,107.789556,1778,1778,1980,1980
with_repeater,full_coverage,2,leo,186.0,1800.0,79,5,5,15,15,14,14,0.131557,2.756540,1778,1778,1980,1980
with_repeater,full_coverage,3,earth,186.0,1800.0,79,5,5,15,15,14,14,0.187073,3.933703,1778,1778,1980,1980
blackout_only,full_coverage,0,mars,186.0,1800.0,80,0,1,0,3,0,2,,,1777,1777,1980,1980
blackout_only,full_coverage,1,moon,186.0,1800.0,80,5,5,15,15,12,12,5.133310,107.806543,1777,1777,1980,1980
blackout_only,full_coverage,2,leo,186.0,1800.0,80,5,5,15,15,14,14,0.131145,2.762212,1777,1777,1980,1980
blackout_only,full_coverage,3,earth,186.0,1800.0,80,5,5,15,15,14,14,0.182987,3.857566,1777,1777,1980,1980
with_repeater,full_coverage,0,mars,186.0,1800.0,80,0,1,0,3,0,2,,,1777,1777,1980,1980
with_repeater,full_coverage,1,moon,186.0,1800.0,80,5,5,15,15,12,12,5.132341,107.758726,1777,1777,1980,1980
with_repeater,full_coverage,2,leo,186.0,1800.0,80,5,5,15,15,14,14,0.130504,2.739189,1777,1777,1980,1980
with_repeater,full_coverage,3,earth,186.0,1800.0,80,5,5,15,15,14,14,0.185005,3.892335,1777,1777,1980,1980
blackout_only,full_coverage,0,mars,186.0,1800.0,81,0,1,0,3,0,2,,,1777,1777,1980,1980
blackout_only,full_coverage,1,moon,186.0,1800.0,81,5,5,15,15,12,12,5.130866,107.732231,1777,1777,1980,1980
blackout_only,full_coverage,2,leo,186.0,1800.0,81,5,5,15,15,14,14,0.132516,2.770669,1777,1777,1980,1980
blackout_only,full_coverage,3,earth,186.0,1800.0,81,5,5,15,15,14,14,0.182814,3.814506,1777,1777,1980,1980
with_repeater,full_coverage,0,mars,186.0,1800.0,81,0,1,0,3,0,2,,,1777,1777,1980,1980
with_repeater,full_coverage,1,moon,186.0,1800.0,81,5,5,15,15,12,12,5.128945,107.701256,1777,1777,1980,1980
with_repeater,full_coverage,2,leo,186.0,1800.0,81,5,5,15,15,14,14,0.131567,2.765950,1777,1777,1980,1980
with_repeater,full_coverage,3,earth,186.0,1800.0,81,5,5,15,15,14,14,0.183511,3.865476,1777,1777,1980,1980
blackout_only,full_coverage,0,mars,186.0,1800.0,82,0,1,0,3,0,2,,,1777,1777,1980,1980
blackout_only,full_coverage,1,moon,186.0,1800.0,82,5,5,15,15,12,12,5.128699,107.674148,1777,1777,1980,1980
blackout_only,full_coverage,2,leo,186.0,1800.0,82,5,5,15,15,14,14,0.130998,2.764590,1777,1777,1980,1980
blackout_only,full_coverage,3,earth,186.0,1800.0,82,5,5,15,15,14,14,0.183410,3.839901,1777,1777,1980,1980
with_repeater,full_coverage,0,mars,186.0,1800.0,82,0,1,0,3,0,2,,,1777,1777,1980,1980
with_repeater,full_coverage,1,moon,186.0,1800.0,82,5,5,15,15,12,12,5.130356,107.718892,1777,1777,1980,1980
with_repeater,full_coverage,2,leo,186.0,1800.0,82,5,5,15,15,14,14,0.130649,2.776137,1777,1777,1980,1980
with_repeater,full_coverage,3,earth,186.0,1800.0,82,5,5,15,15,14,14,0.183180,3.823133,1777,1777,1980,1980
blackout_only,full_coverage,0,mars,186.0,1800.0,83,0,1,0,3,0,2,,,1777,1777,1980,1980
blackout_only,full_coverage,1,moon,186.0,1800.0,83,5,5,15,15,12,12,5.127369,107.646188,1777,1777,1980,1980
blackout_only,full_coverage,2,leo,186.0,1800.0,83,5,5,15,15,14,14,0.129597,2.743077,1777,1777,1980,1980
blackout_only,full_coverage,3,earth,186.0,1800.0,83,5,5,15,15,14,14,0.182594,3.824780,1777,1777,1980,1980
with_repeater,full_coverage,0,mars,186.0,1800.0,83,0,1,0,3,0,2,,,1777,1777,1980,1980
with_repeater,full_coverage,1,moon,186.0,1800.0,83,5,5,15,15,12,12,5.127873,107.698142,1777,1777,1980,1980
with_repeater,full_coverage,2,leo,186.0,1800.0,83,5,5,15,15,14,14,0.130470,2.721590,1777,1777,1980,1980
with_repeater,full_coverage,3,earth,186.0,1800.0,83,5,5,15,15,14,14,0.182056,3.802689,1777,1777,1980,1980
blackout_only,full_coverage,0,mars,186.0,1800.0,84,0,1,0,3,0,2,,,1777,1777,1980,1980
blackout_only,full_coverage,1,moon,186.0,1800.0,84,5,5,15,15,12,12,5.133451,107.823684,1777,1777,1980,1980
blackout_only,full_coverage,2,leo,186.0,1800.0,84,5,5,15,15,14,14,0.132292,2.768266,1777,1777,1980,1980
blackout_only,full_coverage,3,earth,186.0,1800.0,84,5,5,15,15,14,14,0.183319,3.800392,1777,1777,1980,1980
with_repeater,full_coverage,0,mars,186.0,1800.0,84,0,1,0,3,0,2,,,1777,1777,1980,1980
with_repeater,full_coverage,1,moon,186.0,1800.0,84,5,5,15,15,12,12,5.131452,107.780646,1777,1777,1980,1980
with_repeater,full_coverage,2,leo,186.0,1800.0,84,5,5,15,15,14,14,0.132739,2.799038,1777,1777,1980,1980
with_repeater,full_coverage,3,earth,186.0,1800.0,84,5,5,15,15,14,14,0.181983,3.776338,1777,1777,1980,1980
blackout_only,full_coverage,0,mars,186.0,1800.0,85,0,1,0,3,0,2,,,1777,1777,1980,1980
blackout_only,full_coverage,1,moon,186.0,1800.0,85,5,5,15,15,12,12,5.131107,107.791880,1777,1777,1980,1980
blackout_only,full_coverage,2,leo,186.0,1800.0,85,5,5,15,15,14,14,0.130531,2.762957,1777,1777,1980,1980
blackout_only,full_coverage,3,earth,186.0,1800.0,85,5,5,15,15,14,14,0.182757,3.816268,1777,1777,1980,1980
with_repeater,full_coverage,0,mars,186.0,1800.0,85,0,1,0,3,0,2,,,1777,1777,1980,1980
with_repeater,full_coverage,1,moon,186.0,1800.0,85,5,5,15,15,12,12,5.132352,107.820810,1777,1777,1980,1980
with_repeater,full_coverage,2,leo,186.0,1800.0,85,5,5,15,15,14,14,0.130766,2.776571,1777,1777,1980,1980
with_repeater,full_coverage,3,earth,186.0,1800.0,85,5,5,15,15,14,14,0.182034,3.824814,1777,1777,1980,1980
blackout_only,full_coverage,0,mars,186.0,1800.0,86,0,1,0,3,0,2,,,1777,1777,1980,1980
blackout_only,full_coverage,1,moon,186.0,1800.0,86,5,5,15,15,12,12,5.130207,107.720980,1777,1777,1980,1980
blackout_only,full_coverage,2,leo,186.0,1800.0,86,5,5,15,15,14,14,0.133160,2.785641,1777,1777,1980,1980
blackout_only,full_coverage,3,earth,186.0,1800.0,86,5,5,15,15,14,14,0.183177,3.810102,1777,1777,1980,1980
with_repeater,full_coverage,0,mars,186.0,1800.0,86,0,1,0,3,0,2,,,1777,1777,1980,1980
with_repeater,full_coverage,1,moon,186.0,1800.0,86,5,5,15,15,12,12,5.130711,107.778809,1777,1777,1980,1980
with_repeater,full_coverage,2,leo,186.0,1800.0,86,5,5,15,15,14,14,0.131842,2.777280,1777,1777,1980,1980
with_repeater,full_coverage,3,earth,186.0,1800.0,86,5,5,15,15,14,14,0.184687,3.868184,1777,1777,1980,1980
blackout_only,full_coverage,0,mars,186.0,1800.0,87,0,1,0,3,0,2,,,1778,1778,1980,1980
blackout_only,full_coverage,1,moon,186.0,1800.0,87,5,5,15,15,12,12,5.132804,107.847675,1778,1778,1980,1980
blackout_only,full_coverage,2,leo,186.0,1800.0,87,5,5,15,15,14,14,0.131594,2.782719,1778,1778,1980,1980
blackout_only,full_coverage,3,earth,186.0,1800.0,87,5,5,15,15,14,14,0.184637,3.858341,1778,1778,1980,1980
with_repeater,full_coverage,0,mars,186.0,1800.0,87,0,1,0,3,0,2,,,1778,1778,1980,1980
with_repeater,full_coverage,1,moon,186.0,1800.0,87,5,5,15,15,12,12,5.133509,107.799807,1778,1778,1980,1980
with_repeater,full_coverage,2,leo,186.0,1800.0,87,5,5,15,15,14,14,0.131039,2.757968,1778,1778,1980,1980
with_repeater,full_coverage,3,earth,186.0,1800.0,87,5,5,15,15,14,14,0.183280,3.838264,1778,1778,1980,1980
blackout_only,full_coverage,0,mars,186.0,1800.0,88,0,1,0,3,0,2,,,1777,1777,1980,1980
blackout_only,full_coverage,1,moon,186.0,1800.0,88,5,5,15,15,12,12,5.132001,107.757802,1777,1777,1980,1980
blackout_only,full_coverage,2,leo,186.0,1800.0,88,5,5,15,15,14,14,0.129771,2.714804,1777,1777,1980,1980
blackout_only,full_coverage,3,earth,186.0,1800.0,88,5,5,15,15,14,14,0.182700,3.818385,1777,1777,1980,1980
with_repeater,full_coverage,0,mars,186.0,1800.0,88,0,1,0,3,0,2,,,1777,1777,1980,1980
with_repeater,full_coverage,1,moon,186.0,1800.0,88,5,5,15,15,12,12,5.130719,107.752101,1777,1777,1980,1980
with_repeater,full_coverage,2,leo,186.0,1800.0,88,5,5,15,15,14,14,0.131738,2.750297,1777,1777,1980,1980
with_repeater,full_coverage,3,earth,186.0,1800.0,88,5,5,15,15,14,14,0.184722,3.881402,1777,1777,1980,1980
blackout_only,full_coverage,0,mars,186.0,1800.0,89,0,1,0,3,0,2,,,1777,1777,1980,1980
blackout_only,full_coverage,1,moon,186.0,1800.0,89,5,5,15,15,12,12,5.129744,107.716853,1777,1777,1980,1980
blackout_only,full_coverage,2,leo,186.0,1800.0,89,5,5,15,15,14,14,0.131671,2.759193,1777,1777,1980,1980
blackout_only,full_coverage,3,earth,186.0,1800.0,89,5,5,15,15,14,14,0.181748,3.840256,1777,1777,1980,1980
with_repeater,full_coverage,0,mars,186.0,1800.0,89,0,1,0,3,0,2,,,1777,1777,1980,1980
with_repeater,full_coverage,1,moon,186.0,1800.0,89,5,5,15,15,12,12,5.130170,107.723874,1777,1777,1980,1980
with_repeater,full_coverage,2,leo,186.0,1800.0,89,5,5,15,15,14,14,0.130657,2.723924,1777,1777,1980,1980
with_repeater,full_coverage,3,earth,186.0,1800.0,89,5,5,15,15,14,14,0.180591,3.781139,1777,1777,1980,1980
blackout_only,full_coverage,0,mars,750.0,300.0,40,0,1,0,1,0,4,,,1777,1777,1980,1980
blackout_only,full_coverage,1,moon,750.0,300.0,40,5,5,3,3,24,24,5.128224,106.137648,1777,1777,1980,1980
blackout_only,full_coverage,2,leo,750.0,300.0,40,5,5,3,3,26,26,0.131204,61.157093,1777,1777,1980,1980
blackout_only,full_coverage,3,earth,750.0,300.0,40,5,5,3,3,26,26,0.183174,61.671961,1777,1777,1980,1980
with_repeater,full_coverage,0,mars,750.0,300.0,40,0,1,0,1,0,4,,,1777,1777,1980,1980
with_repeater,full_coverage,1,moon,750.0,300.0,40,5,5,3,3,24,24,5.132084,106.151085,1777,1777,1980,1980
with_repeater,full_coverage,2,leo,750.0,300.0,40,5,5,3,3,26,26,0.131195,61.185693,1777,1777,1980,1980
with_repeater,full_coverage,3,earth,750.0,300.0,40,5,5,3,3,26,26,0.184985,61.650195,1777,1777,1980,1980
blackout_only,full_coverage,0,mars,750.0,300.0,41,0,1,0,1,0,4,,,1777,1777,1980,1980
blackout_only,full_coverage,1,moon,750.0,300.0,41,5,5,3,3,24,24,5.131181,106.195011,1777,1777,1980,1980
blackout_only,full_coverage,2,leo,750.0,300.0,41,5,5,3,3,26,26,0.132070,61.193473,1777,1777,1980,1980
blackout_only,full_coverage,3,earth,750.0,300.0,41,5,5,3,3,26,26,0.182414,61.666405,1777,1777,1980,1980
with_repeater,full_coverage,0,mars,750.0,300.0,41,0,1,0,1,0,4,,,1777,1777,1980,1980
with_repeater,full_coverage,1,moon,750.0,300.0,41,5,5,3,3,24,24,5.129323,106.179794,1777,1777,1980,1980
with_repeater,full_coverage,2,leo,750.0,300.0,41,5,5,3,3,26,26,0.130567,61.175049,1777,1777,1980,1980
with_repeater,full_coverage,3,earth,750.0,300.0,41,5,5,3,3,26,26,0.182833,61.660729,1777,1777,1980,1980
blackout_only,full_coverage,0,mars,750.0,300.0,42,0,1,0,1,0,4,,,1777,1777,1980,1980
blackout_only,full_coverage,1,moon,750.0,300.0,42,5,5,3,3,24,24,5.130976,106.178709,1777,1777,1980,1980
blackout_only,full_coverage,2,leo,750.0,300.0,42,5,5,3,3,26,26,0.133073,61.213770,1777,1777,1980,1980
blackout_only,full_coverage,3,earth,750.0,300.0,42,5,5,3,3,26,26,0.183922,61.666308,1777,1777,1980,1980
with_repeater,full_coverage,0,mars,750.0,300.0,42,0,1,0,1,0,4,,,1777,1777,1980,1980
with_repeater,full_coverage,1,moon,750.0,300.0,42,5,5,3,3,24,24,5.131336,106.168515,1777,1777,1980,1980
with_repeater,full_coverage,2,leo,750.0,300.0,42,5,5,3,3,26,26,0.132695,61.210078,1777,1777,1980,1980
with_repeater,full_coverage,3,earth,750.0,300.0,42,5,5,3,3,26,26,0.183089,61.658669,1777,1777,1980,1980
blackout_only,full_coverage,0,mars,750.0,300.0,43,0,1,0,1,0,4,,,1777,1777,1980,1980
blackout_only,full_coverage,1,moon,750.0,300.0,43,5,5,3,3,24,24,5.128411,106.141589,1777,1777,1980,1980
blackout_only,full_coverage,2,leo,750.0,300.0,43,5,5,3,3,26,26,0.129746,61.172817,1777,1777,1980,1980
blackout_only,full_coverage,3,earth,750.0,300.0,43,5,5,3,3,26,26,0.183695,61.642198,1777,1777,1980,1980
with_repeater,full_coverage,0,mars,750.0,300.0,43,0,1,0,1,0,4,,,1777,1777,1980,1980
with_repeater,full_coverage,1,moon,750.0,300.0,43,5,5,3,3,24,24,5.133638,106.175025,1777,1777,1980,1980
with_repeater,full_coverage,2,leo,750.0,300.0,43,5,5,3,3,26,26,0.130242,61.178607,1777,1777,1980,1980
with_repeater,full_coverage,3,earth,750.0,300.0,43,5,5,3,3,26,26,0.183195,61.660819,1777,1777,1980,1980
blackout_only,full_coverage,0,mars,750.0,300.0,44,0,1,0,1,0,4,,,1777,1777,1980,1980
blackout_only,full_coverage,1,moon,750.0,300.0,44,5,5,3,3,24,24,5.130942,106.190075,1777,1777,1980,1980
blackout_only,full_coverage,2,leo,750.0,300.0,44,5,5,3,3,26,26,0.131663,61.169288,1777,1777,1980,1980
blackout_only,full_coverage,3,earth,750.0,300.0,44,5,5,3,3,26,26,0.183754,61.625991,1777,1777,1980,1980
with_repeater,full_coverage,0,mars,750.0,300.0,44,0,1,0,1,0,4,,,1777,1777,1980,1980
with_repeater,full_coverage,1,moon,750.0,300.0,44,5,5,3,3,24,24,5.132650,106.201797,1777,1777,1980,1980
with_repeater,full_coverage,2,leo,750.0,300.0,44,5,5,3,3,26,26,0.129759,61.151133,1777,1777,1980,1980
with_repeater,full_coverage,3,earth,750.0,300.0,44,5,5,3,3,26,26,0.181607,61.612759,1777,1777,1980,1980
blackout_only,full_coverage,0,mars,750.0,300.0,45,0,1,0,1,0,4,,,1777,1777,1980,1980
blackout_only,full_coverage,1,moon,750.0,300.0,45,5,5,3,3,24,24,5.133373,106.198005,1777,1777,1980,1980
blackout_only,full_coverage,2,leo,750.0,300.0,45,5,5,3,3,26,26,0.132233,61.153238,1777,1777,1980,1980
blackout_only,full_coverage,3,earth,750.0,300.0,45,5,5,3,3,26,26,0.181385,61.627133,1777,1777,1980,1980
with_repeater,full_coverage,0,mars,750.0,300.0,45,0,1,0,1,0,4,,,1777,1777,1980,1980
with_repeater,full_coverage,1,moon,750.0,300.0,45,5,5,3,3,24,24,5.130018,106.162442,1777,1777,1980,1980
with_repeater,full_coverage,2,leo,750.0,300.0,45,5,5,3,3,26,26,0.129127,61.151363,1777,1777,1980,1980
with_repeater,full_coverage,3,earth,750.0,300.0,45,5,5,3,3,26,26,0.184501,61.649253,1777,1777,1980,1980
blackout_only,full_coverage,0,mars,750.0,300.0,46,0,1,0,1,0,4,,,1777,1777,1980,1980
blackout_only,full_coverage,1,moon,750.0,300.0,46,5,5,3,3,24,24,5.131291,106.173494,1777,1777,1980,1980
blackout_only,full_coverage,2,leo,750.0,300.0,46,5,5,3,3,26,26,0.132998,61.192541,1777,1777,1980,1980
blackout_only,full_coverage,3,earth,750.0,300.0,46,5,5,3,3,26,26,0.184441,61.698893,1777,1777,1980,1980
with_repeater,full_coverage,0,mars,750.0,300.0,46,0,1,0,1,0,4,,,1777,1777,1980,1980
with_repeater,full_coverage,1,moon,750.0,300.0,46,5,5,3,3,24,24,5.129550,106.152913,1777,1777,1980,1980
with_repeater,full_coverage,2,leo,750.0,300.0,46,5,5,3,3,26,26,0.129368,61.168857,1777,1777,1980,1980
with_repeater,full_coverage,3,earth,750.0,300.0,46,5,5,3,3,26,26,0.184170,61.709418,1777,1777,1980,1980
blackout_only,full_coverage,0,mars,750.0,300.0,47,0,1,0,1,0,4,,,1777,1777,1980,1980
blackout_only,full_coverage,1,moon,750.0,300.0,47,5,5,3,3,24,24,5.132275,106.188671,1777,1777,1980,1980
blackout_only,full_coverage,2,leo,750.0,300.0,47,5,5,3,3,26,26,0.130033,61.155041,1777,1777,1980,1980
blackout_only,full_coverage,3,earth,750.0,300.0,47,5,5,3,3,26,26,0.182177,61.651764,1777,1777,1980,1980
with_repeater,full_coverage,0,mars,750.0,300.0,47,0,1,0,1,0,4,,,1777,1777,1980,1980
with_repeater,full_coverage,1,moon,750.0,300.0,47,5,5,3,3,24,24,5.131706,106.201733,1777,1777,1980,1980
with_repeater,full_coverage,2,leo,750.0,300.0,47,5,5,3,3,26,26,0.130985,61.166785,1777,1777,1980,1980
with_repeater,full_coverage,3,earth,750.0,300.0,47,5,5,3,3,26,26,0.184653,61.672836,1777,1777,1980,1980
blackout_only,full_coverage,0,mars,750.0,300.0,48,0,1,0,1,0,4,,,1777,1777,1980,1980
blackout_only,full_coverage,1,moon,750.0,300.0,48,5,5,3,3,24,24,5.132514,106.191727,1777,1777,1980,1980
blackout_only,full_coverage,2,leo,750.0,300.0,48,5,5,3,3,26,26,0.133954,61.196238,1777,1777,1980,1980
blackout_only,full_coverage,3,earth,750.0,300.0,48,5,5,3,3,26,26,0.182398,61.654408,1777,1777,1980,1980
with_repeater,full_coverage,0,mars,750.0,300.0,48,0,1,0,1,0,4,,,1777,1777,1980,1980
with_repeater,full_coverage,1,moon,750.0,300.0,48,5,5,3,3,24,24,5.132590,106.190013,1777,1777,1980,1980
with_repeater,full_coverage,2,leo,750.0,300.0,48,5,5,3,3,26,26,0.130169,61.192266,1777,1777,1980,1980
with_repeater,full_coverage,3,earth,750.0,300.0,48,5,5,3,3,26,26,0.182069,61.623511,1777,1777,1980,1980
blackout_only,full_coverage,0,mars,750.0,300.0,49,0,1,0,1,0,4,,,1777,1777,1980,1980
blackout_only,full_coverage,1,moon,750.0,300.0,49,5,5,3,3,24,24,5.132280,106.211540,1777,1777,1980,1980
blackout_only,full_coverage,2,leo,750.0,300.0,49,5,5,3,3,26,26,0.134357,61.215754,1777,1777,1980,1980
blackout_only,full_coverage,3,earth,750.0,300.0,49,5,5,3,3,26,26,0.185344,61.648906,1777,1777,1980,1980
with_repeater,full_coverage,0,mars,750.0,300.0,49,0,1,0,1,0,4,,,1777,1777,1980,1980
with_repeater,full_coverage,1,moon,750.0,300.0,49,5,5,3,3,24,24,5.132807,106.233568,1777,1777,1980,1980
with_repeater,full_coverage,2,leo,750.0,300.0,49,5,5,3,3,26,26,0.132077,61.219798,1777,1777,1980,1980
with_repeater,full_coverage,3,earth,750.0,300.0,49,5,5,3,3,26,26,0.185623,61.681197,1777,1777,1980,1980
blackout_only,full_coverage,0,mars,750.0,300.0,50,0,1,0,1,0,4,,,1777,1777,1980,1980
blackout_only,full_coverage,1,moon,750.0,300.0,50,5,5,3,3,24,24,5.131389,106.157793,1777,1777,1980,1980
blackout_only,full_coverage,2,leo,750.0,300.0,50,5,5,3,3,26,26,0.130497,61.166514,1777,1777,1980,1980
blackout_only,full_coverage,3,earth,750.0,300.0,50,5,5,3,3,26,26,0.184561,61.644433,1777,1777,1980,1980
with_repeater,full_coverage,0,mars,750.0,300.0,50,0,1,0,1,0,4,,,1778,1778,1980,1980
with_repeater,full_coverage,1,moon,750.0,300.0,50,5,5,3,3,24,24,5.133731,106.186432,1778,1778,1980,1980
with_repeater,full_coverage,2,leo,750.0,300.0,50,5,5,3,3,26,26,0.132149,61.164058,1778,1778,1980,1980
with_repeater,full_coverage,3,earth,750.0,300.0,50,5,5,3,3,26,26,0.183573,61.630414,1778,1778,1980,1980
blackout_only,full_coverage,0,mars,750.0,300.0,51,0,1,0,1,0,4,,,1777,1777,1980,1980
blackout_only,full_coverage,1,moon,750.0,300.0,51,5,5,3,3,24,24,5.131971,106.223530,1777,1777,1980,1980
blackout_only,full_coverage,2,leo,750.0,300.0,51,5,5,3,3,26,26,0.130693,61.168208,1777,1777,1980,1980
blackout_only,full_coverage,3,earth,750.0,300.0,51,5,5,3,3,26,26,0.184383,61.643292,1777,1777,1980,1980
with_repeater,full_coverage,0,mars,750.0,300.0,51,0,1,0,1,0,4,,,1777,1777,1980,1980
with_repeater,full_coverage,1,moon,750.0,300.0,51,5,5,3,3,24,24,5.133509,106.262895,1777,1777,1980,1980
with_repeater,full_coverage,2,leo,750.0,300.0,51,5,5,3,3,26,26,0.132172,61.154854,1777,1777,1980,1980
with_repeater,full_coverage,3,earth,750.0,300.0,51,5,5,3,3,26,26,0.183403,61.695911,1777,1777,1980,1980
blackout_only,full_coverage,0,mars,750.0,300.0,52,0,1,0,1,0,4,,,1778,1778,1980,1980
blackout_only,full_coverage,1,moon,750.0,300.0,52,5,5,3,3,24,24,5.128442,106.182747,1778,1778,1980,1980
blackout_only,full_coverage,2,leo,750.0,300.0,52,5,5,3,3,26,26,0.131147,61.172467,1778,1778,1980,1980
blackout_only,full_coverage,3,earth,750.0,300.0,52,5,5,3,3,26,26,0.184418,61.680198,1778,1778,1980,1980
with_repeater,full_coverage,0,mars,750.0,300.0,52,0,1,0,1,0,4,,,1777,1777,1980,1980
with_repeater,full_coverage,1,moon,750.0,300.0,52,5,5,3,3,24,24,5.131454,106.178312,1777,1777,1980,1980
with_repeater,full_coverage,2,leo,750.0,300.0,52,5,5,3,3,26,26,0.130007,61.179171,1777,1777,1980,1980
with_repeater,full_coverage,3,earth,750.0,300.0,52,5,5,3,3,26,26,0.183947,61.687238,1777,1777,1980,1980
blackout_only,full_coverage,0,mars,750.0,300.0,53,0,1,0,1,0,4,,,1777,1777,1980,1980
blackout_only,full_coverage,1,moon,750.0,300.0,53,5,5,3,3,24,24,5.131546,106.130209,1777,1777,1980,1980
blackout_only,full_coverage,2,leo,750.0,300.0,53,5,5,3,3,26,26,0.130861,61.182402,1777,1777,1980,1980
blackout_only,full_coverage,3,earth,750.0,300.0,53,5,5,3,3,26,26,0.183028,61.649002,1777,1777,1980,1980
with_repeater,full_coverage,0,mars,750.0,300.0,53,0,1,0,1,0,4,,,1777,1777,1980,1980
with_repeater,full_coverage,1,moon,750.0,300.0,53,5,5,3,3,24,24,5.128321,106.126219,1777,1777,1980,1980
with_repeater,full_coverage,2,leo,750.0,300.0,53,5,5,3,3,26,26,0.129556,61.172606,1777,1777,1980,1980
with_repeater,full_coverage,3,earth,750.0,300.0,53,5,5,3,3,26,26,0.183854,61.677899,1777,1777,1980,1980
blackout_only,full_coverage,0,mars,750.0,300.0,54,0,1,0,1,0,4,,,1777,1777,1980,1980
blackout_only,full_coverage,1,moon,750.0,300.0,54,5,5,3,3,24,24,5.133801,106.148723,1777,1777,1980,1980
blackout_only,full_coverage,2,leo,750.0,300.0,54,5,5,3,3,26,26,0.130068,61.171227,1777,1777,1980,1980
blackout_only,full_coverage,3,earth,750.0,300.0,54,5,5,3,3,26,26,0.182191,61.650931,1777,1777,1980,1980
with_repeater,full_coverage,0,mars,750.0,300.0,54,0,1,0,1,0,4,,,1777,1777,1980,1980
with_repeater,full_coverage,1,moon,750.0,300.0,54,5,5,3,3,24,24,5.127985,106.144188,1777,1777,1980,1980
with_repeater,full_coverage,2,leo,750.0,300.0,54,5,5,3,3,26,26,0.131770,61.172154,1777,1777,1980,1980
with_repeater,full_coverage,3,earth,750.0,300.0,54,5,5,3,3,26,26,0.182785,61.638195,1777,1777,1980,1980
blackout_only,full_coverage,0,mars,750.0,300.0,55,0,1,0,1,0,4,,,1777,1777,1980,1980
blackout_only,full_coverage,1,moon,750.0,300.0,55,5,5,3,3,24,24,5.130519,106.180045,1777,1777,1980,1980
blackout_only,full_coverage,2,leo,750.0,300.0,55,5,5,3,3,26,26,0.130644,61.189583,1777,1777,1980,1980
blackout_only,full_coverage,3,earth,750.0,300.0,55,5,5,3,3,26,26,0.183219,61.650185,1777,1777,1980,1980
with_repeater,full_coverage,0,mars,750.0,300.0,55,0,1,0,1,0,4,,,1778,1778,1980,1980
with_repeater,full_coverage,1,moon,750.0,300.0,55,5,5,3,3,24,24,5.134034,106.212418,1778,1778,1980,1980
with_repeater,full_coverage,2,leo,750.0,300.0,55,5,5,3,3,26,26,0.133046,61.194654,1778,1778,1980,1980
with_repeater,full_coverage,3,earth,750.0,300.0,55,5,5,3,3,26,26,0.181992,61.671708,1778,1778,1980,1980
blackout_only,full_coverage,0,mars,750.0,300.0,56,0,1,0,1,0,4,,,1777,1777,1980,1980
blackout_only,full_coverage,1,moon,750.0,300.0,56,5,5,3,3,24,24,5.132323,106.236676,1777,1777,1980,1980
blackout_only,full_coverage,2,leo,750.0,300.0,56,5,5,3,3,26,26,0.130824,61.173315,1777,1777,1980,1980
blackout_only,full_coverage,3,earth,750.0,300.0,56,5,5,3,3,26,26,0.186245,61.685731,1777,1777,1980,1980
with_repeater,full_coverage,0,mars,750.0,300.0,56,0,1,0,1,0,4,,,1777,1777,1980,1980
with_repeater,full_coverage,1,moon,750.0,300.0,56,5,5,3,3,24,24,5.130874,106.193893,1777,1777,1980,1980
with_repeater,full_coverage,2,leo,750.0,300.0,56,5,5,3,3,26,26,0.130861,61.154636,1777,1777,1980,1980
with_repeater,full_coverage,3,earth,750.0,300.0,56,5,5,3,3,26,26,0.185044,61.693766,1777,1777,1980,1980
blackout_only,full_coverage,0,mars,750.0,300.0,57,0,1,0,1,0,4,,,1777,1777,1980,1980
blackout_only,full_coverage,1,moon,750.0,300.0,57,5,5,3,3,24,24,5.131768,106.145316,1777,1777,1980,1980
blackout_only,full_coverage,2,leo,750.0,300.0,57,5,5,3,3,26,26,0.132594,61.199368,1777,1777,1980,1980
blackout_only,full_coverage,3,earth,750.0,300.0,57,5,5,3,3,26,26,0.183905,61.673122,1777,1777,1980,1980
with_repeater,full_coverage,0,mars,750.0,300.0,57,0,1,0,1,0,4,,,1777,1777,1980,1980
with_repeater,full_coverage,1,moon,750.0,300.0,57,5,5,3,3,24,24,5.129575,106.151397,1777,1777,1980,1980
with_repeater,full_coverage,2,leo,750.0,300.0,57,5,5,3,3,26,26,0.129583,61.191496,1777,1777,1980,1980
with_repeater,full_coverage,3,earth,750.0,300.0,57,5,5,3,3,26,26,0.183554,61.661966,1777,1777,1980,1980
blackout_only,full_coverage,0,mars,750.0,300.0,58,0,1,0,1,0,4,,,1777,1777,1980,1980
blackout_only,full_coverage,1,moon,750.0,300.0,58,5,5,3,3,24,24,5.131129,106.175966,1777,1777,1980,1980
blackout_only,full_coverage,2,leo,750.0,300.0,58,5,5,3,3,26,26,0.132811,61.180588,1777,1777,1980,1980
blackout_only,full_coverage,3,earth,750.0,300.0,58,5,5,3,3,26,26,0.180924,61.649744,1777,1777,1980,1980
with_repeater,full_coverage,0,mars,750.0,300.0,58,0,1,0,1,0,4,,,1777,1777,1980,1980
with_repeater,full_coverage,1,moon,750.0,300.0,58,5,5,3,3,24,24,5.129146,106.170781,1777,1777,1980,1980
with_repeater,full_coverage,2,leo,750.0,300.0,58,5,5,3,3,26,26,0.130949,61.177065,1777,1777,1980,1980
with_repeater,full_coverage,3,earth,750.0,300.0,58,5,5,3,3,26,26,0.184095,61.670479,1777,1777,1980,1980
blackout_only,full_coverage,0,mars,750.0,300.0,59,0,1,0,1,0,4,,,1777,1777,1980,1980
blackout_only,full_coverage,1,moon,750.0,300.0,59,5,5,3,3,24,24,5.130176,106.160105,1777,1777,1980,1980
blackout_only,full_coverage,2,leo,750.0,300.0,59,5,5,3,3,26,26,0.131086,61.181697,1777,1777,1980,1980
blackout_only,full_coverage,3,earth,750.0,300.0,59,5,5,3,3,26,26,0.184051,61.675350,1777,1777,1980,1980
with_repeater,full_coverage,0,mars,750.0,300.0,59,0,1,0,1,0,4,,,1778,1778,1980,1980
with_repeater,full_coverage,1,moon,750.0,300.0,59,5,5,3,3,24,24,5.130675,106.143515,1778,1778,1980,1980
with_repeater,full_coverage,2,leo,750.0,300.0,59,5,5,3,3,26,26,0.131344,61.192987,1778,1778,1980,1980
with_repeater,full_coverage,3,earth,750.0,300.0,59,5,5,3,3,26,26,0.182544,61.658380,1778,1778,1980,1980
blackout_only,full_coverage,0,mars,750.0,300.0,60,0,1,0,1,0,4,,,1778,1778,1980,1980
blackout_only,full_coverage,1,moon,750.0,300.0,60,5,5,3,3,24,24,5.130492,106.151213,1778,1778,1980,1980
blackout_only,full_coverage,2,leo,750.0,300.0,60,5,5,3,3,26,26,0.129843,61.175695,1778,1778,1980,1980
blackout_only,full_coverage,3,earth,750.0,300.0,60,5,5,3,3,26,26,0.182739,61.686088,1778,1778,1980,1980
with_repeater,full_coverage,0,mars,750.0,300.0,60,0,1,0,1,0,4,,,1778,1778,1980,1980
with_repeater,full_coverage,1,moon,750.0,300.0,60,5,5,3,3,24,24,5.129264,106.154395,1778,1778,1980,1980
with_repeater,full_coverage,2,leo,750.0,300.0,60,5,5,3,3,26,26,0.129907,61.168076,1778,1778,1980,1980
with_repeater,full_coverage,3,earth,750.0,300.0,60,5,5,3,3,26,26,0.186159,61.679717,1778,1778,1980,1980
blackout_only,full_coverage,0,mars,750.0,300.0,61,0,1,0,1,0,4,,,1777,1777,1980,1980
blackout_only,full_coverage,1,moon,750.0,300.0,61,5,5,3,3,24,24,5.130551,106.155412,1777,1777,1980,1980
blackout_only,full_coverage,2,leo,750.0,300.0,61,5,5,3,3,26,26,0.131560,61.174705,1777,1777,1980,1980
blackout_only,full_coverage,3,earth,750.0,300.0,61,5,5,3,3,26,26,0.182092,61.692117,1777,1777,1980,1980
with_repeater,full_coverage,0,mars,750.0,300.0,61,0,1,0,1,0,4,,,1777,1777,1980,1980
with_repeater,full_coverage,1,moon,750.0,300.0,61,5,5,3,3,24,24,5.128823,106.151892,1777,1777,1980,1980
with_repeater,full_coverage,2,leo,750.0,300.0,61,5,5,3,3,26,26,0.129543,61.153072,1777,1777,1980,1980
with_repeater,full_coverage,3,earth,750.0,300.0,61,5,5,3,3,26,26,0.182996,61.645969,1777,1777,1980,1980
blackout_only,full_coverage,0,mars,750.0,300.0,62,0,1,0,1,0,4,,,1778,1778,1980,1980
blackout_only,full_coverage,1,moon,750.0,300.0,62,5,5,3,3,24,24,5.129907,106.143725,1778,1778,1980,1980
blackout_only,full_coverage,2,leo,750.0,300.0,62,5,5,3,3,26,26,0.130434,61.179972,1778,1778,1980,1980
blackout_only,full_coverage,3,earth,750.0,300.0,62,5,5,3,3,26,26,0.183411,61.656699,1778,1778,1980,1980
with_repeater,full_coverage,0,mars,750.0,300.0,62,0,1,0,1,0,4,,,1777,1777,1980,1980
with_repeater,full_coverage,1,moon,750.0,300.0,62,5,5,3,3,24,24,5.131100,106.168379,1777,1777,1980,1980
with_repeater,full_coverage,2,leo,750.0,300.0,62,5,5,3,3,26,26,0.130822,61.170914,1777,1777,1980,1980
with_repeater,full_coverage,3,earth,750.0,300.0,62,5,5,3,3,26,26,0.183058,61.682150,1777,1777,1980,1980
blackout_only,full_coverage,0,mars,750.0,300.0,63,0,1,0,1,0,4,,,1777,1777,1980,1980
blackout_only,full_coverage,1,moon,750.0,300.0,63,5,5,3,3,24,24,5.132774,106.179345,1777,1777,1980,1980
blackout_only,full_coverage,2,leo,750.0,300.0,63,5,5,3,3,26,26,0.131441,61.181347,1777,1777,1980,1980
blackout_only,full_coverage,3,earth,750.0,300.0,63,5,5,3,3,26,26,0.183684,61.660838,1777,1777,1980,1980
with_repeater,full_coverage,0,mars,750.0,300.0,63,0,1,0,1,0,4,,,1777,1777,1980,1980
with_repeater,full_coverage,1,moon,750.0,300.0,63,5,5,3,3,24,24,5.131223,106.138630,1777,1777,1980,1980
with_repeater,full_coverage,2,leo,750.0,300.0,63,5,5,3,3,26,26,0.129663,61.181513,1777,1777,1980,1980
with_repeater,full_coverage,3,earth,750.0,300.0,63,5,5,3,3,26,26,0.183671,61.675647,1777,1777,1980,1980
blackout_only,full_coverage,0,mars,750.0,300.0,64,0,1,0,1,0,4,,,1777,1777,1980,1980
blackout_only,full_coverage,1,moon,750.0,300.0,64,5,5,3,3,24,24,5.131369,106.139397,1777,1777,1980,1980
blackout_only,full_coverage,2,leo,750.0,300.0,64,5,5,3,3,26,26,0.130470,61.183724,1777,1777,1980,1980
blackout_only,full_coverage,3,earth,750.0,300.0,64,5,5,3,3,26,26,0.185402,61.653592,1777,1777,1980,1980
with_repeater,full_coverage,0,mars,750.0,300.0,64,0,1,0,1,0,4,,,1777,1777,1980,1980
with_repeater,full_coverage,1,moon,750.0,300.0,64,5,5,3,3,24,24,5.127169,106.149683,1777,1777,1980,1980
with_repeater,full_coverage,2,leo,750.0,300.0,64,5,5,3,3,26,26,0.130972,61.179832,1777,1777,1980,1980
with_repeater,full_coverage,3,earth,750.0,300.0,64,5,5,3,3,26,26,0.181695,61.648626,1777,1777,1980,1980
blackout_only,full_coverage,0,mars,750.0,300.0,65,0,1,0,1,0,4,,,1777,1777,1980,1980
blackout_only,full_coverage,1,moon,750.0,300.0,65,5,5,3,3,24,24,5.128677,106.136385,1777,1777,1980,1980
blackout_only,full_coverage,2,leo,750.0,300.0,65,5,5,3,3,26,26,0.132622,61.204949,1777,1777,1980,1980
blackout_only,full_coverage,3,earth,750.0,300.0,65,5,5,3,3,26,26,0.182118,61.632270,1777,1777,1980,1980
with_repeater,full_coverage,0,mars,750.0,300.0,65,0,1,0,1,0,4,,,1777,1777,1980,1980
with_repeater,full_coverage,1,moon,750.0,300.0,65,5,5,3,3,24,24,5.130151,106.169104,1777,1777,1980,1980
with_repeater,full_coverage,2,leo,750.0,300.0,65,5,5,3,3,26,26,0.131907,61.210189,1777,1777,1980,1980
with_repeater,full_coverage,3,earth,750.0,300.0,65,5,5,3,3,26,26,0.182550,61.634697,1777,1777,1980,1980
blackout_only,full_coverage,0,mars,750.0,300.0,66,0,1,0,1,0,4,,,1777,1777,1980,1980
blackout_only,full_coverage,1,moon,750.0,300.0,66,5,5,3,3,24,24,5.131167,106.176200,1777,1777,1980,1980
blackout_only,full_coverage,2,leo,750.0,300.0,66,5,5,3,3,26,26,0.132409,61.139328,1777,1777,1980,1980
blackout_only,full_coverage,3,earth,750.0,300.0,66,5,5,3,3,26,26,0.182905,61.645615,1777,1777,1980,1980
with_repeater,full_coverage,0,mars,750.0,300.0,66,0,1,0,1,0,4,,,1777,1777,1980,1980
with_repeater,full_coverage,1,moon,750.0,300.0,66,5,5,3,3,24,24,5.131691,106.147059,1777,1777,1980,1980
with_repeater,full_coverage,2,leo,750.0,300.0,66,5,5,3,3,26,26,0.130175,61.138576,1777,1777,1980,1980
with_repeater,full_coverage,3,earth,750.0,300.0,66,5,5,3,3,26,26,0.182940,61.632589,1777,1777,1980,1980
blackout_only,full_coverage,0,mars,750.0,300.0,67,0,1,0,1,0,4,,,1778,1778,1980,1980
blackout_only,full_coverage,1,moon,750.0,300.0,67,5,5,3,3,24,24,5.132614,106.186873,1778,1778,1980,1980
blackout_only,full_coverage,2,leo,750.0,300.0,67,5,5,3,3,26,26,0.131592,61.180113,1778,1778,1980,1980
blackout_only,full_coverage,3,earth,750.0,300.0,67,5,5,3,3,26,26,0.182059,61.643548,1778,1778,1980,1980
with_repeater,full_coverage,0,mars,750.0,300.0,67,0,1,0,1,0,4,,,1778,1778,1980,1980
with_repeater,full_coverage,1,moon,750.0,300.0,67,5,5,3,3,24,24,5.132047,106.212588,1778,1778,1980,1980
with_repeater,full_coverage,2,leo,750.0,300.0,67,5,5,3,3,26,26,0.131749,61.156062,1778,1778,1980,1980
with_repeater,full_coverage,3,earth,750.0,300.0,67,5,5,3,3,26,26,0.184432,61.640938,1778,1778,1980,1980
blackout_only,full_coverage,0,mars,750.0,300.0,68,0,1,0,1,0,4,,,1778,1778,1980,1980
blackout_only,full_coverage,1,moon,750.0,300.0,68,5,5,3,3,24,24,5.131038,106.122254,1778,1778,1980,1980
blackout_only,full_coverage,2,leo,750.0,300.0,68,5,5,3,3,26,26,0.131884,61.190880,1778,1778,1980,1980
blackout_only,full_coverage,3,earth,750.0,300.0,68,5,5,3,3,26,26,0.183212,61.653295,1778,1778,1980,1980
with_repeater,full_coverage,0,mars,750.0,300.0,68,0,1,0,1,0,4,,,1777,1777,1980,1980
with_repeater,full_coverage,1,moon,750.0,300.0,68,5,5,3,3,24,24,5.127618,106.164575,1777,1777,1980,1980
with_repeater,full_coverage,2,leo,750.0,300.0,68,5,5,3,3,26,26,0.130757,61.175560,1777,1777,1980,1980
with_repeater,full_coverage,3,earth,750.0,300.0,68,5,5,3,3,26,26,0.182311,61.666387,1777,1777,1980,1980
blackout_only,full_coverage,0,mars,750.0,300.0,69,0,1,0,1,0,4,,,1778,1778,1980,1980
blackout_only,full_coverage,1,moon,750.0,300.0,69,5,5,3,3,24,24,5.130122,106.173945,1778,1778,1980,1980
blackout_only,full_coverage,2,leo,750.0,300.0,69,5,5,3,3,26,26,0.130713,61.163246,1778,1778,1980,1980
blackout_only,full_coverage,3,earth,750.0,300.0,69,5,5,3,3,26,26,0.182303,61.630882,1778,1778,1980,1980
with_repeater,full_coverage,0,mars,750.0,300.0,69,0,1,0,1,0,4,,,1778,1778,1980,1980
with_repeater,full_coverage,1,moon,750.0,300.0,69,5,5,3,3,24,24,5.129041,106.142153,1778,1778,1980,1980
with_repeater,full_coverage,2,leo,750.0,300.0,69,5,5,3,3,26,26,0.130565,61.158992,1778,1778,1980,1980
with_repeater,full_coverage,3,earth,750.0,300.0,69,5,5,3,3,26,26,0.184149,61.661445,1778,1778,1980,1980
blackout_only,full_coverage,0,mars,750.0,300.0,70,0,1,0,1,0,4,,,1778,1778,1980,1980
blackout_only,full_coverage,1,moon,750.0,300.0,70,5,5,3,3,24,24,5.131798,106.202686,1778,1778,1980,1980
blackout_only,full_coverage,2,leo,750.0,300.0,70,5,5,3,3,26,26,0.131349,61.189230,1778,1778,1980,1980
blackout_only,full_coverage,3,earth,750.0,300.0,70,5,5,3,3,26,26,0.178948,61.618658,1778,1778,1980,1980
with_repeater,full_coverage,0,mars,750.0,300.0,70,0,1,0,1,0,4,,,1777,1777,1980,1980
with_repeater,full_coverage,1,moon,750.0,300.0,70,5,5,3,3,24,24,5.134898,106.186345,1777,1777,1980,1980
with_repeater,full_coverage,2,leo,750.0,300.0,70,5,5,3,3,26,26,0.131280,61.166718,1777,1777,1980,1980
with_repeater,full_coverage,3,earth,750.0,300.0,70,5,5,3,3,26,26,0.181363,61.619559,1777,1777,1980,1980
blackout_only,full_coverage,0,mars,750.0,300.0,71,0,1,0,1,0,4,,,1777,1777,1980,1980
blackout_only,full_coverage,1,moon,750.0,300.0,71,5,5,3,3,24,24,5.131699,106.178665,1777,1777,1980,1980
blackout_only,full_coverage,2,leo,750.0,300.0,71,5,5,3,3,26,26,0.130328,61.171774,1777,1777,1980,1980
blackout_only,full_coverage,3,earth,750.0,300.0,71,5,5,3,3,26,26,0.182405,61.667959,1777,1777,1980,1980
with_repeater,full_coverage,0,mars,750.0,300.0,71,0,1,0,1,0,4,,,1778,1778,1980,1980
with_repeater,full_coverage,1,moon,750.0,300.0,71,5,5,3,3,24,24,5.128662,106.165891,1778,1778,1980,1980
with_repeater,full_coverage,2,leo,750.0,300.0,71,5,5,3,3,26,26,0.133143,61.178769,1778,1778,1980,1980
with_repeater,full_coverage,3,earth,750.0,300.0,71,5,5,3,3,26,26,0.186563,61.660318,1778,1778,1980,1980
blackout_only,full_coverage,0,mars,750.0,300.0,72,0,1,0,1,0,4,,,1777,1777,1980,1980
blackout_only,full_coverage,1,moon,750.0,300.0,72,5,5,3,3,24,24,5.131185,106.194608,1777,1777,1980,1980
blackout_only,full_coverage,2,leo,750.0,300.0,72,5,5,3,3,26,26,0.132328,61.185809,1777,1777,1980,1980
blackout_only,full_coverage,3,earth,750.0,300.0,72,5,5,3,3,26,26,0.183214,61.659307,1777,1777,1980,1980
with_repeater,full_coverage,0,mars,750.0,300.0,72,0,1,0,1,0,4,,,1777,1777,1980,1980
with_repeater,full_coverage,1,moon,750.0,300.0,72,5,5,3,3,24,24,5.127775,106.143833,1777,1777,1980,1980
with_repeater,full_coverage,2,leo,750.0,300.0,72,5,5,3,3,26,26,0.131375,61.175098,1777,1777,1980,1980
with_repeater,full_coverage,3,earth,750.0,300.0,72,5,5,3,3,26,26,0.182189,61.646442,1777,1777,1980,1980
blackout_only,full_coverage,0,mars,750.0,300.0,73,0,1,0,1,0,4,,,1777,1777,1980,1980
blackout_only,full_coverage,1,moon,750.0,300.0,73,5,5,3,3,24,24,5.133381,106.203996,1777,1777,1980,1980
blackout_only,full_coverage,2,leo,750.0,300.0,73,5,5,3,3,26,26,0.130075,61.189970,1777,1777,1980,1980
blackout_only,full_coverage,3,earth,750.0,300.0,73,5,5,3,3,26,26,0.184262,61.657211,1777,1777,1980,1980
with_repeater,full_coverage,0,mars,750.0,300.0,73,0,1,0,1,0,4,,,1777,1777,1980,1980
with_repeater,full_coverage,1,moon,750.0,300.0,73,5,5,3,3,24,24,5.131285,106.187362,1777,1777,1980,1980
with_repeater,full_coverage,2,leo,750.0,300.0,73,5,5,3,3,26,26,0.131495,61.199558,1777,1777,1980,1980
with_repeater,full_coverage,3,earth,750.0,300.0,73,5,5,3,3,26,26,0.184766,61.662065,1777,1777,1980,1980
blackout_only,full_coverage,0,mars,750.0,300.0,74,0,1,0,1,0,4,,,1778,1778,1980,1980
blackout_only,full_coverage,1,moon,750.0,300.0,74,5,5,3,3,24,24,5.128124,106.156259,1778,1778,1980,1980
blackout_only,full_coverage,2,leo,750.0,300.0,74,5,5,3,3,26,26,0.132284,61.207834,1778,1778,1980,1980
blackout_only,full_coverage,3,earth,750.0,300.0,74,5,5,3,3,26,26,0.180248,61.650221,1778,1778,1980,1980
with_repeater,full_coverage,0,mars,750.0,300.0,74,0,1,0,1,0,4,,,1777,1777,1980,1980
with_repeater,full_coverage,1,moon,750.0,300.0,74,5,5,3,3,24,24,5.133884,106.200543,1777,1777,1980,1980
with_repeater,full_coverage,2,leo,750.0,300.0,74,5,5,3,3,26,26,0.132680,61.216218,1777,1777,1980,1980
with_repeater,full_coverage,3,earth,750.0,300.0,74,5,5,3,3,26,26,0.181013,61.651228,1777,1777,1980,1980
blackout_only,full_coverage,0,mars,750.0,300.0,75,0,1,0,1,0,4,,,1777,1777,1980,1980
blackout_only,full_coverage,1,moon,750.0,300.0,75,5,5,3,3,24,24,5.132023,106.211688,1777,1777,1980,1980
blackout_only,full_coverage,2,leo,750.0,300.0,75,5,5,3,3,26,26,0.131092,61.187230,1777,1777,1980,1980
blackout_only,full_coverage,3,earth,750.0,300.0,75,5,5,3,3,26,26,0.182038,61.627334,1777,1777,1980,1980
with_repeater,full_coverage,0,mars,750.0,300.0,75,0,1,0,1,0,4,,,1777,1777,1980,1980
with_repeater,full_coverage,1,moon,750.0,300.0,75,5,5,3,3,24,24,5.132044,106.220777,1777,1777,1980,1980
with_repeater,full_coverage,2,leo,750.0,300.0,75,5,5,3,3,26,26,0.130873,61.180515,1777,1777,1980,1980
with_repeater,full_coverage,3,earth,750.0,300.0,75,5,5,3,3,26,26,0.182176,61.644841,1777,1777,1980,1980
blackout_only,full_coverage,0,mars,750.0,300.0,76,0,1,0,1,0,4,,,1777,1777,1980,1980
blackout_only,full_coverage,1,moon,750.0,300.0,76,5,5,3,3,24,24,5.129399,106.150068,1777,1777,1980,1980
blackout_only,full_coverage,2,leo,750.0,300.0,76,5,5,3,3,26,26,0.130712,61.170648,1777,1777,1980,1980
blackout_only,full_coverage,3,earth,750.0,300.0,76,5,5,3,3,26,26,0.184168,61.686096,1777,1777,1980,1980
with_repeater,full_coverage,0,mars,750.0,300.0,76,0,1,0,1,0,4,,,1777,1777,1980,1980
with_repeater,full_coverage,1,moon,750.0,300.0,76,5,5,3,3,24,24,5.130723,106.171204,1777,1777,1980,1980
with_repeater,full_coverage,2,leo,750.0,300.0,76,5,5,3,3,26,26,0.129506,61.153866,1777,1777,1980,1980
with_repeater,full_coverage,3,earth,750.0,300.0,76,5,5,3,3,26,26,0.183283,61.665859,1777,1777,1980,1980
blackout_only,full_coverage,0,mars,750.0,300.0,77,0,1,0,1,0,4,,,1777,1777,1980,1980
blackout_only,full_coverage,1,moon,750.0,300.0,77,5,5,3,3,24,24,5.129758,106.180254,1777,1777,1980,1980
blackout_only,full_coverage,2,leo,750.0,300.0,77,5,5,3,3,26,26,0.130603,61.152925,1777,1777,1980,1980
blackout_only,full_coverage,3,earth,750.0,300.0,77,5,5,3,3,26,26,0.186517,61.686805,1777,1777,1980,1980
with_repeater,full_coverage,0,mars,750.0,300.0,77,0,1,0,1,0,4,,,1777,1777,1980,1980
with_repeater,full_coverage,1,moon,750.0,300.0,77,5,5,3,3,24,24,5.134247,106.186554,1777,1777,1980,1980
with_repeater,full_coverage,2,leo,750.0,300.0,77,5,5,3,3,26,26,0.130727,61.153373,1777,1777,1980,1980
with_repeater,full_coverage,3,earth,750.0,300.0,77,5,5,3,3,26,26,0.183938,61.664156,1777,1777,1980,1980
blackout_only,full_coverage,0,mars,750.0,300.0,78,0,1,0,1,0,4,,,1777,1777,1980,1980
blackout_only,full_coverage,1,moon,750.0,300.0,78,5,5,3,3,24,24,5.132625,106.191089,1777,1777,1980,1980
blackout_only,full_coverage,2,leo,750.0,300.0,78,5,5,3,3,26,26,0.131048,61.152424,1777,1777,1980,1980
blackout_only,full_coverage,3,earth,750.0,300.0,78,5,5,3,3,26,26,0.181980,61.650458,1777,1777,1980,1980
with_repeater,full_coverage,0,mars,750.0,300.0,78,0,1,0,1,0,4,,,1777,1777,1980,1980
with_repeater,full_coverage,1,moon,750.0,300.0,78,5,5,3,3,24,24,5.130626,106.175406,1777,1777,1980,1980
with_repeater,full_coverage,2,leo,750.0,300.0,78,5,5,3,3,26,26,0.131208,61.151208,1777,1777,1980,1980
with_repeater,full_coverage,3,earth,750.0,300.0,78,5,5,3,3,26,26,0.183845,61.635197,1777,1777,1980,1980
blackout_only,full_coverage,0,mars,750.0,300.0,79,0,1,0,1,0,4,,,1777,1777,1980,1980
blackout_only,full_coverage,1,moon,750.0,300.0,79,5,5,3,3,24,24,5.130423,106.145545,1777,1777,1980,1980
blackout_only,full_coverage,2,leo,750.0,300.0,79,5,5,3,3,26,26,0.131416,61.170783,1777,1777,1980,1980
blackout_only,full_coverage,3,earth,750.0,300.0,79,5,5,3,3,26,26,0.183624,61.660896,1777,1777,1980,1980
with_repeater,full_coverage,0,mars,750.0,300.0,79,0,1,0,1,0,4,,,1777,1777,1980,1980
with_repeater,full_coverage,1,moon,750.0,300.0,79,5,5,3,3,24,24,5.130317,106.183836,1777,1777,1980,1980
with_repeater,full_coverage,2,leo,750.0,300.0,79,5,5,3,3,26,26,0.131382,61.175844,1777,1777,1980,1980
with_repeater,full_coverage,3,earth,750.0,300.0,79,5,5,3,3,26,26,0.182031,61.664748,1777,1777,1980,1980
blackout_only,full_coverage,0,mars,750.0,300.0,80,0,1,0,1,0,4,,,1777,1777,1980,1980
blackout_only,full_coverage,1,moon,750.0,300.0,80,5,5,3,3,24,24,5.131044,106.210129,1777,1777,1980,1980
blackout_only,full_coverage,2,leo,750.0,300.0,80,5,5,3,3,26,26,0.132344,61.185073,1777,1777,1980,1980
blackout_only,full_coverage,3,earth,750.0,300.0,80,5,5,3,3,26,26,0.183596,61.629150,1777,1777,1980,1980
with_repeater,full_coverage,0,mars,750.0,300.0,80,0,1,0,1,0,4,,,1778,1778,1980,1980
with_repeater,full_coverage,1,moon,750.0,300.0,80,5,5,3,3,24,24,5.132367,106.224269,1778,1778,1980,1980
with_repeater,full_coverage,2,leo,750.0,300.0,80,5,5,3,3,26,26,0.130408,61.156959,1778,1778,1980,1980
with_repeater,full_coverage,3,earth,750.0,300.0,80,5,5,3,3,26,26,0.183204,61.619450,1778,1778,1980,1980
blackout_only,full_coverage,0,mars,750.0,300.0,81,0,1,0,1,0,4,,,1777,1777,1980,1980
blackout_only,full_coverage,1,moon,750.0,300.0,81,5,5,3,3,24,24,5.131455,106.218707,1777,1777,1980,1980
blackout_only,full_coverage,2,leo,750.0,300.0,81,5,5,3,3,26,26,0.129906,61.177073,1777,1777,1980,1980
blackout_only,full_coverage,3,earth,750.0,300.0,81,5,5,3,3,26,26,0.183771,61.617635,1777,1777,1980,1980
with_repeater,full_coverage,0,mars,750.0,300.0,81,0,1,0,1,0,4,,,1777,1777,1980,1980
with_repeater,full_coverage,1,moon,750.0,300.0,81,5,5,3,3,24,24,5.132687,106.196903,1777,1777,1980,1980
with_repeater,full_coverage,2,leo,750.0,300.0,81,5,5,3,3,26,26,0.133191,61.192447,1777,1777,1980,1980
with_repeater,full_coverage,3,earth,750.0,300.0,81,5,5,3,3,26,26,0.181855,61.642121,1777,1777,1980,1980
blackout_only,full_coverage,0,mars,750.0,300.0,82,0,1,0,1,0,4,,,1777,1777,1980,1980
blackout_only,full_coverage,1,moon,750.0,300.0,82,5,5,3,3,24,24,5.131625,106.190600,1777,1777,1980,1980
blackout_only,full_coverage,2,leo,750.0,300.0,82,5,5,3,3,26,26,0.131265,61.166335,1777,1777,1980,1980
blackout_only,full_coverage,3,earth,750.0,300.0,82,5,5,3,3,26,26,0.180861,61.614616,1777,1777,1980,1980
with_repeater,full_coverage,0,mars,750.0,300.0,82,0,1,0,1,0,4,,,1777,1777,1980,1980
with_repeater,full_coverage,1,moon,750.0,300.0,82,5,5,3,3,24,24,5.129171,106.203139,1777,1777,1980,1980
with_repeater,full_coverage,2,leo,750.0,300.0,82,5,5,3,3,26,26,0.130681,61.192097,1777,1777,1980,1980
with_repeater,full_coverage,3,earth,750.0,300.0,82,5,5,3,3,26,26,0.185343,61.634964,1777,1777,1980,1980
blackout_only,full_coverage,0,mars,750.0,300.0,83,0,1,0,1,0,4,,,1777,1777,1980,1980
blackout_only,full_coverage,1,moon,750.0,300.0,83,5,5,3,3,24,24,5.128918,106.156794,1777,1777,1980,1980
blackout_only,full_coverage,2,leo,750.0,300.0,83,5,5,3,3,26,26,0.128268,61.143586,1777,1777,1980,1980
blackout_only,full_coverage,3,earth,750.0,300.0,83,5,5,3,3,26,26,0.182637,61.630738,1777,1777,1980,1980
with_repeater,full_coverage,0,mars,750.0,300.0,83,0,1,0,1,0,4,,,1778,1778,1980,1980
with_repeater,full_coverage,1,moon,750.0,300.0,83,5,5,3,3,24,24,5.132485,106.195526,1778,1778,1980,1980
with_repeater,full_coverage,2,leo,750.0,300.0,83,5,5,3,3,26,26,0.131623,61.161138,1778,1778,1980,1980
with_repeater,full_coverage,3,earth,750.0,300.0,83,5,5,3,3,26,26,0.181258,61.611846,1778,1778,1980,1980
blackout_only,full_coverage,0,mars,750.0,300.0,84,0,1,0,1,0,4,,,1777,1777,1980,1980
blackout_only,full_coverage,1,moon,750.0,300.0,84,5,5,3,3,24,24,5.131588,106.185379,1777,1777,1980,1980
blackout_only,full_coverage,2,leo,750.0,300.0,84,5,5,3,3,26,26,0.130940,61.152489,1777,1777,1980,1980
blackout_only,full_coverage,3,earth,750.0,300.0,84,5,5,3,3,26,26,0.183711,61.624377,1777,1777,1980,1980
with_repeater,full_coverage,0,mars,750.0,300.0,84,0,1,0,1,0,4,,,1777,1777,1980,1980
with_repeater,full_coverage,1,moon,750.0,300.0,84,5,5,3,3,24,24,5.131693,106.174686,1777,1777,1980,1980
with_repeater,full_coverage,2,leo,750.0,300.0,84,5,5,3,3,26,26,0.129993,61.157925,1777,1777,1980,1980
with_repeater,full_coverage,3,earth,750.0,300.0,84,5,5,3,3,26,26,0.182416,61.651111,1777,1777,1980,1980
blackout_only,full_coverage,0,mars,750.0,300.0,85,0,1,0,1,0,4,,,1777,1777,1980,1980
blackout_only,full_coverage,1,moon,750.0,300.0,85,5,5,3,3,24,24,5.129353,106.135994,1777,1777,1980,1980
blackout_only,full_coverage,2,leo,750.0,300.0,85,5,5,3,3,26,26,0.129256,61.166595,1777,1777,1980,1980
blackout_only,full_coverage,3,earth,750.0,300.0,85,5,5,3,3,26,26,0.180247,61.619185,1777,1777,1980,1980
with_repeater,full_coverage,0,mars,750.0,300.0,85,0,1,0,1,0,4,,,1777,1777,1980,1980
with_repeater,full_coverage,1,moon,750.0,300.0,85,5,5,3,3,24,24,5.133055,106.179254,1777,1777,1980,1980
with_repeater,full_coverage,2,leo,750.0,300.0,85,5,5,3,3,26,26,0.131228,61.161045,1777,1777,1980,1980
with_repeater,full_coverage,3,earth,750.0,300.0,85,5,5,3,3,26,26,0.182698,61.599647,1777,1777,1980,1980
blackout_only,full_coverage,0,mars,750.0,300.0,86,0,1,0,1,0,4,,,1777,1777,1980,1980
blackout_only,full_coverage,1,moon,750.0,300.0,86,5,5,3,3,24,24,5.128492,106.172007,1777,1777,1980,1980
blackout_only,full_coverage,2,leo,750.0,300.0,86,5,5,3,3,26,26,0.130411,61.157340,1777,1777,1980,1980
blackout_only,full_coverage,3,earth,750.0,300.0,86,5,5,3,3,26,26,0.184918,61.670553,1777,1777,1980,1980
with_repeater,full_coverage,0,mars,750.0,300.0,86,0,1,0,1,0,4,,,1777,1777,1980,1980
with_repeater,full_coverage,1,moon,750.0,300.0,86,5,5,3,3,24,24,5.131596,106.193001,1777,1777,1980,1980
with_repeater,full_coverage,2,leo,750.0,300.0,86,5,5,3,3,26,26,0.131508,61.187437,1777,1777,1980,1980
with_repeater,full_coverage,3,earth,750.0,300.0,86,5,5,3,3,26,26,0.185060,61.648420,1777,1777,1980,1980
blackout_only,full_coverage,0,mars,750.0,300.0,87,0,1,0,1,0,4,,,1777,1777,1980,1980
blackout_only,full_coverage,1,moon,750.0,300.0,87,5,5,3,3,24,24,5.130597,106.172281,1777,1777,1980,1980
blackout_only,full_coverage,2,leo,750.0,300.0,87,5,5,3,3,26,26,0.132178,61.195710,1777,1777,1980,1980
blackout_only,full_coverage,3,earth,750.0,300.0,87,5,5,3,3,26,26,0.181952,61.624557,1777,1777,1980,1980
with_repeater,full_coverage,0,mars,750.0,300.0,87,0,1,0,1,0,4,,,1777,1777,1980,1980
with_repeater,full_coverage,1,moon,750.0,300.0,87,5,5,3,3,24,24,5.131514,106.196466,1777,1777,1980,1980
with_repeater,full_coverage,2,leo,750.0,300.0,87,5,5,3,3,26,26,0.130385,61.184674,1777,1777,1980,1980
with_repeater,full_coverage,3,earth,750.0,300.0,87,5,5,3,3,26,26,0.180902,61.598937,1777,1777,1980,1980
blackout_only,full_coverage,0,mars,750.0,300.0,88,0,1,0,1,0,4,,,1777,1777,1980,1980
blackout_only,full_coverage,1,moon,750.0,300.0,88,5,5,3,3,24,24,5.131890,106.208395,1777,1777,1980,1980
blackout_only,full_coverage,2,leo,750.0,300.0,88,5,5,3,3,26,26,0.130235,61.156924,1777,1777,1980,1980
blackout_only,full_coverage,3,earth,750.0,300.0,88,5,5,3,3,26,26,0.182164,61.651141,1777,1777,1980,1980
with_repeater,full_coverage,0,mars,750.0,300.0,88,0,1,0,1,0,4,,,1777,1777,1980,1980
with_repeater,full_coverage,1,moon,750.0,300.0,88,5,5,3,3,24,24,5.133094,106.196387,1777,1777,1980,1980
with_repeater,full_coverage,2,leo,750.0,300.0,88,5,5,3,3,26,26,0.130169,61.159151,1777,1777,1980,1980
with_repeater,full_coverage,3,earth,750.0,300.0,88,5,5,3,3,26,26,0.183313,61.637239,1777,1777,1980,1980
blackout_only,full_coverage,0,mars,750.0,300.0,89,0,1,0,1,0,4,,,1777,1777,1980,1980
blackout_only,full_coverage,1,moon,750.0,300.0,89,5,5,3,3,24,24,5.130247,106.175244,1777,1777,1980,1980
blackout_only,full_coverage,2,leo,750.0,300.0,89,5,5,3,3,26,26,0.132050,61.182416,1777,1777,1980,1980
blackout_only,full_coverage,3,earth,750.0,300.0,89,5,5,3,3,26,26,0.183331,61.629798,1777,1777,1980,1980
with_repeater,full_coverage,0,mars,750.0,300.0,89,0,1,0,1,0,4,,,1777,1777,1980,1980
with_repeater,full_coverage,1,moon,750.0,300.0,89,5,5,3,3,24,24,5.133263,106.197531,1777,1777,1980,1980
with_repeater,full_coverage,2,leo,750.0,300.0,89,5,5,3,3,26,26,0.132350,61.176339,1777,1777,1980,1980
with_repeater,full_coverage,3,earth,750.0,300.0,89,5,5,3,3,26,26,0.185599,61.684259,1777,1777,1980,1980
blackout_only,full_coverage,0,mars,750.0,900.0,40,0,1,0,2,0,3,,,1778,1778,1980,1980
blackout_only,full_coverage,1,moon,750.0,900.0,40,5,5,7,7,20,20,5.129904,6.640060,1778,1778,1980,1980
blackout_only,full_coverage,2,leo,750.0,900.0,40,5,5,8,8,21,21,0.131319,61.803190,1778,1778,1980,1980
blackout_only,full_coverage,3,earth,750.0,900.0,40,5,5,8,8,21,21,0.182787,62.593592,1778,1778,1980,1980
with_repeater,full_coverage,0,mars,750.0,900.0,40,0,1,0,2,0,3,,,1777,1777,1980,1980
with_repeater,full_coverage,1,moon,750.0,900.0,40,5,5,7,7,20,20,5.131141,6.697785,1777,1777,1980,1980
with_repeater,full_coverage,2,leo,750.0,900.0,40,5,5,8,8,21,21,0.131626,61.855330,1777,1777,1980,1980
with_repeater,full_coverage,3,earth,750.0,900.0,40,5,5,8,8,21,21,0.183621,62.557803,1777,1777,1980,1980
blackout_only,full_coverage,0,mars,750.0,900.0,41,0,1,0,2,0,3,,,1777,1777,1980,1980
blackout_only,full_coverage,1,moon,750.0,900.0,41,5,5,7,7,20,20,5.131800,6.725835,1777,1777,1980,1980
blackout_only,full_coverage,2,leo,750.0,900.0,41,5,5,8,8,21,21,0.130979,61.827619,1777,1777,1980,1980
blackout_only,full_coverage,3,earth,750.0,900.0,41,5,5,8,8,21,21,0.181887,62.564449,1777,1777,1980,1980
with_repeater,full_coverage,0,mars,750.0,900.0,41,0,1,0,2,0,3,,,1777,1777,1980,1980
with_repeater,full_coverage,1,moon,750.0,900.0,41,5,5,7,7,20,20,5.132144,6.718711,1777,1777,1980,1980
with_repeater,full_coverage,2,leo,750.0,900.0,41,5,5,8,8,21,21,0.131340,61.819489,1777,1777,1980,1980
with_repeater,full_coverage,3,earth,750.0,900.0,41,5,5,8,8,21,21,0.181829,62.544789,1777,1777,1980,1980
blackout_only,full_coverage,0,mars,750.0,900.0,42,0,1,0,2,0,3,,,1777,1777,1980,1980
blackout_only,full_coverage,1,moon,750.0,900.0,42,5,5,7,7,20,20,5.127809,6.677636,1777,1777,1980,1980
blackout_only,full_coverage,2,leo,750.0,900.0,42,5,5,8,8,21,21,0.131175,61.864624,1777,1777,1980,1980
blackout_only,full_coverage,3,earth,750.0,900.0,42,5,5,8,8,21,21,0.184866,62.621705,1777,1777,1980,1980
with_repeater,full_coverage,0,mars,750.0,900.0,42,0,1,0,2,0,3,,,1777,1777,1980,1980
with_repeater,full_coverage,1,moon,750.0,900.0,42,5,5,7,7,20,20,5.129608,6.672403,1777,1777,1980,1980
with_repeater,full_coverage,2,leo,750.0,900.0,42,5,5,8,8,21,21,0.131752,61.861000,1777,1777,1980,1980
with_repeater,full_coverage,3,earth,750.0,900.0,42,5,5,8,8,21,21,0.181944,62.565966,1777,1777,1980,1980
blackout_only,full_coverage,0,mars,750.0,900.0,43,0,1,0,2,0,3,,,1777,1777,1980,1980
blackout_only,full_coverage,1,moon,750.0,900.0,43,5,5,7,7,20,20,5.129889,6.655889,1777,1777,1980,1980
blackout_only,full_coverage,2,leo,750.0,900.0,43,5,5,8,8,21,21,0.131088,61.838751,1777,1777,1980,1980
blackout_only,full_coverage,3,earth,750.0,900.0,43,5,5,8,8,21,21,0.183339,62.553540,1777,1777,1980,1980
with_repeater,full_coverage,0,mars,750.0,900.0,43,0,1,0,2,0,3,,,1777,1777,1980,1980
with_repeater,full_coverage,1,moon,750.0,900.0,43,5,5,7,7,20,20,5.131006,6.718438,1777,1777,1980,1980
with_repeater,full_coverage,2,leo,750.0,900.0,43,5,5,8,8,21,21,0.130898,61.845564,1777,1777,1980,1980
with_repeater,full_coverage,3,earth,750.0,900.0,43,5,5,8,8,21,21,0.183455,62.577839,1777,1777,1980,1980
blackout_only,full_coverage,0,mars,750.0,900.0,44,0,1,0,2,0,3,,,1777,1777,1980,1980
blackout_only,full_coverage,1,moon,750.0,900.0,44,5,5,7,7,20,20,5.132337,6.762019,1777,1777,1980,1980
blackout_only,full_coverage,2,leo,750.0,900.0,44,5,5,8,8,21,21,0.131361,61.822679,1777,1777,1980,1980
blackout_only,full_coverage,3,earth,750.0,900.0,44,5,5,8,8,21,21,0.184360,62.553030,1777,1777,1980,1980
with_repeater,full_coverage,0,mars,750.0,900.0,44,0,1,0,2,0,3,,,1777,1777,1980,1980
with_repeater,full_coverage,1,moon,750.0,900.0,44,5,5,7,7,20,20,5.131414,6.739873,1777,1777,1980,1980
with_repeater,full_coverage,2,leo,750.0,900.0,44,5,5,8,8,21,21,0.131367,61.830223,1777,1777,1980,1980
with_repeater,full_coverage,3,earth,750.0,900.0,44,5,5,8,8,21,21,0.181795,62.525130,1777,1777,1980,1980
blackout_only,full_coverage,0,mars,750.0,900.0,45,0,1,0,2,0,3,,,1777,1777,1980,1980
blackout_only,full_coverage,1,moon,750.0,900.0,45,5,5,7,7,20,20,5.132464,6.703722,1777,1777,1980,1980
blackout_only,full_coverage,2,leo,750.0,900.0,45,5,5,8,8,21,21,0.129870,61.822480,1777,1777,1980,1980
blackout_only,full_coverage,3,earth,750.0,900.0,45,5,5,8,8,21,21,0.184635,62.547356,1777,1777,1980,1980
with_repeater,full_coverage,0,mars,750.0,900.0,45,0,1,0,2,0,3,,,1777,1777,1980,1980
with_repeater,full_coverage,1,moon,750.0,900.0,45,5,5,7,7,20,20,5.132975,6.704277,1777,1777,1980,1980
with_repeater,full_coverage,2,leo,750.0,900.0,45,5,5,8,8,21,21,0.130103,61.804410,1777,1777,1980,1980
with_repeater,full_coverage,3,earth,750.0,900.0,45,5,5,8,8,21,21,0.184128,62.574435,1777,1777,1980,1980
blackout_only,full_coverage,0,mars,750.0,900.0,46,0,1,0,2,0,3,,,1777,1777,1980,1980
blackout_only,full_coverage,1,moon,750.0,900.0,46,5,5,7,7,20,20,5.131885,6.732003,1777,1777,1980,1980
blackout_only,full_coverage,2,leo,750.0,900.0,46,5,5,8,8,21,21,0.131156,61.851840,1777,1777,1980,1980
blackout_only,full_coverage,3,earth,750.0,900.0,46,5,5,8,8,21,21,0.185281,62.627047,1777,1777,1980,1980
with_repeater,full_coverage,0,mars,750.0,900.0,46,0,1,0,2,0,3,,,1777,1777,1980,1980
with_repeater,full_coverage,1,moon,750.0,900.0,46,5,5,7,7,20,20,5.130750,6.714503,1777,1777,1980,1980
with_repeater,full_coverage,2,leo,750.0,900.0,46,5,5,8,8,21,21,0.130431,61.828501,1777,1777,1980,1980
with_repeater,full_coverage,3,earth,750.0,900.0,46,5,5,8,8,21,21,0.183412,62.628574,1777,1777,1980,1980
blackout_only,full_coverage,0,mars,750.0,900.0,47,0,1,0,2,0,3,,,1777,1777,1980,1980
blackout_only,full_coverage,1,moon,750.0,900.0,47,5,5,7,7,20,20,5.133047,6.730012,1777,1777,1980,1980
blackout_only,full_coverage,2,leo,750.0,900.0,47,5,5,8,8,21,21,0.132537,61.812011,1777,1777,1980,1980
blackout_only,full_coverage,3,earth,750.0,900.0,47,5,5,8,8,21,21,0.184064,62.599266,1777,1777,1980,1980
with_repeater,full_coverage,0,mars,750.0,900.0,47,0,1,0,2,0,3,,,1777,1777,1980,1980
with_repeater,full_coverage,1,moon,750.0,900.0,47,5,5,7,7,20,20,5.134501,6.740665,1777,1777,1980,1980
with_repeater,full_coverage,2,leo,750.0,900.0,47,5,5,8,8,21,21,0.129591,61.817063,1777,1777,1980,1980
with_repeater,full_coverage,3,earth,750.0,900.0,47,5,5,8,8,21,21,0.183911,62.581296,1777,1777,1980,1980
blackout_only,full_coverage,0,mars,750.0,900.0,48,0,1,0,2,0,3,,,1777,1777,1980,1980
blackout_only,full_coverage,1,moon,750.0,900.0,48,5,5,7,7,20,20,5.131687,6.740401,1777,1777,1980,1980
blackout_only,full_coverage,2,leo,750.0,900.0,48,5,5,8,8,21,21,0.132808,61.869647,1777,1777,1980,1980
blackout_only,full_coverage,3,earth,750.0,900.0,48,5,5,8,8,21,21,0.183074,62.537205,1777,1777,1980,1980
with_repeater,full_coverage,0,mars,750.0,900.0,48,0,1,0,2,0,3,,,1777,1777,1980,1980
with_repeater,full_coverage,1,moon,750.0,900.0,48,5,5,7,7,20,20,5.132297,6.717389,1777,1777,1980,1980
with_repeater,full_coverage,2,leo,750.0,900.0,48,5,5,8,8,21,21,0.130485,61.826090,1777,1777,1980,1980
with_repeater,full_coverage,3,earth,750.0,900.0,48,5,5,8,8,21,21,0.181211,62.541251,1777,1777,1980,1980
blackout_only,full_coverage,0,mars,750.0,900.0,49,0,1,0,2,0,3,,,1777,1777,1980,1980
blackout_only,full_coverage,1,moon,750.0,900.0,49,5,5,7,7,20,20,5.131317,6.708358,1777,1777,1980,1980
blackout_only,full_coverage,2,leo,750.0,900.0,49,5,5,8,8,21,21,0.131182,61.867857,1777,1777,1980,1980
blackout_only,full_coverage,3,earth,750.0,900.0,49,5,5,8,8,21,21,0.183256,62.569828,1777,1777,1980,1980
with_repeater,full_coverage,0,mars,750.0,900.0,49,0,1,0,2,0,3,,,1777,1777,1980,1980
with_repeater,full_coverage,1,moon,750.0,900.0,49,5,5,7,7,20,20,5.132529,6.757390,1777,1777,1980,1980
with_repeater,full_coverage,2,leo,750.0,900.0,49,5,5,8,8,21,21,0.131796,61.879318,1777,1777,1980,1980
with_repeater,full_coverage,3,earth,750.0,900.0,49,5,5,8,8,21,21,0.186221,62.621287,1777,1777,1980,1980
blackout_only,full_coverage,0,mars,750.0,900.0,50,0,1,0,2,0,3,,,1777,1777,1980,1980
blackout_only,full_coverage,1,moon,750.0,900.0,50,5,5,7,7,20,20,5.132996,6.749087,1777,1777,1980,1980
blackout_only,full_coverage,2,leo,750.0,900.0,50,5,5,8,8,21,21,0.130272,61.809834,1777,1777,1980,1980
blackout_only,full_coverage,3,earth,750.0,900.0,50,5,5,8,8,21,21,0.182986,62.593977,1777,1777,1980,1980
with_repeater,full_coverage,0,mars,750.0,900.0,50,0,1,0,2,0,3,,,1778,1778,1980,1980
with_repeater,full_coverage,1,moon,750.0,900.0,50,5,5,7,7,20,20,5.130875,6.695497,1778,1778,1980,1980
with_repeater,full_coverage,2,leo,750.0,900.0,50,5,5,8,8,21,21,0.130351,61.819603,1778,1778,1980,1980
with_repeater,full_coverage,3,earth,750.0,900.0,50,5,5,8,8,21,21,0.184118,62.545858,1778,1778,1980,1980
blackout_only,full_coverage,0,mars,750.0,900.0,51,0,1,0,2,0,3,,,1777,1777,1980,1980
blackout_only,full_coverage,1,moon,750.0,900.0,51,5,5,7,7,20,20,5.130047,6.756403,1777,1777,1980,1980
blackout_only,full_coverage,2,leo,750.0,900.0,51,5,5,8,8,21,21,0.131716,61.830998,1777,1777,1980,1980
blackout_only,full_coverage,3,earth,750.0,900.0,51,5,5,8,8,21,21,0.181986,62.567612,1777,1777,1980,1980
with_repeater,full_coverage,0,mars,750.0,900.0,51,0,1,0,2,0,3,,,1777,1777,1980,1980
with_repeater,full_coverage,1,moon,750.0,900.0,51,5,5,7,7,20,20,5.133889,6.777763,1777,1777,1980,1980
with_repeater,full_coverage,2,leo,750.0,900.0,51,5,5,8,8,21,21,0.131211,61.803883,1777,1777,1980,1980
with_repeater,full_coverage,3,earth,750.0,900.0,51,5,5,8,8,21,21,0.184971,62.623442,1777,1777,1980,1980
blackout_only,full_coverage,0,mars,750.0,900.0,52,0,1,0,2,0,3,,,1777,1777,1980,1980
blackout_only,full_coverage,1,moon,750.0,900.0,52,5,5,7,7,20,20,5.132418,6.731219,1777,1777,1980,1980
blackout_only,full_coverage,2,leo,750.0,900.0,52,5,5,8,8,21,21,0.131352,61.838821,1777,1777,1980,1980
blackout_only,full_coverage,3,earth,750.0,900.0,52,5,5,8,8,21,21,0.183541,62.578388,1777,1777,1980,1980
with_repeater,full_coverage,0,mars,750.0,900.0,52,0,1,0,2,0,3,,,1777,1777,1980,1980
with_repeater,full_coverage,1,moon,750.0,900.0,52,5,5,7,7,20,20,5.129445,6.706828,1777,1777,1980,1980
with_repeater,full_coverage,2,leo,750.0,900.0,52,5,5,8,8,21,21,0.130825,61.826141,1777,1777,1980,1980
with_repeater,full_coverage,3,earth,750.0,900.0,52,5,5,8,8,21,21,0.183615,62.600072,1777,1777,1980,1980
blackout_only,full_coverage,0,mars,750.0,900.0,53,0,1,0,2,0,3,,,1777,1777,1980,1980
blackout_only,full_coverage,1,moon,750.0,900.0,53,5,5,7,7,20,20,5.130168,6.673227,1777,1777,1980,1980
blackout_only,full_coverage,2,leo,750.0,900.0,53,5,5,8,8,21,21,0.131026,61.848856,1777,1777,1980,1980
blackout_only,full_coverage,3,earth,750.0,900.0,53,5,5,8,8,21,21,0.183416,62.581022,1777,1777,1980,1980
with_repeater,full_coverage,0,mars,750.0,900.0,53,0,1,0,2,0,3,,,1777,1777,1980,1980
with_repeater,full_coverage,1,moon,750.0,900.0,53,5,5,7,7,20,20,5.130637,6.637802,1777,1777,1980,1980
with_repeater,full_coverage,2,leo,750.0,900.0,53,5,5,8,8,21,21,0.130209,61.827173,1777,1777,1980,1980
with_repeater,full_coverage,3,earth,750.0,900.0,53,5,5,8,8,21,21,0.183436,62.608317,1777,1777,1980,1980
blackout_only,full_coverage,0,mars,750.0,900.0,54,0,1,0,2,0,3,,,1777,1777,1980,1980
blackout_only,full_coverage,1,moon,750.0,900.0,54,5,5,7,7,20,20,5.131037,6.708006,1777,1777,1980,1980
blackout_only,full_coverage,2,leo,750.0,900.0,54,5,5,8,8,21,21,0.129919,61.838332,1777,1777,1980,1980
blackout_only,full_coverage,3,earth,750.0,900.0,54,5,5,8,8,21,21,0.182329,62.575421,1777,1777,1980,1980
with_repeater,full_coverage,0,mars,750.0,900.0,54,0,1,0,2,0,3,,,1777,1777,1980,1980
with_repeater,full_coverage,1,moon,750.0,900.0,54,5,5,7,7,20,20,5.130998,6.701070,1777,1777,1980,1980
with_repeater,full_coverage,2,leo,750.0,900.0,54,5,5,8,8,21,21,0.130722,61.825836,1777,1777,1980,1980
with_repeater,full_coverage,3,earth,750.0,900.0,54,5,5,8,8,21,21,0.182513,62.565192,1777,1777,1980,1980
blackout_only,full_coverage,0,mars,750.0,900.0,55,0,1,0,2,0,3,,,1777,1777,1980,1980
blackout_only,full_coverage,1,moon,750.0,900.0,55,5,5,7,7,20,20,5.130514,6.703414,1777,1777,1980,1980
blackout_only,full_coverage,2,leo,750.0,900.0,55,5,5,8,8,21,21,0.131969,61.846681,1777,1777,1980,1980
blackout_only,full_coverage,3,earth,750.0,900.0,55,5,5,8,8,21,21,0.183740,62.562521,1777,1777,1980,1980
with_repeater,full_coverage,0,mars,750.0,900.0,55,0,1,0,2,0,3,,,1777,1777,1980,1980
with_repeater,full_coverage,1,moon,750.0,900.0,55,5,5,7,7,20,20,5.133451,6.752573,1777,1777,1980,1980
with_repeater,full_coverage,2,leo,750.0,900.0,55,5,5,8,8,21,21,0.131829,61.858550,1777,1777,1980,1980
with_repeater,full_coverage,3,earth,750.0,900.0,55,5,5,8,8,21,21,0.182859,62.565137,1777,1777,1980,1980
blackout_only,full_coverage,0,mars,750.0,900.0,56,0,1,0,2,0,3,,,1777,1777,1980,1980
blackout_only,full_coverage,1,moon,750.0,900.0,56,5,5,7,7,20,20,5.131692,6.712992,1777,1777,1980,1980
blackout_only,full_coverage,2,leo,750.0,900.0,56,5,5,8,8,21,21,0.130307,61.823077,1777,1777,1980,1980
blackout_only,full_coverage,3,earth,750.0,900.0,56,5,5,8,8,21,21,0.183916,62.601256,1777,1777,1980,1980
with_repeater,full_coverage,0,mars,750.0,900.0,56,0,1,0,2,0,3,,,1777,1777,1980,1980
with_repeater,full_coverage,1,moon,750.0,900.0,56,5,5,7,7,20,20,5.132729,6.716064,1777,1777,1980,1980
with_repeater,full_coverage,2,leo,750.0,900.0,56,5,5,8,8,21,21,0.130625,61.810952,1777,1777,1980,1980
with_repeater,full_coverage,3,earth,750.0,900.0,56,5,5,8,8,21,21,0.184376,62.618729,1777,1777,1980,1980
blackout_only,full_coverage,0,mars,750.0,900.0,57,0,1,0,2,0,3,,,1777,1777,1980,1980
blackout_only,full_coverage,1,moon,750.0,900.0,57,5,5,7,7,20,20,5.130551,6.670626,1777,1777,1980,1980
blackout_only,full_coverage,2,leo,750.0,900.0,57,5,5,8,8,21,21,0.130297,61.836098,1777,1777,1980,1980
blackout_only,full_coverage,3,earth,750.0,900.0,57,5,5,8,8,21,21,0.183376,62.597872,1777,1777,1980,1980
with_repeater,full_coverage,0,mars,750.0,900.0,57,0,1,0,2,0,3,,,1777,1777,1980,1980
with_repeater,full_coverage,1,moon,750.0,900.0,57,5,5,7,7,20,20,5.128776,6.672047,1777,1777,1980,1980
with_repeater,full_coverage,2,leo,750.0,900.0,57,5,5,8,8,21,21,0.130950,61.855176,1777,1777,1980,1980
with_repeater,full_coverage,3,earth,750.0,900.0,57,5,5,8,8,21,21,0.182629,62.582472,1777,1777,1980,1980
blackout_only,full_coverage,0,mars,750.0,900.0,58,0,1,0,2,0,3,,,1777,1777,1980,1980
blackout_only,full_coverage,1,moon,750.0,900.0,58,5,5,7,7,20,20,5.130694,6.683687,1777,1777,1980,1980
blackout_only,full_coverage,2,leo,750.0,900.0,58,5,5,8,8,21,21,0.130878,61.819475,1777,1777,1980,1980
blackout_only,full_coverage,3,earth,750.0,900.0,58,5,5,8,8,21,21,0.182886,62.576120,1777,1777,1980,1980
with_repeater,full_coverage,0,mars,750.0,900.0,58,0,1,0,2,0,3,,,1777,1777,1980,1980
with_repeater,full_coverage,1,moon,750.0,900.0,58,5,5,7,7,20,20,5.130985,6.685511,1777,1777,1980,1980
with_repeater,full_coverage,2,leo,750.0,900.0,58,5,5,8,8,21,21,0.131837,61.819864,1777,1777,1980,1980
with_repeater,full_coverage,3,earth,750.0,900.0,58,5,5,8,8,21,21,0.184046,62.627979,1777,1777,1980,1980
blackout_only,full_coverage,0,mars,750.0,900.0,59,0,1,0,2,0,3,,,1777,1777,1980,1980
blackout_only,full_coverage,1,moon,750.0,900.0,59,5,5,7,7,20,20,5.128179,6.642428,1777,1777,1980,1980
blackout_only,full_coverage,2,leo,750.0,900.0,59,5,5,8,8,21,21,0.132239,61.843100,1777,1777,1980,1980
blackout_only,full_coverage,3,earth,750.0,900.0,59,5,5,8,8,21,21,0.182056,62.602573,1777,1777,1980,1980
with_repeater,full_coverage,0,mars,750.0,900.0,59,0,1,0,2,0,3,,,1777,1777,1980,1980
with_repeater,full_coverage,1,moon,750.0,900.0,59,5,5,7,7,20,20,5.132850,6.709745,1777,1777,1980,1980
with_repeater,full_coverage,2,leo,750.0,900.0,59,5,5,8,8,21,21,0.131014,61.839314,1777,1777,1980,1980
with_repeater,full_coverage,3,earth,750.0,900.0,59,5,5,8,8,21,21,0.183795,62.613102,1777,1777,1980,1980
blackout_only,full_coverage,0,mars,750.0,900.0,60,0,1,0,2,0,3,,,1777,1777,1980,1980
blackout_only,full_coverage,1,moon,750.0,900.0,60,5,5,7,7,20,20,5.129438,6.690501,1777,1777,1980,1980
blackout_only,full_coverage,2,leo,750.0,900.0,60,5,5,8,8,21,21,0.131023,61.818904,1777,1777,1980,1980
blackout_only,full_coverage,3,earth,750.0,900.0,60,5,5,8,8,21,21,0.184140,62.589874,1777,1777,1980,1980
with_repeater,full_coverage,0,mars,750.0,900.0,60,0,1,0,2,0,3,,,1778,1778,1980,1980
with_repeater,full_coverage,1,moon,750.0,900.0,60,5,5,7,7,20,20,5.130211,6.674394,1778,1778,1980,1980
with_repeater,full_coverage,2,leo,750.0,900.0,60,5,5,8,8,21,21,0.131156,61.824860,1778,1778,1980,1980
with_repeater,full_coverage,3,earth,750.0,900.0,60,5,5,8,8,21,21,0.183980,62.585977,1778,1778,1980,1980
blackout_only,full_coverage,0,mars,750.0,900.0,61,0,1,0,2,0,3,,,1777,1777,1980,1980
blackout_only,full_coverage,1,moon,750.0,900.0,61,5,5,7,7,20,20,5.129735,6.645192,1777,1777,1980,1980
blackout_only,full_coverage,2,leo,750.0,900.0,61,5,5,8,8,21,21,0.131026,61.826285,1777,1777,1980,1980
blackout_only,full_coverage,3,earth,750.0,900.0,61,5,5,8,8,21,21,0.184224,62.585546,1777,1777,1980,1980
with_repeater,full_coverage,0,mars,750.0,900.0,61,0,1,0,2,0,3,,,1777,1777,1980,1980
with_repeater,full_coverage,1,moon,750.0,900.0,61,5,5,7,7,20,20,5.130025,6.675026,1777,1777,1980,1980
with_repeater,full_coverage,2,leo,750.0,900.0,61,5,5,8,8,21,21,0.129773,61.790070,1777,1777,1980,1980
with_repeater,full_coverage,3,earth,750.0,900.0,61,5,5,8,8,21,21,0.182344,62.555292,1777,1777,1980,1980
blackout_only,full_coverage,0,mars,750.0,900.0,62,0,1,0,2,0,3,,,1778,1778,1980,1980
blackout_only,full_coverage,1,moon,750.0,900.0,62,5,5,7,7,20,20,5.131736,6.694533,1778,1778,1980,1980
blackout_only,full_coverage,2,leo,750.0,900.0,62,5,5,8,8,21,21,0.130516,61.835242,1778,1778,1980,1980
blackout_only,full_coverage,3,earth,750.0,900.0,62,5,5,8,8,21,21,0.182961,62.557384,1778,1778,1980,1980
with_repeater,full_coverage,0,mars,750.0,900.0,62,0,1,0,2,0,3,,,1777,1777,1980,1980
with_repeater,full_coverage,1,moon,750.0,900.0,62,5,5,7,7,20,20,5.130625,6.681193,1777,1777,1980,1980
with_repeater,full_coverage,2,leo,750.0,900.0,62,5,5,8,8,21,21,0.132027,61.855610,1777,1777,1980,1980
with_repeater,full_coverage,3,earth,750.0,900.0,62,5,5,8,8,21,21,0.182905,62.578071,1777,1777,1980,1980
blackout_only,full_coverage,0,mars,750.0,900.0,63,0,1,0,2,0,3,,,1777,1777,1980,1980
blackout_only,full_coverage,1,moon,750.0,900.0,63,5,5,7,7,20,20,5.129962,6.716979,1777,1777,1980,1980
blackout_only,full_coverage,2,leo,750.0,900.0,63,5,5,8,8,21,21,0.132336,61.832071,1777,1777,1980,1980
blackout_only,full_coverage,3,earth,750.0,900.0,63,5,5,8,8,21,21,0.183778,62.596557,1777,1777,1980,1980
with_repeater,full_coverage,0,mars,750.0,900.0,63,0,1,0,2,0,3,,,1778,1778,1980,1980
with_repeater,full_coverage,1,moon,750.0,900.0,63,5,5,7,7,20,20,5.129721,6.640677,1778,1778,1980,1980
with_repeater,full_coverage,2,leo,750.0,900.0,63,5,5,8,8,21,21,0.131239,61.842192,1778,1778,1980,1980
with_repeater,full_coverage,3,earth,750.0,900.0,63,5,5,8,8,21,21,0.183809,62.597337,1778,1778,1980,1980
blackout_only,full_coverage,0,mars,750.0,900.0,64,0,1,0,2,0,3,,,1777,1777,1980,1980
blackout_only,full_coverage,1,moon,750.0,900.0,64,5,5,7,7,20,20,5.130585,6.647213,1777,1777,1980,1980
blackout_only,full_coverage,2,leo,750.0,900.0,64,5,5,8,8,21,21,0.132541,61.830767,1777,1777,1980,1980
blackout_only,full_coverage,3,earth,750.0,900.0,64,5,5,8,8,21,21,0.185421,62.591140,1777,1777,1980,1980
with_repeater,full_coverage,0,mars,750.0,900.0,64,0,1,0,2,0,3,,,1777,1777,1980,1980
with_repeater,full_coverage,1,moon,750.0,900.0,64,5,5,7,7,20,20,5.130392,6.711296,1777,1777,1980,1980
with_repeater,full_coverage,2,leo,750.0,900.0,64,5,5,8,8,21,21,0.131699,61.839424,1777,1777,1980,1980
with_repeater,full_coverage,3,earth,750.0,900.0,64,5,5,8,8,21,21,0.182572,62.549983,1777,1777,1980,1980
blackout_only,full_coverage,0,mars,750.0,900.0,65,0,1,0,2,0,3,,,1777,1777,1980,1980
blackout_only,full_coverage,1,moon,750.0,900.0,65,5,5,7,7,20,20,5.128779,6.673475,1777,1777,1980,1980
blackout_only,full_coverage,2,leo,750.0,900.0,65,5,5,8,8,21,21,0.131789,61.860626,1777,1777,1980,1980
blackout_only,full_coverage,3,earth,750.0,900.0,65,5,5,8,8,21,21,0.184550,62.586807,1777,1777,1980,1980
with_repeater,full_coverage,0,mars,750.0,900.0,65,0,1,0,2,0,3,,,1777,1777,1980,1980
with_repeater,full_coverage,1,moon,750.0,900.0,65,5,5,7,7,20,20,5.133119,6.699443,1777,1777,1980,1980
with_repeater,full_coverage,2,leo,750.0,900.0,65,5,5,8,8,21,21,0.132054,61.882521,1777,1777,1980,1980
with_repeater,full_coverage,3,earth,750.0,900.0,65,5,5,8,8,21,21,0.182107,62.563166,1777,1777,1980,1980
blackout_only,full_coverage,0,mars,750.0,900.0,66,0,1,0,2,0,3,,,1777,1777,1980,1980
blackout_only,full_coverage,1,moon,750.0,900.0,66,5,5,7,7,20,20,5.132868,6.695573,1777,1777,1980,1980
blackout_only,full_coverage,2,leo,750.0,900.0,66,5,5,8,8,21,21,0.130518,61.793236,1777,1777,1980,1980
blackout_only,full_coverage,3,earth,750.0,900.0,66,5,5,8,8,21,21,0.183863,62.585451,1777,1777,1980,1980
with_repeater,full_coverage,0,mars,750.0,900.0,66,0,1,0,2,0,3,,,1777,1777,1980,1980
with_repeater,full_coverage,1,moon,750.0,900.0,66,5,5,7,7,20,20,5.131080,6.675759,1777,1777,1980,1980
with_repeater,full_coverage,2,leo,750.0,900.0,66,5,5,8,8,21,21,0.129608,61.800022,1777,1777,1980,1980
with_repeater,full_coverage,3,earth,750.0,900.0,66,5,5,8,8,21,21,0.183394,62.535878,1777,1777,1980,1980
blackout_only,full_coverage,0,mars,750.0,900.0,67,0,1,0,2,0,3,,,1777,1777,1980,1980
blackout_only,full_coverage,1,moon,750.0,900.0,67,5,5,7,7,20,20,5.131936,6.721112,1777,1777,1980,1980
blackout_only,full_coverage,2,leo,750.0,900.0,67,5,5,8,8,21,21,0.130094,61.846324,1777,1777,1980,1980
blackout_only,full_coverage,3,earth,750.0,900.0,67,5,5,8,8,21,21,0.186222,62.590690,1777,1777,1980,1980
with_repeater,full_coverage,0,mars,750.0,900.0,67,0,1,0,2,0,3,,,1778,1778,1980,1980
with_repeater,full_coverage,1,moon,750.0,900.0,67,5,5,7,7,20,20,5.132596,6.740448,1778,1778,1980,1980
with_repeater,full_coverage,2,leo,750.0,900.0,67,5,5,8,8,21,21,0.131143,61.814533,1778,1778,1980,1980
with_repeater,full_coverage,3,earth,750.0,900.0,67,5,5,8,8,21,21,0.184645,62.564509,1778,1778,1980,1980
blackout_only,full_coverage,0,mars,750.0,900.0,68,0,1,0,2,0,3,,,1778,1778,1980,1980
blackout_only,full_coverage,1,moon,750.0,900.0,68,5,5,7,7,20,20,5.128635,6.655404,1778,1778,1980,1980
blackout_only,full_coverage,2,leo,750.0,900.0,68,5,5,8,8,21,21,0.130659,61.818210,1778,1778,1980,1980
blackout_only,full_coverage,3,earth,750.0,900.0,68,5,5,8,8,21,21,0.183096,62.559416,1778,1778,1980,1980
with_repeater,full_coverage,0,mars,750.0,900.0,68,0,1,0,2,0,3,,,1777,1777,1980,1980
with_repeater,full_coverage,1,moon,750.0,900.0,68,5,5,7,7,20,20,5.128940,6.690320,1777,1777,1980,1980
with_repeater,full_coverage,2,leo,750.0,900.0,68,5,5,8,8,21,21,0.131338,61.832774,1777,1777,1980,1980
with_repeater,full_coverage,3,earth,750.0,900.0,68,5,5,8,8,21,21,0.181399,62.538464,1777,1777,1980,1980
blackout_only,full_coverage,0,mars,750.0,900.0,69,0,1,0,2,0,3,,,1778,1778,1980,1980
blackout_only,full_coverage,1,moon,750.0,900.0,69,5,5,7,7,20,20,5.131458,6.686099,1778,1778,1980,1980
blackout_only,full_coverage,2,leo,750.0,900.0,69,5,5,8,8,21,21,0.131436,61.828211,1778,1778,1980,1980
blackout_only,full_coverage,3,earth,750.0,900.0,69,5,5,8,8,21,21,0.183724,62.554607,1778,1778,1980,1980
with_repeater,full_coverage,0,mars,750.0,900.0,69,0,1,0,2,0,3,,,1778,1778,1980,1980
with_repeater,full_coverage,1,moon,750.0,900.0,69,5,5,7,7,20,20,5.130955,6.646714,1778,1778,1980,1980
with_repeater,full_coverage,2,leo,750.0,900.0,69,5,5,8,8,21,21,0.130996,61.818307,1778,1778,1980,1980
with_repeater,full_coverage,3,earth,750.0,900.0,69,5,5,8,8,21,21,0.184829,62.610704,1778,1778,1980,1980
blackout_only,full_coverage,0,mars,750.0,900.0,70,0,1,0,2,0,3,,,1777,1777,1980,1980
blackout_only,full_coverage,1,moon,750.0,900.0,70,5,5,7,7,20,20,5.131678,6.716450,1777,1777,1980,1980
blackout_only,full_coverage,2,leo,750.0,900.0,70,5,5,8,8,21,21,0.130970,61.857140,1777,1777,1980,1980
blackout_only,full_coverage,3,earth,750.0,900.0,70,5,5,8,8,21,21,0.182357,62.534530,1777,1777,1980,1980
with_repeater,full_coverage,0,mars,750.0,900.0,70,0,1,0,2,0,3,,,1778,1778,1980,1980
with_repeater,full_coverage,1,moon,750.0,900.0,70,5,5,7,7,20,20,5.132955,6.701695,1778,1778,1980,1980
with_repeater,full_coverage,2,leo,750.0,900.0,70,5,5,8,8,21,21,0.130474,61.809086,1778,1778,1980,1980
with_repeater,full_coverage,3,earth,750.0,900.0,70,5,5,8,8,21,21,0.181339,62.554129,1778,1778,1980,1980
blackout_only,full_coverage,0,mars,750.0,900.0,71,0,1,0,2,0,3,,,1777,1777,1980,1980
blackout_only,full_coverage,1,moon,750.0,900.0,71,5,5,7,7,20,20,5.129472,6.675492,1777,1777,1980,1980
blackout_only,full_coverage,2,leo,750.0,900.0,71,5,5,8,8,21,21,0.131618,61.847673,1777,1777,1980,1980
blackout_only,full_coverage,3,earth,750.0,900.0,71,5,5,8,8,21,21,0.185133,62.592928,1777,1777,1980,1980
with_repeater,full_coverage,0,mars,750.0,900.0,71,0,1,0,2,0,3,,,1777,1777,1980,1980
with_repeater,full_coverage,1,moon,750.0,900.0,71,5,5,7,7,20,20,5.130781,6.727985,1777,1777,1980,1980
with_repeater,full_coverage,2,leo,750.0,900.0,71,5,5,8,8,21,21,0.131388,61.819739,1777,1777,1980,1980
with_repeater,full_coverage,3,earth,750.0,900.0,71,5,5,8,8,21,21,0.184569,62.560254,1777,1777,1980,1980
blackout_only,full_coverage,0,mars,750.0,900.0,72,0,1,0,2,0,3,,,1777,1777,1980,1980
blackout_only,full_coverage,1,moon,750.0,900.0,72,5,5,7,7,20,20,5.133114,6.714541,1777,1777,1980,1980
blackout_only,full_coverage,2,leo,750.0,900.0,72,5,5,8,8,21,21,0.132417,61.861015,1777,1777,1980,1980
blackout_only,full_coverage,3,earth,750.0,900.0,72,5,5,8,8,21,21,0.183052,62.579613,1777,1777,1980,1980
with_repeater,full_coverage,0,mars,750.0,900.0,72,0,1,0,2,0,3,,,1777,1777,1980,1980
with_repeater,full_coverage,1,moon,750.0,900.0,72,5,5,7,7,20,20,5.129819,6.674522,1777,1777,1980,1980
with_repeater,full_coverage,2,leo,750.0,900.0,72,5,5,8,8,21,21,0.131391,61.825513,1777,1777,1980,1980
with_repeater,full_coverage,3,earth,750.0,900.0,72,5,5,8,8,21,21,0.182118,62.557951,1777,1777,1980,1980
blackout_only,full_coverage,0,mars,750.0,900.0,73,0,1,0,2,0,3,,,1777,1777,1980,1980
blackout_only,full_coverage,1,moon,750.0,900.0,73,5,5,7,7,20,20,5.130148,6.716814,1777,1777,1980,1980
blackout_only,full_coverage,2,leo,750.0,900.0,73,5,5,8,8,21,21,0.130484,61.843027,1777,1777,1980,1980
blackout_only,full_coverage,3,earth,750.0,900.0,73,5,5,8,8,21,21,0.180355,62.559372,1777,1777,1980,1980
with_repeater,full_coverage,0,mars,750.0,900.0,73,0,1,0,2,0,3,,,1777,1777,1980,1980
with_repeater,full_coverage,1,moon,750.0,900.0,73,5,5,7,7,20,20,5.128754,6.705782,1777,1777,1980,1980
with_repeater,full_coverage,2,leo,750.0,900.0,73,5,5,8,8,21,21,0.131727,61.832325,1777,1777,1980,1980
with_repeater,full_coverage,3,earth,750.0,900.0,73,5,5,8,8,21,21,0.184472,62.571488,1777,1777,1980,1980
blackout_only,full_coverage,0,mars,750.0,900.0,74,0,1,0,2,0,3,,,1777,1777,1980,1980
blackout_only,full_coverage,1,moon,750.0,900.0,74,5,5,7,7,20,20,5.129435,6.682730,1777,1777,1980,1980
blackout_only,full_coverage,2,leo,750.0,900.0,74,5,5,8,8,21,21,0.131711,61.847791,1777,1777,1980,1980
blackout_only,full_coverage,3,earth,750.0,900.0,74,5,5,8,8,21,21,0.181896,62.544237,1777,1777,1980,1980
with_repeater,full_coverage,0,mars,750.0,900.0,74,0,1,0,2,0,3,,,1777,1777,1980,1980
with_repeater,full_coverage,1,moon,750.0,900.0,74,5,5,7,7,20,20,5.132398,6.693030,1777,1777,1980,1980
with_repeater,full_coverage,2,leo,750.0,900.0,74,5,5,8,8,21,21,0.132491,61.858735,1777,1777,1980,1980
with_repeater,full_coverage,3,earth,750.0,900.0,74,5,5,8,8,21,21,0.181655,62.549511,1777,1777,1980,1980
blackout_only,full_coverage,0,mars,750.0,900.0,75,0,1,0,2,0,3,,,1778,1778,1980,1980
blackout_only,full_coverage,1,moon,750.0,900.0,75,5,5,7,7,20,20,5.134698,6.737363,1778,1778,1980,1980
blackout_only,full_coverage,2,leo,750.0,900.0,75,5,5,8,8,21,21,0.130938,61.843408,1778,1778,1980,1980
blackout_only,full_coverage,3,earth,750.0,900.0,75,5,5,8,8,21,21,0.181628,62.539503,1778,1778,1980,1980
with_repeater,full_coverage,0,mars,750.0,900.0,75,0,1,0,2,0,3,,,1778,1778,1980,1980
with_repeater,full_coverage,1,moon,750.0,900.0,75,5,5,7,7,20,20,5.132980,6.751915,1778,1778,1980,1980
with_repeater,full_coverage,2,leo,750.0,900.0,75,5,5,8,8,21,21,0.131996,61.841183,1778,1778,1980,1980
with_repeater,full_coverage,3,earth,750.0,900.0,75,5,5,8,8,21,21,0.183025,62.578721,1778,1778,1980,1980
blackout_only,full_coverage,0,mars,750.0,900.0,76,0,1,0,2,0,3,,,1777,1777,1980,1980
blackout_only,full_coverage,1,moon,750.0,900.0,76,5,5,7,7,20,20,5.128977,6.676975,1777,1777,1980,1980
blackout_only,full_coverage,2,leo,750.0,900.0,76,5,5,8,8,21,21,0.131727,61.823505,1777,1777,1980,1980
blackout_only,full_coverage,3,earth,750.0,900.0,76,5,5,8,8,21,21,0.182759,62.604233,1777,1777,1980,1980
with_repeater,full_coverage,0,mars,750.0,900.0,76,0,1,0,2,0,3,,,1777,1777,1980,1980
with_repeater,full_coverage,1,moon,750.0,900.0,76,5,5,7,7,20,20,5.131556,6.708501,1777,1777,1980,1980
with_repeater,full_coverage,2,leo,750.0,900.0,76,5,5,8,8,21,21,0.129126,61.809896,1777,1777,1980,1980
with_repeater,full_coverage,3,earth,750.0,900.0,76,5,5,8,8,21,21,0.183970,62.592028,1777,1777,1980,1980
blackout_only,full_coverage,0,mars,750.0,900.0,77,0,1,0,2,0,3,,,1777,1777,1980,1980
blackout_only,full_coverage,1,moon,750.0,900.0,77,5,5,7,7,20,20,5.131019,6.694521,1777,1777,1980,1980
blackout_only,full_coverage,2,leo,750.0,900.0,77,5,5,8,8,21,21,0.132065,61.817329,1777,1777,1980,1980
blackout_only,full_coverage,3,earth,750.0,900.0,77,5,5,8,8,21,21,0.181793,62.601280,1777,1777,1980,1980
with_repeater,full_coverage,0,mars,750.0,900.0,77,0,1,0,2,0,3,,,1777,1777,1980,1980
with_repeater,full_coverage,1,moon,750.0,900.0,77,5,5,7,7,20,20,5.131650,6.731796,1777,1777,1980,1980
with_repeater,full_coverage,2,leo,750.0,900.0,77,5,5,8,8,21,21,0.129684,61.789940,1777,1777,1980,1980
with_repeater,full_coverage,3,earth,750.0,900.0,77,5,5,8,8,21,21,0.182616,62.587680,1777,1777,1980,1980
blackout_only,full_coverage,0,mars,750.0,900.0,78,0,1,0,2,0,3,,,1778,1778,1980,1980
blackout_only,full_coverage,1,moon,750.0,900.0,78,5,5,7,7,20,20,5.132524,6.698488,1778,1778,1980,1980
blackout_only,full_coverage,2,leo,750.0,900.0,78,5,5,8,8,21,21,0.130177,61.803981,1778,1778,1980,1980
blackout_only,full_coverage,3,earth,750.0,900.0,78,5,5,8,8,21,21,0.185363,62.562438,1778,1778,1980,1980
with_repeater,full_coverage,0,mars,750.0,900.0,78,0,1,0,2,0,3,,,1777,1777,1980,1980
with_repeater,full_coverage,1,moon,750.0,900.0,78,5,5,7,7,20,20,5.128162,6.693228,1777,1777,1980,1980
with_repeater,full_coverage,2,leo,750.0,900.0,78,5,5,8,8,21,21,0.130377,61.809829,1777,1777,1980,1980
with_repeater,full_coverage,3,earth,750.0,900.0,78,5,5,8,8,21,21,0.183155,62.544887,1777,1777,1980,1980
blackout_only,full_coverage,0,mars,750.0,900.0,79,0,1,0,2,0,3,,,1777,1777,1980,1980
blackout_only,full_coverage,1,moon,750.0,900.0,79,5,5,7,7,20,20,5.130657,6.652125,1777,1777,1980,1980
blackout_only,full_coverage,2,leo,750.0,900.0,79,5,5,8,8,21,21,0.131187,61.825840,1777,1777,1980,1980
blackout_only,full_coverage,3,earth,750.0,900.0,79,5,5,8,8,21,21,0.183786,62.566101,1777,1777,1980,1980
with_repeater,full_coverage,0,mars,750.0,900.0,79,0,1,0,2,0,3,,,1778,1778,1980,1980
with_repeater,full_coverage,1,moon,750.0,900.0,79,5,5,7,7,20,20,5.133154,6.727715,1778,1778,1980,1980
with_repeater,full_coverage,2,leo,750.0,900.0,79,5,5,8,8,21,21,0.131135,61.827745,1778,1778,1980,1980
with_repeater,full_coverage,3,earth,750.0,900.0,79,5,5,8,8,21,21,0.183426,62.589048,1778,1778,1980,1980
blackout_only,full_coverage,0,mars,750.0,900.0,80,0,1,0,2,0,3,,,1777,1777,1980,1980
blackout_only,full_coverage,1,moon,750.0,900.0,80,5,5,7,7,20,20,5.131411,6.747497,1777,1777,1980,1980
blackout_only,full_coverage,2,leo,750.0,900.0,80,5,5,8,8,21,21,0.130203,61.833219,1777,1777,1980,1980
blackout_only,full_coverage,3,earth,750.0,900.0,80,5,5,8,8,21,21,0.183089,62.575915,1777,1777,1980,1980
with_repeater,full_coverage,0,mars,750.0,900.0,80,0,1,0,2,0,3,,,1777,1777,1980,1980
with_repeater,full_coverage,1,moon,750.0,900.0,80,5,5,7,7,20,20,5.132520,6.708258,1777,1777,1980,1980
with_repeater,full_coverage,2,leo,750.0,900.0,80,5,5,8,8,21,21,0.131377,61.837128,1777,1777,1980,1980
with_repeater,full_coverage,3,earth,750.0,900.0,80,5,5,8,8,21,21,0.181134,62.527238,1777,1777,1980,1980
blackout_only,full_coverage,0,mars,750.0,900.0,81,0,1,0,2,0,3,,,1777,1777,1980,1980
blackout_only,full_coverage,1,moon,750.0,900.0,81,5,5,7,7,20,20,5.132154,6.730246,1777,1777,1980,1980
blackout_only,full_coverage,2,leo,750.0,900.0,81,5,5,8,8,21,21,0.129595,61.823530,1777,1777,1980,1980
blackout_only,full_coverage,3,earth,750.0,900.0,81,5,5,8,8,21,21,0.182187,62.518157,1777,1777,1980,1980
with_repeater,full_coverage,0,mars,750.0,900.0,81,0,1,0,2,0,3,,,1777,1777,1980,1980
with_repeater,full_coverage,1,moon,750.0,900.0,81,5,5,7,7,20,20,5.133168,6.704958,1777,1777,1980,1980
with_repeater,full_coverage,2,leo,750.0,900.0,81,5,5,8,8,21,21,0.131177,61.848414,1777,1777,1980,1980
with_repeater,full_coverage,3,earth,750.0,900.0,81,5,5,8,8,21,21,0.183395,62.560003,1777,1777,1980,1980
blackout_only,full_coverage,0,mars,750.0,900.0,82,0,1,0,2,0,3,,,1777,1777,1980,1980
blackout_only,full_coverage,1,moon,750.0,900.0,82,5,5,7,7,20,20,5.129340,6.723563,1777,1777,1980,1980
blackout_only,full_coverage,2,leo,750.0,900.0,82,5,5,8,8,21,21,0.128827,61.806228,1777,1777,1980,1980
blackout_only,full_coverage,3,earth,750.0,900.0,82,5,5,8,8,21,21,0.182982,62.542994,1777,1777,1980,1980
with_repeater,full_coverage,0,mars,750.0,900.0,82,0,1,0,2,0,3,,,1777,1777,1980,1980
with_repeater,full_coverage,1,moon,750.0,900.0,82,5,5,7,7,20,20,5.132401,6.747647,1777,1777,1980,1980
with_repeater,full_coverage,2,leo,750.0,900.0,82,5,5,8,8,21,21,0.130995,61.858497,1777,1777,1980,1980
with_repeater,full_coverage,3,earth,750.0,900.0,82,5,5,8,8,21,21,0.185066,62.572413,1777,1777,1980,1980
blackout_only,full_coverage,0,mars,750.0,900.0,83,0,1,0,2,0,3,,,1777,1777,1980,1980
blackout_only,full_coverage,1,moon,750.0,900.0,83,5,5,7,7,20,20,5.130202,6.673642,1777,1777,1980,1980
blackout_only,full_coverage,2,leo,750.0,900.0,83,5,5,8,8,21,21,0.130971,61.795790,1777,1777,1980,1980
blackout_only,full_coverage,3,earth,750.0,900.0,83,5,5,8,8,21,21,0.183294,62.527914,1777,1777,1980,1980
with_repeater,full_coverage,0,mars,750.0,900.0,83,0,1,0,2,0,3,,,1777,1777,1980,1980
with_repeater,full_coverage,1,moon,750.0,900.0,83,5,5,7,7,20,20,5.132104,6.728250,1777,1777,1980,1980
with_repeater,full_coverage,2,leo,750.0,900.0,83,5,5,8,8,21,21,0.130178,61.828710,1777,1777,1980,1980
with_repeater,full_coverage,3,earth,750.0,900.0,83,5,5,8,8,21,21,0.180648,62.503069,1777,1777,1980,1980
blackout_only,full_coverage,0,mars,750.0,900.0,84,0,1,0,2,0,3,,,1777,1777,1980,1980
blackout_only,full_coverage,1,moon,750.0,900.0,84,5,5,7,7,20,20,5.131787,6.707936,1777,1777,1980,1980
blackout_only,full_coverage,2,leo,750.0,900.0,84,5,5,8,8,21,21,0.130220,61.818052,1777,1777,1980,1980
blackout_only,full_coverage,3,earth,750.0,900.0,84,5,5,8,8,21,21,0.182794,62.543344,1777,1777,1980,1980
with_repeater,full_coverage,0,mars,750.0,900.0,84,0,1,0,2,0,3,,,1777,1777,1980,1980
with_repeater,full_coverage,1,moon,750.0,900.0,84,5,5,7,7,20,20,5.133327,6.721045,1777,1777,1980,1980
with_repeater,full_coverage,2,leo,750.0,900.0,84,5,5,8,8,21,21,0.130260,61.814018,1777,1777,1980,1980
with_repeater,full_coverage,3,earth,750.0,900.0,84,5,5,8,8,21,21,0.182176,62.530888,1777,1777,1980,1980
blackout_only,full_coverage,0,mars,750.0,900.0,85,0,1,0,2,0,3,,,1778,1778,1980,1980
blackout_only,full_coverage,1,moon,750.0,900.0,85,5,5,7,7,20,20,5.129635,6.674840,1778,1778,1980,1980
blackout_only,full_coverage,2,leo,750.0,900.0,85,5,5,8,8,21,21,0.129406,61.796599,1778,1778,1980,1980
blackout_only,full_coverage,3,earth,750.0,900.0,85,5,5,8,8,21,21,0.184144,62.568067,1778,1778,1980,1980
with_repeater,full_coverage,0,mars,750.0,900.0,85,0,1,0,2,0,3,,,1777,1777,1980,1980
with_repeater,full_coverage,1,moon,750.0,900.0,85,5,5,7,7,20,20,5.132505,6.687305,1777,1777,1980,1980
with_repeater,full_coverage,2,leo,750.0,900.0,85,5,5,8,8,21,21,0.130645,61.813756,1777,1777,1980,1980
with_repeater,full_coverage,3,earth,750.0,900.0,85,5,5,8,8,21,21,0.181148,62.524535,1777,1777,1980,1980
blackout_only,full_coverage,0,mars,750.0,900.0,86,0,1,0,2,0,3,,,1777,1777,1980,1980
blackout_only,full_coverage,1,moon,750.0,900.0,86,5,5,7,7,20,20,5.129495,6.717137,1777,1777,1980,1980
blackout_only,full_coverage,2,leo,750.0,900.0,86,5,5,8,8,21,21,0.131789,61.830029,1777,1777,1980,1980
blackout_only,full_coverage,3,earth,750.0,900.0,86,5,5,8,8,21,21,0.182952,62.569683,1777,1777,1980,1980
with_repeater,full_coverage,0,mars,750.0,900.0,86,0,1,0,2,0,3,,,1777,1777,1980,1980
with_repeater,full_coverage,1,moon,750.0,900.0,86,5,5,7,7,20,20,5.132445,6.740765,1777,1777,1980,1980
with_repeater,full_coverage,2,leo,750.0,900.0,86,5,5,8,8,21,21,0.131531,61.831977,1777,1777,1980,1980
with_repeater,full_coverage,3,earth,750.0,900.0,86,5,5,8,8,21,21,0.184775,62.583707,1777,1777,1980,1980
blackout_only,full_coverage,0,mars,750.0,900.0,87,0,1,0,2,0,3,,,1777,1777,1980,1980
blackout_only,full_coverage,1,moon,750.0,900.0,87,5,5,7,7,20,20,5.131502,6.680256,1777,1777,1980,1980
blackout_only,full_coverage,2,leo,750.0,900.0,87,5,5,8,8,21,21,0.132889,61.853253,1777,1777,1980,1980
blackout_only,full_coverage,3,earth,750.0,900.0,87,5,5,8,8,21,21,0.183162,62.557095,1777,1777,1980,1980
with_repeater,full_coverage,0,mars,750.0,900.0,87,0,1,0,2,0,3,,,1777,1777,1980,1980
with_repeater,full_coverage,1,moon,750.0,900.0,87,5,5,7,7,20,20,5.134108,6.748880,1777,1777,1980,1980
with_repeater,full_coverage,2,leo,750.0,900.0,87,5,5,8,8,21,21,0.130863,61.835117,1777,1777,1980,1980
with_repeater,full_coverage,3,earth,750.0,900.0,87,5,5,8,8,21,21,0.182895,62.514682,1777,1777,1980,1980
blackout_only,full_coverage,0,mars,750.0,900.0,88,0,1,0,2,0,3,,,1777,1777,1980,1980
blackout_only,full_coverage,1,moon,750.0,900.0,88,5,5,7,7,20,20,5.132368,6.712007,1777,1777,1980,1980
blackout_only,full_coverage,2,leo,750.0,900.0,88,5,5,8,8,21,21,0.130405,61.800735,1777,1777,1980,1980
blackout_only,full_coverage,3,earth,750.0,900.0,88,5,5,8,8,21,21,0.182952,62.602463,1777,1777,1980,1980
with_repeater,full_coverage,0,mars,750.0,900.0,88,0,1,0,2,0,3,,,1777,1777,1980,1980
with_repeater,full_coverage,1,moon,750.0,900.0,88,5,5,7,7,20,20,5.133565,6.738473,1777,1777,1980,1980
with_repeater,full_coverage,2,leo,750.0,900.0,88,5,5,8,8,21,21,0.129867,61.817022,1777,1777,1980,1980
with_repeater,full_coverage,3,earth,750.0,900.0,88,5,5,8,8,21,21,0.183201,62.567746,1777,1777,1980,1980
blackout_only,full_coverage,0,mars,750.0,900.0,89,0,1,0,2,0,3,,,1777,1777,1980,1980
blackout_only,full_coverage,1,moon,750.0,900.0,89,5,5,7,7,20,20,5.129912,6.689477,1777,1777,1980,1980
blackout_only,full_coverage,2,leo,750.0,900.0,89,5,5,8,8,21,21,0.130233,61.830630,1777,1777,1980,1980
blackout_only,full_coverage,3,earth,750.0,900.0,89,5,5,8,8,21,21,0.181710,62.519234,1777,1777,1980,1980
with_repeater,full_coverage,0,mars,750.0,900.0,89,0,1,0,2,0,3,,,1777,1777,1980,1980
with_repeater,full_coverage,1,moon,750.0,900.0,89,5,5,7,7,20,20,5.132488,6.728165,1777,1777,1980,1980
with_repeater,full_coverage,2,leo,750.0,900.0,89,5,5,8,8,21,21,0.131621,61.843423,1777,1777,1980,1980
with_repeater,full_coverage,3,earth,750.0,900.0,89,5,5,8,8,21,21,0.183174,62.587989,1777,1777,1980,1980
blackout_only,full_coverage,0,mars,750.0,1800.0,40,0,1,0,3,0,2,,,1778,1778,1980,1980
blackout_only,full_coverage,1,moon,750.0,1800.0,40,5,5,15,15,12,12,5.129821,107.672588,1778,1778,1980,1980
blackout_only,full_coverage,2,leo,750.0,1800.0,40,5,5,15,15,14,14,0.129126,2.678236,1778,1778,1980,1980
blackout_only,full_coverage,3,earth,750.0,1800.0,40,5,5,15,15,14,14,0.185917,3.912731,1778,1778,1980,1980
with_repeater,full_coverage,0,mars,750.0,1800.0,40,0,1,0,3,0,2,,,1778,1778,1980,1980
with_repeater,full_coverage,1,moon,750.0,1800.0,40,5,5,15,15,12,12,5.132195,107.783508,1778,1778,1980,1980
with_repeater,full_coverage,2,leo,750.0,1800.0,40,5,5,15,15,14,14,0.131395,2.767163,1778,1778,1980,1980
with_repeater,full_coverage,3,earth,750.0,1800.0,40,5,5,15,15,14,14,0.181631,3.818692,1778,1778,1980,1980
blackout_only,full_coverage,0,mars,750.0,1800.0,41,0,1,0,3,0,2,,,1778,1778,1980,1980
blackout_only,full_coverage,1,moon,750.0,1800.0,41,5,5,15,15,12,12,5.133028,107.815764,1778,1778,1980,1980
blackout_only,full_coverage,2,leo,750.0,1800.0,41,5,5,15,15,14,14,0.131782,2.762497,1778,1778,1980,1980
blackout_only,full_coverage,3,earth,750.0,1800.0,41,5,5,15,15,14,14,0.182263,3.855726,1778,1778,1980,1980
with_repeater,full_coverage,0,mars,750.0,1800.0,41,0,1,0,3,0,2,,,1777,1777,1980,1980
with_repeater,full_coverage,1,moon,750.0,1800.0,41,5,5,15,15,12,12,5.131317,107.744391,1777,1777,1980,1980
with_repeater,full_coverage,2,leo,750.0,1800.0,41,5,5,15,15,14,14,0.131831,2.746154,1777,1777,1980,1980
with_repeater,full_coverage,3,earth,750.0,1800.0,41,5,5,15,15,14,14,0.181732,3.823721,1777,1777,1980,1980
blackout_only,full_coverage,0,mars,750.0,1800.0,42,0,1,0,3,0,2,,,1777,1777,1980,1980
blackout_only,full_coverage,1,moon,750.0,1800.0,42,5,5,15,15,12,12,5.129480,107.729898,1777,1777,1980,1980
blackout_only,full_coverage,2,leo,750.0,1800.0,42,5,5,15,15,14,14,0.130868,2.775039,1777,1777,1980,1980
blackout_only,full_coverage,3,earth,750.0,1800.0,42,5,5,15,15,14,14,0.184683,3.924043,1777,1777,1980,1980
with_repeater,full_coverage,0,mars,750.0,1800.0,42,0,1,0,3,0,2,,,1777,1777,1980,1980
with_repeater,full_coverage,1,moon,750.0,1800.0,42,5,5,15,15,12,12,5.132459,107.749540,1777,1777,1980,1980
with_repeater,full_coverage,2,leo,750.0,1800.0,42,5,5,15,15,14,14,0.132353,2.762535,1777,1777,1980,1980
with_repeater,full_coverage,3,earth,750.0,1800.0,42,5,5,15,15,14,14,0.182621,3.853514,1777,1777,1980,1980
blackout_only,full_coverage,0,mars,750.0,1800.0,43,0,1,0,3,0,2,,,1777,1777,1980,1980
blackout_only,full_coverage,1,moon,750.0,1800.0,43,5,5,15,15,12,12,5.128304,107.666646,1777,1777,1980,1980
blackout_only,full_coverage,2,leo,750.0,1800.0,43,5,5,15,15,14,14,0.131014,2.764140,1777,1777,1980,1980
blackout_only,full_coverage,3,earth,750.0,1800.0,43,5,5,15,15,14,14,0.181275,3.865262,1777,1777,1980,1980
with_repeater,full_coverage,0,mars,750.0,1800.0,43,0,1,0,3,0,2,,,1777,1777,1980,1980
with_repeater,full_coverage,1,moon,750.0,1800.0,43,5,5,15,15,12,12,5.132791,107.785013,1777,1777,1980,1980
with_repeater,full_coverage,2,leo,750.0,1800.0,43,5,5,15,15,14,14,0.132198,2.775328,1777,1777,1980,1980
with_repeater,full_coverage,3,earth,750.0,1800.0,43,5,5,15,15,14,14,0.182364,3.830232,1777,1777,1980,1980
blackout_only,full_coverage,0,mars,750.0,1800.0,44,0,1,0,3,0,2,,,1777,1777,1980,1980
blackout_only,full_coverage,1,moon,750.0,1800.0,44,5,5,15,15,12,12,5.134073,107.828732,1777,1777,1980,1980
blackout_only,full_coverage,2,leo,750.0,1800.0,44,5,5,15,15,14,14,0.131779,2.750112,1777,1777,1980,1980
blackout_only,full_coverage,3,earth,750.0,1800.0,44,5,5,15,15,14,14,0.184208,3.850531,1777,1777,1980,1980
with_repeater,full_coverage,0,mars,750.0,1800.0,44,0,1,0,3,0,2,,,1777,1777,1980,1980
with_repeater,full_coverage,1,moon,750.0,1800.0,44,5,5,15,15,12,12,5.131709,107.789559,1777,1777,1980,1980
with_repeater,full_coverage,2,leo,750.0,1800.0,44,5,5,15,15,14,14,0.131851,2.757918,1777,1777,1980,1980
with_repeater,full_coverage,3,earth,750.0,1800.0,44,5,5,15,15,14,14,0.183064,3.823199,1777,1777,1980,1980
blackout_only,full_coverage,0,mars,750.0,1800.0,45,0,1,0,3,0,2,,,1777,1777,1980,1980
blackout_only,full_coverage,1,moon,750.0,1800.0,45,5,5,15,15,12,12,5.132087,107.780666,1777,1777,1980,1980
blackout_only,full_coverage,2,leo,750.0,1800.0,45,5,5,15,15,14,14,0.130640,2.737785,1777,1777,1980,1980
blackout_only,full_coverage,3,earth,750.0,1800.0,45,5,5,15,15,14,14,0.182311,3.818505,1777,1777,1980,1980
with_repeater,full_coverage,0,mars,750.0,1800.0,45,0,1,0,3,0,2,,,1777,1777,1980,1980
with_repeater,full_coverage,1,moon,750.0,1800.0,45,5,5,15,15,12,12,5.131194,107.736158,1777,1777,1980,1980
with_repeater,full_coverage,2,leo,750.0,1800.0,45,5,5,15,15,14,14,0.129711,2.727485,1777,1777,1980,1980
with_repeater,full_coverage,3,earth,750.0,1800.0,45,5,5,15,15,14,14,0.183108,3.853629,1777,1777,1980,1980
blackout_only,full_coverage,0,mars,750.0,1800.0,46,0,1,0,3,0,2,,,1777,1777,1980,1980
blackout_only,full_coverage,1,moon,750.0,1800.0,46,5,5,15,15,12,12,5.129039,107.731256,1777,1777,1980,1980
blackout_only,full_coverage,2,leo,750.0,1800.0,46,5,5,15,15,14,14,0.130780,2.763714,1777,1777,1980,1980
blackout_only,full_coverage,3,earth,750.0,1800.0,46,5,5,15,15,14,14,0.182790,3.868721,1777,1777,1980,1980
with_repeater,full_coverage,0,mars,750.0,1800.0,46,0,1,0,3,0,2,,,1777,1777,1980,1980
with_repeater,full_coverage,1,moon,750.0,1800.0,46,5,5,15,15,12,12,5.133168,107.795844,1777,1777,1980,1980
with_repeater,full_coverage,2,leo,750.0,1800.0,46,5,5,15,15,14,14,0.130705,2.753397,1777,1777,1980,1980
with_repeater,full_coverage,3,earth,750.0,1800.0,46,5,5,15,15,14,14,0.185746,3.952013,1777,1777,1980,1980
blackout_only,full_coverage,0,mars,750.0,1800.0,47,0,1,0,3,0,2,,,1777,1777,1980,1980
blackout_only,full_coverage,1,moon,750.0,1800.0,47,5,5,15,15,12,12,5.131356,107.751778,1777,1777,1980,1980
blackout_only,full_coverage,2,leo,750.0,1800.0,47,5,5,15,15,14,14,0.130587,2.706125,1777,1777,1980,1980
blackout_only,full_coverage,3,earth,750.0,1800.0,47,5,5,15,15,14,14,0.185890,3.875770,1777,1777,1980,1980
with_repeater,full_coverage,0,mars,750.0,1800.0,47,0,1,0,3,0,2,,,1777,1777,1980,1980
with_repeater,full_coverage,1,moon,750.0,1800.0,47,5,5,15,15,12,12,5.134122,107.821862,1777,1777,1980,1980
with_repeater,full_coverage,2,leo,750.0,1800.0,47,5,5,15,15,14,14,0.130031,2.724392,1777,1777,1980,1980
with_repeater,full_coverage,3,earth,750.0,1800.0,47,5,5,15,15,14,14,0.183440,3.859628,1777,1777,1980,1980
blackout_only,full_coverage,0,mars,750.0,1800.0,48,0,1,0,3,0,2,,,1777,1777,1980,1980
blackout_only,full_coverage,1,moon,750.0,1800.0,48,5,5,15,15,12,12,5.131813,107.788592,1777,1777,1980,1980
blackout_only,full_coverage,2,leo,750.0,1800.0,48,5,5,15,15,14,14,0.132715,2.808191,1777,1777,1980,1980
blackout_only,full_coverage,3,earth,750.0,1800.0,48,5,5,15,15,14,14,0.183072,3.823474,1777,1777,1980,1980
with_repeater,full_coverage,0,mars,750.0,1800.0,48,0,1,0,3,0,2,,,1777,1777,1980,1980
with_repeater,full_coverage,1,moon,750.0,1800.0,48,5,5,15,15,12,12,5.131148,107.716398,1777,1777,1980,1980
with_repeater,full_coverage,2,leo,750.0,1800.0,48,5,5,15,15,14,14,0.130252,2.738956,1777,1777,1980,1980
with_repeater,full_coverage,3,earth,750.0,1800.0,48,5,5,15,15,14,14,0.183414,3.833011,1777,1777,1980,1980
blackout_only,full_coverage,0,mars,750.0,1800.0,49,0,1,0,3,0,2,,,1778,1778,1980,1980
blackout_only,full_coverage,1,moon,750.0,1800.0,49,5,5,15,15,12,12,5.130387,107.726453,1778,1778,1980,1980
blackout_only,full_coverage,2,leo,750.0,1800.0,49,5,5,15,15,14,14,0.132001,2.778473,1778,1778,1980,1980
blackout_only,full_coverage,3,earth,750.0,1800.0,49,5,5,15,15,14,14,0.183275,3.855479,1778,1778,1980,1980
with_repeater,full_coverage,0,mars,750.0,1800.0,49,0,1,0,3,0,2,,,1777,1777,1980,1980
with_repeater,full_coverage,1,moon,750.0,1800.0,49,5,5,15,15,12,12,5.132455,107.806604,1777,1777,1980,1980
with_repeater,full_coverage,2,leo,750.0,1800.0,49,5,5,15,15,14,14,0.132377,2.774322,1777,1777,1980,1980
with_repeater,full_coverage,3,earth,750.0,1800.0,49,5,5,15,15,14,14,0.183937,3.894915,1777,1777,1980,1980
blackout_only,full_coverage,0,mars,750.0,1800.0,50,0,1,0,3,0,2,,,1777,1777,1980,1980
blackout_only,full_coverage,1,moon,750.0,1800.0,50,5,5,15,15,12,12,5.133443,107.825690,1777,1777,1980,1980
blackout_only,full_coverage,2,leo,750.0,1800.0,50,5,5,15,15,14,14,0.131179,2.742385,1777,1777,1980,1980
blackout_only,full_coverage,3,earth,750.0,1800.0,50,5,5,15,15,14,14,0.183644,3.887141,1777,1777,1980,1980
with_repeater,full_coverage,0,mars,750.0,1800.0,50,0,1,0,3,0,2,,,1778,1778,1980,1980
with_repeater,full_coverage,1,moon,750.0,1800.0,50,5,5,15,15,12,12,5.130939,107.744875,1778,1778,1980,1980
with_repeater,full_coverage,2,leo,750.0,1800.0,50,5,5,15,15,14,14,0.131058,2.739069,1778,1778,1980,1980
with_repeater,full_coverage,3,earth,750.0,1800.0,50,5,5,15,15,14,14,0.182453,3.858884,1778,1778,1980,1980
blackout_only,full_coverage,0,mars,750.0,1800.0,51,0,1,0,3,0,2,,,1777,1777,1980,1980
blackout_only,full_coverage,1,moon,750.0,1800.0,51,5,5,15,15,12,12,5.131823,107.796276,1777,1777,1980,1980
blackout_only,full_coverage,2,leo,750.0,1800.0,51,5,5,15,15,14,14,0.131223,2.760256,1777,1777,1980,1980
blackout_only,full_coverage,3,earth,750.0,1800.0,51,5,5,15,15,14,14,0.183888,3.838029,1777,1777,1980,1980
with_repeater,full_coverage,0,mars,750.0,1800.0,51,0,1,0,3,0,2,,,1777,1777,1980,1980
with_repeater,full_coverage,1,moon,750.0,1800.0,51,5,5,15,15,12,12,5.133889,107.816979,1777,1777,1980,1980
with_repeater,full_coverage,2,leo,750.0,1800.0,51,5,5,15,15,14,14,0.131142,2.705074,1777,1777,1980,1980
with_repeater,full_coverage,3,earth,750.0,1800.0,51,5,5,15,15,14,14,0.184607,3.873804,1777,1777,1980,1980
blackout_only,full_coverage,0,mars,750.0,1800.0,52,0,1,0,3,0,2,,,1777,1777,1980,1980
blackout_only,full_coverage,1,moon,750.0,1800.0,52,5,5,15,15,12,12,5.132398,107.758113,1777,1777,1980,1980
blackout_only,full_coverage,2,leo,750.0,1800.0,52,5,5,15,15,14,14,0.131373,2.763080,1777,1777,1980,1980
blackout_only,full_coverage,3,earth,750.0,1800.0,52,5,5,15,15,14,14,0.185291,3.868076,1777,1777,1980,1980
with_repeater,full_coverage,0,mars,750.0,1800.0,52,0,1,0,3,0,2,,,1777,1777,1980,1980
with_repeater,full_coverage,1,moon,750.0,1800.0,52,5,5,15,15,12,12,5.131366,107.753469,1777,1777,1980,1980
with_repeater,full_coverage,2,leo,750.0,1800.0,52,5,5,15,15,14,14,0.130770,2.738670,1777,1777,1980,1980
with_repeater,full_coverage,3,earth,750.0,1800.0,52,5,5,15,15,14,14,0.184982,3.904417,1777,1777,1980,1980
blackout_only,full_coverage,0,mars,750.0,1800.0,53,0,1,0,3,0,2,,,1777,1777,1980,1980
blackout_only,full_coverage,1,moon,750.0,1800.0,53,5,5,15,15,12,12,5.130999,107.726469,1777,1777,1980,1980
blackout_only,full_coverage,2,leo,750.0,1800.0,53,5,5,15,15,14,14,0.132741,2.803626,1777,1777,1980,1980
blackout_only,full_coverage,3,earth,750.0,1800.0,53,5,5,15,15,14,14,0.183878,3.835677,1777,1777,1980,1980
with_repeater,full_coverage,0,mars,750.0,1800.0,53,0,1,0,3,0,2,,,1777,1777,1980,1980
with_repeater,full_coverage,1,moon,750.0,1800.0,53,5,5,15,15,12,12,5.129300,107.666693,1777,1777,1980,1980
with_repeater,full_coverage,2,leo,750.0,1800.0,53,5,5,15,15,14,14,0.130672,2.741925,1777,1777,1980,1980
with_repeater,full_coverage,3,earth,750.0,1800.0,53,5,5,15,15,14,14,0.182813,3.873908,1777,1777,1980,1980
blackout_only,full_coverage,0,mars,750.0,1800.0,54,0,1,0,3,0,2,,,1777,1777,1980,1980
blackout_only,full_coverage,1,moon,750.0,1800.0,54,5,5,15,15,12,12,5.130786,107.752373,1777,1777,1980,1980
blackout_only,full_coverage,2,leo,750.0,1800.0,54,5,5,15,15,14,14,0.129642,2.721354,1777,1777,1980,1980
blackout_only,full_coverage,3,earth,750.0,1800.0,54,5,5,15,15,14,14,0.181237,3.786353,1777,1777,1980,1980
with_repeater,full_coverage,0,mars,750.0,1800.0,54,0,1,0,3,0,2,,,1777,1777,1980,1980
with_repeater,full_coverage,1,moon,750.0,1800.0,54,5,5,15,15,12,12,5.132187,107.785074,1777,1777,1980,1980
with_repeater,full_coverage,2,leo,750.0,1800.0,54,5,5,15,15,14,14,0.130445,2.720296,1777,1777,1980,1980
with_repeater,full_coverage,3,earth,750.0,1800.0,54,5,5,15,15,14,14,0.181697,3.816693,1777,1777,1980,1980
blackout_only,full_coverage,0,mars,750.0,1800.0,55,0,1,0,3,0,2,,,1777,1777,1980,1980
blackout_only,full_coverage,1,moon,750.0,1800.0,55,5,5,15,15,12,12,5.131754,107.755775,1777,1777,1980,1980
blackout_only,full_coverage,2,leo,750.0,1800.0,55,5,5,15,15,14,14,0.131821,2.760941,1777,1777,1980,1980
blackout_only,full_coverage,3,earth,750.0,1800.0,55,5,5,15,15,14,14,0.182824,3.840182,1777,1777,1980,1980
with_repeater,full_coverage,0,mars,750.0,1800.0,55,0,1,0,3,0,2,,,1777,1777,1980,1980
with_repeater,full_coverage,1,moon,750.0,1800.0,55,5,5,15,15,12,12,5.133305,107.827592,1777,1777,1980,1980
with_repeater,full_coverage,2,leo,750.0,1800.0,55,5,5,15,15,14,14,0.131624,2.780299,1777,1777,1980,1980
with_repeater,full_coverage,3,earth,750.0,1800.0,55,5,5,15,15,14,14,0.183717,3.879729,1777,1777,1980,1980
blackout_only,full_coverage,0,mars,750.0,1800.0,56,0,1,0,3,0,2,,,1777,1777,1980,1980
blackout_only,full_coverage,1,moon,750.0,1800.0,56,5,5,15,15,12,12,5.130623,107.748403,1777,1777,1980,1980
blackout_only,full_coverage,2,leo,750.0,1800.0,56,5,5,15,15,14,14,0.131025,2.740257,1777,1777,1980,1980
blackout_only,full_coverage,3,earth,750.0,1800.0,56,5,5,15,15,14,14,0.184309,3.893227,1777,1777,1980,1980
with_repeater,full_coverage,0,mars,750.0,1800.0,56,0,1,0,3,0,2,,,1777,1777,1980,1980
with_repeater,full_coverage,1,moon,750.0,1800.0,56,5,5,15,15,12,12,5.131558,107.787823,1777,1777,1980,1980
with_repeater,full_coverage,2,leo,750.0,1800.0,56,5,5,15,15,14,14,0.129942,2.724416,1777,1777,1980,1980
with_repeater,full_coverage,3,earth,750.0,1800.0,56,5,5,15,15,14,14,0.183720,3.862843,1777,1777,1980,1980
blackout_only,full_coverage,0,mars,750.0,1800.0,57,0,1,0,3,0,2,,,1777,1777,1980,1980
blackout_only,full_coverage,1,moon,750.0,1800.0,57,5,5,15,15,12,12,5.129921,107.698579,1777,1777,1980,1980
blackout_only,full_coverage,2,leo,750.0,1800.0,57,5,5,15,15,14,14,0.130353,2.730609,1777,1777,1980,1980
blackout_only,full_coverage,3,earth,750.0,1800.0,57,5,5,15,15,14,14,0.183234,3.850538,1777,1777,1980,1980
with_repeater,full_coverage,0,mars,750.0,1800.0,57,0,1,0,3,0,2,,,1777,1777,1980,1980
with_repeater,full_coverage,1,moon,750.0,1800.0,57,5,5,15,15,12,12,5.130212,107.708702,1777,1777,1980,1980
with_repeater,full_coverage,2,leo,750.0,1800.0,57,5,5,15,15,14,14,0.131046,2.777450,1777,1777,1980,1980
with_repeater,full_coverage,3,earth,750.0,1800.0,57,5,5,15,15,14,14,0.183058,3.864541,1777,1777,1980,1980
blackout_only,full_coverage,0,mars,750.0,1800.0,58,0,1,0,3,0,2,,,1777,1777,1980,1980
blackout_only,full_coverage,1,moon,750.0,1800.0,58,5,5,15,15,12,12,5.131153,107.753492,1777,1777,1980,1980
blackout_only,full_coverage,2,leo,750.0,1800.0,58,5,5,15,15,14,14,0.130732,2.758285,1777,1777,1980,1980
blackout_only,full_coverage,3,earth,750.0,1800.0,58,5,5,15,15,14,14,0.182221,3.878114,1777,1777,1980,1980
with_repeater,full_coverage,0,mars,750.0,1800.0,58,0,1,0,3,0,2,,,1777,1777,1980,1980
with_repeater,full_coverage,1,moon,750.0,1800.0,58,5,5,15,15,12,12,5.130546,107.740066,1777,1777,1980,1980
with_repeater,full_coverage,2,leo,750.0,1800.0,58,5,5,15,15,14,14,0.131840,2.749021,1777,1777,1980,1980
with_repeater,full_coverage,3,earth,750.0,1800.0,58,5,5,15,15,14,14,0.184040,3.905439,1777,1777,1980,1980
blackout_only,full_coverage,0,mars,750.0,1800.0,59,0,1,0,3,0,2,,,1777,1777,1980,1980
blackout_only,full_coverage,1,moon,750.0,1800.0,59,5,5,15,15,12,12,5.130754,107.717475,1777,1777,1980,1980
blackout_only,full_coverage,2,leo,750.0,1800.0,59,5,5,15,15,14,14,0.130658,2.749321,1777,1777,1980,1980
blackout_only,full_coverage,3,earth,750.0,1800.0,59,5,5,15,15,14,14,0.183418,3.889614,1777,1777,1980,1980
with_repeater,full_coverage,0,mars,750.0,1800.0,59,0,1,0,3,0,2,,,1777,1777,1980,1980
with_repeater,full_coverage,1,moon,750.0,1800.0,59,5,5,15,15,12,12,5.132744,107.789440,1777,1777,1980,1980
with_repeater,full_coverage,2,leo,750.0,1800.0,59,5,5,15,15,14,14,0.131648,2.768477,1777,1777,1980,1980
with_repeater,full_coverage,3,earth,750.0,1800.0,59,5,5,15,15,14,14,0.184154,3.858405,1777,1777,1980,1980
blackout_only,full_coverage,0,mars,750.0,1800.0,60,0,1,0,3,0,2,,,1777,1777,1980,1980
blackout_only,full_coverage,1,moon,750.0,1800.0,60,5,5,15,15,12,12,5.131363,107.750093,1777,1777,1980,1980
blackout_only,full_coverage,2,leo,750.0,1800.0,60,5,5,15,15,14,14,0.130603,2.726091,1777,1777,1980,1980
blackout_only,full_coverage,3,earth,750.0,1800.0,60,5,5,15,15,14,14,0.182794,3.891834,1777,1777,1980,1980
with_repeater,full_coverage,0,mars,750.0,1800.0,60,0,1,0,3,0,2,,,1777,1777,1980,1980
with_repeater,full_coverage,1,moon,750.0,1800.0,60,5,5,15,15,12,12,5.128915,107.718794,1777,1777,1980,1980
with_repeater,full_coverage,2,leo,750.0,1800.0,60,5,5,15,15,14,14,0.131572,2.751904,1777,1777,1980,1980
with_repeater,full_coverage,3,earth,750.0,1800.0,60,5,5,15,15,14,14,0.184255,3.864852,1777,1777,1980,1980
blackout_only,full_coverage,0,mars,750.0,1800.0,61,0,1,0,3,0,2,,,1777,1777,1980,1980
blackout_only,full_coverage,1,moon,750.0,1800.0,61,5,5,15,15,12,12,5.129720,107.691929,1777,1777,1980,1980
blackout_only,full_coverage,2,leo,750.0,1800.0,61,5,5,15,15,14,14,0.130633,2.729140,1777,1777,1980,1980
blackout_only,full_coverage,3,earth,750.0,1800.0,61,5,5,15,15,14,14,0.184036,3.919909,1777,1777,1980,1980
with_repeater,full_coverage,0,mars,750.0,1800.0,61,0,1,0,3,0,2,,,1777,1777,1980,1980
with_repeater,full_coverage,1,moon,750.0,1800.0,61,5,5,15,15,12,12,5.130032,107.740593,1777,1777,1980,1980
with_repeater,full_coverage,2,leo,750.0,1800.0,61,5,5,15,15,14,14,0.129797,2.711372,1777,1777,1980,1980
with_repeater,full_coverage,3,earth,750.0,1800.0,61,5,5,15,15,14,14,0.181911,3.822976,1777,1777,1980,1980
blackout_only,full_coverage,0,mars,750.0,1800.0,62,0,1,0,3,0,2,,,1778,1778,1980,1980
blackout_only,full_coverage,1,moon,750.0,1800.0,62,5,5,15,15,12,12,5.131817,107.757996,1778,1778,1980,1980
blackout_only,full_coverage,2,leo,750.0,1800.0,62,5,5,15,15,14,14,0.131192,2.747931,1778,1778,1980,1980
blackout_only,full_coverage,3,earth,750.0,1800.0,62,5,5,15,15,14,14,0.184013,3.863758,1778,1778,1980,1980
with_repeater,full_coverage,0,mars,750.0,1800.0,62,0,1,0,3,0,2,,,1778,1778,1980,1980
with_repeater,full_coverage,1,moon,750.0,1800.0,62,5,5,15,15,12,12,5.129417,107.697464,1778,1778,1980,1980
with_repeater,full_coverage,2,leo,750.0,1800.0,62,5,5,15,15,14,14,0.131757,2.759341,1778,1778,1980,1980
with_repeater,full_coverage,3,earth,750.0,1800.0,62,5,5,15,15,14,14,0.182377,3.846990,1778,1778,1980,1980
blackout_only,full_coverage,0,mars,750.0,1800.0,63,0,1,0,3,0,2,,,1777,1777,1980,1980
blackout_only,full_coverage,1,moon,750.0,1800.0,63,5,5,15,15,12,12,5.132254,107.787210,1777,1777,1980,1980
blackout_only,full_coverage,2,leo,750.0,1800.0,63,5,5,15,15,14,14,0.132306,2.753183,1777,1777,1980,1980
blackout_only,full_coverage,3,earth,750.0,1800.0,63,5,5,15,15,14,14,0.184165,3.900831,1777,1777,1980,1980
with_repeater,full_coverage,0,mars,750.0,1800.0,63,0,1,0,3,0,2,,,1777,1777,1980,1980
with_repeater,full_coverage,1,moon,750.0,1800.0,63,5,5,15,15,12,12,5.130203,107.702415,1777,1777,1980,1980
with_repeater,full_coverage,2,leo,750.0,1800.0,63,5,5,15,15,14,14,0.132477,2.795122,1777,1777,1980,1980
with_repeater,full_coverage,3,earth,750.0,1800.0,63,5,5,15,15,14,14,0.181902,3.847691,1777,1777,1980,1980
blackout_only,full_coverage,0,mars,750.0,1800.0,64,0,1,0,3,0,2,,,1777,1777,1980,1980
blackout_only,full_coverage,1,moon,750.0,1800.0,64,5,5,15,15,12,12,5.130517,107.709900,1777,1777,1980,1980
blackout_only,full_coverage,2,leo,750.0,1800.0,64,5,5,15,15,14,14,0.132149,2.759338,1777,1777,1980,1980
blackout_only,full_coverage,3,earth,750.0,1800.0,64,5,5,15,15,14,14,0.182931,3.841582,1777,1777,1980,1980
with_repeater,full_coverage,0,mars,750.0,1800.0,64,0,1,0,3,0,2,,,1777,1777,1980,1980
with_repeater,full_coverage,1,moon,750.0,1800.0,64,5,5,15,15,12,12,5.131531,107.762987,1777,1777,1980,1980
with_repeater,full_coverage,2,leo,750.0,1800.0,64,5,5,15,15,14,14,0.131386,2.768691,1777,1777,1980,1980
with_repeater,full_coverage,3,earth,750.0,1800.0,64,5,5,15,15,14,14,0.181934,3.833885,1777,1777,1980,1980
blackout_only,full_coverage,0,mars,750.0,1800.0,65,0,1,0,3,0,2,,,1777,1777,1980,1980
blackout_only,full_coverage,1,moon,750.0,1800.0,65,5,5,15,15,12,12,5.129726,107.737677,1777,1777,1980,1980
blackout_only,full_coverage,2,leo,750.0,1800.0,65,5,5,15,15,14,14,0.132688,2.783632,1777,1777,1980,1980
blackout_only,full_coverage,3,earth,750.0,1800.0,65,5,5,15,15,14,14,0.183938,3.841504,1777,1777,1980,1980
with_repeater,full_coverage,0,mars,750.0,1800.0,65,0,1,0,3,0,2,,,1777,1777,1980,1980
with_repeater,full_coverage,1,moon,750.0,1800.0,65,5,5,15,15,12,12,5.129067,107.741963,1777,1777,1980,1980
with_repeater,full_coverage,2,leo,750.0,1800.0,65,5,5,15,15,14,14,0.132971,2.824105,1777,1777,1980,1980
with_repeater,full_coverage,3,earth,750.0,1800.0,65,5,5,15,15,14,14,0.182397,3.840459,1777,1777,1980,1980
blackout_only,full_coverage,0,mars,750.0,1800.0,66,0,1,0,3,0,2,,,1777,1777,1980,1980
blackout_only,full_coverage,1,moon,750.0,1800.0,66,5,5,15,15,12,12,5.130411,107.743981,1777,1777,1980,1980
blackout_only,full_coverage,2,leo,750.0,1800.0,66,5,5,15,15,14,14,0.130301,2.719966,1777,1777,1980,1980
blackout_only,full_coverage,3,earth,750.0,1800.0,66,5,5,15,15,14,14,0.185738,3.899607,1777,1777,1980,1980
with_repeater,full_coverage,0,mars,750.0,1800.0,66,0,1,0,3,0,2,,,1778,1778,1980,1980
with_repeater,full_coverage,1,moon,750.0,1800.0,66,5,5,15,15,12,12,5.130493,107.730104,1778,1778,1980,1980
with_repeater,full_coverage,2,leo,750.0,1800.0,66,5,5,15,15,14,14,0.130051,2.727277,1778,1778,1980,1980
with_repeater,full_coverage,3,earth,750.0,1800.0,66,5,5,15,15,14,14,0.182534,3.798882,1778,1778,1980,1980
blackout_only,full_coverage,0,mars,750.0,1800.0,67,0,1,0,3,0,2,,,1777,1777,1980,1980
blackout_only,full_coverage,1,moon,750.0,1800.0,67,5,5,15,15,12,12,5.131456,107.795643,1777,1777,1980,1980
blackout_only,full_coverage,2,leo,750.0,1800.0,67,5,5,15,15,14,14,0.131595,2.746275,1777,1777,1980,1980
blackout_only,full_coverage,3,earth,750.0,1800.0,67,5,5,15,15,14,14,0.182370,3.878079,1777,1777,1980,1980
with_repeater,full_coverage,0,mars,750.0,1800.0,67,0,1,0,3,0,2,,,1778,1778,1980,1980
with_repeater,full_coverage,1,moon,750.0,1800.0,67,5,5,15,15,12,12,5.133182,107.770812,1778,1778,1980,1980
with_repeater,full_coverage,2,leo,750.0,1800.0,67,5,5,15,15,14,14,0.131339,2.746034,1778,1778,1980,1980
with_repeater,full_coverage,3,earth,750.0,1800.0,67,5,5,15,15,14,14,0.183059,3.845045,1778,1778,1980,1980
blackout_only,full_coverage,0,mars,750.0,1800.0,68,0,1,0,3,0,2,,,1778,1778,1980,1980
blackout_only,full_coverage,1,moon,750.0,1800.0,68,5,5,15,15,12,12,5.131170,107.719863,1778,1778,1980,1980
blackout_only,full_coverage,2,leo,750.0,1800.0,68,5,5,15,15,14,14,0.131128,2.752467,1778,1778,1980,1980
blackout_only,full_coverage,3,earth,750.0,1800.0,68,5,5,15,15,14,14,0.183385,3.847884,1778,1778,1980,1980
with_repeater,full_coverage,0,mars,750.0,1800.0,68,0,1,0,3,0,2,,,1777,1777,1980,1980
with_repeater,full_coverage,1,moon,750.0,1800.0,68,5,5,15,15,12,12,5.130564,107.726482,1777,1777,1980,1980
with_repeater,full_coverage,2,leo,750.0,1800.0,68,5,5,15,15,14,14,0.130915,2.734460,1777,1777,1980,1980
with_repeater,full_coverage,3,earth,750.0,1800.0,68,5,5,15,15,14,14,0.183664,3.831637,1777,1777,1980,1980
blackout_only,full_coverage,0,mars,750.0,1800.0,69,0,1,0,3,0,2,,,1777,1777,1980,1980
blackout_only,full_coverage,1,moon,750.0,1800.0,69,5,5,15,15,12,12,5.130958,107.747225,1777,1777,1980,1980
blackout_only,full_coverage,2,leo,750.0,1800.0,69,5,5,15,15,14,14,0.132407,2.756068,1777,1777,1980,1980
blackout_only,full_coverage,3,earth,750.0,1800.0,69,5,5,15,15,14,14,0.181843,3.812362,1777,1777,1980,1980
with_repeater,full_coverage,0,mars,750.0,1800.0,69,0,1,0,3,0,2,,,1777,1777,1980,1980
with_repeater,full_coverage,1,moon,750.0,1800.0,69,5,5,15,15,12,12,5.128714,107.696838,1777,1777,1980,1980
with_repeater,full_coverage,2,leo,750.0,1800.0,69,5,5,15,15,14,14,0.129605,2.699553,1777,1777,1980,1980
with_repeater,full_coverage,3,earth,750.0,1800.0,69,5,5,15,15,14,14,0.185557,3.893281,1777,1777,1980,1980
blackout_only,full_coverage,0,mars,750.0,1800.0,70,0,1,0,3,0,2,,,1777,1777,1980,1980
blackout_only,full_coverage,1,moon,750.0,1800.0,70,5,5,15,15,12,12,5.131673,107.792875,1777,1777,1980,1980
blackout_only,full_coverage,2,leo,750.0,1800.0,70,5,5,15,15,14,14,0.132348,2.792129,1777,1777,1980,1980
blackout_only,full_coverage,3,earth,750.0,1800.0,70,5,5,15,15,14,14,0.184259,3.821918,1777,1777,1980,1980
with_repeater,full_coverage,0,mars,750.0,1800.0,70,0,1,0,3,0,2,,,1777,1777,1980,1980
with_repeater,full_coverage,1,moon,750.0,1800.0,70,5,5,15,15,12,12,5.133199,107.766156,1777,1777,1980,1980
with_repeater,full_coverage,2,leo,750.0,1800.0,70,5,5,15,15,14,14,0.129086,2.719579,1777,1777,1980,1980
with_repeater,full_coverage,3,earth,750.0,1800.0,70,5,5,15,15,14,14,0.182183,3.825596,1777,1777,1980,1980
blackout_only,full_coverage,0,mars,750.0,1800.0,71,0,1,0,3,0,2,,,1777,1777,1980,1980
blackout_only,full_coverage,1,moon,750.0,1800.0,71,5,5,15,15,12,12,5.132021,107.741461,1777,1777,1980,1980
blackout_only,full_coverage,2,leo,750.0,1800.0,71,5,5,15,15,14,14,0.131567,2.740567,1777,1777,1980,1980
blackout_only,full_coverage,3,earth,750.0,1800.0,71,5,5,15,15,14,14,0.184066,3.849995,1777,1777,1980,1980
with_repeater,full_coverage,0,mars,750.0,1800.0,71,0,1,0,3,0,2,,,1777,1777,1980,1980
with_repeater,full_coverage,1,moon,750.0,1800.0,71,5,5,15,15,12,12,5.130930,107.733623,1777,1777,1980,1980
with_repeater,full_coverage,2,leo,750.0,1800.0,71,5,5,15,15,14,14,0.130607,2.745988,1777,1777,1980,1980
with_repeater,full_coverage,3,earth,750.0,1800.0,71,5,5,15,15,14,14,0.183126,3.848120,1777,1777,1980,1980
blackout_only,full_coverage,0,mars,750.0,1800.0,72,0,1,0,3,0,2,,,1777,1777,1980,1980
blackout_only,full_coverage,1,moon,750.0,1800.0,72,5,5,15,15,12,12,5.132097,107.763594,1777,1777,1980,1980
blackout_only,full_coverage,2,leo,750.0,1800.0,72,5,5,15,15,14,14,0.132123,2.758553,1777,1777,1980,1980
blackout_only,full_coverage,3,earth,750.0,1800.0,72,5,5,15,15,14,14,0.183915,3.866615,1777,1777,1980,1980
with_repeater,full_coverage,0,mars,750.0,1800.0,72,0,1,0,3,0,2,,,1777,1777,1980,1980
with_repeater,full_coverage,1,moon,750.0,1800.0,72,5,5,15,15,12,12,5.129786,107.737756,1777,1777,1980,1980
with_repeater,full_coverage,2,leo,750.0,1800.0,72,5,5,15,15,14,14,0.130992,2.752627,1777,1777,1980,1980
with_repeater,full_coverage,3,earth,750.0,1800.0,72,5,5,15,15,14,14,0.180819,3.815715,1777,1777,1980,1980
blackout_only,full_coverage,0,mars,750.0,1800.0,73,0,1,0,3,0,2,,,1777,1777,1980,1980
blackout_only,full_coverage,1,moon,750.0,1800.0,73,5,5,15,15,12,12,5.130316,107.717155,1777,1777,1980,1980
blackout_only,full_coverage,2,leo,750.0,1800.0,73,5,5,15,15,14,14,0.131388,2.755289,1777,1777,1980,1980
blackout_only,full_coverage,3,earth,750.0,1800.0,73,5,5,15,15,14,14,0.182392,3.834251,1777,1777,1980,1980
with_repeater,full_coverage,0,mars,750.0,1800.0,73,0,1,0,3,0,2,,,1777,1777,1980,1980
with_repeater,full_coverage,1,moon,750.0,1800.0,73,5,5,15,15,12,12,5.131925,107.742523,1777,1777,1980,1980
with_repeater,full_coverage,2,leo,750.0,1800.0,73,5,5,15,15,14,14,0.130848,2.744241,1777,1777,1980,1980
with_repeater,full_coverage,3,earth,750.0,1800.0,73,5,5,15,15,14,14,0.184468,3.863266,1777,1777,1980,1980
blackout_only,full_coverage,0,mars,750.0,1800.0,74,0,1,0,3,0,2,,,1777,1777,1980,1980
blackout_only,full_coverage,1,moon,750.0,1800.0,74,5,5,15,15,12,12,5.131105,107.761780,1777,1777,1980,1980
blackout_only,full_coverage,2,leo,750.0,1800.0,74,5,5,15,15,14,14,0.130736,2.766958,1777,1777,1980,1980
blackout_only,full_coverage,3,earth,750.0,1800.0,74,5,5,15,15,14,14,0.181139,3.835558,1777,1777,1980,1980
with_repeater,full_coverage,0,mars,750.0,1800.0,74,0,1,0,3,0,2,,,1777,1777,1980,1980
with_repeater,full_coverage,1,moon,750.0,1800.0,74,5,5,15,15,12,12,5.131142,107.739534,1777,1777,1980,1980
with_repeater,full_coverage,2,leo,750.0,1800.0,74,5,5,15,15,14,14,0.131837,2.777579,1777,1777,1980,1980
with_repeater,full_coverage,3,earth,750.0,1800.0,74,5,5,15,15,14,14,0.182222,3.827040,1777,1777,1980,1980
blackout_only,full_coverage,0,mars,750.0,1800.0,75,0,1,0,3,0,2,,,1778,1778,1980,1980
blackout_only,full_coverage,1,moon,750.0,1800.0,75,5,5,15,15,12,12,5.131906,107.740305,1778,1778,1980,1980
blackout_only,full_coverage,2,leo,750.0,1800.0,75,5,5,15,15,14,14,0.132408,2.769421,1778,1778,1980,1980
blackout_only,full_coverage,3,earth,750.0,1800.0,75,5,5,15,15,14,14,0.182917,3.819461,1778,1778,1980,1980
with_repeater,full_coverage,0,mars,750.0,1800.0,75,0,1,0,3,0,2,,,1777,1777,1980,1980
with_repeater,full_coverage,1,moon,750.0,1800.0,75,5,5,15,15,12,12,5.132079,107.798867,1777,1777,1980,1980
with_repeater,full_coverage,2,leo,750.0,1800.0,75,5,5,15,15,14,14,0.132416,2.800277,1777,1777,1980,1980
with_repeater,full_coverage,3,earth,750.0,1800.0,75,5,5,15,15,14,14,0.182542,3.843497,1777,1777,1980,1980
blackout_only,full_coverage,0,mars,750.0,1800.0,76,0,1,0,3,0,2,,,1777,1777,1980,1980
blackout_only,full_coverage,1,moon,750.0,1800.0,76,5,5,15,15,12,12,5.131591,107.743821,1777,1777,1980,1980
blackout_only,full_coverage,2,leo,750.0,1800.0,76,5,5,15,15,14,14,0.131064,2.745727,1777,1777,1980,1980
blackout_only,full_coverage,3,earth,750.0,1800.0,76,5,5,15,15,14,14,0.183894,3.848820,1777,1777,1980,1980
with_repeater,full_coverage,0,mars,750.0,1800.0,76,0,1,0,3,0,2,,,1777,1777,1980,1980
with_repeater,full_coverage,1,moon,750.0,1800.0,76,5,5,15,15,12,12,5.132401,107.798054,1777,1777,1980,1980
with_repeater,full_coverage,2,leo,750.0,1800.0,76,5,5,15,15,14,14,0.130271,2.727147,1777,1777,1980,1980
with_repeater,full_coverage,3,earth,750.0,1800.0,76,5,5,15,15,14,14,0.184397,3.902865,1777,1777,1980,1980
blackout_only,full_coverage,0,mars,750.0,1800.0,77,0,1,0,3,0,2,,,1778,1778,1980,1980
blackout_only,full_coverage,1,moon,750.0,1800.0,77,5,5,15,15,12,12,5.131045,107.779055,1778,1778,1980,1980
blackout_only,full_coverage,2,leo,750.0,1800.0,77,5,5,15,15,14,14,0.131669,2.728890,1778,1778,1980,1980
blackout_only,full_coverage,3,earth,750.0,1800.0,77,5,5,15,15,14,14,0.185512,3.887945,1778,1778,1980,1980
with_repeater,full_coverage,0,mars,750.0,1800.0,77,0,1,0,3,0,2,,,1777,1777,1980,1980
with_repeater,full_coverage,1,moon,750.0,1800.0,77,5,5,15,15,12,12,5.133688,107.794255,1777,1777,1980,1980
with_repeater,full_coverage,2,leo,750.0,1800.0,77,5,5,15,15,14,14,0.129448,2.727663,1777,1777,1980,1980
with_repeater,full_coverage,3,earth,750.0,1800.0,77,5,5,15,15,14,14,0.183469,3.871694,1777,1777,1980,1980
blackout_only,full_coverage,0,mars,750.0,1800.0,78,0,1,0,3,0,2,,,1777,1777,1980,1980
blackout_only,full_coverage,1,moon,750.0,1800.0,78,5,5,15,15,12,12,5.132292,107.781366,1777,1777,1980,1980
blackout_only,full_coverage,2,leo,750.0,1800.0,78,5,5,15,15,14,14,0.129958,2.727525,1777,1777,1980,1980
blackout_only,full_coverage,3,earth,750.0,1800.0,78,5,5,15,15,14,14,0.181173,3.832847,1777,1777,1980,1980
with_repeater,full_coverage,0,mars,750.0,1800.0,78,0,1,0,3,0,2,,,1777,1777,1980,1980
with_repeater,full_coverage,1,moon,750.0,1800.0,78,5,5,15,15,12,12,5.131804,107.757465,1777,1777,1980,1980
with_repeater,full_coverage,2,leo,750.0,1800.0,78,5,5,15,15,14,14,0.129317,2.703606,1777,1777,1980,1980
with_repeater,full_coverage,3,earth,750.0,1800.0,78,5,5,15,15,14,14,0.183013,3.813831,1777,1777,1980,1980
blackout_only,full_coverage,0,mars,750.0,1800.0,79,0,1,0,3,0,2,,,1777,1777,1980,1980
blackout_only,full_coverage,1,moon,750.0,1800.0,79,5,5,15,15,12,12,5.128813,107.736784,1777,1777,1980,1980
blackout_only,full_coverage,2,leo,750.0,1800.0,79,5,5,15,15,14,14,0.131434,2.757352,1777,1777,1980,1980
blackout_only,full_coverage,3,earth,750.0,1800.0,79,5,5,15,15,14,14,0.183933,3.882446,1777,1777,1980,1980
with_repeater,full_coverage,0,mars,750.0,1800.0,79,0,1,0,3,0,2,,,1778,1778,1980,1980
with_repeater,full_coverage,1,moon,750.0,1800.0,79,5,5,15,15,12,12,5.132209,107.820068,1778,1778,1980,1980
with_repeater,full_coverage,2,leo,750.0,1800.0,79,5,5,15,15,14,14,0.131356,2.781293,1778,1778,1980,1980
with_repeater,full_coverage,3,earth,750.0,1800.0,79,5,5,15,15,14,14,0.182552,3.854643,1778,1778,1980,1980
blackout_only,full_coverage,0,mars,750.0,1800.0,80,0,1,0,3,0,2,,,1777,1777,1980,1980
blackout_only,full_coverage,1,moon,750.0,1800.0,80,5,5,15,15,12,12,5.132703,107.778045,1777,1777,1980,1980
blackout_only,full_coverage,2,leo,750.0,1800.0,80,5,5,15,15,14,14,0.131431,2.740065,1777,1777,1980,1980
blackout_only,full_coverage,3,earth,750.0,1800.0,80,5,5,15,15,14,14,0.182852,3.868650,1777,1777,1980,1980
with_repeater,full_coverage,0,mars,750.0,1800.0,80,0,1,0,3,0,2,,,1777,1777,1980,1980
with_repeater,full_coverage,1,moon,750.0,1800.0,80,5,5,15,15,12,12,5.130088,107.719733,1777,1777,1980,1980
with_repeater,full_coverage,2,leo,750.0,1800.0,80,5,5,15,15,14,14,0.130737,2.755781,1777,1777,1980,1980
with_repeater,full_coverage,3,earth,750.0,1800.0,80,5,5,15,15,14,14,0.183222,3.787398,1777,1777,1980,1980
blackout_only,full_coverage,0,mars,750.0,1800.0,81,0,1,0,3,0,2,,,1777,1777,1980,1980
blackout_only,full_coverage,1,moon,750.0,1800.0,81,5,5,15,15,12,12,5.130182,107.758776,1777,1777,1980,1980
blackout_only,full_coverage,2,leo,750.0,1800.0,81,5,5,15,15,14,14,0.130144,2.731611,1777,1777,1980,1980
blackout_only,full_coverage,3,earth,750.0,1800.0,81,5,5,15,15,14,14,0.180320,3.733329,1777,1777,1980,1980
with_repeater,full_coverage,0,mars,750.0,1800.0,81,0,1,0,3,0,2,,,1777,1777,1980,1980
with_repeater,full_coverage,1,moon,750.0,1800.0,81,5,5,15,15,12,12,5.131449,107.739031,1777,1777,1980,1980
with_repeater,full_coverage,2,leo,750.0,1800.0,81,5,5,15,15,14,14,0.131975,2.770391,1777,1777,1980,1980
with_repeater,full_coverage,3,earth,750.0,1800.0,81,5,5,15,15,14,14,0.182440,3.864818,1777,1777,1980,1980
blackout_only,full_coverage,0,mars,750.0,1800.0,82,0,1,0,3,0,2,,,1778,1778,1980,1980
blackout_only,full_coverage,1,moon,750.0,1800.0,82,5,5,15,15,12,12,5.131543,107.774965,1778,1778,1980,1980
blackout_only,full_coverage,2,leo,750.0,1800.0,82,5,5,15,15,14,14,0.130699,2.743879,1778,1778,1980,1980
blackout_only,full_coverage,3,earth,750.0,1800.0,82,5,5,15,15,14,14,0.180324,3.792371,1778,1778,1980,1980
with_repeater,full_coverage,0,mars,750.0,1800.0,82,0,1,0,3,0,2,,,1777,1777,1980,1980
with_repeater,full_coverage,1,moon,750.0,1800.0,82,5,5,15,15,12,12,5.131155,107.794774,1777,1777,1980,1980
with_repeater,full_coverage,2,leo,750.0,1800.0,82,5,5,15,15,14,14,0.131935,2.788535,1777,1777,1980,1980
with_repeater,full_coverage,3,earth,750.0,1800.0,82,5,5,15,15,14,14,0.183879,3.853887,1777,1777,1980,1980
blackout_only,full_coverage,0,mars,750.0,1800.0,83,0,1,0,3,0,2,,,1778,1778,1980,1980
blackout_only,full_coverage,1,moon,750.0,1800.0,83,5,5,15,15,12,12,5.131026,107.732521,1778,1778,1980,1980
blackout_only,full_coverage,2,leo,750.0,1800.0,83,5,5,15,15,14,14,0.129338,2.719014,1778,1778,1980,1980
blackout_only,full_coverage,3,earth,750.0,1800.0,83,5,5,15,15,14,14,0.182621,3.805088,1778,1778,1980,1980
with_repeater,full_coverage,0,mars,750.0,1800.0,83,0,1,0,3,0,2,,,1777,1777,1980,1980
with_repeater,full_coverage,1,moon,750.0,1800.0,83,5,5,15,15,12,12,5.131870,107.785979,1777,1777,1980,1980
with_repeater,full_coverage,2,leo,750.0,1800.0,83,5,5,15,15,14,14,0.130102,2.729963,1777,1777,1980,1980
with_repeater,full_coverage,3,earth,750.0,1800.0,83,5,5,15,15,14,14,0.180875,3.787534,1777,1777,1980,1980
blackout_only,full_coverage,0,mars,750.0,1800.0,84,0,1,0,3,0,2,,,1777,1777,1980,1980
blackout_only,full_coverage,1,moon,750.0,1800.0,84,5,5,15,15,12,12,5.132690,107.766308,1777,1777,1980,1980
blackout_only,full_coverage,2,leo,750.0,1800.0,84,5,5,15,15,14,14,0.132395,2.742373,1777,1777,1980,1980
blackout_only,full_coverage,3,earth,750.0,1800.0,84,5,5,15,15,14,14,0.181926,3.841008,1777,1777,1980,1980
with_repeater,full_coverage,0,mars,750.0,1800.0,84,0,1,0,3,0,2,,,1777,1777,1980,1980
with_repeater,full_coverage,1,moon,750.0,1800.0,84,5,5,15,15,12,12,5.132034,107.781065,1777,1777,1980,1980
with_repeater,full_coverage,2,leo,750.0,1800.0,84,5,5,15,15,14,14,0.130991,2.749448,1777,1777,1980,1980
with_repeater,full_coverage,3,earth,750.0,1800.0,84,5,5,15,15,14,14,0.179633,3.781644,1777,1777,1980,1980
blackout_only,full_coverage,0,mars,750.0,1800.0,85,0,1,0,3,0,2,,,1778,1778,1980,1980
blackout_only,full_coverage,1,moon,750.0,1800.0,85,5,5,15,15,12,12,5.129022,107.695717,1778,1778,1980,1980
blackout_only,full_coverage,2,leo,750.0,1800.0,85,5,5,15,15,14,14,0.129478,2.722277,1778,1778,1980,1980
blackout_only,full_coverage,3,earth,750.0,1800.0,85,5,5,15,15,14,14,0.182481,3.828512,1778,1778,1980,1980
with_repeater,full_coverage,0,mars,750.0,1800.0,85,0,1,0,3,0,2,,,1777,1777,1980,1980
with_repeater,full_coverage,1,moon,750.0,1800.0,85,5,5,15,15,12,12,5.130370,107.734464,1777,1777,1980,1980
with_repeater,full_coverage,2,leo,750.0,1800.0,85,5,5,15,15,14,14,0.130570,2.734974,1777,1777,1980,1980
with_repeater,full_coverage,3,earth,750.0,1800.0,85,5,5,15,15,14,14,0.180683,3.767735,1777,1777,1980,1980
blackout_only,full_coverage,0,mars,750.0,1800.0,86,0,1,0,3,0,2,,,1777,1777,1980,1980
blackout_only,full_coverage,1,moon,750.0,1800.0,86,5,5,15,15,12,12,5.131630,107.759092,1777,1777,1980,1980
blackout_only,full_coverage,2,leo,750.0,1800.0,86,5,5,15,15,14,14,0.130912,2.723047,1777,1777,1980,1980
blackout_only,full_coverage,3,earth,750.0,1800.0,86,5,5,15,15,14,14,0.184638,3.867925,1777,1777,1980,1980
with_repeater,full_coverage,0,mars,750.0,1800.0,86,0,1,0,3,0,2,,,1777,1777,1980,1980
with_repeater,full_coverage,1,moon,750.0,1800.0,86,5,5,15,15,12,12,5.132617,107.786921,1777,1777,1980,1980
with_repeater,full_coverage,2,leo,750.0,1800.0,86,5,5,15,15,14,14,0.131580,2.762875,1777,1777,1980,1980
with_repeater,full_coverage,3,earth,750.0,1800.0,86,5,5,15,15,14,14,0.184691,3.848880,1777,1777,1980,1980
blackout_only,full_coverage,0,mars,750.0,1800.0,87,0,1,0,3,0,2,,,1777,1777,1980,1980
blackout_only,full_coverage,1,moon,750.0,1800.0,87,5,5,15,15,12,12,5.131923,107.731402,1777,1777,1980,1980
blackout_only,full_coverage,2,leo,750.0,1800.0,87,5,5,15,15,14,14,0.130864,2.755007,1777,1777,1980,1980
blackout_only,full_coverage,3,earth,750.0,1800.0,87,5,5,15,15,14,14,0.184240,3.845941,1777,1777,1980,1980
with_repeater,full_coverage,0,mars,750.0,1800.0,87,0,1,0,3,0,2,,,1777,1777,1980,1980
with_repeater,full_coverage,1,moon,750.0,1800.0,87,5,5,15,15,12,12,5.132582,107.799559,1777,1777,1980,1980
with_repeater,full_coverage,2,leo,750.0,1800.0,87,5,5,15,15,14,14,0.131462,2.758116,1777,1777,1980,1980
with_repeater,full_coverage,3,earth,750.0,1800.0,87,5,5,15,15,14,14,0.181965,3.791162,1777,1777,1980,1980
blackout_only,full_coverage,0,mars,750.0,1800.0,88,0,1,0,3,0,2,,,1777,1777,1980,1980
blackout_only,full_coverage,1,moon,750.0,1800.0,88,5,5,15,15,12,12,5.130833,107.772793,1777,1777,1980,1980
blackout_only,full_coverage,2,leo,750.0,1800.0,88,5,5,15,15,14,14,0.130921,2.741860,1777,1777,1980,1980
blackout_only,full_coverage,3,earth,750.0,1800.0,88,5,5,15,15,14,14,0.184397,3.868791,1777,1777,1980,1980
with_repeater,full_coverage,0,mars,750.0,1800.0,88,0,1,0,3,0,2,,,1777,1777,1980,1980
with_repeater,full_coverage,1,moon,750.0,1800.0,88,5,5,15,15,12,12,5.130781,107.777504,1777,1777,1980,1980
with_repeater,full_coverage,2,leo,750.0,1800.0,88,5,5,15,15,14,14,0.130625,2.731462,1777,1777,1980,1980
with_repeater,full_coverage,3,earth,750.0,1800.0,88,5,5,15,15,14,14,0.183805,3.874773,1777,1777,1980,1980
blackout_only,full_coverage,0,mars,750.0,1800.0,89,0,1,0,3,0,2,,,1777,1777,1980,1980
blackout_only,full_coverage,1,moon,750.0,1800.0,89,5,5,15,15,12,12,5.129874,107.733525,1777,1777,1980,1980
blackout_only,full_coverage,2,leo,750.0,1800.0,89,5,5,15,15,14,14,0.130691,2.761371,1777,1777,1980,1980
blackout_only,full_coverage,3,earth,750.0,1800.0,89,5,5,15,15,14,14,0.181180,3.807826,1777,1777,1980,1980
with_repeater,full_coverage,0,mars,750.0,1800.0,89,0,1,0,3,0,2,,,1778,1778,1980,1980
with_repeater,full_coverage,1,moon,750.0,1800.0,89,5,5,15,15,12,12,5.134132,107.820294,1778,1778,1980,1980
with_repeater,full_coverage,2,leo,750.0,1800.0,89,5,5,15,15,14,14,0.132071,2.783475,1778,1778,1980,1980
with_repeater,full_coverage,3,earth,750.0,1800.0,89,5,5,15,15,14,14,0.184526,3.877355,1778,1778,1980,1980
blackout_only,full_coverage,0,mars,1342.0,300.0,40,0,1,0,1,0,4,,,1778,1778,1980,1980
blackout_only,full_coverage,1,moon,1342.0,300.0,40,5,5,3,3,24,24,5.129818,106.151967,1778,1778,1980,1980
blackout_only,full_coverage,2,leo,1342.0,300.0,40,5,5,3,3,26,26,0.131594,61.156888,1778,1778,1980,1980
blackout_only,full_coverage,3,earth,1342.0,300.0,40,5,5,3,3,26,26,0.184627,61.677877,1778,1778,1980,1980
with_repeater,full_coverage,0,mars,1342.0,300.0,40,0,1,0,1,0,4,,,1777,1777,1980,1980
with_repeater,full_coverage,1,moon,1342.0,300.0,40,5,5,3,3,24,24,5.127816,106.142143,1777,1777,1980,1980
with_repeater,full_coverage,2,leo,1342.0,300.0,40,5,5,3,3,26,26,0.130792,61.170933,1777,1777,1980,1980
with_repeater,full_coverage,3,earth,1342.0,300.0,40,5,5,3,3,26,26,0.182824,61.692869,1777,1777,1980,1980
blackout_only,full_coverage,0,mars,1342.0,300.0,41,0,1,0,1,0,4,,,1777,1777,1980,1980
blackout_only,full_coverage,1,moon,1342.0,300.0,41,5,5,3,3,24,24,5.131602,106.175958,1777,1777,1980,1980
blackout_only,full_coverage,2,leo,1342.0,300.0,41,5,5,3,3,26,26,0.131706,61.176671,1777,1777,1980,1980
blackout_only,full_coverage,3,earth,1342.0,300.0,41,5,5,3,3,26,26,0.182290,61.663069,1777,1777,1980,1980
with_repeater,full_coverage,0,mars,1342.0,300.0,41,0,1,0,1,0,4,,,1778,1778,1980,1980
with_repeater,full_coverage,1,moon,1342.0,300.0,41,5,5,3,3,24,24,5.131962,106.183618,1778,1778,1980,1980
with_repeater,full_coverage,2,leo,1342.0,300.0,41,5,5,3,3,26,26,0.130444,61.182356,1778,1778,1980,1980
with_repeater,full_coverage,3,earth,1342.0,300.0,41,5,5,3,3,26,26,0.182953,61.669905,1778,1778,1980,1980
blackout_only,full_coverage,0,mars,1342.0,300.0,42,0,1,0,1,0,4,,,1777,1777,1980,1980
blackout_only,full_coverage,1,moon,1342.0,300.0,42,5,5,3,3,24,24,5.129725,106.157091,1777,1777,1980,1980
blackout_only,full_coverage,2,leo,1342.0,300.0,42,5,5,3,3,26,26,0.132306,61.203342,1777,1777,1980,1980
blackout_only,full_coverage,3,earth,1342.0,300.0,42,5,5,3,3,26,26,0.185033,61.681128,1777,1777,1980,1980
with_repeater,full_coverage,0,mars,1342.0,300.0,42,0,1,0,1,0,4,,,1777,1777,1980,1980
with_repeater,full_coverage,1,moon,1342.0,300.0,42,5,5,3,3,24,24,5.131454,106.186811,1777,1777,1980,1980
with_repeater,full_coverage,2,leo,1342.0,300.0,42,5,5,3,3,26,26,0.131098,61.193523,1777,1777,1980,1980
with_repeater,full_coverage,3,earth,1342.0,300.0,42,5,5,3,3,26,26,0.184943,61.672562,1777,1777,1980,1980
blackout_only,full_coverage,0,mars,1342.0,300.0,43,0,1,0,1,0,4,,,1777,1777,1980,1980
blackout_only,full_coverage,1,moon,1342.0,300.0,43,5,5,3,3,24,24,5.129127,106.132430,1777,1777,1980,1980
blackout_only,full_coverage,2,leo,1342.0,300.0,43,5,5,3,3,26,26,0.131715,61.186423,1777,1777,1980,1980
blackout_only,full_coverage,3,earth,1342.0,300.0,43,5,5,3,3,26,26,0.181719,61.640943,1777,1777,1980,1980
with_repeater,full_coverage,0,mars,1342.0,300.0,43,0,1,0,1,0,4,,,1777,1777,1980,1980
with_repeater,full_coverage,1,moon,1342.0,300.0,43,5,5,3,3,24,24,5.131603,106.188533,1777,1777,1980,1980
with_repeater,full_coverage,2,leo,1342.0,300.0,43,5,5,3,3,26,26,0.131641,61.189742,1777,1777,1980,1980
with_repeater,full_coverage,3,earth,1342.0,300.0,43,5,5,3,3,26,26,0.182239,61.657588,1777,1777,1980,1980
blackout_only,full_coverage,0,mars,1342.0,300.0,44,0,1,0,1,0,4,,,1777,1777,1980,1980
blackout_only,full_coverage,1,moon,1342.0,300.0,44,5,5,3,3,24,24,5.130155,106.234669,1777,1777,1980,1980
blackout_only,full_coverage,2,leo,1342.0,300.0,44,5,5,3,3,26,26,0.132667,61.155437,1777,1777,1980,1980
blackout_only,full_coverage,3,earth,1342.0,300.0,44,5,5,3,3,26,26,0.182659,61.620488,1777,1777,1980,1980
with_repeater,full_coverage,0,mars,1342.0,300.0,44,0,1,0,1,0,4,,,1777,1777,1980,1980
with_repeater,full_coverage,1,moon,1342.0,300.0,44,5,5,3,3,24,24,5.131713,106.208179,1777,1777,1980,1980
with_repeater,full_coverage,2,leo,1342.0,300.0,44,5,5,3,3,26,26,0.132588,61.184447,1777,1777,1980,1980
with_repeater,full_coverage,3,earth,1342.0,300.0,44,5,5,3,3,26,26,0.180150,61.609546,1777,1777,1980,1980
blackout_only,full_coverage,0,mars,1342.0,300.0,45,0,1,0,1,0,4,,,1777,1777,1980,1980
blackout_only,full_coverage,1,moon,1342.0,300.0,45,5,5,3,3,24,24,5.132865,106.176553,1777,1777,1980,1980
blackout_only,full_coverage,2,leo,1342.0,300.0,45,5,5,3,3,26,26,0.130590,61.161704,1777,1777,1980,1980
blackout_only,full_coverage,3,earth,1342.0,300.0,45,5,5,3,3,26,26,0.183733,61.638220,1777,1777,1980,1980
with_repeater,full_coverage,0,mars,1342.0,300.0,45,0,1,0,1,0,4,,,1778,1778,1980,1980
with_repeater,full_coverage,1,moon,1342.0,300.0,45,5,5,3,3,24,24,5.131331,106.171299,1778,1778,1980,1980
with_repeater,full_coverage,2,leo,1342.0,300.0,45,5,5,3,3,26,26,0.129050,61.151590,1778,1778,1980,1980
with_repeater,full_coverage,3,earth,1342.0,300.0,45,5,5,3,3,26,26,0.182578,61.633118,1778,1778,1980,1980
blackout_only,full_coverage,0,mars,1342.0,300.0,46,0,1,0,1,0,4,,,1777,1777,1980,1980
blackout_only,full_coverage,1,moon,1342.0,300.0,46,5,5,3,3,24,24,5.130901,106.161423,1777,1777,1980,1980
blackout_only,full_coverage,2,leo,1342.0,300.0,46,5,5,3,3,26,26,0.131970,61.204808,1777,1777,1980,1980
blackout_only,full_coverage,3,earth,1342.0,300.0,46,5,5,3,3,26,26,0.186445,61.732288,1777,1777,1980,1980
with_repeater,full_coverage,0,mars,1342.0,300.0,46,0,1,0,1,0,4,,,1777,1777,1980,1980
with_repeater,full_coverage,1,moon,1342.0,300.0,46,5,5,3,3,24,24,5.129897,106.187726,1777,1777,1980,1980
with_repeater,full_coverage,2,leo,1342.0,300.0,46,5,5,3,3,26,26,0.129990,61.196852,1777,1777,1980,1980
with_repeater,full_coverage,3,earth,1342.0,300.0,46,5,5,3,3,26,26,0.185021,61.726820,1777,1777,1980,1980
blackout_only,full_coverage,0,mars,1342.0,300.0,47,0,1,0,1,0,4,,,1777,1777,1980,1980
blackout_only,full_coverage,1,moon,1342.0,300.0,47,5,5,3,3,24,24,5.133409,106.180426,1777,1777,1980,1980
blackout_only,full_coverage,2,leo,1342.0,300.0,47,5,5,3,3,26,26,0.131711,61.165755,1777,1777,1980,1980
blackout_only,full_coverage,3,earth,1342.0,300.0,47,5,5,3,3,26,26,0.183421,61.678273,1777,1777,1980,1980
with_repeater,full_coverage,0,mars,1342.0,300.0,47,0,1,0,1,0,4,,,1777,1777,1980,1980
with_repeater,full_coverage,1,moon,1342.0,300.0,47,5,5,3,3,24,24,5.134715,106.197517,1777,1777,1980,1980
with_repeater,full_coverage,2,leo,1342.0,300.0,47,5,5,3,3,26,26,0.131415,61.174519,1777,1777,1980,1980
with_repeater,full_coverage,3,earth,1342.0,300.0,47,5,5,3,3,26,26,0.184461,61.674004,1777,1777,1980,1980
blackout_only,full_coverage,0,mars,1342.0,300.0,48,0,1,0,1,0,4,,,1777,1777,1980,1980
blackout_only,full_coverage,1,moon,1342.0,300.0,48,5,5,3,3,24,24,5.132255,106.191583,1777,1777,1980,1980
blackout_only,full_coverage,2,leo,1342.0,300.0,48,5,5,3,3,26,26,0.131247,61.178886,1777,1777,1980,1980
blackout_only,full_coverage,3,earth,1342.0,300.0,48,5,5,3,3,26,26,0.183577,61.651364,1777,1777,1980,1980
with_repeater,full_coverage,0,mars,1342.0,300.0,48,0,1,0,1,0,4,,,1777,1777,1980,1980
with_repeater,full_coverage,1,moon,1342.0,300.0,48,5,5,3,3,24,24,5.130805,106.172350,1777,1777,1980,1980
with_repeater,full_coverage,2,leo,1342.0,300.0,48,5,5,3,3,26,26,0.131257,61.188798,1777,1777,1980,1980
with_repeater,full_coverage,3,earth,1342.0,300.0,48,5,5,3,3,26,26,0.182520,61.625564,1777,1777,1980,1980
blackout_only,full_coverage,0,mars,1342.0,300.0,49,0,1,0,1,0,4,,,1777,1777,1980,1980
blackout_only,full_coverage,1,moon,1342.0,300.0,49,5,5,3,3,24,24,5.130885,106.199540,1777,1777,1980,1980
blackout_only,full_coverage,2,leo,1342.0,300.0,49,5,5,3,3,26,26,0.131933,61.214664,1777,1777,1980,1980
blackout_only,full_coverage,3,earth,1342.0,300.0,49,5,5,3,3,26,26,0.183394,61.643150,1777,1777,1980,1980
with_repeater,full_coverage,0,mars,1342.0,300.0,49,0,1,0,1,0,4,,,1777,1777,1980,1980
with_repeater,full_coverage,1,moon,1342.0,300.0,49,5,5,3,3,24,24,5.129388,106.193258,1777,1777,1980,1980
with_repeater,full_coverage,2,leo,1342.0,300.0,49,5,5,3,3,26,26,0.132135,61.214030,1777,1777,1980,1980
with_repeater,full_coverage,3,earth,1342.0,300.0,49,5,5,3,3,26,26,0.184860,61.652458,1777,1777,1980,1980
blackout_only,full_coverage,0,mars,1342.0,300.0,50,0,1,0,1,0,4,,,1777,1777,1980,1980
blackout_only,full_coverage,1,moon,1342.0,300.0,50,5,5,3,3,24,24,5.131654,106.156563,1777,1777,1980,1980
blackout_only,full_coverage,2,leo,1342.0,300.0,50,5,5,3,3,26,26,0.129496,61.148693,1777,1777,1980,1980
blackout_only,full_coverage,3,earth,1342.0,300.0,50,5,5,3,3,26,26,0.183579,61.655352,1777,1777,1980,1980
with_repeater,full_coverage,0,mars,1342.0,300.0,50,0,1,0,1,0,4,,,1777,1777,1980,1980
with_repeater,full_coverage,1,moon,1342.0,300.0,50,5,5,3,3,24,24,5.133361,106.168823,1777,1777,1980,1980
with_repeater,full_coverage,2,leo,1342.0,300.0,50,5,5,3,3,26,26,0.130359,61.164413,1777,1777,1980,1980
with_repeater,full_coverage,3,earth,1342.0,300.0,50,5,5,3,3,26,26,0.182706,61.647519,1777,1777,1980,1980
blackout_only,full_coverage,0,mars,1342.0,300.0,51,0,1,0,1,0,4,,,1777,1777,1980,1980
blackout_only,full_coverage,1,moon,1342.0,300.0,51,5,5,3,3,24,24,5.135475,106.242787,1777,1777,1980,1980
blackout_only,full_coverage,2,leo,1342.0,300.0,51,5,5,3,3,26,26,0.130259,61.166815,1777,1777,1980,1980
blackout_only,full_coverage,3,earth,1342.0,300.0,51,5,5,3,3,26,26,0.184416,61.632170,1777,1777,1980,1980
with_repeater,full_coverage,0,mars,1342.0,300.0,51,0,1,0,1,0,4,,,1777,1777,1980,1980
with_repeater,full_coverage,1,moon,1342.0,300.0,51,5,5,3,3,24,24,5.134751,106.245744,1777,1777,1980,1980
with_repeater,full_coverage,2,leo,1342.0,300.0,51,5,5,3,3,26,26,0.131221,61.154881,1777,1777,1980,1980
with_repeater,full_coverage,3,earth,1342.0,300.0,51,5,5,3,3,26,26,0.182728,61.679531,1777,1777,1980,1980
blackout_only,full_coverage,0,mars,1342.0,300.0,52,0,1,0,1,0,4,,,1778,1778,1980,1980
blackout_only,full_coverage,1,moon,1342.0,300.0,52,5,5,3,3,24,24,5.130890,106.164404,1778,1778,1980,1980
blackout_only,full_coverage,2,leo,1342.0,300.0,52,5,5,3,3,26,26,0.131338,61.163998,1778,1778,1980,1980
blackout_only,full_coverage,3,earth,1342.0,300.0,52,5,5,3,3,26,26,0.183350,61.680218,1778,1778,1980,1980
with_repeater,full_coverage,0,mars,1342.0,300.0,52,0,1,0,1,0,4,,,1778,1778,1980,1980
with_repeater,full_coverage,1,moon,1342.0,300.0,52,5,5,3,3,24,24,5.127935,106.171344,1778,1778,1980,1980
with_repeater,full_coverage,2,leo,1342.0,300.0,52,5,5,3,3,26,26,0.132659,61.172830,1778,1778,1980,1980
with_repeater,full_coverage,3,earth,1342.0,300.0,52,5,5,3,3,26,26,0.184257,61.677986,1778,1778,1980,1980
blackout_only,full_coverage,0,mars,1342.0,300.0,53,0,1,0,1,0,4,,,1777,1777,1980,1980
blackout_only,full_coverage,1,moon,1342.0,300.0,53,5,5,3,3,24,24,5.130714,106.160925,1777,1777,1980,1980
blackout_only,full_coverage,2,leo,1342.0,300.0,53,5,5,3,3,26,26,0.132277,61.173247,1777,1777,1980,1980
blackout_only,full_coverage,3,earth,1342.0,300.0,53,5,5,3,3,26,26,0.183878,61.668852,1777,1777,1980,1980
with_repeater,full_coverage,0,mars,1342.0,300.0,53,0,1,0,1,0,4,,,1777,1777,1980,1980
with_repeater,full_coverage,1,moon,1342.0,300.0,53,5,5,3,3,24,24,5.130818,106.156807,1777,1777,1980,1980
with_repeater,full_coverage,2,leo,1342.0,300.0,53,5,5,3,3,26,26,0.130575,61.165943,1777,1777,1980,1980
with_repeater,full_coverage,3,earth,1342.0,300.0,53,5,5,3,3,26,26,0.181781,61.658567,1777,1777,1980,1980
blackout_only,full_coverage,0,mars,1342.0,300.0,54,0,1,0,1,0,4,,,1777,1777,1980,1980
blackout_only,full_coverage,1,moon,1342.0,300.0,54,5,5,3,3,24,24,5.129969,106.121729,1777,1777,1980,1980
blackout_only,full_coverage,2,leo,1342.0,300.0,54,5,5,3,3,26,26,0.129774,61.175687,1777,1777,1980,1980
blackout_only,full_coverage,3,earth,1342.0,300.0,54,5,5,3,3,26,26,0.183076,61.665997,1777,1777,1980,1980
with_repeater,full_coverage,0,mars,1342.0,300.0,54,0,1,0,1,0,4,,,1777,1777,1980,1980
with_repeater,full_coverage,1,moon,1342.0,300.0,54,5,5,3,3,24,24,5.131863,106.163242,1777,1777,1980,1980
with_repeater,full_coverage,2,leo,1342.0,300.0,54,5,5,3,3,26,26,0.132192,61.163294,1777,1777,1980,1980
with_repeater,full_coverage,3,earth,1342.0,300.0,54,5,5,3,3,26,26,0.185241,61.640023,1777,1777,1980,1980
blackout_only,full_coverage,0,mars,1342.0,300.0,55,0,1,0,1,0,4,,,1777,1777,1980,1980
blackout_only,full_coverage,1,moon,1342.0,300.0,55,5,5,3,3,24,24,5.134065,106.213020,1777,1777,1980,1980
blackout_only,full_coverage,2,leo,1342.0,300.0,55,5,5,3,3,26,26,0.131734,61.179159,1777,1777,1980,1980
blackout_only,full_coverage,3,earth,1342.0,300.0,55,5,5,3,3,26,26,0.182734,61.645317,1777,1777,1980,1980
with_repeater,full_coverage,0,mars,1342.0,300.0,55,0,1,0,1,0,4,,,1777,1777,1980,1980
with_repeater,full_coverage,1,moon,1342.0,300.0,55,5,5,3,3,24,24,5.132590,106.217207,1777,1777,1980,1980
with_repeater,full_coverage,2,leo,1342.0,300.0,55,5,5,3,3,26,26,0.131554,61.200652,1777,1777,1980,1980
with_repeater,full_coverage,3,earth,1342.0,300.0,55,5,5,3,3,26,26,0.184039,61.649833,1777,1777,1980,1980
blackout_only,full_coverage,0,mars,1342.0,300.0,56,0,1,0,1,0,4,,,1778,1778,1980,1980
blackout_only,full_coverage,1,moon,1342.0,300.0,56,5,5,3,3,24,24,5.132356,106.207990,1778,1778,1980,1980
blackout_only,full_coverage,2,leo,1342.0,300.0,56,5,5,3,3,26,26,0.131784,61.190275,1778,1778,1980,1980
blackout_only,full_coverage,3,earth,1342.0,300.0,56,5,5,3,3,26,26,0.183745,61.657000,1778,1778,1980,1980
with_repeater,full_coverage,0,mars,1342.0,300.0,56,0,1,0,1,0,4,,,1777,1777,1980,1980
with_repeater,full_coverage,1,moon,1342.0,300.0,56,5,5,3,3,24,24,5.133594,106.211071,1777,1777,1980,1980
with_repeater,full_coverage,2,leo,1342.0,300.0,56,5,5,3,3,26,26,0.130165,61.168356,1777,1777,1980,1980
with_repeater,full_coverage,3,earth,1342.0,300.0,56,5,5,3,3,26,26,0.183116,61.702089,1777,1777,1980,1980
blackout_only,full_coverage,0,mars,1342.0,300.0,57,0,1,0,1,0,4,,,1777,1777,1980,1980
blackout_only,full_coverage,1,moon,1342.0,300.0,57,5,5,3,3,24,24,5.132737,106.174749,1777,1777,1980,1980
blackout_only,full_coverage,2,leo,1342.0,300.0,57,5,5,3,3,26,26,0.130821,61.197144,1777,1777,1980,1980
blackout_only,full_coverage,3,earth,1342.0,300.0,57,5,5,3,3,26,26,0.183133,61.667522,1777,1777,1980,1980
with_repeater,full_coverage,0,mars,1342.0,300.0,57,0,1,0,1,0,4,,,1778,1778,1980,1980
with_repeater,full_coverage,1,moon,1342.0,300.0,57,5,5,3,3,24,24,5.129282,106.134511,1778,1778,1980,1980
with_repeater,full_coverage,2,leo,1342.0,300.0,57,5,5,3,3,26,26,0.131532,61.199866,1778,1778,1980,1980
with_repeater,full_coverage,3,earth,1342.0,300.0,57,5,5,3,3,26,26,0.185279,61.656357,1778,1778,1980,1980
blackout_only,full_coverage,0,mars,1342.0,300.0,58,0,1,0,1,0,4,,,1777,1777,1980,1980
blackout_only,full_coverage,1,moon,1342.0,300.0,58,5,5,3,3,24,24,5.130916,106.185182,1777,1777,1980,1980
blackout_only,full_coverage,2,leo,1342.0,300.0,58,5,5,3,3,26,26,0.132396,61.183316,1777,1777,1980,1980
blackout_only,full_coverage,3,earth,1342.0,300.0,58,5,5,3,3,26,26,0.186397,61.672447,1777,1777,1980,1980
with_repeater,full_coverage,0,mars,1342.0,300.0,58,0,1,0,1,0,4,,,1777,1777,1980,1980
with_repeater,full_coverage,1,moon,1342.0,300.0,58,5,5,3,3,24,24,5.129748,106.170841,1777,1777,1980,1980
with_repeater,full_coverage,2,leo,1342.0,300.0,58,5,5,3,3,26,26,0.132117,61.183145,1777,1777,1980,1980
with_repeater,full_coverage,3,earth,1342.0,300.0,58,5,5,3,3,26,26,0.182947,61.671490,1777,1777,1980,1980
blackout_only,full_coverage,0,mars,1342.0,300.0,59,0,1,0,1,0,4,,,1777,1777,1980,1980
blackout_only,full_coverage,1,moon,1342.0,300.0,59,5,5,3,3,24,24,5.128731,106.128606,1777,1777,1980,1980
blackout_only,full_coverage,2,leo,1342.0,300.0,59,5,5,3,3,26,26,0.131669,61.191216,1777,1777,1980,1980
blackout_only,full_coverage,3,earth,1342.0,300.0,59,5,5,3,3,26,26,0.183635,61.659511,1777,1777,1980,1980
with_repeater,full_coverage,0,mars,1342.0,300.0,59,0,1,0,1,0,4,,,1777,1777,1980,1980
with_repeater,full_coverage,1,moon,1342.0,300.0,59,5,5,3,3,24,24,5.131025,106.131302,1777,1777,1980,1980
with_repeater,full_coverage,2,leo,1342.0,300.0,59,5,5,3,3,26,26,0.131344,61.186143,1777,1777,1980,1980
with_repeater,full_coverage,3,earth,1342.0,300.0,59,5,5,3,3,26,26,0.183224,61.676071,1777,1777,1980,1980
blackout_only,full_coverage,0,mars,1342.0,300.0,60,0,1,0,1,0,4,,,1777,1777,1980,1980
blackout_only,full_coverage,1,moon,1342.0,300.0,60,5,5,3,3,24,24,5.129491,106.144448,1777,1777,1980,1980
blackout_only,full_coverage,2,leo,1342.0,300.0,60,5,5,3,3,26,26,0.133248,61.183157,1777,1777,1980,1980
blackout_only,full_coverage,3,earth,1342.0,300.0,60,5,5,3,3,26,26,0.183631,61.687729,1777,1777,1980,1980
with_repeater,full_coverage,0,mars,1342.0,300.0,60,0,1,0,1,0,4,,,1778,1778,1980,1980
with_repeater,full_coverage,1,moon,1342.0,300.0,60,5,5,3,3,24,24,5.128910,106.159011,1778,1778,1980,1980
with_repeater,full_coverage,2,leo,1342.0,300.0,60,5,5,3,3,26,26,0.129606,61.189388,1778,1778,1980,1980
with_repeater,full_coverage,3,earth,1342.0,300.0,60,5,5,3,3,26,26,0.183585,61.671533,1778,1778,1980,1980
blackout_only,full_coverage,0,mars,1342.0,300.0,61,0,1,0,1,0,4,,,1777,1777,1980,1980
blackout_only,full_coverage,1,moon,1342.0,300.0,61,5,5,3,3,24,24,5.129364,106.149060,1777,1777,1980,1980
blackout_only,full_coverage,2,leo,1342.0,300.0,61,5,5,3,3,26,26,0.131603,61.166901,1777,1777,1980,1980
blackout_only,full_coverage,3,earth,1342.0,300.0,61,5,5,3,3,26,26,0.183601,61.663712,1777,1777,1980,1980
with_repeater,full_coverage,0,mars,1342.0,300.0,61,0,1,0,1,0,4,,,1777,1777,1980,1980
with_repeater,full_coverage,1,moon,1342.0,300.0,61,5,5,3,3,24,24,5.131771,106.144688,1777,1777,1980,1980
with_repeater,full_coverage,2,leo,1342.0,300.0,61,5,5,3,3,26,26,0.131840,61.151685,1777,1777,1980,1980
with_repeater,full_coverage,3,earth,1342.0,300.0,61,5,5,3,3,26,26,0.183134,61.650893,1777,1777,1980,1980
blackout_only,full_coverage,0,mars,1342.0,300.0,62,0,1,0,1,0,4,,,1777,1777,1980,1980
blackout_only,full_coverage,1,moon,1342.0,300.0,62,5,5,3,3,24,24,5.127851,106.168293,1777,1777,1980,1980
blackout_only,full_coverage,2,leo,1342.0,300.0,62,5,5,3,3,26,26,0.129947,61.170701,1777,1777,1980,1980
blackout_only,full_coverage,3,earth,1342.0,300.0,62,5,5,3,3,26,26,0.184429,61.661127,1777,1777,1980,1980
with_repeater,full_coverage,0,mars,1342.0,300.0,62,0,1,0,1,0,4,,,1777,1777,1980,1980
with_repeater,full_coverage,1,moon,1342.0,300.0,62,5,5,3,3,24,24,5.131431,106.172510,1777,1777,1980,1980
with_repeater,full_coverage,2,leo,1342.0,300.0,62,5,5,3,3,26,26,0.132177,61.174840,1777,1777,1980,1980
with_repeater,full_coverage,3,earth,1342.0,300.0,62,5,5,3,3,26,26,0.184633,61.670241,1777,1777,1980,1980
blackout_only,full_coverage,0,mars,1342.0,300.0,63,0,1,0,1,0,4,,,1777,1777,1980,1980
blackout_only,full_coverage,1,moon,1342.0,300.0,63,5,5,3,3,24,24,5.130321,106.150479,1777,1777,1980,1980
blackout_only,full_coverage,2,leo,1342.0,300.0,63,5,5,3,3,26,26,0.130220,61.186224,1777,1777,1980,1980
blackout_only,full_coverage,3,earth,1342.0,300.0,63,5,5,3,3,26,26,0.181910,61.692221,1777,1777,1980,1980
with_repeater,full_coverage,0,mars,1342.0,300.0,63,0,1,0,1,0,4,,,1777,1777,1980,1980
with_repeater,full_coverage,1,moon,1342.0,300.0,63,5,5,3,3,24,24,5.128572,106.145526,1777,1777,1980,1980
with_repeater,full_coverage,2,leo,1342.0,300.0,63,5,5,3,3,26,26,0.131236,61.184236,1777,1777,1980,1980
with_repeater,full_coverage,3,earth,1342.0,300.0,63,5,5,3,3,26,26,0.182883,61.662078,1777,1777,1980,1980
blackout_only,full_coverage,0,mars,1342.0,300.0,64,0,1,0,1,0,4,,,1777,1777,1980,1980
blackout_only,full_coverage,1,moon,1342.0,300.0,64,5,5,3,3,24,24,5.130932,106.125891,1777,1777,1980,1980
blackout_only,full_coverage,2,leo,1342.0,300.0,64,5,5,3,3,26,26,0.131103,61.186234,1777,1777,1980,1980
blackout_only,full_coverage,3,earth,1342.0,300.0,64,5,5,3,3,26,26,0.184050,61.644432,1777,1777,1980,1980
with_repeater,full_coverage,0,mars,1342.0,300.0,64,0,1,0,1,0,4,,,1777,1777,1980,1980
with_repeater,full_coverage,1,moon,1342.0,300.0,64,5,5,3,3,24,24,5.129524,106.139097,1777,1777,1980,1980
with_repeater,full_coverage,2,leo,1342.0,300.0,64,5,5,3,3,26,26,0.130813,61.170942,1777,1777,1980,1980
with_repeater,full_coverage,3,earth,1342.0,300.0,64,5,5,3,3,26,26,0.182607,61.627777,1777,1777,1980,1980
blackout_only,full_coverage,0,mars,1342.0,300.0,65,0,1,0,1,0,4,,,1777,1777,1980,1980
blackout_only,full_coverage,1,moon,1342.0,300.0,65,5,5,3,3,24,24,5.130293,106.149422,1777,1777,1980,1980
blackout_only,full_coverage,2,leo,1342.0,300.0,65,5,5,3,3,26,26,0.130422,61.201456,1777,1777,1980,1980
blackout_only,full_coverage,3,earth,1342.0,300.0,65,5,5,3,3,26,26,0.182940,61.647448,1777,1777,1980,1980
with_repeater,full_coverage,0,mars,1342.0,300.0,65,0,1,0,1,0,4,,,1777,1777,1980,1980
with_repeater,full_coverage,1,moon,1342.0,300.0,65,5,5,3,3,24,24,5.130390,106.149314,1777,1777,1980,1980
with_repeater,full_coverage,2,leo,1342.0,300.0,65,5,5,3,3,26,26,0.131291,61.206353,1777,1777,1980,1980
with_repeater,full_coverage,3,earth,1342.0,300.0,65,5,5,3,3,26,26,0.182064,61.629840,1777,1777,1980,1980
blackout_only,full_coverage,0,mars,1342.0,300.0,66,0,1,0,1,0,4,,,1777,1777,1980,1980
blackout_only,full_coverage,1,moon,1342.0,300.0,66,5,5,3,3,24,24,5.130080,106.149458,1777,1777,1980,1980
blackout_only,full_coverage,2,leo,1342.0,300.0,66,5,5,3,3,26,26,0.131270,61.160440,1777,1777,1980,1980
blackout_only,full_coverage,3,earth,1342.0,300.0,66,5,5,3,3,26,26,0.182679,61.630165,1777,1777,1980,1980
with_repeater,full_coverage,0,mars,1342.0,300.0,66,0,1,0,1,0,4,,,1777,1777,1980,1980
with_repeater,full_coverage,1,moon,1342.0,300.0,66,5,5,3,3,24,24,5.129380,106.145444,1777,1777,1980,1980
with_repeater,full_coverage,2,leo,1342.0,300.0,66,5,5,3,3,26,26,0.128921,61.150178,1777,1777,1980,1980
with_repeater,full_coverage,3,earth,1342.0,300.0,66,5,5,3,3,26,26,0.181213,61.623371,1777,1777,1980,1980
blackout_only,full_coverage,0,mars,1342.0,300.0,67,0,1,0,1,0,4,,,1777,1777,1980,1980
blackout_only,full_coverage,1,moon,1342.0,300.0,67,5,5,3,3,24,24,5.132143,106.211960,1777,1777,1980,1980
blackout_only,full_coverage,2,leo,1342.0,300.0,67,5,5,3,3,26,26,0.128279,61.166437,1777,1777,1980,1980
blackout_only,full_coverage,3,earth,1342.0,300.0,67,5,5,3,3,26,26,0.181890,61.643050,1777,1777,1980,1980
with_repeater,full_coverage,0,mars,1342.0,300.0,67,0,1,0,1,0,4,,,1777,1777,1980,1980
with_repeater,full_coverage,1,moon,1342.0,300.0,67,5,5,3,3,24,24,5.133783,106.229525,1777,1777,1980,1980
with_repeater,full_coverage,2,leo,1342.0,300.0,67,5,5,3,3,26,26,0.130586,61.164025,1777,1777,1980,1980
with_repeater,full_coverage,3,earth,1342.0,300.0,67,5,5,3,3,26,26,0.183967,61.661212,1777,1777,1980,1980
blackout_only,full_coverage,0,mars,1342.0,300.0,68,0,1,0,1,0,4,,,1778,1778,1980,1980
blackout_only,full_coverage,1,moon,1342.0,300.0,68,5,5,3,3,24,24,5.127475,106.122477,1778,1778,1980,1980
blackout_only,full_coverage,2,leo,1342.0,300.0,68,5,5,3,3,26,26,0.132756,61.181362,1778,1778,1980,1980
blackout_only,full_coverage,3,earth,1342.0,300.0,68,5,5,3,3,26,26,0.185123,61.669982,1778,1778,1980,1980
with_repeater,full_coverage,0,mars,1342.0,300.0,68,0,1,0,1,0,4,,,1777,1777,1980,1980
with_repeater,full_coverage,1,moon,1342.0,300.0,68,5,5,3,3,24,24,5.129189,106.101813,1777,1777,1980,1980
with_repeater,full_coverage,2,leo,1342.0,300.0,68,5,5,3,3,26,26,0.130950,61.180132,1777,1777,1980,1980
with_repeater,full_coverage,3,earth,1342.0,300.0,68,5,5,3,3,26,26,0.185193,61.658298,1777,1777,1980,1980
blackout_only,full_coverage,0,mars,1342.0,300.0,69,0,1,0,1,0,4,,,1777,1777,1980,1980
blackout_only,full_coverage,1,moon,1342.0,300.0,69,5,5,3,3,24,24,5.132503,106.197335,1777,1777,1980,1980
blackout_only,full_coverage,2,leo,1342.0,300.0,69,5,5,3,3,26,26,0.129387,61.161546,1777,1777,1980,1980
blackout_only,full_coverage,3,earth,1342.0,300.0,69,5,5,3,3,26,26,0.180822,61.612545,1777,1777,1980,1980
with_repeater,full_coverage,0,mars,1342.0,300.0,69,0,1,0,1,0,4,,,1778,1778,1980,1980
with_repeater,full_coverage,1,moon,1342.0,300.0,69,5,5,3,3,24,24,5.131149,106.162733,1778,1778,1980,1980
with_repeater,full_coverage,2,leo,1342.0,300.0,69,5,5,3,3,26,26,0.131049,61.163793,1778,1778,1980,1980
with_repeater,full_coverage,3,earth,1342.0,300.0,69,5,5,3,3,26,26,0.182825,61.629049,1778,1778,1980,1980
blackout_only,full_coverage,0,mars,1342.0,300.0,70,0,1,0,1,0,4,,,1777,1777,1980,1980
blackout_only,full_coverage,1,moon,1342.0,300.0,70,5,5,3,3,24,24,5.132309,106.218773,1777,1777,1980,1980
blackout_only,full_coverage,2,leo,1342.0,300.0,70,5,5,3,3,26,26,0.131860,61.188333,1777,1777,1980,1980
blackout_only,full_coverage,3,earth,1342.0,300.0,70,5,5,3,3,26,26,0.182921,61.635157,1777,1777,1980,1980
with_repeater,full_coverage,0,mars,1342.0,300.0,70,0,1,0,1,0,4,,,1777,1777,1980,1980
with_repeater,full_coverage,1,moon,1342.0,300.0,70,5,5,3,3,24,24,5.129675,106.173354,1777,1777,1980,1980
with_repeater,full_coverage,2,leo,1342.0,300.0,70,5,5,3,3,26,26,0.131500,61.171689,1777,1777,1980,1980
with_repeater,full_coverage,3,earth,1342.0,300.0,70,5,5,3,3,26,26,0.182840,61.605888,1777,1777,1980,1980
blackout_only,full_coverage,0,mars,1342.0,300.0,71,0,1,0,1,0,4,,,1777,1777,1980,1980
blackout_only,full_coverage,1,moon,1342.0,300.0,71,5,5,3,3,24,24,5.130822,106.190382,1777,1777,1980,1980
blackout_only,full_coverage,2,leo,1342.0,300.0,71,5,5,3,3,26,26,0.130723,61.165824,1777,1777,1980,1980
blackout_only,full_coverage,3,earth,1342.0,300.0,71,5,5,3,3,26,26,0.184315,61.668196,1777,1777,1980,1980
with_repeater,full_coverage,0,mars,1342.0,300.0,71,0,1,0,1,0,4,,,1777,1777,1980,1980
with_repeater,full_coverage,1,moon,1342.0,300.0,71,5,5,3,3,24,24,5.131504,106.170997,1777,1777,1980,1980
with_repeater,full_coverage,2,leo,1342.0,300.0,71,5,5,3,3,26,26,0.130027,61.178981,1777,1777,1980,1980
with_repeater,full_coverage,3,earth,1342.0,300.0,71,5,5,3,3,26,26,0.183931,61.646960,1777,1777,1980,1980
blackout_only,full_coverage,0,mars,1342.0,300.0,72,0,1,0,1,0,4,,,1777,1777,1980,1980
blackout_only,full_coverage,1,moon,1342.0,300.0,72,5,5,3,3,24,24,5.131594,106.144842,1777,1777,1980,1980
blackout_only,full_coverage,2,leo,1342.0,300.0,72,5,5,3,3,26,26,0.131134,61.186819,1777,1777,1980,1980
blackout_only,full_coverage,3,earth,1342.0,300.0,72,5,5,3,3,26,26,0.185186,61.652094,1777,1777,1980,1980
with_repeater,full_coverage,0,mars,1342.0,300.0,72,0,1,0,1,0,4,,,1777,1777,1980,1980
with_repeater,full_coverage,1,moon,1342.0,300.0,72,5,5,3,3,24,24,5.128223,106.137917,1777,1777,1980,1980
with_repeater,full_coverage,2,leo,1342.0,300.0,72,5,5,3,3,26,26,0.130603,61.176598,1777,1777,1980,1980
with_repeater,full_coverage,3,earth,1342.0,300.0,72,5,5,3,3,26,26,0.183685,61.633570,1777,1777,1980,1980
blackout_only,full_coverage,0,mars,1342.0,300.0,73,0,1,0,1,0,4,,,1777,1777,1980,1980
blackout_only,full_coverage,1,moon,1342.0,300.0,73,5,5,3,3,24,24,5.129118,106.207308,1777,1777,1980,1980
blackout_only,full_coverage,2,leo,1342.0,300.0,73,5,5,3,3,26,26,0.131152,61.189713,1777,1777,1980,1980
blackout_only,full_coverage,3,earth,1342.0,300.0,73,5,5,3,3,26,26,0.184092,61.668471,1777,1777,1980,1980
with_repeater,full_coverage,0,mars,1342.0,300.0,73,0,1,0,1,0,4,,,1777,1777,1980,1980
with_repeater,full_coverage,1,moon,1342.0,300.0,73,5,5,3,3,24,24,5.129751,106.199132,1777,1777,1980,1980
with_repeater,full_coverage,2,leo,1342.0,300.0,73,5,5,3,3,26,26,0.132050,61.192168,1777,1777,1980,1980
with_repeater,full_coverage,3,earth,1342.0,300.0,73,5,5,3,3,26,26,0.183829,61.649299,1777,1777,1980,1980
blackout_only,full_coverage,0,mars,1342.0,300.0,74,0,1,0,1,0,4,,,1777,1777,1980,1980
blackout_only,full_coverage,1,moon,1342.0,300.0,74,5,5,3,3,24,24,5.130665,106.145008,1777,1777,1980,1980
blackout_only,full_coverage,2,leo,1342.0,300.0,74,5,5,3,3,26,26,0.131838,61.205098,1777,1777,1980,1980
blackout_only,full_coverage,3,earth,1342.0,300.0,74,5,5,3,3,26,26,0.182913,61.681554,1777,1777,1980,1980
with_repeater,full_coverage,0,mars,1342.0,300.0,74,0,1,0,1,0,4,,,1778,1778,1980,1980
with_repeater,full_coverage,1,moon,1342.0,300.0,74,5,5,3,3,24,24,5.131072,106.230964,1778,1778,1980,1980
with_repeater,full_coverage,2,leo,1342.0,300.0,74,5,5,3,3,26,26,0.131731,61.210197,1778,1778,1980,1980
with_repeater,full_coverage,3,earth,1342.0,300.0,74,5,5,3,3,26,26,0.184883,61.653651,1778,1778,1980,1980
blackout_only,full_coverage,0,mars,1342.0,300.0,75,0,1,0,1,0,4,,,1777,1777,1980,1980
blackout_only,full_coverage,1,moon,1342.0,300.0,75,5,5,3,3,24,24,5.131069,106.208074,1777,1777,1980,1980
blackout_only,full_coverage,2,leo,1342.0,300.0,75,5,5,3,3,26,26,0.131476,61.191194,1777,1777,1980,1980
blackout_only,full_coverage,3,earth,1342.0,300.0,75,5,5,3,3,26,26,0.181543,61.614355,1777,1777,1980,1980
with_repeater,full_coverage,0,mars,1342.0,300.0,75,0,1,0,1,0,4,,,1778,1778,1980,1980
with_repeater,full_coverage,1,moon,1342.0,300.0,75,5,5,3,3,24,24,5.130052,106.206850,1778,1778,1980,1980
with_repeater,full_coverage,2,leo,1342.0,300.0,75,5,5,3,3,26,26,0.131702,61.187180,1778,1778,1980,1980
with_repeater,full_coverage,3,earth,1342.0,300.0,75,5,5,3,3,26,26,0.182561,61.633043,1778,1778,1980,1980
blackout_only,full_coverage,0,mars,1342.0,300.0,76,0,1,0,1,0,4,,,1777,1777,1980,1980
blackout_only,full_coverage,1,moon,1342.0,300.0,76,5,5,3,3,24,24,5.131523,106.145628,1777,1777,1980,1980
blackout_only,full_coverage,2,leo,1342.0,300.0,76,5,5,3,3,26,26,0.129578,61.162643,1777,1777,1980,1980
blackout_only,full_coverage,3,earth,1342.0,300.0,76,5,5,3,3,26,26,0.183628,61.647938,1777,1777,1980,1980
with_repeater,full_coverage,0,mars,1342.0,300.0,76,0,1,0,1,0,4,,,1777,1777,1980,1980
with_repeater,full_coverage,1,moon,1342.0,300.0,76,5,5,3,3,24,24,5.129237,106.164650,1777,1777,1980,1980
with_repeater,full_coverage,2,leo,1342.0,300.0,76,5,5,3,3,26,26,0.131268,61.158307,1777,1777,1980,1980
with_repeater,full_coverage,3,earth,1342.0,300.0,76,5,5,3,3,26,26,0.184508,61.645316,1777,1777,1980,1980
blackout_only,full_coverage,0,mars,1342.0,300.0,77,0,1,0,1,0,4,,,1777,1777,1980,1980
blackout_only,full_coverage,1,moon,1342.0,300.0,77,5,5,3,3,24,24,5.132990,106.185916,1777,1777,1980,1980
blackout_only,full_coverage,2,leo,1342.0,300.0,77,5,5,3,3,26,26,0.131309,61.158510,1777,1777,1980,1980
blackout_only,full_coverage,3,earth,1342.0,300.0,77,5,5,3,3,26,26,0.185948,61.691295,1777,1777,1980,1980
with_repeater,full_coverage,0,mars,1342.0,300.0,77,0,1,0,1,0,4,,,1777,1777,1980,1980
with_repeater,full_coverage,1,moon,1342.0,300.0,77,5,5,3,3,24,24,5.130814,106.179462,1777,1777,1980,1980
with_repeater,full_coverage,2,leo,1342.0,300.0,77,5,5,3,3,26,26,0.129576,61.157459,1777,1777,1980,1980
with_repeater,full_coverage,3,earth,1342.0,300.0,77,5,5,3,3,26,26,0.183914,61.656575,1777,1777,1980,1980
blackout_only,full_coverage,0,mars,1342.0,300.0,78,0,1,0,1,0,4,,,1777,1777,1980,1980
blackout_only,full_coverage,1,moon,1342.0,300.0,78,5,5,3,3,24,24,5.129865,106.187237,1777,1777,1980,1980
blackout_only,full_coverage,2,leo,1342.0,300.0,78,5,5,3,3,26,26,0.131212,61.157281,1777,1777,1980,1980
blackout_only,full_coverage,3,earth,1342.0,300.0,78,5,5,3,3,26,26,0.183233,61.637305,1777,1777,1980,1980
with_repeater,full_coverage,0,mars,1342.0,300.0,78,0,1,0,1,0,4,,,1777,1777,1980,1980
with_repeater,full_coverage,1,moon,1342.0,300.0,78,5,5,3,3,24,24,5.131044,106.184516,1777,1777,1980,1980
with_repeater,full_coverage,2,leo,1342.0,300.0,78,5,5,3,3,26,26,0.129995,61.143897,1777,1777,1980,1980
with_repeater,full_coverage,3,earth,1342.0,300.0,78,5,5,3,3,26,26,0.181861,61.620806,1777,1777,1980,1980
blackout_only,full_coverage,0,mars,1342.0,300.0,79,0,1,0,1,0,4,,,1777,1777,1980,1980
blackout_only,full_coverage,1,moon,1342.0,300.0,79,5,5,3,3,24,24,5.131410,106.155400,1777,1777,1980,1980
blackout_only,full_coverage,2,leo,1342.0,300.0,79,5,5,3,3,26,26,0.131965,61.177039,1777,1777,1980,1980
blackout_only,full_coverage,3,earth,1342.0,300.0,79,5,5,3,3,26,26,0.182998,61.660375,1777,1777,1980,1980
with_repeater,full_coverage,0,mars,1342.0,300.0,79,0,1,0,1,0,4,,,1777,1777,1980,1980
with_repeater,full_coverage,1,moon,1342.0,300.0,79,5,5,3,3,24,24,5.132884,106.197709,1777,1777,1980,1980
with_repeater,full_coverage,2,leo,1342.0,300.0,79,5,5,3,3,26,26,0.131694,61.186921,1777,1777,1980,1980
with_repeater,full_coverage,3,earth,1342.0,300.0,79,5,5,3,3,26,26,0.182017,61.669467,1777,1777,1980,1980
blackout_only,full_coverage,0,mars,1342.0,300.0,80,0,1,0,1,0,4,,,1777,1777,1980,1980
blackout_only,full_coverage,1,moon,1342.0,300.0,80,5,5,3,3,24,24,5.132735,106.213625,1777,1777,1980,1980
blackout_only,full_coverage,2,leo,1342.0,300.0,80,5,5,3,3,26,26,0.130507,61.192433,1777,1777,1980,1980
blackout_only,full_coverage,3,earth,1342.0,300.0,80,5,5,3,3,26,26,0.183368,61.615947,1777,1777,1980,1980
with_repeater,full_coverage,0,mars,1342.0,300.0,80,0,1,0,1,0,4,,,1778,1778,1980,1980
with_repeater,full_coverage,1,moon,1342.0,300.0,80,5,5,3,3,24,24,5.132042,106.186985,1778,1778,1980,1980
with_repeater,full_coverage,2,leo,1342.0,300.0,80,5,5,3,3,26,26,0.130281,61.165646,1778,1778,1980,1980
with_repeater,full_coverage,3,earth,1342.0,300.0,80,5,5,3,3,26,26,0.183788,61.637290,1778,1778,1980,1980
blackout_only,full_coverage,0,mars,1342.0,300.0,81,0,1,0,1,0,4,,,1777,1777,1980,1980
blackout_only,full_coverage,1,moon,1342.0,300.0,81,5,5,3,3,24,24,5.129647,106.169578,1777,1777,1980,1980
blackout_only,full_coverage,2,leo,1342.0,300.0,81,5,5,3,3,26,26,0.131016,61.191956,1777,1777,1980,1980
blackout_only,full_coverage,3,earth,1342.0,300.0,81,5,5,3,3,26,26,0.182061,61.618364,1777,1777,1980,1980
with_repeater,full_coverage,0,mars,1342.0,300.0,81,0,1,0,1,0,4,,,1777,1777,1980,1980
with_repeater,full_coverage,1,moon,1342.0,300.0,81,5,5,3,3,24,24,5.130930,106.201970,1777,1777,1980,1980
with_repeater,full_coverage,2,leo,1342.0,300.0,81,5,5,3,3,26,26,0.131861,61.192417,1777,1777,1980,1980
with_repeater,full_coverage,3,earth,1342.0,300.0,81,5,5,3,3,26,26,0.183613,61.632870,1777,1777,1980,1980
blackout_only,full_coverage,0,mars,1342.0,300.0,82,0,1,0,1,0,4,,,1777,1777,1980,1980
blackout_only,full_coverage,1,moon,1342.0,300.0,82,5,5,3,3,24,24,5.132336,106.214664,1777,1777,1980,1980
blackout_only,full_coverage,2,leo,1342.0,300.0,82,5,5,3,3,26,26,0.130854,61.178415,1777,1777,1980,1980
blackout_only,full_coverage,3,earth,1342.0,300.0,82,5,5,3,3,26,26,0.181484,61.611863,1777,1777,1980,1980
with_repeater,full_coverage,0,mars,1342.0,300.0,82,0,1,0,1,0,4,,,1777,1777,1980,1980
with_repeater,full_coverage,1,moon,1342.0,300.0,82,5,5,3,3,24,24,5.132721,106.223646,1777,1777,1980,1980
with_repeater,full_coverage,2,leo,1342.0,300.0,82,5,5,3,3,26,26,0.131101,61.186748,1777,1777,1980,1980
with_repeater,full_coverage,3,earth,1342.0,300.0,82,5,5,3,3,26,26,0.183180,61.651770,1777,1777,1980,1980
blackout_only,full_coverage,0,mars,1342.0,300.0,83,0,1,0,1,0,4,,,1777,1777,1980,1980
blackout_only,full_coverage,1,moon,1342.0,300.0,83,5,5,3,3,24,24,5.129183,106.143866,1777,1777,1980,1980
blackout_only,full_coverage,2,leo,1342.0,300.0,83,5,5,3,3,26,26,0.131163,61.171668,1777,1777,1980,1980
blackout_only,full_coverage,3,earth,1342.0,300.0,83,5,5,3,3,26,26,0.180537,61.606062,1777,1777,1980,1980
with_repeater,full_coverage,0,mars,1342.0,300.0,83,0,1,0,1,0,4,,,1778,1778,1980,1980
with_repeater,full_coverage,1,moon,1342.0,300.0,83,5,5,3,3,24,24,5.131441,106.179985,1778,1778,1980,1980
with_repeater,full_coverage,2,leo,1342.0,300.0,83,5,5,3,3,26,26,0.131029,61.151483,1778,1778,1980,1980
with_repeater,full_coverage,3,earth,1342.0,300.0,83,5,5,3,3,26,26,0.182482,61.632683,1778,1778,1980,1980
blackout_only,full_coverage,0,mars,1342.0,300.0,84,0,1,0,1,0,4,,,1777,1777,1980,1980
blackout_only,full_coverage,1,moon,1342.0,300.0,84,5,5,3,3,24,24,5.132452,106.196277,1777,1777,1980,1980
blackout_only,full_coverage,2,leo,1342.0,300.0,84,5,5,3,3,26,26,0.129996,61.153879,1777,1777,1980,1980
blackout_only,full_coverage,3,earth,1342.0,300.0,84,5,5,3,3,26,26,0.181797,61.623947,1777,1777,1980,1980
with_repeater,full_coverage,0,mars,1342.0,300.0,84,0,1,0,1,0,4,,,1777,1777,1980,1980
with_repeater,full_coverage,1,moon,1342.0,300.0,84,5,5,3,3,24,24,5.134765,106.198906,1777,1777,1980,1980
with_repeater,full_coverage,2,leo,1342.0,300.0,84,5,5,3,3,26,26,0.132816,61.169348,1777,1777,1980,1980
with_repeater,full_coverage,3,earth,1342.0,300.0,84,5,5,3,3,26,26,0.182993,61.634921,1777,1777,1980,1980
blackout_only,full_coverage,0,mars,1342.0,300.0,85,0,1,0,1,0,4,,,1778,1778,1980,1980
blackout_only,full_coverage,1,moon,1342.0,300.0,85,5,5,3,3,24,24,5.129670,106.163187,1778,1778,1980,1980
blackout_only,full_coverage,2,leo,1342.0,300.0,85,5,5,3,3,26,26,0.131870,61.169384,1778,1778,1980,1980
blackout_only,full_coverage,3,earth,1342.0,300.0,85,5,5,3,3,26,26,0.180330,61.599227,1778,1778,1980,1980
with_repeater,full_coverage,0,mars,1342.0,300.0,85,0,1,0,1,0,4,,,1777,1777,1980,1980
with_repeater,full_coverage,1,moon,1342.0,300.0,85,5,5,3,3,24,24,5.131084,106.159847,1777,1777,1980,1980
with_repeater,full_coverage,2,leo,1342.0,300.0,85,5,5,3,3,26,26,0.129091,61.171136,1777,1777,1980,1980
with_repeater,full_coverage,3,earth,1342.0,300.0,85,5,5,3,3,26,26,0.179360,61.602860,1777,1777,1980,1980
blackout_only,full_coverage,0,mars,1342.0,300.0,86,0,1,0,1,0,4,,,1777,1777,1980,1980
blackout_only,full_coverage,1,moon,1342.0,300.0,86,5,5,3,3,24,24,5.128752,106.157749,1777,1777,1980,1980
blackout_only,full_coverage,2,leo,1342.0,300.0,86,5,5,3,3,26,26,0.132253,61.184271,1777,1777,1980,1980
blackout_only,full_coverage,3,earth,1342.0,300.0,86,5,5,3,3,26,26,0.182204,61.649797,1777,1777,1980,1980
with_repeater,full_coverage,0,mars,1342.0,300.0,86,0,1,0,1,0,4,,,1777,1777,1980,1980
with_repeater,full_coverage,1,moon,1342.0,300.0,86,5,5,3,3,24,24,5.130076,106.167110,1777,1777,1980,1980
with_repeater,full_coverage,2,leo,1342.0,300.0,86,5,5,3,3,26,26,0.131895,61.190202,1777,1777,1980,1980
with_repeater,full_coverage,3,earth,1342.0,300.0,86,5,5,3,3,26,26,0.183681,61.660049,1777,1777,1980,1980
blackout_only,full_coverage,0,mars,1342.0,300.0,87,0,1,0,1,0,4,,,1777,1777,1980,1980
blackout_only,full_coverage,1,moon,1342.0,300.0,87,5,5,3,3,24,24,5.129374,106.159183,1777,1777,1980,1980
blackout_only,full_coverage,2,leo,1342.0,300.0,87,5,5,3,3,26,26,0.132081,61.196670,1777,1777,1980,1980
blackout_only,full_coverage,3,earth,1342.0,300.0,87,5,5,3,3,26,26,0.184324,61.633413,1777,1777,1980,1980
with_repeater,full_coverage,0,mars,1342.0,300.0,87,0,1,0,1,0,4,,,1777,1777,1980,1980
with_repeater,full_coverage,1,moon,1342.0,300.0,87,5,5,3,3,24,24,5.131286,106.175239,1777,1777,1980,1980
with_repeater,full_coverage,2,leo,1342.0,300.0,87,5,5,3,3,26,26,0.133223,61.188728,1777,1777,1980,1980
with_repeater,full_coverage,3,earth,1342.0,300.0,87,5,5,3,3,26,26,0.178305,61.613113,1777,1777,1980,1980
blackout_only,full_coverage,0,mars,1342.0,300.0,88,0,1,0,1,0,4,,,1777,1777,1980,1980
blackout_only,full_coverage,1,moon,1342.0,300.0,88,5,5,3,3,24,24,5.132678,106.209874,1777,1777,1980,1980
blackout_only,full_coverage,2,leo,1342.0,300.0,88,5,5,3,3,26,26,0.128752,61.166083,1777,1777,1980,1980
blackout_only,full_coverage,3,earth,1342.0,300.0,88,5,5,3,3,26,26,0.183005,61.651068,1777,1777,1980,1980
with_repeater,full_coverage,0,mars,1342.0,300.0,88,0,1,0,1,0,4,,,1777,1777,1980,1980
with_repeater,full_coverage,1,moon,1342.0,300.0,88,5,5,3,3,24,24,5.131078,106.200223,1777,1777,1980,1980
with_repeater,full_coverage,2,leo,1342.0,300.0,88,5,5,3,3,26,26,0.130726,61.155871,1777,1777,1980,1980
with_repeater,full_coverage,3,earth,1342.0,300.0,88,5,5,3,3,26,26,0.181655,61.650490,1777,1777,1980,1980
blackout_only,full_coverage,0,mars,1342.0,300.0,89,0,1,0,1,0,4,,,1777,1777,1980,1980
blackout_only,full_coverage,1,moon,1342.0,300.0,89,5,5,3,3,24,24,5.132446,106.190517,1777,1777,1980,1980
blackout_only,full_coverage,2,leo,1342.0,300.0,89,5,5,3,3,26,26,0.131278,61.179050,1777,1777,1980,1980
blackout_only,full_coverage,3,earth,1342.0,300.0,89,5,5,3,3,26,26,0.184272,61.653604,1777,1777,1980,1980
with_repeater,full_coverage,0,mars,1342.0,300.0,89,0,1,0,1,0,4,,,1777,1777,1980,1980
with_repeater,full_coverage,1,moon,1342.0,300.0,89,5,5,3,3,24,24,5.131997,106.176604,1777,1777,1980,1980
with_repeater,full_coverage,2,leo,1342.0,300.0,89,5,5,3,3,26,26,0.130446,61.183400,1777,1777,1980,1980
with_repeater,full_coverage,3,earth,1342.0,300.0,89,5,5,3,3,26,26,0.184810,61.668056,1777,1777,1980,1980
blackout_only,full_coverage,0,mars,1342.0,900.0,40,0,1,0,2,0,3,,,1778,1778,1980,1980
blackout_only,full_coverage,1,moon,1342.0,900.0,40,5,5,7,7,20,20,5.130421,6.702770,1778,1778,1980,1980
blackout_only,full_coverage,2,leo,1342.0,900.0,40,5,5,8,8,21,21,0.128359,61.800385,1778,1778,1980,1980
blackout_only,full_coverage,3,earth,1342.0,900.0,40,5,5,8,8,21,21,0.186793,62.614562,1778,1778,1980,1980
with_repeater,full_coverage,0,mars,1342.0,900.0,40,0,1,0,2,0,3,,,1778,1778,1980,1980
with_repeater,full_coverage,1,moon,1342.0,900.0,40,5,5,7,7,20,20,5.130534,6.665429,1778,1778,1980,1980
with_repeater,full_coverage,2,leo,1342.0,900.0,40,5,5,8,8,21,21,0.129301,61.812510,1778,1778,1980,1980
with_repeater,full_coverage,3,earth,1342.0,900.0,40,5,5,8,8,21,21,0.181861,62.575565,1778,1778,1980,1980
blackout_only,full_coverage,0,mars,1342.0,900.0,41,0,1,0,2,0,3,,,1777,1777,1980,1980
blackout_only,full_coverage,1,moon,1342.0,900.0,41,5,5,7,7,20,20,5.132910,6.726317,1777,1777,1980,1980
blackout_only,full_coverage,2,leo,1342.0,900.0,41,5,5,8,8,21,21,0.131836,61.836374,1777,1777,1980,1980
blackout_only,full_coverage,3,earth,1342.0,900.0,41,5,5,8,8,21,21,0.183745,62.561217,1777,1777,1980,1980
with_repeater,full_coverage,0,mars,1342.0,900.0,41,0,1,0,2,0,3,,,1777,1777,1980,1980
with_repeater,full_coverage,1,moon,1342.0,900.0,41,5,5,7,7,20,20,5.133091,6.743542,1777,1777,1980,1980
with_repeater,full_coverage,2,leo,1342.0,900.0,41,5,5,8,8,21,21,0.130843,61.841916,1777,1777,1980,1980
with_repeater,full_coverage,3,earth,1342.0,900.0,41,5,5,8,8,21,21,0.181745,62.587078,1777,1777,1980,1980
blackout_only,full_coverage,0,mars,1342.0,900.0,42,0,1,0,2,0,3,,,1777,1777,1980,1980
blackout_only,full_coverage,1,moon,1342.0,900.0,42,5,5,7,7,20,20,5.130601,6.684950,1777,1777,1980,1980
blackout_only,full_coverage,2,leo,1342.0,900.0,42,5,5,8,8,21,21,0.131102,61.840713,1777,1777,1980,1980
blackout_only,full_coverage,3,earth,1342.0,900.0,42,5,5,8,8,21,21,0.184919,62.595692,1777,1777,1980,1980
with_repeater,full_coverage,0,mars,1342.0,900.0,42,0,1,0,2,0,3,,,1777,1777,1980,1980
with_repeater,full_coverage,1,moon,1342.0,900.0,42,5,5,7,7,20,20,5.130667,6.699173,1777,1777,1980,1980
with_repeater,full_coverage,2,leo,1342.0,900.0,42,5,5,8,8,21,21,0.132076,61.846785,1777,1777,1980,1980
with_repeater,full_coverage,3,earth,1342.0,900.0,42,5,5,8,8,21,21,0.183999,62.559541,1777,1777,1980,1980
blackout_only,full_coverage,0,mars,1342.0,900.0,43,0,1,0,2,0,3,,,1777,1777,1980,1980
blackout_only,full_coverage,1,moon,1342.0,900.0,43,5,5,7,7,20,20,5.130950,6.690669,1777,1777,1980,1980
blackout_only,full_coverage,2,leo,1342.0,900.0,43,5,5,8,8,21,21,0.132451,61.871776,1777,1777,1980,1980
blackout_only,full_coverage,3,earth,1342.0,900.0,43,5,5,8,8,21,21,0.185267,62.549948,1777,1777,1980,1980
with_repeater,full_coverage,0,mars,1342.0,900.0,43,0,1,0,2,0,3,,,1777,1777,1980,1980
with_repeater,full_coverage,1,moon,1342.0,900.0,43,5,5,7,7,20,20,5.132285,6.733897,1777,1777,1980,1980
with_repeater,full_coverage,2,leo,1342.0,900.0,43,5,5,8,8,21,21,0.131947,61.842760,1777,1777,1980,1980
with_repeater,full_coverage,3,earth,1342.0,900.0,43,5,5,8,8,21,21,0.182775,62.542267,1777,1777,1980,1980
blackout_only,full_coverage,0,mars,1342.0,900.0,44,0,1,0,2,0,3,,,1777,1777,1980,1980
blackout_only,full_coverage,1,moon,1342.0,900.0,44,5,5,7,7,20,20,5.130976,6.722778,1777,1777,1980,1980
blackout_only,full_coverage,2,leo,1342.0,900.0,44,5,5,8,8,21,21,0.132485,61.843510,1777,1777,1980,1980
blackout_only,full_coverage,3,earth,1342.0,900.0,44,5,5,8,8,21,21,0.180179,62.512682,1777,1777,1980,1980
with_repeater,full_coverage,0,mars,1342.0,900.0,44,0,1,0,2,0,3,,,1777,1777,1980,1980
with_repeater,full_coverage,1,moon,1342.0,900.0,44,5,5,7,7,20,20,5.134040,6.746958,1777,1777,1980,1980
with_repeater,full_coverage,2,leo,1342.0,900.0,44,5,5,8,8,21,21,0.131943,61.847414,1777,1777,1980,1980
with_repeater,full_coverage,3,earth,1342.0,900.0,44,5,5,8,8,21,21,0.181787,62.526108,1777,1777,1980,1980
blackout_only,full_coverage,0,mars,1342.0,900.0,45,0,1,0,2,0,3,,,1777,1777,1980,1980
blackout_only,full_coverage,1,moon,1342.0,900.0,45,5,5,7,7,20,20,5.130017,6.727673,1777,1777,1980,1980
blackout_only,full_coverage,2,leo,1342.0,900.0,45,5,5,8,8,21,21,0.128871,61.799371,1777,1777,1980,1980
blackout_only,full_coverage,3,earth,1342.0,900.0,45,5,5,8,8,21,21,0.183868,62.534628,1777,1777,1980,1980
with_repeater,full_coverage,0,mars,1342.0,900.0,45,0,1,0,2,0,3,,,1777,1777,1980,1980
with_repeater,full_coverage,1,moon,1342.0,900.0,45,5,5,7,7,20,20,5.133667,6.683602,1777,1777,1980,1980
with_repeater,full_coverage,2,leo,1342.0,900.0,45,5,5,8,8,21,21,0.130972,61.803193,1777,1777,1980,1980
with_repeater,full_coverage,3,earth,1342.0,900.0,45,5,5,8,8,21,21,0.181360,62.548909,1777,1777,1980,1980
blackout_only,full_coverage,0,mars,1342.0,900.0,46,0,1,0,2,0,3,,,1777,1777,1980,1980
blackout_only,full_coverage,1,moon,1342.0,900.0,46,5,5,7,7,20,20,5.129590,6.674669,1777,1777,1980,1980
blackout_only,full_coverage,2,leo,1342.0,900.0,46,5,5,8,8,21,21,0.132402,61.881882,1777,1777,1980,1980
blackout_only,full_coverage,3,earth,1342.0,900.0,46,5,5,8,8,21,21,0.185776,62.653101,1777,1777,1980,1980
with_repeater,full_coverage,0,mars,1342.0,900.0,46,0,1,0,2,0,3,,,1777,1777,1980,1980
with_repeater,full_coverage,1,moon,1342.0,900.0,46,5,5,7,7,20,20,5.129496,6.680926,1777,1777,1980,1980
with_repeater,full_coverage,2,leo,1342.0,900.0,46,5,5,8,8,21,21,0.132509,61.870586,1777,1777,1980,1980
with_repeater,full_coverage,3,earth,1342.0,900.0,46,5,5,8,8,21,21,0.185218,62.673118,1777,1777,1980,1980
blackout_only,full_coverage,0,mars,1342.0,900.0,47,0,1,0,2,0,3,,,1777,1777,1980,1980
blackout_only,full_coverage,1,moon,1342.0,900.0,47,5,5,7,7,20,20,5.132799,6.700918,1777,1777,1980,1980
blackout_only,full_coverage,2,leo,1342.0,900.0,47,5,5,8,8,21,21,0.129133,61.810245,1777,1777,1980,1980
blackout_only,full_coverage,3,earth,1342.0,900.0,47,5,5,8,8,21,21,0.184594,62.563984,1777,1777,1980,1980
with_repeater,full_coverage,0,mars,1342.0,900.0,47,0,1,0,2,0,3,,,1777,1777,1980,1980
with_repeater,full_coverage,1,moon,1342.0,900.0,47,5,5,7,7,20,20,5.130971,6.741549,1777,1777,1980,1980
with_repeater,full_coverage,2,leo,1342.0,900.0,47,5,5,8,8,21,21,0.131295,61.843983,1777,1777,1980,1980
with_repeater,full_coverage,3,earth,1342.0,900.0,47,5,5,8,8,21,21,0.184465,62.598604,1777,1777,1980,1980
blackout_only,full_coverage,0,mars,1342.0,900.0,48,0,1,0,2,0,3,,,1777,1777,1980,1980
blackout_only,full_coverage,1,moon,1342.0,900.0,48,5,5,7,7,20,20,5.131974,6.713464,1777,1777,1980,1980
blackout_only,full_coverage,2,leo,1342.0,900.0,48,5,5,8,8,21,21,0.130860,61.838065,1777,1777,1980,1980
blackout_only,full_coverage,3,earth,1342.0,900.0,48,5,5,8,8,21,21,0.182279,62.567728,1777,1777,1980,1980
with_repeater,full_coverage,0,mars,1342.0,900.0,48,0,1,0,2,0,3,,,1777,1777,1980,1980
with_repeater,full_coverage,1,moon,1342.0,900.0,48,5,5,7,7,20,20,5.132211,6.695825,1777,1777,1980,1980
with_repeater,full_coverage,2,leo,1342.0,900.0,48,5,5,8,8,21,21,0.130796,61.837234,1777,1777,1980,1980
with_repeater,full_coverage,3,earth,1342.0,900.0,48,5,5,8,8,21,21,0.182846,62.515297,1777,1777,1980,1980
blackout_only,full_coverage,0,mars,1342.0,900.0,49,0,1,0,2,0,3,,,1777,1777,1980,1980
blackout_only,full_coverage,1,moon,1342.0,900.0,49,5,5,7,7,20,20,5.131328,6.679063,1777,1777,1980,1980
blackout_only,full_coverage,2,leo,1342.0,900.0,49,5,5,8,8,21,21,0.131276,61.866708,1777,1777,1980,1980
blackout_only,full_coverage,3,earth,1342.0,900.0,49,5,5,8,8,21,21,0.182054,62.563135,1777,1777,1980,1980
with_repeater,full_coverage,0,mars,1342.0,900.0,49,0,1,0,2,0,3,,,1777,1777,1980,1980
with_repeater,full_coverage,1,moon,1342.0,900.0,49,5,5,7,7,20,20,5.130860,6.693460,1777,1777,1980,1980
with_repeater,full_coverage,2,leo,1342.0,900.0,49,5,5,8,8,21,21,0.132797,61.878281,1777,1777,1980,1980
with_repeater,full_coverage,3,earth,1342.0,900.0,49,5,5,8,8,21,21,0.184548,62.580763,1777,1777,1980,1980
blackout_only,full_coverage,0,mars,1342.0,900.0,50,0,1,0,2,0,3,,,1777,1777,1980,1980
blackout_only,full_coverage,1,moon,1342.0,900.0,50,5,5,7,7,20,20,5.132196,6.681186,1777,1777,1980,1980
blackout_only,full_coverage,2,leo,1342.0,900.0,50,5,5,8,8,21,21,0.129548,61.804227,1777,1777,1980,1980
blackout_only,full_coverage,3,earth,1342.0,900.0,50,5,5,8,8,21,21,0.183164,62.571424,1777,1777,1980,1980
with_repeater,full_coverage,0,mars,1342.0,900.0,50,0,1,0,2,0,3,,,1777,1777,1980,1980
with_repeater,full_coverage,1,moon,1342.0,900.0,50,5,5,7,7,20,20,5.133229,6.697494,1777,1777,1980,1980
with_repeater,full_coverage,2,leo,1342.0,900.0,50,5,5,8,8,21,21,0.131651,61.809253,1777,1777,1980,1980
with_repeater,full_coverage,3,earth,1342.0,900.0,50,5,5,8,8,21,21,0.182293,62.544415,1777,1777,1980,1980
blackout_only,full_coverage,0,mars,1342.0,900.0,51,0,1,0,2,0,3,,,1777,1777,1980,1980
blackout_only,full_coverage,1,moon,1342.0,900.0,51,5,5,7,7,20,20,5.133824,6.761784,1777,1777,1980,1980
blackout_only,full_coverage,2,leo,1342.0,900.0,51,5,5,8,8,21,21,0.131434,61.823140,1777,1777,1980,1980
blackout_only,full_coverage,3,earth,1342.0,900.0,51,5,5,8,8,21,21,0.182212,62.563567,1777,1777,1980,1980
with_repeater,full_coverage,0,mars,1342.0,900.0,51,0,1,0,2,0,3,,,1777,1777,1980,1980
with_repeater,full_coverage,1,moon,1342.0,900.0,51,5,5,7,7,20,20,5.134562,6.789415,1777,1777,1980,1980
with_repeater,full_coverage,2,leo,1342.0,900.0,51,5,5,8,8,21,21,0.130815,61.823384,1777,1777,1980,1980
with_repeater,full_coverage,3,earth,1342.0,900.0,51,5,5,8,8,21,21,0.182877,62.560750,1777,1777,1980,1980
blackout_only,full_coverage,0,mars,1342.0,900.0,52,0,1,0,2,0,3,,,1777,1777,1980,1980
blackout_only,full_coverage,1,moon,1342.0,900.0,52,5,5,7,7,20,20,5.130692,6.702763,1777,1777,1980,1980
blackout_only,full_coverage,2,leo,1342.0,900.0,52,5,5,8,8,21,21,0.130795,61.806099,1777,1777,1980,1980
blackout_only,full_coverage,3,earth,1342.0,900.0,52,5,5,8,8,21,21,0.183556,62.606116,1777,1777,1980,1980
with_repeater,full_coverage,0,mars,1342.0,900.0,52,0,1,0,2,0,3,,,1777,1777,1980,1980
with_repeater,full_coverage,1,moon,1342.0,900.0,52,5,5,7,7,20,20,5.130985,6.721129,1777,1777,1980,1980
with_repeater,full_coverage,2,leo,1342.0,900.0,52,5,5,8,8,21,21,0.131547,61.847578,1777,1777,1980,1980
with_repeater,full_coverage,3,earth,1342.0,900.0,52,5,5,8,8,21,21,0.185947,62.583472,1777,1777,1980,1980
blackout_only,full_coverage,0,mars,1342.0,900.0,53,0,1,0,2,0,3,,,1777,1777,1980,1980
blackout_only,full_coverage,1,moon,1342.0,900.0,53,5,5,7,7,20,20,5.130102,6.686705,1777,1777,1980,1980
blackout_only,full_coverage,2,leo,1342.0,900.0,53,5,5,8,8,21,21,0.130708,61.811090,1777,1777,1980,1980
blackout_only,full_coverage,3,earth,1342.0,900.0,53,5,5,8,8,21,21,0.182070,62.553674,1777,1777,1980,1980
with_repeater,full_coverage,0,mars,1342.0,900.0,53,0,1,0,2,0,3,,,1777,1777,1980,1980
with_repeater,full_coverage,1,moon,1342.0,900.0,53,5,5,7,7,20,20,5.130085,6.646335,1777,1777,1980,1980
with_repeater,full_coverage,2,leo,1342.0,900.0,53,5,5,8,8,21,21,0.130527,61.819012,1777,1777,1980,1980
with_repeater,full_coverage,3,earth,1342.0,900.0,53,5,5,8,8,21,21,0.183631,62.586357,1777,1777,1980,1980
blackout_only,full_coverage,0,mars,1342.0,900.0,54,0,1,0,2,0,3,,,1777,1777,1980,1980
blackout_only,full_coverage,1,moon,1342.0,900.0,54,5,5,7,7,20,20,5.130165,6.654561,1777,1777,1980,1980
blackout_only,full_coverage,2,leo,1342.0,900.0,54,5,5,8,8,21,21,0.129853,61.828932,1777,1777,1980,1980
blackout_only,full_coverage,3,earth,1342.0,900.0,54,5,5,8,8,21,21,0.185267,62.579518,1777,1777,1980,1980
with_repeater,full_coverage,0,mars,1342.0,900.0,54,0,1,0,2,0,3,,,1778,1778,1980,1980
with_repeater,full_coverage,1,moon,1342.0,900.0,54,5,5,7,7,20,20,5.131707,6.711352,1778,1778,1980,1980
with_repeater,full_coverage,2,leo,1342.0,900.0,54,5,5,8,8,21,21,0.130693,61.799254,1778,1778,1980,1980
with_repeater,full_coverage,3,earth,1342.0,900.0,54,5,5,8,8,21,21,0.183592,62.569844,1778,1778,1980,1980
blackout_only,full_coverage,0,mars,1342.0,900.0,55,0,1,0,2,0,3,,,1778,1778,1980,1980
blackout_only,full_coverage,1,moon,1342.0,900.0,55,5,5,7,7,20,20,5.131547,6.741273,1778,1778,1980,1980
blackout_only,full_coverage,2,leo,1342.0,900.0,55,5,5,8,8,21,21,0.131133,61.834800,1778,1778,1980,1980
blackout_only,full_coverage,3,earth,1342.0,900.0,55,5,5,8,8,21,21,0.181223,62.549250,1778,1778,1980,1980
with_repeater,full_coverage,0,mars,1342.0,900.0,55,0,1,0,2,0,3,,,1777,1777,1980,1980
with_repeater,full_coverage,1,moon,1342.0,900.0,55,5,5,7,7,20,20,5.131296,6.700777,1777,1777,1980,1980
with_repeater,full_coverage,2,leo,1342.0,900.0,55,5,5,8,8,21,21,0.131602,61.848058,1777,1777,1980,1980
with_repeater,full_coverage,3,earth,1342.0,900.0,55,5,5,8,8,21,21,0.183062,62.557021,1777,1777,1980,1980
blackout_only,full_coverage,0,mars,1342.0,900.0,56,0,1,0,2,0,3,,,1777,1777,1980,1980
blackout_only,full_coverage,1,moon,1342.0,900.0,56,5,5,7,7,20,20,5.132780,6.720811,1777,1777,1980,1980
blackout_only,full_coverage,2,leo,1342.0,900.0,56,5,5,8,8,21,21,0.131502,61.840706,1777,1777,1980,1980
blackout_only,full_coverage,3,earth,1342.0,900.0,56,5,5,8,8,21,21,0.183675,62.596099,1777,1777,1980,1980
with_repeater,full_coverage,0,mars,1342.0,900.0,56,0,1,0,2,0,3,,,1778,1778,1980,1980
with_repeater,full_coverage,1,moon,1342.0,900.0,56,5,5,7,7,20,20,5.130642,6.728544,1778,1778,1980,1980
with_repeater,full_coverage,2,leo,1342.0,900.0,56,5,5,8,8,21,21,0.131101,61.834137,1778,1778,1980,1980
with_repeater,full_coverage,3,earth,1342.0,900.0,56,5,5,8,8,21,21,0.185948,62.617079,1778,1778,1980,1980
blackout_only,full_coverage,0,mars,1342.0,900.0,57,0,1,0,2,0,3,,,1777,1777,1980,1980
blackout_only,full_coverage,1,moon,1342.0,900.0,57,5,5,7,7,20,20,5.129083,6.661812,1777,1777,1980,1980
blackout_only,full_coverage,2,leo,1342.0,900.0,57,5,5,8,8,21,21,0.131955,61.865504,1777,1777,1980,1980
blackout_only,full_coverage,3,earth,1342.0,900.0,57,5,5,8,8,21,21,0.182807,62.565359,1777,1777,1980,1980
with_repeater,full_coverage,0,mars,1342.0,900.0,57,0,1,0,2,0,3,,,1777,1777,1980,1980
with_repeater,full_coverage,1,moon,1342.0,900.0,57,5,5,7,7,20,20,5.130767,6.655956,1777,1777,1980,1980
with_repeater,full_coverage,2,leo,1342.0,900.0,57,5,5,8,8,21,21,0.131192,61.850165,1777,1777,1980,1980
with_repeater,full_coverage,3,earth,1342.0,900.0,57,5,5,8,8,21,21,0.182189,62.536829,1777,1777,1980,1980
blackout_only,full_coverage,0,mars,1342.0,900.0,58,0,1,0,2,0,3,,,1777,1777,1980,1980
blackout_only,full_coverage,1,moon,1342.0,900.0,58,5,5,7,7,20,20,5.129699,6.666225,1777,1777,1980,1980
blackout_only,full_coverage,2,leo,1342.0,900.0,58,5,5,8,8,21,21,0.131930,61.866803,1777,1777,1980,1980
blackout_only,full_coverage,3,earth,1342.0,900.0,58,5,5,8,8,21,21,0.182700,62.593531,1777,1777,1980,1980
with_repeater,full_coverage,0,mars,1342.0,900.0,58,0,1,0,2,0,3,,,1777,1777,1980,1980
with_repeater,full_coverage,1,moon,1342.0,900.0,58,5,5,7,7,20,20,5.128626,6.668676,1777,1777,1980,1980
with_repeater,full_coverage,2,leo,1342.0,900.0,58,5,5,8,8,21,21,0.131654,61.862311,1777,1777,1980,1980
with_repeater,full_coverage,3,earth,1342.0,900.0,58,5,5,8,8,21,21,0.184259,62.590915,1777,1777,1980,1980
blackout_only,full_coverage,0,mars,1342.0,900.0,59,0,1,0,2,0,3,,,1777,1777,1980,1980
blackout_only,full_coverage,1,moon,1342.0,900.0,59,5,5,7,7,20,20,5.128607,6.673997,1777,1777,1980,1980
blackout_only,full_coverage,2,leo,1342.0,900.0,59,5,5,8,8,21,21,0.131940,61.847827,1777,1777,1980,1980
blackout_only,full_coverage,3,earth,1342.0,900.0,59,5,5,8,8,21,21,0.185196,62.607641,1777,1777,1980,1980
with_repeater,full_coverage,0,mars,1342.0,900.0,59,0,1,0,2,0,3,,,1777,1777,1980,1980
with_repeater,full_coverage,1,moon,1342.0,900.0,59,5,5,7,7,20,20,5.129154,6.677732,1777,1777,1980,1980
with_repeater,full_coverage,2,leo,1342.0,900.0,59,5,5,8,8,21,21,0.131634,61.840991,1777,1777,1980,1980
with_repeater,full_coverage,3,earth,1342.0,900.0,59,5,5,8,8,21,21,0.181198,62.533668,1777,1777,1980,1980
blackout_only,full_coverage,0,mars,1342.0,900.0,60,0,1,0,2,0,3,,,1778,1778,1980,1980
blackout_only,full_coverage,1,moon,1342.0,900.0,60,5,5,7,7,20,20,5.128488,6.670285,1778,1778,1980,1980
blackout_only,full_coverage,2,leo,1342.0,900.0,60,5,5,8,8,21,21,0.131775,61.851811,1778,1778,1980,1980
blackout_only,full_coverage,3,earth,1342.0,900.0,60,5,5,8,8,21,21,0.183575,62.604987,1778,1778,1980,1980
with_repeater,full_coverage,0,mars,1342.0,900.0,60,0,1,0,2,0,3,,,1777,1777,1980,1980
with_repeater,full_coverage,1,moon,1342.0,900.0,60,5,5,7,7,20,20,5.130417,6.731223,1777,1777,1980,1980
with_repeater,full_coverage,2,leo,1342.0,900.0,60,5,5,8,8,21,21,0.130835,61.812482,1777,1777,1980,1980
with_repeater,full_coverage,3,earth,1342.0,900.0,60,5,5,8,8,21,21,0.183078,62.576096,1777,1777,1980,1980
blackout_only,full_coverage,0,mars,1342.0,900.0,61,0,1,0,2,0,3,,,1777,1777,1980,1980
blackout_only,full_coverage,1,moon,1342.0,900.0,61,5,5,7,7,20,20,5.131031,6.668366,1777,1777,1980,1980
blackout_only,full_coverage,2,leo,1342.0,900.0,61,5,5,8,8,21,21,0.130800,61.819833,1777,1777,1980,1980
blackout_only,full_coverage,3,earth,1342.0,900.0,61,5,5,8,8,21,21,0.184553,62.602673,1777,1777,1980,1980
with_repeater,full_coverage,0,mars,1342.0,900.0,61,0,1,0,2,0,3,,,1777,1777,1980,1980
with_repeater,full_coverage,1,moon,1342.0,900.0,61,5,5,7,7,20,20,5.131061,6.682874,1777,1777,1980,1980
with_repeater,full_coverage,2,leo,1342.0,900.0,61,5,5,8,8,21,21,0.130807,61.807024,1777,1777,1980,1980
with_repeater,full_coverage,3,earth,1342.0,900.0,61,5,5,8,8,21,21,0.183066,62.549057,1777,1777,1980,1980
blackout_only,full_coverage,0,mars,1342.0,900.0,62,0,1,0,2,0,3,,,1778,1778,1980,1980
blackout_only,full_coverage,1,moon,1342.0,900.0,62,5,5,7,7,20,20,5.126682,6.679910,1778,1778,1980,1980
blackout_only,full_coverage,2,leo,1342.0,900.0,62,5,5,8,8,21,21,0.131098,61.845722,1778,1778,1980,1980
blackout_only,full_coverage,3,earth,1342.0,900.0,62,5,5,8,8,21,21,0.184101,62.602272,1778,1778,1980,1980
with_repeater,full_coverage,0,mars,1342.0,900.0,62,0,1,0,2,0,3,,,1778,1778,1980,1980
with_repeater,full_coverage,1,moon,1342.0,900.0,62,5,5,7,7,20,20,5.132817,6.697108,1778,1778,1980,1980
with_repeater,full_coverage,2,leo,1342.0,900.0,62,5,5,8,8,21,21,0.131595,61.827263,1778,1778,1980,1980
with_repeater,full_coverage,3,earth,1342.0,900.0,62,5,5,8,8,21,21,0.182430,62.582271,1778,1778,1980,1980
blackout_only,full_coverage,0,mars,1342.0,900.0,63,0,1,0,2,0,3,,,1777,1777,1980,1980
blackout_only,full_coverage,1,moon,1342.0,900.0,63,5,5,7,7,20,20,5.131383,6.651684,1777,1777,1980,1980
blackout_only,full_coverage,2,leo,1342.0,900.0,63,5,5,8,8,21,21,0.130486,61.826302,1777,1777,1980,1980
blackout_only,full_coverage,3,earth,1342.0,900.0,63,5,5,8,8,21,21,0.184753,62.618143,1777,1777,1980,1980
with_repeater,full_coverage,0,mars,1342.0,900.0,63,0,1,0,2,0,3,,,1777,1777,1980,1980
with_repeater,full_coverage,1,moon,1342.0,900.0,63,5,5,7,7,20,20,5.129788,6.705500,1777,1777,1980,1980
with_repeater,full_coverage,2,leo,1342.0,900.0,63,5,5,8,8,21,21,0.132908,61.861094,1777,1777,1980,1980
with_repeater,full_coverage,3,earth,1342.0,900.0,63,5,5,8,8,21,21,0.184202,62.607238,1777,1777,1980,1980
blackout_only,full_coverage,0,mars,1342.0,900.0,64,0,1,0,2,0,3,,,1777,1777,1980,1980
blackout_only,full_coverage,1,moon,1342.0,900.0,64,5,5,7,7,20,20,5.130877,6.636412,1777,1777,1980,1980
blackout_only,full_coverage,2,leo,1342.0,900.0,64,5,5,8,8,21,21,0.131571,61.824102,1777,1777,1980,1980
blackout_only,full_coverage,3,earth,1342.0,900.0,64,5,5,8,8,21,21,0.181690,62.538731,1777,1777,1980,1980
with_repeater,full_coverage,0,mars,1342.0,900.0,64,0,1,0,2,0,3,,,1777,1777,1980,1980
with_repeater,full_coverage,1,moon,1342.0,900.0,64,5,5,7,7,20,20,5.131283,6.663850,1777,1777,1980,1980
with_repeater,full_coverage,2,leo,1342.0,900.0,64,5,5,8,8,21,21,0.130551,61.824738,1777,1777,1980,1980
with_repeater,full_coverage,3,earth,1342.0,900.0,64,5,5,8,8,21,21,0.182648,62.542678,1777,1777,1980,1980
blackout_only,full_coverage,0,mars,1342.0,900.0,65,0,1,0,2,0,3,,,1777,1777,1980,1980
blackout_only,full_coverage,1,moon,1342.0,900.0,65,5,5,7,7,20,20,5.128626,6.637069,1777,1777,1980,1980
blackout_only,full_coverage,2,leo,1342.0,900.0,65,5,5,8,8,21,21,0.131080,61.862392,1777,1777,1980,1980
blackout_only,full_coverage,3,earth,1342.0,900.0,65,5,5,8,8,21,21,0.183956,62.611863,1777,1777,1980,1980
with_repeater,full_coverage,0,mars,1342.0,900.0,65,0,1,0,2,0,3,,,1777,1777,1980,1980
with_repeater,full_coverage,1,moon,1342.0,900.0,65,5,5,7,7,20,20,5.131294,6.689614,1777,1777,1980,1980
with_repeater,full_coverage,2,leo,1342.0,900.0,65,5,5,8,8,21,21,0.132944,61.872105,1777,1777,1980,1980
with_repeater,full_coverage,3,earth,1342.0,900.0,65,5,5,8,8,21,21,0.182908,62.553652,1777,1777,1980,1980
blackout_only,full_coverage,0,mars,1342.0,900.0,66,0,1,0,2,0,3,,,1777,1777,1980,1980
blackout_only,full_coverage,1,moon,1342.0,900.0,66,5,5,7,7,20,20,5.128560,6.636667,1777,1777,1980,1980
blackout_only,full_coverage,2,leo,1342.0,900.0,66,5,5,8,8,21,21,0.129262,61.806155,1777,1777,1980,1980
blackout_only,full_coverage,3,earth,1342.0,900.0,66,5,5,8,8,21,21,0.181780,62.552244,1777,1777,1980,1980
with_repeater,full_coverage,0,mars,1342.0,900.0,66,0,1,0,2,0,3,,,1777,1777,1980,1980
with_repeater,full_coverage,1,moon,1342.0,900.0,66,5,5,7,7,20,20,5.129558,6.678074,1777,1777,1980,1980
with_repeater,full_coverage,2,leo,1342.0,900.0,66,5,5,8,8,21,21,0.130582,61.814769,1777,1777,1980,1980
with_repeater,full_coverage,3,earth,1342.0,900.0,66,5,5,8,8,21,21,0.183908,62.507127,1777,1777,1980,1980
blackout_only,full_coverage,0,mars,1342.0,900.0,67,0,1,0,2,0,3,,,1777,1777,1980,1980
blackout_only,full_coverage,1,moon,1342.0,900.0,67,5,5,7,7,20,20,5.130799,6.689583,1777,1777,1980,1980
blackout_only,full_coverage,2,leo,1342.0,900.0,67,5,5,8,8,21,21,0.131307,61.834192,1777,1777,1980,1980
blackout_only,full_coverage,3,earth,1342.0,900.0,67,5,5,8,8,21,21,0.181850,62.526455,1777,1777,1980,1980
with_repeater,full_coverage,0,mars,1342.0,900.0,67,0,1,0,2,0,3,,,1777,1777,1980,1980
with_repeater,full_coverage,1,moon,1342.0,900.0,67,5,5,7,7,20,20,5.132165,6.750543,1777,1777,1980,1980
with_repeater,full_coverage,2,leo,1342.0,900.0,67,5,5,8,8,21,21,0.131074,61.815605,1777,1777,1980,1980
with_repeater,full_coverage,3,earth,1342.0,900.0,67,5,5,8,8,21,21,0.184067,62.549630,1777,1777,1980,1980
blackout_only,full_coverage,0,mars,1342.0,900.0,68,0,1,0,2,0,3,,,1777,1777,1980,1980
blackout_only,full_coverage,1,moon,1342.0,900.0,68,5,5,7,7,20,20,5.129324,6.659582,1777,1777,1980,1980
blackout_only,full_coverage,2,leo,1342.0,900.0,68,5,5,8,8,21,21,0.131732,61.863692,1777,1777,1980,1980
blackout_only,full_coverage,3,earth,1342.0,900.0,68,5,5,8,8,21,21,0.182928,62.550923,1777,1777,1980,1980
with_repeater,full_coverage,0,mars,1342.0,900.0,68,0,1,0,2,0,3,,,1777,1777,1980,1980
with_repeater,full_coverage,1,moon,1342.0,900.0,68,5,5,7,7,20,20,5.128516,6.617705,1777,1777,1980,1980
with_repeater,full_coverage,2,leo,1342.0,900.0,68,5,5,8,8,21,21,0.132176,61.843705,1777,1777,1980,1980
with_repeater,full_coverage,3,earth,1342.0,900.0,68,5,5,8,8,21,21,0.184489,62.563372,1777,1777,1980,1980
blackout_only,full_coverage,0,mars,1342.0,900.0,69,0,1,0,2,0,3,,,1778,1778,1980,1980
blackout_only,full_coverage,1,moon,1342.0,900.0,69,5,5,7,7,20,20,5.131572,6.705402,1778,1778,1980,1980
blackout_only,full_coverage,2,leo,1342.0,900.0,69,5,5,8,8,21,21,0.129824,61.806110,1778,1778,1980,1980
blackout_only,full_coverage,3,earth,1342.0,900.0,69,5,5,8,8,21,21,0.183055,62.515604,1778,1778,1980,1980
with_repeater,full_coverage,0,mars,1342.0,900.0,69,0,1,0,2,0,3,,,1777,1777,1980,1980
with_repeater,full_coverage,1,moon,1342.0,900.0,69,5,5,7,7,20,20,5.129711,6.655530,1777,1777,1980,1980
with_repeater,full_coverage,2,leo,1342.0,900.0,69,5,5,8,8,21,21,0.130235,61.818308,1777,1777,1980,1980
with_repeater,full_coverage,3,earth,1342.0,900.0,69,5,5,8,8,21,21,0.183362,62.578506,1777,1777,1980,1980
blackout_only,full_coverage,0,mars,1342.0,900.0,70,0,1,0,2,0,3,,,1777,1777,1980,1980
blackout_only,full_coverage,1,moon,1342.0,900.0,70,5,5,7,7,20,20,5.134634,6.742693,1777,1777,1980,1980
blackout_only,full_coverage,2,leo,1342.0,900.0,70,5,5,8,8,21,21,0.129445,61.827208,1777,1777,1980,1980
blackout_only,full_coverage,3,earth,1342.0,900.0,70,5,5,8,8,21,21,0.182868,62.575670,1777,1777,1980,1980
with_repeater,full_coverage,0,mars,1342.0,900.0,70,0,1,0,2,0,3,,,1777,1777,1980,1980
with_repeater,full_coverage,1,moon,1342.0,900.0,70,5,5,7,7,20,20,5.129813,6.674538,1777,1777,1980,1980
with_repeater,full_coverage,2,leo,1342.0,900.0,70,5,5,8,8,21,21,0.132164,61.823269,1777,1777,1980,1980
with_repeater,full_coverage,3,earth,1342.0,900.0,70,5,5,8,8,21,21,0.182059,62.527418,1777,1777,1980,1980
blackout_only,full_coverage,0,mars,1342.0,900.0,71,0,1,0,2,0,3,,,1777,1777,1980,1980
blackout_only,full_coverage,1,moon,1342.0,900.0,71,5,5,7,7,20,20,5.130616,6.736654,1777,1777,1980,1980
blackout_only,full_coverage,2,leo,1342.0,900.0,71,5,5,8,8,21,21,0.130805,61.823804,1777,1777,1980,1980
blackout_only,full_coverage,3,earth,1342.0,900.0,71,5,5,8,8,21,21,0.184235,62.595484,1777,1777,1980,1980
with_repeater,full_coverage,0,mars,1342.0,900.0,71,0,1,0,2,0,3,,,1777,1777,1980,1980
with_repeater,full_coverage,1,moon,1342.0,900.0,71,5,5,7,7,20,20,5.131469,6.713168,1777,1777,1980,1980
with_repeater,full_coverage,2,leo,1342.0,900.0,71,5,5,8,8,21,21,0.130371,61.830976,1777,1777,1980,1980
with_repeater,full_coverage,3,earth,1342.0,900.0,71,5,5,8,8,21,21,0.184850,62.560695,1777,1777,1980,1980
blackout_only,full_coverage,0,mars,1342.0,900.0,72,0,1,0,2,0,3,,,1777,1777,1980,1980
blackout_only,full_coverage,1,moon,1342.0,900.0,72,5,5,7,7,20,20,5.133195,6.710561,1777,1777,1980,1980
blackout_only,full_coverage,2,leo,1342.0,900.0,72,5,5,8,8,21,21,0.131358,61.831746,1777,1777,1980,1980
blackout_only,full_coverage,3,earth,1342.0,900.0,72,5,5,8,8,21,21,0.183459,62.585143,1777,1777,1980,1980
with_repeater,full_coverage,0,mars,1342.0,900.0,72,0,1,0,2,0,3,,,1777,1777,1980,1980
with_repeater,full_coverage,1,moon,1342.0,900.0,72,5,5,7,7,20,20,5.132432,6.660899,1777,1777,1980,1980
with_repeater,full_coverage,2,leo,1342.0,900.0,72,5,5,8,8,21,21,0.131524,61.830395,1777,1777,1980,1980
with_repeater,full_coverage,3,earth,1342.0,900.0,72,5,5,8,8,21,21,0.181064,62.523472,1777,1777,1980,1980
blackout_only,full_coverage,0,mars,1342.0,900.0,73,0,1,0,2,0,3,,,1777,1777,1980,1980
blackout_only,full_coverage,1,moon,1342.0,900.0,73,5,5,7,7,20,20,5.133498,6.761181,1777,1777,1980,1980
blackout_only,full_coverage,2,leo,1342.0,900.0,73,5,5,8,8,21,21,0.129833,61.827853,1777,1777,1980,1980
blackout_only,full_coverage,3,earth,1342.0,900.0,73,5,5,8,8,21,21,0.183612,62.585563,1777,1777,1980,1980
with_repeater,full_coverage,0,mars,1342.0,900.0,73,0,1,0,2,0,3,,,1777,1777,1980,1980
with_repeater,full_coverage,1,moon,1342.0,900.0,73,5,5,7,7,20,20,5.131500,6.709702,1777,1777,1980,1980
with_repeater,full_coverage,2,leo,1342.0,900.0,73,5,5,8,8,21,21,0.130669,61.837862,1777,1777,1980,1980
with_repeater,full_coverage,3,earth,1342.0,900.0,73,5,5,8,8,21,21,0.185461,62.582505,1777,1777,1980,1980
blackout_only,full_coverage,0,mars,1342.0,900.0,74,0,1,0,2,0,3,,,1778,1778,1980,1980
blackout_only,full_coverage,1,moon,1342.0,900.0,74,5,5,7,7,20,20,5.128201,6.668186,1778,1778,1980,1980
blackout_only,full_coverage,2,leo,1342.0,900.0,74,5,5,8,8,21,21,0.131325,61.859086,1778,1778,1980,1980
blackout_only,full_coverage,3,earth,1342.0,900.0,74,5,5,8,8,21,21,0.182874,62.586474,1778,1778,1980,1980
with_repeater,full_coverage,0,mars,1342.0,900.0,74,0,1,0,2,0,3,,,1777,1777,1980,1980
with_repeater,full_coverage,1,moon,1342.0,900.0,74,5,5,7,7,20,20,5.133005,6.772694,1777,1777,1980,1980
with_repeater,full_coverage,2,leo,1342.0,900.0,74,5,5,8,8,21,21,0.131392,61.870733,1777,1777,1980,1980
with_repeater,full_coverage,3,earth,1342.0,900.0,74,5,5,8,8,21,21,0.182969,62.548641,1777,1777,1980,1980
blackout_only,full_coverage,0,mars,1342.0,900.0,75,0,1,0,2,0,3,,,1777,1777,1980,1980
blackout_only,full_coverage,1,moon,1342.0,900.0,75,5,5,7,7,20,20,5.131535,6.750541,1777,1777,1980,1980
blackout_only,full_coverage,2,leo,1342.0,900.0,75,5,5,8,8,21,21,0.129715,61.840828,1777,1777,1980,1980
blackout_only,full_coverage,3,earth,1342.0,900.0,75,5,5,8,8,21,21,0.182877,62.529243,1777,1777,1980,1980
with_repeater,full_coverage,0,mars,1342.0,900.0,75,0,1,0,2,0,3,,,1777,1777,1980,1980
with_repeater,full_coverage,1,moon,1342.0,900.0,75,5,5,7,7,20,20,5.131074,6.751492,1777,1777,1980,1980
with_repeater,full_coverage,2,leo,1342.0,900.0,75,5,5,8,8,21,21,0.131467,61.843246,1777,1777,1980,1980
with_repeater,full_coverage,3,earth,1342.0,900.0,75,5,5,8,8,21,21,0.180394,62.521393,1777,1777,1980,1980
blackout_only,full_coverage,0,mars,1342.0,900.0,76,0,1,0,2,0,3,,,1777,1777,1980,1980
blackout_only,full_coverage,1,moon,1342.0,900.0,76,5,5,7,7,20,20,5.131175,6.672418,1777,1777,1980,1980
blackout_only,full_coverage,2,leo,1342.0,900.0,76,5,5,8,8,21,21,0.129886,61.823032,1777,1777,1980,1980
blackout_only,full_coverage,3,earth,1342.0,900.0,76,5,5,8,8,21,21,0.183988,62.565332,1777,1777,1980,1980
with_repeater,full_coverage,0,mars,1342.0,900.0,76,0,1,0,2,0,3,,,1778,1778,1980,1980
with_repeater,full_coverage,1,moon,1342.0,900.0,76,5,5,7,7,20,20,5.129753,6.661603,1778,1778,1980,1980
with_repeater,full_coverage,2,leo,1342.0,900.0,76,5,5,8,8,21,21,0.130545,61.823005,1778,1778,1980,1980
with_repeater,full_coverage,3,earth,1342.0,900.0,76,5,5,8,8,21,21,0.183504,62.564811,1778,1778,1980,1980
blackout_only,full_coverage,0,mars,1342.0,900.0,77,0,1,0,2,0,3,,,1777,1777,1980,1980
blackout_only,full_coverage,1,moon,1342.0,900.0,77,5,5,7,7,20,20,5.131077,6.706203,1777,1777,1980,1980
blackout_only,full_coverage,2,leo,1342.0,900.0,77,5,5,8,8,21,21,0.131496,61.817640,1777,1777,1980,1980
blackout_only,full_coverage,3,earth,1342.0,900.0,77,5,5,8,8,21,21,0.184876,62.629519,1777,1777,1980,1980
with_repeater,full_coverage,0,mars,1342.0,900.0,77,0,1,0,2,0,3,,,1777,1777,1980,1980
with_repeater,full_coverage,1,moon,1342.0,900.0,77,5,5,7,7,20,20,5.128310,6.674132,1777,1777,1980,1980
with_repeater,full_coverage,2,leo,1342.0,900.0,77,5,5,8,8,21,21,0.130371,61.809820,1777,1777,1980,1980
with_repeater,full_coverage,3,earth,1342.0,900.0,77,5,5,8,8,21,21,0.183642,62.570893,1777,1777,1980,1980
blackout_only,full_coverage,0,mars,1342.0,900.0,78,0,1,0,2,0,3,,,1777,1777,1980,1980
blackout_only,full_coverage,1,moon,1342.0,900.0,78,5,5,7,7,20,20,5.132746,6.714802,1777,1777,1980,1980
blackout_only,full_coverage,2,leo,1342.0,900.0,78,5,5,8,8,21,21,0.131888,61.822695,1777,1777,1980,1980
blackout_only,full_coverage,3,earth,1342.0,900.0,78,5,5,8,8,21,21,0.182074,62.542312,1777,1777,1980,1980
with_repeater,full_coverage,0,mars,1342.0,900.0,78,0,1,0,2,0,3,,,1777,1777,1980,1980
with_repeater,full_coverage,1,moon,1342.0,900.0,78,5,5,7,7,20,20,5.131694,6.727243,1777,1777,1980,1980
with_repeater,full_coverage,2,leo,1342.0,900.0,78,5,5,8,8,21,21,0.131802,61.816946,1777,1777,1980,1980
with_repeater,full_coverage,3,earth,1342.0,900.0,78,5,5,8,8,21,21,0.183325,62.548396,1777,1777,1980,1980
blackout_only,full_coverage,0,mars,1342.0,900.0,79,0,1,0,2,0,3,,,1777,1777,1980,1980
blackout_only,full_coverage,1,moon,1342.0,900.0,79,5,5,7,7,20,20,5.130941,6.683114,1777,1777,1980,1980
blackout_only,full_coverage,2,leo,1342.0,900.0,79,5,5,8,8,21,21,0.131111,61.831585,1777,1777,1980,1980
blackout_only,full_coverage,3,earth,1342.0,900.0,79,5,5,8,8,21,21,0.183279,62.558985,1777,1777,1980,1980
with_repeater,full_coverage,0,mars,1342.0,900.0,79,0,1,0,2,0,3,,,1777,1777,1980,1980
with_repeater,full_coverage,1,moon,1342.0,900.0,79,5,5,7,7,20,20,5.130195,6.735450,1777,1777,1980,1980
with_repeater,full_coverage,2,leo,1342.0,900.0,79,5,5,8,8,21,21,0.131789,61.847827,1777,1777,1980,1980
with_repeater,full_coverage,3,earth,1342.0,900.0,79,5,5,8,8,21,21,0.181427,62.571214,1777,1777,1980,1980
blackout_only,full_coverage,0,mars,1342.0,900.0,80,0,1,0,2,0,3,,,1777,1777,1980,1980
blackout_only,full_coverage,1,moon,1342.0,900.0,80,5,5,7,7,20,20,5.132758,6.718555,1777,1777,1980,1980
blackout_only,full_coverage,2,leo,1342.0,900.0,80,5,5,8,8,21,21,0.130582,61.857615,1777,1777,1980,1980
blackout_only,full_coverage,3,earth,1342.0,900.0,80,5,5,8,8,21,21,0.183359,62.531924,1777,1777,1980,1980
with_repeater,full_coverage,0,mars,1342.0,900.0,80,0,1,0,2,0,3,,,1777,1777,1980,1980
with_repeater,full_coverage,1,moon,1342.0,900.0,80,5,5,7,7,20,20,5.130757,6.704154,1777,1777,1980,1980
with_repeater,full_coverage,2,leo,1342.0,900.0,80,5,5,8,8,21,21,0.131136,61.826238,1777,1777,1980,1980
with_repeater,full_coverage,3,earth,1342.0,900.0,80,5,5,8,8,21,21,0.183468,62.566311,1777,1777,1980,1980
blackout_only,full_coverage,0,mars,1342.0,900.0,81,0,1,0,2,0,3,,,1777,1777,1980,1980
blackout_only,full_coverage,1,moon,1342.0,900.0,81,5,5,7,7,20,20,5.134044,6.740356,1777,1777,1980,1980
blackout_only,full_coverage,2,leo,1342.0,900.0,81,5,5,8,8,21,21,0.130985,61.844153,1777,1777,1980,1980
blackout_only,full_coverage,3,earth,1342.0,900.0,81,5,5,8,8,21,21,0.182612,62.583486,1777,1777,1980,1980
with_repeater,full_coverage,0,mars,1342.0,900.0,81,0,1,0,2,0,3,,,1777,1777,1980,1980
with_repeater,full_coverage,1,moon,1342.0,900.0,81,5,5,7,7,20,20,5.130005,6.722029,1777,1777,1980,1980
with_repeater,full_coverage,2,leo,1342.0,900.0,81,5,5,8,8,21,21,0.131353,61.839880,1777,1777,1980,1980
with_repeater,full_coverage,3,earth,1342.0,900.0,81,5,5,8,8,21,21,0.183512,62.543783,1777,1777,1980,1980
blackout_only,full_coverage,0,mars,1342.0,900.0,82,0,1,0,2,0,3,,,1777,1777,1980,1980
blackout_only,full_coverage,1,moon,1342.0,900.0,82,5,5,7,7,20,20,5.133276,6.725010,1777,1777,1980,1980
blackout_only,full_coverage,2,leo,1342.0,900.0,82,5,5,8,8,21,21,0.130174,61.825273,1777,1777,1980,1980
blackout_only,full_coverage,3,earth,1342.0,900.0,82,5,5,8,8,21,21,0.185496,62.552198,1777,1777,1980,1980
with_repeater,full_coverage,0,mars,1342.0,900.0,82,0,1,0,2,0,3,,,1777,1777,1980,1980
with_repeater,full_coverage,1,moon,1342.0,900.0,82,5,5,7,7,20,20,5.133897,6.752918,1777,1777,1980,1980
with_repeater,full_coverage,2,leo,1342.0,900.0,82,5,5,8,8,21,21,0.129967,61.826640,1777,1777,1980,1980
with_repeater,full_coverage,3,earth,1342.0,900.0,82,5,5,8,8,21,21,0.182972,62.539201,1777,1777,1980,1980
blackout_only,full_coverage,0,mars,1342.0,900.0,83,0,1,0,2,0,3,,,1777,1777,1980,1980
blackout_only,full_coverage,1,moon,1342.0,900.0,83,5,5,7,7,20,20,5.130970,6.640918,1777,1777,1980,1980
blackout_only,full_coverage,2,leo,1342.0,900.0,83,5,5,8,8,21,21,0.129589,61.823726,1777,1777,1980,1980
blackout_only,full_coverage,3,earth,1342.0,900.0,83,5,5,8,8,21,21,0.182081,62.529729,1777,1777,1980,1980
with_repeater,full_coverage,0,mars,1342.0,900.0,83,0,1,0,2,0,3,,,1778,1778,1980,1980
with_repeater,full_coverage,1,moon,1342.0,900.0,83,5,5,7,7,20,20,5.132347,6.761839,1778,1778,1980,1980
with_repeater,full_coverage,2,leo,1342.0,900.0,83,5,5,8,8,21,21,0.129012,61.805292,1778,1778,1980,1980
with_repeater,full_coverage,3,earth,1342.0,900.0,83,5,5,8,8,21,21,0.183237,62.547104,1778,1778,1980,1980
blackout_only,full_coverage,0,mars,1342.0,900.0,84,0,1,0,2,0,3,,,1777,1777,1980,1980
blackout_only,full_coverage,1,moon,1342.0,900.0,84,5,5,7,7,20,20,5.130523,6.699835,1777,1777,1980,1980
blackout_only,full_coverage,2,leo,1342.0,900.0,84,5,5,8,8,21,21,0.131370,61.820598,1777,1777,1980,1980
blackout_only,full_coverage,3,earth,1342.0,900.0,84,5,5,8,8,21,21,0.181212,62.504878,1777,1777,1980,1980
with_repeater,full_coverage,0,mars,1342.0,900.0,84,0,1,0,2,0,3,,,1777,1777,1980,1980
with_repeater,full_coverage,1,moon,1342.0,900.0,84,5,5,7,7,20,20,5.133200,6.714166,1777,1777,1980,1980
with_repeater,full_coverage,2,leo,1342.0,900.0,84,5,5,8,8,21,21,0.132954,61.845223,1777,1777,1980,1980
with_repeater,full_coverage,3,earth,1342.0,900.0,84,5,5,8,8,21,21,0.182718,62.552464,1777,1777,1980,1980
blackout_only,full_coverage,0,mars,1342.0,900.0,85,0,1,0,2,0,3,,,1777,1777,1980,1980
blackout_only,full_coverage,1,moon,1342.0,900.0,85,5,5,7,7,20,20,5.129405,6.677572,1777,1777,1980,1980
blackout_only,full_coverage,2,leo,1342.0,900.0,85,5,5,8,8,21,21,0.130794,61.845834,1777,1777,1980,1980
blackout_only,full_coverage,3,earth,1342.0,900.0,85,5,5,8,8,21,21,0.181961,62.545091,1777,1777,1980,1980
with_repeater,full_coverage,0,mars,1342.0,900.0,85,0,1,0,2,0,3,,,1777,1777,1980,1980
with_repeater,full_coverage,1,moon,1342.0,900.0,85,5,5,7,7,20,20,5.131361,6.697767,1777,1777,1980,1980
with_repeater,full_coverage,2,leo,1342.0,900.0,85,5,5,8,8,21,21,0.130490,61.813995,1777,1777,1980,1980
with_repeater,full_coverage,3,earth,1342.0,900.0,85,5,5,8,8,21,21,0.180897,62.497635,1777,1777,1980,1980
blackout_only,full_coverage,0,mars,1342.0,900.0,86,0,1,0,2,0,3,,,1777,1777,1980,1980
blackout_only,full_coverage,1,moon,1342.0,900.0,86,5,5,7,7,20,20,5.133437,6.700661,1777,1777,1980,1980
blackout_only,full_coverage,2,leo,1342.0,900.0,86,5,5,8,8,21,21,0.133007,61.852180,1777,1777,1980,1980
blackout_only,full_coverage,3,earth,1342.0,900.0,86,5,5,8,8,21,21,0.184324,62.611704,1777,1777,1980,1980
with_repeater,full_coverage,0,mars,1342.0,900.0,86,0,1,0,2,0,3,,,1777,1777,1980,1980
with_repeater,full_coverage,1,moon,1342.0,900.0,86,5,5,7,7,20,20,5.131767,6.695804,1777,1777,1980,1980
with_repeater,full_coverage,2,leo,1342.0,900.0,86,5,5,8,8,21,21,0.131119,61.869593,1777,1777,1980,1980
with_repeater,full_coverage,3,earth,1342.0,900.0,86,5,5,8,8,21,21,0.185715,62.589571,1777,1777,1980,1980
blackout_only,full_coverage,0,mars,1342.0,900.0,87,0,1,0,2,0,3,,,1777,1777,1980,1980
blackout_only,full_coverage,1,moon,1342.0,900.0,87,5,5,7,7,20,20,5.130924,6.661631,1777,1777,1980,1980
blackout_only,full_coverage,2,leo,1342.0,900.0,87,5,5,8,8,21,21,0.130616,61.838222,1777,1777,1980,1980
blackout_only,full_coverage,3,earth,1342.0,900.0,87,5,5,8,8,21,21,0.180500,62.534938,1777,1777,1980,1980
with_repeater,full_coverage,0,mars,1342.0,900.0,87,0,1,0,2,0,3,,,1777,1777,1980,1980
with_repeater,full_coverage,1,moon,1342.0,900.0,87,5,5,7,7,20,20,5.132259,6.709883,1777,1777,1980,1980
with_repeater,full_coverage,2,leo,1342.0,900.0,87,5,5,8,8,21,21,0.131568,61.831811,1777,1777,1980,1980
with_repeater,full_coverage,3,earth,1342.0,900.0,87,5,5,8,8,21,21,0.181399,62.521009,1777,1777,1980,1980
blackout_only,full_coverage,0,mars,1342.0,900.0,88,0,1,0,2,0,3,,,1777,1777,1980,1980
blackout_only,full_coverage,1,moon,1342.0,900.0,88,5,5,7,7,20,20,5.133272,6.717275,1777,1777,1980,1980
blackout_only,full_coverage,2,leo,1342.0,900.0,88,5,5,8,8,21,21,0.129145,61.780362,1777,1777,1980,1980
blackout_only,full_coverage,3,earth,1342.0,900.0,88,5,5,8,8,21,21,0.184480,62.566083,1777,1777,1980,1980
with_repeater,full_coverage,0,mars,1342.0,900.0,88,0,1,0,2,0,3,,,1777,1777,1980,1980
with_repeater,full_coverage,1,moon,1342.0,900.0,88,5,5,7,7,20,20,5.131213,6.712533,1777,1777,1980,1980
with_repeater,full_coverage,2,leo,1342.0,900.0,88,5,5,8,8,21,21,0.130128,61.816149,1777,1777,1980,1980
with_repeater,full_coverage,3,earth,1342.0,900.0,88,5,5,8,8,21,21,0.184336,62.563327,1777,1777,1980,1980
blackout_only,full_coverage,0,mars,1342.0,900.0,89,0,1,0,2,0,3,,,1777,1777,1980,1980
blackout_only,full_coverage,1,moon,1342.0,900.0,89,5,5,7,7,20,20,5.132401,6.711464,1777,1777,1980,1980
blackout_only,full_coverage,2,leo,1342.0,900.0,89,5,5,8,8,21,21,0.131734,61.836349,1777,1777,1980,1980
blackout_only,full_coverage,3,earth,1342.0,900.0,89,5,5,8,8,21,21,0.184430,62.593153,1777,1777,1980,1980
with_repeater,full_coverage,0,mars,1342.0,900.0,89,0,1,0,2,0,3,,,1777,1777,1980,1980
with_repeater,full_coverage,1,moon,1342.0,900.0,89,5,5,7,7,20,20,5.131975,6.716970,1777,1777,1980,1980
with_repeater,full_coverage,2,leo,1342.0,900.0,89,5,5,8,8,21,21,0.130292,61.818705,1777,1777,1980,1980
with_repeater,full_coverage,3,earth,1342.0,900.0,89,5,5,8,8,21,21,0.183571,62.596103,1777,1777,1980,1980
blackout_only,full_coverage,0,mars,1342.0,1800.0,40,0,1,0,3,0,2,,,1777,1777,1980,1980
blackout_only,full_coverage,1,moon,1342.0,1800.0,40,5,5,15,15,12,12,5.131601,107.765960,1777,1777,1980,1980
blackout_only,full_coverage,2,leo,1342.0,1800.0,40,5,5,15,15,14,14,0.130623,2.729598,1777,1777,1980,1980
blackout_only,full_coverage,3,earth,1342.0,1800.0,40,5,5,15,15,14,14,0.183182,3.876725,1777,1777,1980,1980
with_repeater,full_coverage,0,mars,1342.0,1800.0,40,0,1,0,3,0,2,,,1777,1777,1980,1980
with_repeater,full_coverage,1,moon,1342.0,1800.0,40,5,5,15,15,12,12,5.129609,107.715270,1777,1777,1980,1980
with_repeater,full_coverage,2,leo,1342.0,1800.0,40,5,5,15,15,14,14,0.130155,2.706515,1777,1777,1980,1980
with_repeater,full_coverage,3,earth,1342.0,1800.0,40,5,5,15,15,14,14,0.184678,3.881542,1777,1777,1980,1980
blackout_only,full_coverage,0,mars,1342.0,1800.0,41,0,1,0,3,0,2,,,1778,1778,1980,1980
blackout_only,full_coverage,1,moon,1342.0,1800.0,41,5,5,15,15,12,12,5.133247,107.784607,1778,1778,1980,1980
blackout_only,full_coverage,2,leo,1342.0,1800.0,41,5,5,15,15,14,14,0.131544,2.762867,1778,1778,1980,1980
blackout_only,full_coverage,3,earth,1342.0,1800.0,41,5,5,15,15,14,14,0.183067,3.848948,1778,1778,1980,1980
with_repeater,full_coverage,0,mars,1342.0,1800.0,41,0,1,0,3,0,2,,,1778,1778,1980,1980
with_repeater,full_coverage,1,moon,1342.0,1800.0,41,5,5,15,15,12,12,5.131743,107.818622,1778,1778,1980,1980
with_repeater,full_coverage,2,leo,1342.0,1800.0,41,5,5,15,15,14,14,0.131986,2.788497,1778,1778,1980,1980
with_repeater,full_coverage,3,earth,1342.0,1800.0,41,5,5,15,15,14,14,0.184552,3.870417,1778,1778,1980,1980
blackout_only,full_coverage,0,mars,1342.0,1800.0,42,0,1,0,3,0,2,,,1777,1777,1980,1980
blackout_only,full_coverage,1,moon,1342.0,1800.0,42,5,5,15,15,12,12,5.130710,107.743866,1777,1777,1980,1980
blackout_only,full_coverage,2,leo,1342.0,1800.0,42,5,5,15,15,14,14,0.131097,2.744045,1777,1777,1980,1980
blackout_only,full_coverage,3,earth,1342.0,1800.0,42,5,5,15,15,14,14,0.181126,3.819550,1777,1777,1980,1980
with_repeater,full_coverage,0,mars,1342.0,1800.0,42,0,1,0,3,0,2,,,1778,1778,1980,1980
with_repeater,full_coverage,1,moon,1342.0,1800.0,42,5,5,15,15,12,12,5.132013,107.735926,1778,1778,1980,1980
with_repeater,full_coverage,2,leo,1342.0,1800.0,42,5,5,15,15,14,14,0.131722,2.758039,1778,1778,1980,1980
with_repeater,full_coverage,3,earth,1342.0,1800.0,42,5,5,15,15,14,14,0.184179,3.856243,1778,1778,1980,1980
blackout_only,full_coverage,0,mars,1342.0,1800.0,43,0,1,0,3,0,2,,,1777,1777,1980,1980
blackout_only,full_coverage,1,moon,1342.0,1800.0,43,5,5,15,15,12,12,5.132383,107.765872,1777,1777,1980,1980
blackout_only,full_coverage,2,leo,1342.0,1800.0,43,5,5,15,15,14,14,0.133530,2.808706,1777,1777,1980,1980
blackout_only,full_coverage,3,earth,1342.0,1800.0,43,5,5,15,15,14,14,0.180307,3.816524,1777,1777,1980,1980
with_repeater,full_coverage,0,mars,1342.0,1800.0,43,0,1,0,3,0,2,,,1777,1777,1980,1980
with_repeater,full_coverage,1,moon,1342.0,1800.0,43,5,5,15,15,12,12,5.132271,107.749083,1777,1777,1980,1980
with_repeater,full_coverage,2,leo,1342.0,1800.0,43,5,5,15,15,14,14,0.131003,2.738849,1777,1777,1980,1980
with_repeater,full_coverage,3,earth,1342.0,1800.0,43,5,5,15,15,14,14,0.181857,3.777906,1777,1777,1980,1980
blackout_only,full_coverage,0,mars,1342.0,1800.0,44,0,1,0,3,0,2,,,1777,1777,1980,1980
blackout_only,full_coverage,1,moon,1342.0,1800.0,44,5,5,15,15,12,12,5.132760,107.775174,1777,1777,1980,1980
blackout_only,full_coverage,2,leo,1342.0,1800.0,44,5,5,15,15,14,14,0.129948,2.723838,1777,1777,1980,1980
blackout_only,full_coverage,3,earth,1342.0,1800.0,44,5,5,15,15,14,14,0.179492,3.780464,1777,1777,1980,1980
with_repeater,full_coverage,0,mars,1342.0,1800.0,44,0,1,0,3,0,2,,,1777,1777,1980,1980
with_repeater,full_coverage,1,moon,1342.0,1800.0,44,5,5,15,15,12,12,5.132998,107.818881,1777,1777,1980,1980
with_repeater,full_coverage,2,leo,1342.0,1800.0,44,5,5,15,15,14,14,0.130933,2.749220,1777,1777,1980,1980
with_repeater,full_coverage,3,earth,1342.0,1800.0,44,5,5,15,15,14,14,0.182508,3.813598,1777,1777,1980,1980
blackout_only,full_coverage,0,mars,1342.0,1800.0,45,0,1,0,3,0,2,,,1778,1778,1980,1980
blackout_only,full_coverage,1,moon,1342.0,1800.0,45,5,5,15,15,12,12,5.131610,107.763621,1778,1778,1980,1980
blackout_only,full_coverage,2,leo,1342.0,1800.0,45,5,5,15,15,14,14,0.129913,2.725071,1778,1778,1980,1980
blackout_only,full_coverage,3,earth,1342.0,1800.0,45,5,5,15,15,14,14,0.182004,3.833467,1778,1778,1980,1980
with_repeater,full_coverage,0,mars,1342.0,1800.0,45,0,1,0,3,0,2,,,1777,1777,1980,1980
with_repeater,full_coverage,1,moon,1342.0,1800.0,45,5,5,15,15,12,12,5.131277,107.725058,1777,1777,1980,1980
with_repeater,full_coverage,2,leo,1342.0,1800.0,45,5,5,15,15,14,14,0.130459,2.740205,1777,1777,1980,1980
with_repeater,full_coverage,3,earth,1342.0,1800.0,45,5,5,15,15,14,14,0.182198,3.814021,1777,1777,1980,1980
blackout_only,full_coverage,0,mars,1342.0,1800.0,46,0,1,0,3,0,2,,,1777,1777,1980,1980
blackout_only,full_coverage,1,moon,1342.0,1800.0,46,5,5,15,15,12,12,5.131462,107.712328,1777,1777,1980,1980
blackout_only,full_coverage,2,leo,1342.0,1800.0,46,5,5,15,15,14,14,0.132184,2.803453,1777,1777,1980,1980
blackout_only,full_coverage,3,earth,1342.0,1800.0,46,5,5,15,15,14,14,0.184672,3.890418,1777,1777,1980,1980
with_repeater,full_coverage,0,mars,1342.0,1800.0,46,0,1,0,3,0,2,,,1777,1777,1980,1980
with_repeater,full_coverage,1,moon,1342.0,1800.0,46,5,5,15,15,12,12,5.128208,107.687453,1777,1777,1980,1980
with_repeater,full_coverage,2,leo,1342.0,1800.0,46,5,5,15,15,14,14,0.133655,2.795237,1777,1777,1980,1980
with_repeater,full_coverage,3,earth,1342.0,1800.0,46,5,5,15,15,14,14,0.186253,3.958547,1777,1777,1980,1980
blackout_only,full_coverage,0,mars,1342.0,1800.0,47,0,1,0,3,0,2,,,1777,1777,1980,1980
blackout_only,full_coverage,1,moon,1342.0,1800.0,47,5,5,15,15,12,12,5.132133,107.763557,1777,1777,1980,1980
blackout_only,full_coverage,2,leo,1342.0,1800.0,47,5,5,15,15,14,14,0.130999,2.758665,1777,1777,1980,1980
blackout_only,full_coverage,3,earth,1342.0,1800.0,47,5,5,15,15,14,14,0.182921,3.845539,1777,1777,1980,1980
with_repeater,full_coverage,0,mars,1342.0,1800.0,47,0,1,0,3,0,2,,,1777,1777,1980,1980
with_repeater,full_coverage,1,moon,1342.0,1800.0,47,5,5,15,15,12,12,5.132363,107.782871,1777,1777,1980,1980
with_repeater,full_coverage,2,leo,1342.0,1800.0,47,5,5,15,15,14,14,0.131522,2.762711,1777,1777,1980,1980
with_repeater,full_coverage,3,earth,1342.0,1800.0,47,5,5,15,15,14,14,0.185380,3.853651,1777,1777,1980,1980
blackout_only,full_coverage,0,mars,1342.0,1800.0,48,0,1,0,3,0,2,,,1777,1777,1980,1980
blackout_only,full_coverage,1,moon,1342.0,1800.0,48,5,5,15,15,12,12,5.133573,107.795689,1777,1777,1980,1980
blackout_only,full_coverage,2,leo,1342.0,1800.0,48,5,5,15,15,14,14,0.131668,2.760198,1777,1777,1980,1980
blackout_only,full_coverage,3,earth,1342.0,1800.0,48,5,5,15,15,14,14,0.184542,3.860695,1777,1777,1980,1980
with_repeater,full_coverage,0,mars,1342.0,1800.0,48,0,1,0,3,0,2,,,1777,1777,1980,1980
with_repeater,full_coverage,1,moon,1342.0,1800.0,48,5,5,15,15,12,12,5.129378,107.713962,1777,1777,1980,1980
with_repeater,full_coverage,2,leo,1342.0,1800.0,48,5,5,15,15,14,14,0.131258,2.733169,1777,1777,1980,1980
with_repeater,full_coverage,3,earth,1342.0,1800.0,48,5,5,15,15,14,14,0.181530,3.767354,1777,1777,1980,1980
blackout_only,full_coverage,0,mars,1342.0,1800.0,49,0,1,0,3,0,2,,,1777,1777,1980,1980
blackout_only,full_coverage,1,moon,1342.0,1800.0,49,5,5,15,15,12,12,5.132703,107.760572,1777,1777,1980,1980
blackout_only,full_coverage,2,leo,1342.0,1800.0,49,5,5,15,15,14,14,0.131892,2.758469,1777,1777,1980,1980
blackout_only,full_coverage,3,earth,1342.0,1800.0,49,5,5,15,15,14,14,0.182979,3.857661,1777,1777,1980,1980
with_repeater,full_coverage,0,mars,1342.0,1800.0,49,0,1,0,3,0,2,,,1777,1777,1980,1980
with_repeater,full_coverage,1,moon,1342.0,1800.0,49,5,5,15,15,12,12,5.131673,107.737191,1777,1777,1980,1980
with_repeater,full_coverage,2,leo,1342.0,1800.0,49,5,5,15,15,14,14,0.132000,2.797279,1777,1777,1980,1980
with_repeater,full_coverage,3,earth,1342.0,1800.0,49,5,5,15,15,14,14,0.184304,3.848161,1777,1777,1980,1980
blackout_only,full_coverage,0,mars,1342.0,1800.0,50,0,1,0,3,0,2,,,1777,1777,1980,1980
blackout_only,full_coverage,1,moon,1342.0,1800.0,50,5,5,15,15,12,12,5.130558,107.739793,1777,1777,1980,1980
blackout_only,full_coverage,2,leo,1342.0,1800.0,50,5,5,15,15,14,14,0.129693,2.706353,1777,1777,1980,1980
blackout_only,full_coverage,3,earth,1342.0,1800.0,50,5,5,15,15,14,14,0.182012,3.840682,1777,1777,1980,1980
with_repeater,full_coverage,0,mars,1342.0,1800.0,50,0,1,0,3,0,2,,,1777,1777,1980,1980
with_repeater,full_coverage,1,moon,1342.0,1800.0,50,5,5,15,15,12,12,5.131351,107.742809,1777,1777,1980,1980
with_repeater,full_coverage,2,leo,1342.0,1800.0,50,5,5,15,15,14,14,0.130159,2.736669,1777,1777,1980,1980
with_repeater,full_coverage,3,earth,1342.0,1800.0,50,5,5,15,15,14,14,0.182412,3.800692,1777,1777,1980,1980
blackout_only,full_coverage,0,mars,1342.0,1800.0,51,0,1,0,3,0,2,,,1777,1777,1980,1980
blackout_only,full_coverage,1,moon,1342.0,1800.0,51,5,5,15,15,12,12,5.133733,107.821794,1777,1777,1980,1980
blackout_only,full_coverage,2,leo,1342.0,1800.0,51,5,5,15,15,14,14,0.130937,2.738477,1777,1777,1980,1980
blackout_only,full_coverage,3,earth,1342.0,1800.0,51,5,5,15,15,14,14,0.182857,3.833247,1777,1777,1980,1980
with_repeater,full_coverage,0,mars,1342.0,1800.0,51,0,1,0,3,0,2,,,1777,1777,1980,1980
with_repeater,full_coverage,1,moon,1342.0,1800.0,51,5,5,15,15,12,12,5.134454,107.831409,1777,1777,1980,1980
with_repeater,full_coverage,2,leo,1342.0,1800.0,51,5,5,15,15,14,14,0.130768,2.738168,1777,1777,1980,1980
with_repeater,full_coverage,3,earth,1342.0,1800.0,51,5,5,15,15,14,14,0.182897,3.823524,1777,1777,1980,1980
blackout_only,full_coverage,0,mars,1342.0,1800.0,52,0,1,0,3,0,2,,,1777,1777,1980,1980
blackout_only,full_coverage,1,moon,1342.0,1800.0,52,5,5,15,15,12,12,5.130485,107.748939,1777,1777,1980,1980
blackout_only,full_coverage,2,leo,1342.0,1800.0,52,5,5,15,15,14,14,0.129837,2.717311,1777,1777,1980,1980
blackout_only,full_coverage,3,earth,1342.0,1800.0,52,5,5,15,15,14,14,0.184404,3.887152,1777,1777,1980,1980
with_repeater,full_coverage,0,mars,1342.0,1800.0,52,0,1,0,3,0,2,,,1778,1778,1980,1980
with_repeater,full_coverage,1,moon,1342.0,1800.0,52,5,5,15,15,12,12,5.132084,107.757340,1778,1778,1980,1980
with_repeater,full_coverage,2,leo,1342.0,1800.0,52,5,5,15,15,14,14,0.131250,2.765515,1778,1778,1980,1980
with_repeater,full_coverage,3,earth,1342.0,1800.0,52,5,5,15,15,14,14,0.183734,3.865582,1778,1778,1980,1980
blackout_only,full_coverage,0,mars,1342.0,1800.0,53,0,1,0,3,0,2,,,1777,1777,1980,1980
blackout_only,full_coverage,1,moon,1342.0,1800.0,53,5,5,15,15,12,12,5.133130,107.753695,1777,1777,1980,1980
blackout_only,full_coverage,2,leo,1342.0,1800.0,53,5,5,15,15,14,14,0.129765,2.750239,1777,1777,1980,1980
blackout_only,full_coverage,3,earth,1342.0,1800.0,53,5,5,15,15,14,14,0.183603,3.835978,1777,1777,1980,1980
with_repeater,full_coverage,0,mars,1342.0,1800.0,53,0,1,0,3,0,2,,,1777,1777,1980,1980
with_repeater,full_coverage,1,moon,1342.0,1800.0,53,5,5,15,15,12,12,5.129306,107.695716,1777,1777,1980,1980
with_repeater,full_coverage,2,leo,1342.0,1800.0,53,5,5,15,15,14,14,0.131238,2.735958,1777,1777,1980,1980
with_repeater,full_coverage,3,earth,1342.0,1800.0,53,5,5,15,15,14,14,0.183127,3.874300,1777,1777,1980,1980
blackout_only,full_coverage,0,mars,1342.0,1800.0,54,0,1,0,3,0,2,,,1777,1777,1980,1980
blackout_only,full_coverage,1,moon,1342.0,1800.0,54,5,5,15,15,12,12,5.129523,107.713760,1777,1777,1980,1980
blackout_only,full_coverage,2,leo,1342.0,1800.0,54,5,5,15,15,14,14,0.131040,2.719133,1777,1777,1980,1980
blackout_only,full_coverage,3,earth,1342.0,1800.0,54,5,5,15,15,14,14,0.181370,3.821140,1777,1777,1980,1980
with_repeater,full_coverage,0,mars,1342.0,1800.0,54,0,1,0,3,0,2,,,1778,1778,1980,1980
with_repeater,full_coverage,1,moon,1342.0,1800.0,54,5,5,15,15,12,12,5.131511,107.766973,1778,1778,1980,1980
with_repeater,full_coverage,2,leo,1342.0,1800.0,54,5,5,15,15,14,14,0.129770,2.715598,1778,1778,1980,1980
with_repeater,full_coverage,3,earth,1342.0,1800.0,54,5,5,15,15,14,14,0.184996,3.874385,1778,1778,1980,1980
blackout_only,full_coverage,0,mars,1342.0,1800.0,55,0,1,0,3,0,2,,,1778,1778,1980,1980
blackout_only,full_coverage,1,moon,1342.0,1800.0,55,5,5,15,15,12,12,5.133608,107.824013,1778,1778,1980,1980
blackout_only,full_coverage,2,leo,1342.0,1800.0,55,5,5,15,15,14,14,0.131340,2.762174,1778,1778,1980,1980
blackout_only,full_coverage,3,earth,1342.0,1800.0,55,5,5,15,15,14,14,0.183142,3.832055,1778,1778,1980,1980
with_repeater,full_coverage,0,mars,1342.0,1800.0,55,0,1,0,3,0,2,,,1777,1777,1980,1980
with_repeater,full_coverage,1,moon,1342.0,1800.0,55,5,5,15,15,12,12,5.131269,107.761243,1777,1777,1980,1980
with_repeater,full_coverage,2,leo,1342.0,1800.0,55,5,5,15,15,14,14,0.130815,2.750104,1777,1777,1980,1980
with_repeater,full_coverage,3,earth,1342.0,1800.0,55,5,5,15,15,14,14,0.181149,3.823225,1777,1777,1980,1980
blackout_only,full_coverage,0,mars,1342.0,1800.0,56,0,1,0,3,0,2,,,1777,1777,1980,1980
blackout_only,full_coverage,1,moon,1342.0,1800.0,56,5,5,15,15,12,12,5.130114,107.727766,1777,1777,1980,1980
blackout_only,full_coverage,2,leo,1342.0,1800.0,56,5,5,15,15,14,14,0.130824,2.751943,1777,1777,1980,1980
blackout_only,full_coverage,3,earth,1342.0,1800.0,56,5,5,15,15,14,14,0.184170,3.847632,1777,1777,1980,1980
with_repeater,full_coverage,0,mars,1342.0,1800.0,56,0,1,0,3,0,2,,,1777,1777,1980,1980
with_repeater,full_coverage,1,moon,1342.0,1800.0,56,5,5,15,15,12,12,5.132880,107.794089,1777,1777,1980,1980
with_repeater,full_coverage,2,leo,1342.0,1800.0,56,5,5,15,15,14,14,0.130928,2.758046,1777,1777,1980,1980
with_repeater,full_coverage,3,earth,1342.0,1800.0,56,5,5,15,15,14,14,0.183426,3.915441,1777,1777,1980,1980
blackout_only,full_coverage,0,mars,1342.0,1800.0,57,0,1,0,3,0,2,,,1777,1777,1980,1980
blackout_only,full_coverage,1,moon,1342.0,1800.0,57,5,5,15,15,12,12,5.130794,107.705095,1777,1777,1980,1980
blackout_only,full_coverage,2,leo,1342.0,1800.0,57,5,5,15,15,14,14,0.131789,2.776520,1777,1777,1980,1980
blackout_only,full_coverage,3,earth,1342.0,1800.0,57,5,5,15,15,14,14,0.183926,3.856183,1777,1777,1980,1980
with_repeater,full_coverage,0,mars,1342.0,1800.0,57,0,1,0,3,0,2,,,1777,1777,1980,1980
with_repeater,full_coverage,1,moon,1342.0,1800.0,57,5,5,15,15,12,12,5.129464,107.708629,1777,1777,1980,1980
with_repeater,full_coverage,2,leo,1342.0,1800.0,57,5,5,15,15,14,14,0.133622,2.788042,1777,1777,1980,1980
with_repeater,full_coverage,3,earth,1342.0,1800.0,57,5,5,15,15,14,14,0.181437,3.799813,1777,1777,1980,1980
blackout_only,full_coverage,0,mars,1342.0,1800.0,58,0,1,0,3,0,2,,,1777,1777,1980,1980
blackout_only,full_coverage,1,moon,1342.0,1800.0,58,5,5,15,15,12,12,5.130735,107.758279,1777,1777,1980,1980
blackout_only,full_coverage,2,leo,1342.0,1800.0,58,5,5,15,15,14,14,0.132747,2.805417,1777,1777,1980,1980
blackout_only,full_coverage,3,earth,1342.0,1800.0,58,5,5,15,15,14,14,0.183118,3.862154,1777,1777,1980,1980
with_repeater,full_coverage,0,mars,1342.0,1800.0,58,0,1,0,3,0,2,,,1777,1777,1980,1980
with_repeater,full_coverage,1,moon,1342.0,1800.0,58,5,5,15,15,12,12,5.127884,107.684912,1777,1777,1980,1980
with_repeater,full_coverage,2,leo,1342.0,1800.0,58,5,5,15,15,14,14,0.130687,2.740003,1777,1777,1980,1980
with_repeater,full_coverage,3,earth,1342.0,1800.0,58,5,5,15,15,14,14,0.184517,3.894579,1777,1777,1980,1980
blackout_only,full_coverage,0,mars,1342.0,1800.0,59,0,1,0,3,0,2,,,1777,1777,1980,1980
blackout_only,full_coverage,1,moon,1342.0,1800.0,59,5,5,15,15,12,12,5.131270,107.755459,1777,1777,1980,1980
blackout_only,full_coverage,2,leo,1342.0,1800.0,59,5,5,15,15,14,14,0.131738,2.761992,1777,1777,1980,1980
blackout_only,full_coverage,3,earth,1342.0,1800.0,59,5,5,15,15,14,14,0.186045,3.896104,1777,1777,1980,1980
with_repeater,full_coverage,0,mars,1342.0,1800.0,59,0,1,0,3,0,2,,,1777,1777,1980,1980
with_repeater,full_coverage,1,moon,1342.0,1800.0,59,5,5,15,15,12,12,5.131004,107.742000,1777,1777,1980,1980
with_repeater,full_coverage,2,leo,1342.0,1800.0,59,5,5,15,15,14,14,0.131836,2.779356,1777,1777,1980,1980
with_repeater,full_coverage,3,earth,1342.0,1800.0,59,5,5,15,15,14,14,0.183162,3.845780,1777,1777,1980,1980
blackout_only,full_coverage,0,mars,1342.0,1800.0,60,0,1,0,3,0,2,,,1777,1777,1980,1980
blackout_only,full_coverage,1,moon,1342.0,1800.0,60,5,5,15,15,12,12,5.130949,107.718487,1777,1777,1980,1980
blackout_only,full_coverage,2,leo,1342.0,1800.0,60,5,5,15,15,14,14,0.132654,2.783267,1777,1777,1980,1980
blackout_only,full_coverage,3,earth,1342.0,1800.0,60,5,5,15,15,14,14,0.184688,3.897919,1777,1777,1980,1980
with_repeater,full_coverage,0,mars,1342.0,1800.0,60,0,1,0,3,0,2,,,1777,1777,1980,1980
with_repeater,full_coverage,1,moon,1342.0,1800.0,60,5,5,15,15,12,12,5.132103,107.757690,1777,1777,1980,1980
with_repeater,full_coverage,2,leo,1342.0,1800.0,60,5,5,15,15,14,14,0.129650,2.707007,1777,1777,1980,1980
with_repeater,full_coverage,3,earth,1342.0,1800.0,60,5,5,15,15,14,14,0.182210,3.862783,1777,1777,1980,1980
blackout_only,full_coverage,0,mars,1342.0,1800.0,61,0,1,0,3,0,2,,,1777,1777,1980,1980
blackout_only,full_coverage,1,moon,1342.0,1800.0,61,5,5,15,15,12,12,5.131600,107.728127,1777,1777,1980,1980
blackout_only,full_coverage,2,leo,1342.0,1800.0,61,5,5,15,15,14,14,0.131377,2.746260,1777,1777,1980,1980
blackout_only,full_coverage,3,earth,1342.0,1800.0,61,5,5,15,15,14,14,0.182662,3.837732,1777,1777,1980,1980
with_repeater,full_coverage,0,mars,1342.0,1800.0,61,0,1,0,3,0,2,,,1777,1777,1980,1980
with_repeater,full_coverage,1,moon,1342.0,1800.0,61,5,5,15,15,12,12,5.133060,107.760778,1777,1777,1980,1980
with_repeater,full_coverage,2,leo,1342.0,1800.0,61,5,5,15,15,14,14,0.129772,2.711248,1777,1777,1980,1980
with_repeater,full_coverage,3,earth,1342.0,1800.0,61,5,5,15,15,14,14,0.181168,3.806919,1777,1777,1980,1980
blackout_only,full_coverage,0,mars,1342.0,1800.0,62,0,1,0,3,0,2,,,1777,1777,1980,1980
blackout_only,full_coverage,1,moon,1342.0,1800.0,62,5,5,15,15,12,12,5.130616,107.725169,1777,1777,1980,1980
blackout_only,full_coverage,2,leo,1342.0,1800.0,62,5,5,15,15,14,14,0.130887,2.758714,1777,1777,1980,1980
blackout_only,full_coverage,3,earth,1342.0,1800.0,62,5,5,15,15,14,14,0.186631,3.919076,1777,1777,1980,1980
with_repeater,full_coverage,0,mars,1342.0,1800.0,62,0,1,0,3,0,2,,,1778,1778,1980,1980
with_repeater,full_coverage,1,moon,1342.0,1800.0,62,5,5,15,15,12,12,5.131718,107.726423,1778,1778,1980,1980
with_repeater,full_coverage,2,leo,1342.0,1800.0,62,5,5,15,15,14,14,0.130783,2.748153,1778,1778,1980,1980
with_repeater,full_coverage,3,earth,1342.0,1800.0,62,5,5,15,15,14,14,0.183562,3.860207,1778,1778,1980,1980
blackout_only,full_coverage,0,mars,1342.0,1800.0,63,0,1,0,3,0,2,,,1777,1777,1980,1980
blackout_only,full_coverage,1,moon,1342.0,1800.0,63,5,5,15,15,12,12,5.130108,107.695272,1777,1777,1980,1980
blackout_only,full_coverage,2,leo,1342.0,1800.0,63,5,5,15,15,14,14,0.128985,2.721933,1777,1777,1980,1980
blackout_only,full_coverage,3,earth,1342.0,1800.0,63,5,5,15,15,14,14,0.182960,3.920242,1777,1777,1980,1980
with_repeater,full_coverage,0,mars,1342.0,1800.0,63,0,1,0,3,0,2,,,1777,1777,1980,1980
with_repeater,full_coverage,1,moon,1342.0,1800.0,63,5,5,15,15,12,12,5.132040,107.773100,1777,1777,1980,1980
with_repeater,full_coverage,2,leo,1342.0,1800.0,63,5,5,15,15,14,14,0.132216,2.789018,1777,1777,1980,1980
with_repeater,full_coverage,3,earth,1342.0,1800.0,63,5,5,15,15,14,14,0.183035,3.866790,1777,1777,1980,1980
blackout_only,full_coverage,0,mars,1342.0,1800.0,64,0,1,0,3,0,2,,,1777,1777,1980,1980
blackout_only,full_coverage,1,moon,1342.0,1800.0,64,5,5,15,15,12,12,5.131461,107.738725,1777,1777,1980,1980
blackout_only,full_coverage,2,leo,1342.0,1800.0,64,5,5,15,15,14,14,0.131415,2.760448,1777,1777,1980,1980
blackout_only,full_coverage,3,earth,1342.0,1800.0,64,5,5,15,15,14,14,0.183098,3.813675,1777,1777,1980,1980
with_repeater,full_coverage,0,mars,1342.0,1800.0,64,0,1,0,3,0,2,,,1777,1777,1980,1980
with_repeater,full_coverage,1,moon,1342.0,1800.0,64,5,5,15,15,12,12,5.128375,107.688034,1777,1777,1980,1980
with_repeater,full_coverage,2,leo,1342.0,1800.0,64,5,5,15,15,14,14,0.131546,2.758246,1777,1777,1980,1980
with_repeater,full_coverage,3,earth,1342.0,1800.0,64,5,5,15,15,14,14,0.183652,3.857483,1777,1777,1980,1980
blackout_only,full_coverage,0,mars,1342.0,1800.0,65,0,1,0,3,0,2,,,1777,1777,1980,1980
blackout_only,full_coverage,1,moon,1342.0,1800.0,65,5,5,15,15,12,12,5.130564,107.700661,1777,1777,1980,1980
blackout_only,full_coverage,2,leo,1342.0,1800.0,65,5,5,15,15,14,14,0.132106,2.790949,1777,1777,1980,1980
blackout_only,full_coverage,3,earth,1342.0,1800.0,65,5,5,15,15,14,14,0.185378,3.858233,1777,1777,1980,1980
with_repeater,full_coverage,0,mars,1342.0,1800.0,65,0,1,0,3,0,2,,,1777,1777,1980,1980
with_repeater,full_coverage,1,moon,1342.0,1800.0,65,5,5,15,15,12,12,5.129608,107.727884,1777,1777,1980,1980
with_repeater,full_coverage,2,leo,1342.0,1800.0,65,5,5,15,15,14,14,0.132191,2.784660,1777,1777,1980,1980
with_repeater,full_coverage,3,earth,1342.0,1800.0,65,5,5,15,15,14,14,0.183380,3.850466,1777,1777,1980,1980
blackout_only,full_coverage,0,mars,1342.0,1800.0,66,0,1,0,3,0,2,,,1777,1777,1980,1980
blackout_only,full_coverage,1,moon,1342.0,1800.0,66,5,5,15,15,12,12,5.126415,107.652315,1777,1777,1980,1980
blackout_only,full_coverage,2,leo,1342.0,1800.0,66,5,5,15,15,14,14,0.130975,2.751028,1777,1777,1980,1980
blackout_only,full_coverage,3,earth,1342.0,1800.0,66,5,5,15,15,14,14,0.183646,3.858837,1777,1777,1980,1980
with_repeater,full_coverage,0,mars,1342.0,1800.0,66,0,1,0,3,0,2,,,1777,1777,1980,1980
with_repeater,full_coverage,1,moon,1342.0,1800.0,66,5,5,15,15,12,12,5.130151,107.706951,1777,1777,1980,1980
with_repeater,full_coverage,2,leo,1342.0,1800.0,66,5,5,15,15,14,14,0.129685,2.698655,1777,1777,1980,1980
with_repeater,full_coverage,3,earth,1342.0,1800.0,66,5,5,15,15,14,14,0.181643,3.827551,1777,1777,1980,1980
blackout_only,full_coverage,0,mars,1342.0,1800.0,67,0,1,0,3,0,2,,,1777,1777,1980,1980
blackout_only,full_coverage,1,moon,1342.0,1800.0,67,5,5,15,15,12,12,5.129247,107.702237,1777,1777,1980,1980
blackout_only,full_coverage,2,leo,1342.0,1800.0,67,5,5,15,15,14,14,0.131443,2.754091,1777,1777,1980,1980
blackout_only,full_coverage,3,earth,1342.0,1800.0,67,5,5,15,15,14,14,0.184517,3.797168,1777,1777,1980,1980
with_repeater,full_coverage,0,mars,1342.0,1800.0,67,0,1,0,3,0,2,,,1777,1777,1980,1980
with_repeater,full_coverage,1,moon,1342.0,1800.0,67,5,5,15,15,12,12,5.133922,107.812431,1777,1777,1980,1980
with_repeater,full_coverage,2,leo,1342.0,1800.0,67,5,5,15,15,14,14,0.130059,2.740963,1777,1777,1980,1980
with_repeater,full_coverage,3,earth,1342.0,1800.0,67,5,5,15,15,14,14,0.181602,3.802351,1777,1777,1980,1980
blackout_only,full_coverage,0,mars,1342.0,1800.0,68,0,1,0,3,0,2,,,1778,1778,1980,1980
blackout_only,full_coverage,1,moon,1342.0,1800.0,68,5,5,15,15,12,12,5.131952,107.703896,1778,1778,1980,1980
blackout_only,full_coverage,2,leo,1342.0,1800.0,68,5,5,15,15,14,14,0.132807,2.788392,1778,1778,1980,1980
blackout_only,full_coverage,3,earth,1342.0,1800.0,68,5,5,15,15,14,14,0.182437,3.801546,1778,1778,1980,1980
with_repeater,full_coverage,0,mars,1342.0,1800.0,68,0,1,0,3,0,2,,,1777,1777,1980,1980
with_repeater,full_coverage,1,moon,1342.0,1800.0,68,5,5,15,15,12,12,5.127656,107.667934,1777,1777,1980,1980
with_repeater,full_coverage,2,leo,1342.0,1800.0,68,5,5,15,15,14,14,0.130758,2.751863,1777,1777,1980,1980
with_repeater,full_coverage,3,earth,1342.0,1800.0,68,5,5,15,15,14,14,0.182666,3.835884,1777,1777,1980,1980
blackout_only,full_coverage,0,mars,1342.0,1800.0,69,0,1,0,3,0,2,,,1778,1778,1980,1980
blackout_only,full_coverage,1,moon,1342.0,1800.0,69,5,5,15,15,12,12,5.132850,107.800275,1778,1778,1980,1980
blackout_only,full_coverage,2,leo,1342.0,1800.0,69,5,5,15,15,14,14,0.130476,2.736128,1778,1778,1980,1980
blackout_only,full_coverage,3,earth,1342.0,1800.0,69,5,5,15,15,14,14,0.181815,3.830967,1778,1778,1980,1980
with_repeater,full_coverage,0,mars,1342.0,1800.0,69,0,1,0,3,0,2,,,1777,1777,1980,1980
with_repeater,full_coverage,1,moon,1342.0,1800.0,69,5,5,15,15,12,12,5.129145,107.676606,1777,1777,1980,1980
with_repeater,full_coverage,2,leo,1342.0,1800.0,69,5,5,15,15,14,14,0.130663,2.722505,1777,1777,1980,1980
with_repeater,full_coverage,3,earth,1342.0,1800.0,69,5,5,15,15,14,14,0.183244,3.860355,1777,1777,1980,1980
blackout_only,full_coverage,0,mars,1342.0,1800.0,70,0,1,0,3,0,2,,,1778,1778,1980,1980
blackout_only,full_coverage,1,moon,1342.0,1800.0,70,5,5,15,15,12,12,5.131957,107.805338,1778,1778,1980,1980
blackout_only,full_coverage,2,leo,1342.0,1800.0,70,5,5,15,15,14,14,0.131706,2.760344,1778,1778,1980,1980
blackout_only,full_coverage,3,earth,1342.0,1800.0,70,5,5,15,15,14,14,0.184646,3.875841,1778,1778,1980,1980
with_repeater,full_coverage,0,mars,1342.0,1800.0,70,0,1,0,3,0,2,,,1777,1777,1980,1980
with_repeater,full_coverage,1,moon,1342.0,1800.0,70,5,5,15,15,12,12,5.130152,107.738688,1777,1777,1980,1980
with_repeater,full_coverage,2,leo,1342.0,1800.0,70,5,5,15,15,14,14,0.130861,2.759617,1777,1777,1980,1980
with_repeater,full_coverage,3,earth,1342.0,1800.0,70,5,5,15,15,14,14,0.182343,3.838288,1777,1777,1980,1980
blackout_only,full_coverage,0,mars,1342.0,1800.0,71,0,1,0,3,0,2,,,1777,1777,1980,1980
blackout_only,full_coverage,1,moon,1342.0,1800.0,71,5,5,15,15,12,12,5.132175,107.804636,1777,1777,1980,1980
blackout_only,full_coverage,2,leo,1342.0,1800.0,71,5,5,15,15,14,14,0.130154,2.745075,1777,1777,1980,1980
blackout_only,full_coverage,3,earth,1342.0,1800.0,71,5,5,15,15,14,14,0.183969,3.856502,1777,1777,1980,1980
with_repeater,full_coverage,0,mars,1342.0,1800.0,71,0,1,0,3,0,2,,,1777,1777,1980,1980
with_repeater,full_coverage,1,moon,1342.0,1800.0,71,5,5,15,15,12,12,5.130929,107.769549,1777,1777,1980,1980
with_repeater,full_coverage,2,leo,1342.0,1800.0,71,5,5,15,15,14,14,0.131372,2.770475,1777,1777,1980,1980
with_repeater,full_coverage,3,earth,1342.0,1800.0,71,5,5,15,15,14,14,0.181619,3.834350,1777,1777,1980,1980
blackout_only,full_coverage,0,mars,1342.0,1800.0,72,0,1,0,3,0,2,,,1777,1777,1980,1980
blackout_only,full_coverage,1,moon,1342.0,1800.0,72,5,5,15,15,12,12,5.132484,107.768929,1777,1777,1980,1980
blackout_only,full_coverage,2,leo,1342.0,1800.0,72,5,5,15,15,14,14,0.131688,2.749864,1777,1777,1980,1980
blackout_only,full_coverage,3,earth,1342.0,1800.0,72,5,5,15,15,14,14,0.184088,3.883436,1777,1777,1980,1980
with_repeater,full_coverage,0,mars,1342.0,1800.0,72,0,1,0,3,0,2,,,1777,1777,1980,1980
with_repeater,full_coverage,1,moon,1342.0,1800.0,72,5,5,15,15,12,12,5.129828,107.749215,1777,1777,1980,1980
with_repeater,full_coverage,2,leo,1342.0,1800.0,72,5,5,15,15,14,14,0.131145,2.736237,1777,1777,1980,1980
with_repeater,full_coverage,3,earth,1342.0,1800.0,72,5,5,15,15,14,14,0.182591,3.822646,1777,1777,1980,1980
blackout_only,full_coverage,0,mars,1342.0,1800.0,73,0,1,0,3,0,2,,,1778,1778,1980,1980
blackout_only,full_coverage,1,moon,1342.0,1800.0,73,5,5,15,15,12,12,5.131848,107.784571,1778,1778,1980,1980
blackout_only,full_coverage,2,leo,1342.0,1800.0,73,5,5,15,15,14,14,0.130047,2.749913,1778,1778,1980,1980
blackout_only,full_coverage,3,earth,1342.0,1800.0,73,5,5,15,15,14,14,0.182897,3.874235,1778,1778,1980,1980
with_repeater,full_coverage,0,mars,1342.0,1800.0,73,0,1,0,3,0,2,,,1778,1778,1980,1980
with_repeater,full_coverage,1,moon,1342.0,1800.0,73,5,5,15,15,12,12,5.132027,107.764572,1778,1778,1980,1980
with_repeater,full_coverage,2,leo,1342.0,1800.0,73,5,5,15,15,14,14,0.133358,2.781501,1778,1778,1980,1980
with_repeater,full_coverage,3,earth,1342.0,1800.0,73,5,5,15,15,14,14,0.182868,3.872875,1778,1778,1980,1980
blackout_only,full_coverage,0,mars,1342.0,1800.0,74,0,1,0,3,0,2,,,1778,1778,1980,1980
blackout_only,full_coverage,1,moon,1342.0,1800.0,74,5,5,15,15,12,12,5.129597,107.733386,1778,1778,1980,1980
blackout_only,full_coverage,2,leo,1342.0,1800.0,74,5,5,15,15,14,14,0.131804,2.774150,1778,1778,1980,1980
blackout_only,full_coverage,3,earth,1342.0,1800.0,74,5,5,15,15,14,14,0.183332,3.853450,1778,1778,1980,1980
with_repeater,full_coverage,0,mars,1342.0,1800.0,74,0,1,0,3,0,2,,,1777,1777,1980,1980
with_repeater,full_coverage,1,moon,1342.0,1800.0,74,5,5,15,15,12,12,5.134321,107.833839,1777,1777,1980,1980
with_repeater,full_coverage,2,leo,1342.0,1800.0,74,5,5,15,15,14,14,0.131181,2.756560,1777,1777,1980,1980
with_repeater,full_coverage,3,earth,1342.0,1800.0,74,5,5,15,15,14,14,0.182954,3.848482,1777,1777,1980,1980
blackout_only,full_coverage,0,mars,1342.0,1800.0,75,0,1,0,3,0,2,,,1777,1777,1980,1980
blackout_only,full_coverage,1,moon,1342.0,1800.0,75,5,5,15,15,12,12,5.133110,107.797346,1777,1777,1980,1980
blackout_only,full_coverage,2,leo,1342.0,1800.0,75,5,5,15,15,14,14,0.132329,2.769588,1777,1777,1980,1980
blackout_only,full_coverage,3,earth,1342.0,1800.0,75,5,5,15,15,14,14,0.182428,3.800983,1777,1777,1980,1980
with_repeater,full_coverage,0,mars,1342.0,1800.0,75,0,1,0,3,0,2,,,1778,1778,1980,1980
with_repeater,full_coverage,1,moon,1342.0,1800.0,75,5,5,15,15,12,12,5.132725,107.770940,1778,1778,1980,1980
with_repeater,full_coverage,2,leo,1342.0,1800.0,75,5,5,15,15,14,14,0.131572,2.775824,1778,1778,1980,1980
with_repeater,full_coverage,3,earth,1342.0,1800.0,75,5,5,15,15,14,14,0.181150,3.764810,1778,1778,1980,1980
blackout_only,full_coverage,0,mars,1342.0,1800.0,76,0,1,0,3,0,2,,,1777,1777,1980,1980
blackout_only,full_coverage,1,moon,1342.0,1800.0,76,5,5,15,15,12,12,5.130655,107.751571,1777,1777,1980,1980
blackout_only,full_coverage,2,leo,1342.0,1800.0,76,5,5,15,15,14,14,0.131544,2.732200,1777,1777,1980,1980
blackout_only,full_coverage,3,earth,1342.0,1800.0,76,5,5,15,15,14,14,0.182988,3.836762,1777,1777,1980,1980
with_repeater,full_coverage,0,mars,1342.0,1800.0,76,0,1,0,3,0,2,,,1777,1777,1980,1980
with_repeater,full_coverage,1,moon,1342.0,1800.0,76,5,5,15,15,12,12,5.129115,107.724151,1777,1777,1980,1980
with_repeater,full_coverage,2,leo,1342.0,1800.0,76,5,5,15,15,14,14,0.132162,2.754580,1777,1777,1980,1980
with_repeater,full_coverage,3,earth,1342.0,1800.0,76,5,5,15,15,14,14,0.184116,3.845848,1777,1777,1980,1980
blackout_only,full_coverage,0,mars,1342.0,1800.0,77,0,1,0,3,0,2,,,1777,1777,1980,1980
blackout_only,full_coverage,1,moon,1342.0,1800.0,77,5,5,15,15,12,12,5.130997,107.760508,1777,1777,1980,1980
blackout_only,full_coverage,2,leo,1342.0,1800.0,77,5,5,15,15,14,14,0.132252,2.759810,1777,1777,1980,1980
blackout_only,full_coverage,3,earth,1342.0,1800.0,77,5,5,15,15,14,14,0.184788,3.904997,1777,1777,1980,1980
with_repeater,full_coverage,0,mars,1342.0,1800.0,77,0,1,0,3,0,2,,,1777,1777,1980,1980
with_repeater,full_coverage,1,moon,1342.0,1800.0,77,5,5,15,15,12,12,5.129601,107.714861,1777,1777,1980,1980
with_repeater,full_coverage,2,leo,1342.0,1800.0,77,5,5,15,15,14,14,0.131030,2.734951,1777,1777,1980,1980
with_repeater,full_coverage,3,earth,1342.0,1800.0,77,5,5,15,15,14,14,0.183421,3.851451,1777,1777,1980,1980
blackout_only,full_coverage,0,mars,1342.0,1800.0,78,0,1,0,3,0,2,,,1777,1777,1980,1980
blackout_only,full_coverage,1,moon,1342.0,1800.0,78,5,5,15,15,12,12,5.131562,107.776446,1777,1777,1980,1980
blackout_only,full_coverage,2,leo,1342.0,1800.0,78,5,5,15,15,14,14,0.131270,2.746979,1777,1777,1980,1980
blackout_only,full_coverage,3,earth,1342.0,1800.0,78,5,5,15,15,14,14,0.182777,3.812597,1777,1777,1980,1980
with_repeater,full_coverage,0,mars,1342.0,1800.0,78,0,1,0,3,0,2,,,1777,1777,1980,1980
with_repeater,full_coverage,1,moon,1342.0,1800.0,78,5,5,15,15,12,12,5.133470,107.776847,1777,1777,1980,1980
with_repeater,full_coverage,2,leo,1342.0,1800.0,78,5,5,15,15,14,14,0.130022,2.721357,1777,1777,1980,1980
with_repeater,full_coverage,3,earth,1342.0,1800.0,78,5,5,15,15,14,14,0.181093,3.810896,1777,1777,1980,1980
blackout_only,full_coverage,0,mars,1342.0,1800.0,79,0,1,0,3,0,2,,,1777,1777,1980,1980
blackout_only,full_coverage,1,moon,1342.0,1800.0,79,5,5,15,15,12,12,5.130442,107.740435,1777,1777,1980,1980
blackout_only,full_coverage,2,leo,1342.0,1800.0,79,5,5,15,15,14,14,0.129701,2.737680,1777,1777,1980,1980
blackout_only,full_coverage,3,earth,1342.0,1800.0,79,5,5,15,15,14,14,0.184095,3.859312,1777,1777,1980,1980
with_repeater,full_coverage,0,mars,1342.0,1800.0,79,0,1,0,3,0,2,,,1777,1777,1980,1980
with_repeater,full_coverage,1,moon,1342.0,1800.0,79,5,5,15,15,12,12,5.132318,107.787031,1777,1777,1980,1980
with_repeater,full_coverage,2,leo,1342.0,1800.0,79,5,5,15,15,14,14,0.130261,2.739317,1777,1777,1980,1980
with_repeater,full_coverage,3,earth,1342.0,1800.0,79,5,5,15,15,14,14,0.184482,3.888192,1777,1777,1980,1980
blackout_only,full_coverage,0,mars,1342.0,1800.0,80,0,1,0,3,0,2,,,1777,1777,1980,1980
blackout_only,full_coverage,1,moon,1342.0,1800.0,80,5,5,15,15,12,12,5.134300,107.821605,1777,1777,1980,1980
blackout_only,full_coverage,2,leo,1342.0,1800.0,80,5,5,15,15,14,14,0.131020,2.771313,1777,1777,1980,1980
blackout_only,full_coverage,3,earth,1342.0,1800.0,80,5,5,15,15,14,14,0.183016,3.857071,1777,1777,1980,1980
with_repeater,full_coverage,0,mars,1342.0,1800.0,80,0,1,0,3,0,2,,,1777,1777,1980,1980
with_repeater,full_coverage,1,moon,1342.0,1800.0,80,5,5,15,15,12,12,5.129954,107.698112,1777,1777,1980,1980
with_repeater,full_coverage,2,leo,1342.0,1800.0,80,5,5,15,15,14,14,0.130948,2.724277,1777,1777,1980,1980
with_repeater,full_coverage,3,earth,1342.0,1800.0,80,5,5,15,15,14,14,0.184372,3.849828,1777,1777,1980,1980
blackout_only,full_coverage,0,mars,1342.0,1800.0,81,0,1,0,3,0,2,,,1777,1777,1980,1980
blackout_only,full_coverage,1,moon,1342.0,1800.0,81,5,5,15,15,12,12,5.132488,107.784762,1777,1777,1980,1980
blackout_only,full_coverage,2,leo,1342.0,1800.0,81,5,5,15,15,14,14,0.132739,2.769940,1777,1777,1980,1980
blackout_only,full_coverage,3,earth,1342.0,1800.0,81,5,5,15,15,14,14,0.184279,3.877097,1777,1777,1980,1980
with_repeater,full_coverage,0,mars,1342.0,1800.0,81,0,1,0,3,0,2,,,1777,1777,1980,1980
with_repeater,full_coverage,1,moon,1342.0,1800.0,81,5,5,15,15,12,12,5.130796,107.764473,1777,1777,1980,1980
with_repeater,full_coverage,2,leo,1342.0,1800.0,81,5,5,15,15,14,14,0.131445,2.742058,1777,1777,1980,1980
with_repeater,full_coverage,3,earth,1342.0,1800.0,81,5,5,15,15,14,14,0.184270,3.871463,1777,1777,1980,1980
blackout_only,full_coverage,0,mars,1342.0,1800.0,82,0,1,0,3,0,2,,,1777,1777,1980,1980
blackout_only,full_coverage,1,moon,1342.0,1800.0,82,5,5,15,15,12,12,5.131262,107.765515,1777,1777,1980,1980
blackout_only,full_coverage,2,leo,1342.0,1800.0,82,5,5,15,15,14,14,0.130784,2.726952,1777,1777,1980,1980
blackout_only,full_coverage,3,earth,1342.0,1800.0,82,5,5,15,15,14,14,0.183231,3.823560,1777,1777,1980,1980
with_repeater,full_coverage,0,mars,1342.0,1800.0,82,0,1,0,3,0,2,,,1777,1777,1980,1980
with_repeater,full_coverage,1,moon,1342.0,1800.0,82,5,5,15,15,12,12,5.133245,107.808723,1777,1777,1980,1980
with_repeater,full_coverage,2,leo,1342.0,1800.0,82,5,5,15,15,14,14,0.130025,2.734233,1777,1777,1980,1980
with_repeater,full_coverage,3,earth,1342.0,1800.0,82,5,5,15,15,14,14,0.180188,3.790659,1777,1777,1980,1980
blackout_only,full_coverage,0,mars,1342.0,1800.0,83,0,1,0,3,0,2,,,1777,1777,1980,1980
blackout_only,full_coverage,1,moon,1342.0,1800.0,83,5,5,15,15,12,12,5.130950,107.697651,1777,1777,1980,1980
blackout_only,full_coverage,2,leo,1342.0,1800.0,83,5,5,15,15,14,14,0.130841,2.736038,1777,1777,1980,1980
blackout_only,full_coverage,3,earth,1342.0,1800.0,83,5,5,15,15,14,14,0.181699,3.793976,1777,1777,1980,1980
with_repeater,full_coverage,0,mars,1342.0,1800.0,83,0,1,0,3,0,2,,,1777,1777,1980,1980
with_repeater,full_coverage,1,moon,1342.0,1800.0,83,5,5,15,15,12,12,5.135604,107.836109,1777,1777,1980,1980
with_repeater,full_coverage,2,leo,1342.0,1800.0,83,5,5,15,15,14,14,0.128325,2.708415,1777,1777,1980,1980
with_repeater,full_coverage,3,earth,1342.0,1800.0,83,5,5,15,15,14,14,0.180578,3.819557,1777,1777,1980,1980
blackout_only,full_coverage,0,mars,1342.0,1800.0,84,0,1,0,3,0,2,,,1777,1777,1980,1980
blackout_only,full_coverage,1,moon,1342.0,1800.0,84,5,5,15,15,12,12,5.129261,107.720286,1777,1777,1980,1980
blackout_only,full_coverage,2,leo,1342.0,1800.0,84,5,5,15,15,14,14,0.131334,2.749395,1777,1777,1980,1980
blackout_only,full_coverage,3,earth,1342.0,1800.0,84,5,5,15,15,14,14,0.180538,3.764488,1777,1777,1980,1980
with_repeater,full_coverage,0,mars,1342.0,1800.0,84,0,1,0,3,0,2,,,1777,1777,1980,1980
with_repeater,full_coverage,1,moon,1342.0,1800.0,84,5,5,15,15,12,12,5.131734,107.743824,1777,1777,1980,1980
with_repeater,full_coverage,2,leo,1342.0,1800.0,84,5,5,15,15,14,14,0.131074,2.748050,1777,1777,1980,1980
with_repeater,full_coverage,3,earth,1342.0,1800.0,84,5,5,15,15,14,14,0.182298,3.818884,1777,1777,1980,1980
blackout_only,full_coverage,0,mars,1342.0,1800.0,85,0,1,0,3,0,2,,,1778,1778,1980,1980
blackout_only,full_coverage,1,moon,1342.0,1800.0,85,5,5,15,15,12,12,5.130739,107.748652,1778,1778,1980,1980
blackout_only,full_coverage,2,leo,1342.0,1800.0,85,5,5,15,15,14,14,0.130426,2.755735,1778,1778,1980,1980
blackout_only,full_coverage,3,earth,1342.0,1800.0,85,5,5,15,15,14,14,0.180825,3.800210,1778,1778,1980,1980
with_repeater,full_coverage,0,mars,1342.0,1800.0,85,0,1,0,3,0,2,,,1777,1777,1980,1980
with_repeater,full_coverage,1,moon,1342.0,1800.0,85,5,5,15,15,12,12,5.131898,107.754247,1777,1777,1980,1980
with_repeater,full_coverage,2,leo,1342.0,1800.0,85,5,5,15,15,14,14,0.131330,2.760182,1777,1777,1980,1980
with_repeater,full_coverage,3,earth,1342.0,1800.0,85,5,5,15,15,14,14,0.179843,3.734690,1777,1777,1980,1980
blackout_only,full_coverage,0,mars,1342.0,1800.0,86,0,1,0,3,0,2,,,1777,1777,1980,1980
blackout_only,full_coverage,1,moon,1342.0,1800.0,86,5,5,15,15,12,12,5.131181,107.758271,1777,1777,1980,1980
blackout_only,full_coverage,2,leo,1342.0,1800.0,86,5,5,15,15,14,14,0.129979,2.768909,1777,1777,1980,1980
blackout_only,full_coverage,3,earth,1342.0,1800.0,86,5,5,15,15,14,14,0.185576,3.889825,1777,1777,1980,1980
with_repeater,full_coverage,0,mars,1342.0,1800.0,86,0,1,0,3,0,2,,,1777,1777,1980,1980
with_repeater,full_coverage,1,moon,1342.0,1800.0,86,5,5,15,15,12,12,5.133781,107.771462,1777,1777,1980,1980
with_repeater,full_coverage,2,leo,1342.0,1800.0,86,5,5,15,15,14,14,0.133728,2.825710,1777,1777,1980,1980
with_repeater,full_coverage,3,earth,1342.0,1800.0,86,5,5,15,15,14,14,0.184322,3.868103,1777,1777,1980,1980
blackout_only,full_coverage,0,mars,1342.0,1800.0,87,0,1,0,3,0,2,,,1778,1778,1980,1980
blackout_only,full_coverage,1,moon,1342.0,1800.0,87,5,5,15,15,12,12,5.129481,107.709205,1778,1778,1980,1980
blackout_only,full_coverage,2,leo,1342.0,1800.0,87,5,5,15,15,14,14,0.131243,2.738637,1778,1778,1980,1980
blackout_only,full_coverage,3,earth,1342.0,1800.0,87,5,5,15,15,14,14,0.183187,3.816604,1778,1778,1980,1980
with_repeater,full_coverage,0,mars,1342.0,1800.0,87,0,1,0,3,0,2,,,1777,1777,1980,1980
with_repeater,full_coverage,1,moon,1342.0,1800.0,87,5,5,15,15,12,12,5.131650,107.765851,1777,1777,1980,1980
with_repeater,full_coverage,2,leo,1342.0,1800.0,87,5,5,15,15,14,14,0.130599,2.753273,1777,1777,1980,1980
with_repeater,full_coverage,3,earth,1342.0,1800.0,87,5,5,15,15,14,14,0.183214,3.840791,1777,1777,1980,1980
blackout_only,full_coverage,0,mars,1342.0,1800.0,88,0,1,0,3,0,2,,,1777,1777,1980,1980
blackout_only,full_coverage,1,moon,1342.0,1800.0,88,5,5,15,15,12,12,5.130306,107.696160,1777,1777,1980,1980
blackout_only,full_coverage,2,leo,1342.0,1800.0,88,5,5,15,15,14,14,0.130888,2.715196,1777,1777,1980,1980
blackout_only,full_coverage,3,earth,1342.0,1800.0,88,5,5,15,15,14,14,0.183007,3.861170,1777,1777,1980,1980
with_repeater,full_coverage,0,mars,1342.0,1800.0,88,0,1,0,3,0,2,,,1777,1777,1980,1980
with_repeater,full_coverage,1,moon,1342.0,1800.0,88,5,5,15,15,12,12,5.130013,107.724521,1777,1777,1980,1980
with_repeater,full_coverage,2,leo,1342.0,1800.0,88,5,5,15,15,14,14,0.130242,2.747025,1777,1777,1980,1980
with_repeater,full_coverage,3,earth,1342.0,1800.0,88,5,5,15,15,14,14,0.185556,3.875663,1777,1777,1980,1980
blackout_only,full_coverage,0,mars,1342.0,1800.0,89,0,1,0,3,0,2,,,1777,1777,1980,1980
blackout_only,full_coverage,1,moon,1342.0,1800.0,89,5,5,15,15,12,12,5.131598,107.748814,1777,1777,1980,1980
blackout_only,full_coverage,2,leo,1342.0,1800.0,89,5,5,15,15,14,14,0.131483,2.776014,1777,1777,1980,1980
blackout_only,full_coverage,3,earth,1342.0,1800.0,89,5,5,15,15,14,14,0.184180,3.835089,1777,1777,1980,1980
with_repeater,full_coverage,0,mars,1342.0,1800.0,89,0,1,0,3,0,2,,,1777,1777,1980,1980
with_repeater,full_coverage,1,moon,1342.0,1800.0,89,5,5,15,15,12,12,5.131381,107.752671,1777,1777,1980,1980
with_repeater,full_coverage,2,leo,1342.0,1800.0,89,5,5,15,15,14,14,0.130668,2.753482,1777,1777,1980,1980
with_repeater,full_coverage,3,earth,1342.0,1800.0,89,5,5,15,15,14,14,0.182273,3.850646,1777,1777,1980,1980
