scenario,mars_base_latency_s,blackout_start_s,blackout_duration_s,sim_end_s,reconcile_interval_s,global_timeout_s,global_max_rounds,seed,earth_success,earth_total,mars_success,mars_total,global_pre_success,global_pre_total,global_during_success,global_during_total,global_post_success,global_post_total,phase_timeout_s,pre_window_s,post_window_s,temporally_scaled,first_success_after_blackout_s,avg_global_latency_s,earth_local_avg_latency_s,earth_local_p95_latency_s,mars_local_avg_latency_s,mars_local_p95_latency_s,global_phase1_responses_earth,global_phase1_responses_leo,global_phase1_responses_moon,global_phase1_responses_mars,global_phase2_responses_earth,global_phase2_responses_leo,global_phase2_responses_moon,global_phase2_responses_mars,network_src_sent_earth,network_src_sent_leo,network_src_sent_moon,network_src_sent_mars,network_src_avg_oneway_s_earth,network_src_avg_oneway_s_leo,network_src_avg_oneway_s_moon,network_src_avg_oneway_s_mars
blackout_only,186.0,600.0,300.0,4000.0,120.0,500.0,1,40,1924,1924,2143,2143,8,8,3,3,25,25,500.000000,930.000000,3100.000000,1,94.325391,0.360062,0.250966,0.263580,0.021043,0.022688,180,36,36,45,180,36,36,87,39560,72,72,25908,0.958283,0.019343,1.279958,1.253921
with_repeater,186.0,600.0,300.0,4000.0,120.0,500.0,1,40,1924,1924,2143,2143,8,8,3,3,25,25,500.000000,930.000000,3100.000000,1,94.319311,0.360114,0.250906,0.263586,0.021092,0.022765,180,36,36,50,180,36,36,99,39560,72,72,25926,1.071636,0.020002,1.279542,1.448958
blackout_only,186.0,600.0,300.0,4000.0,120.0,500.0,1,41,1924,1924,2143,2143,8,8,3,3,25,25,500.000000,930.000000,3100.000000,1,94.323308,0.362538,0.251165,0.264279,0.021039,0.022585,180,36,36,44,180,36,36,87,39560,72,72,25908,0.960045,0.020187,1.279434,1.254119
with_repeater,186.0,600.0,300.0,4000.0,120.0,500.0,1,41,1924,1924,2143,2143,8,8,3,3,25,25,500.000000,930.000000,3100.000000,1,94.347542,0.362413,0.250862,0.263708,0.021077,0.022680,180,36,36,53,180,36,36,99,39560,72,72,25926,1.069138,0.019884,1.279324,1.448944
blackout_only,186.0,600.0,300.0,4000.0,120.0,500.0,1,42,1924,1924,2143,2143,8,8,3,3,25,25,500.000000,930.000000,3100.000000,1,94.344042,0.361177,0.251007,0.263504,0.021069,0.022612,180,36,36,44,180,36,36,87,39560,72,72,25908,0.961181,0.019849,1.278461,1.255671
with_repeater,186.0,600.0,300.0,4000.0,120.0,500.0,1,42,1924,1924,2143,2143,8,8,3,3,25,25,500.000000,930.000000,3100.000000,1,94.323272,0.358204,0.250658,0.263106,0.021074,0.022703,180,36,36,50,180,36,36,99,39560,72,72,25926,1.068276,0.020288,1.278971,1.450611
blackout_only,186.0,600.0,300.0,4000.0,120.0,500.0,1,43,1924,1924,2143,2143,8,8,3,3,25,25,500.000000,930.000000,3100.000000,1,94.330245,0.359398,0.250804,0.263904,0.021061,0.022594,180,36,36,45,180,36,36,87,39560,72,72,25908,0.961928,0.019734,1.279985,1.251035
with_repeater,186.0,600.0,300.0,4000.0,120.0,500.0,1,43,1924,1924,2143,2143,8,8,3,3,25,25,500.000000,930.000000,3100.000000,1,94.346794,0.361215,0.250869,0.263135,0.021067,0.022648,180,36,36,49,180,36,36,99,39560,72,72,25926,1.069222,0.020057,1.280060,1.449872
blackout_only,186.0,600.0,300.0,4000.0,120.0,500.0,1,44,1924,1924,2143,2143,8,8,3,3,25,25,500.000000,930.000000,3100.000000,1,94.333142,0.359828,0.250731,0.263619,0.021098,0.022699,180,36,36,43,180,36,36,87,39560,72,72,25908,0.959283,0.019921,1.279294,1.254045
with_repeater,186.0,600.0,300.0,4000.0,120.0,500.0,1,44,1924,1924,2143,2143,8,8,3,3,25,25,500.000000,930.000000,3100.000000,1,94.336077,0.365277,0.250905,0.263875,0.021099,0.022665,180,36,36,60,180,36,36,99,39560,72,72,25926,1.068182,0.019601,1.280459,1.447084
blackout_only,186.0,600.0,300.0,4000.0,120.0,500.0,1,45,1924,1924,2143,2143,8,8,3,3,25,25,500.000000,930.000000,3100.000000,1,94.376436,0.360615,0.250745,0.263198,0.021058,0.022624,180,36,36,44,180,36,36,87,39560,72,72,25908,0.961849,0.019960,1.280523,1.252935
with_repeater,186.0,600.0,300.0,4000.0,120.0,500.0,1,45,1924,1924,2143,2143,8,8,3,3,25,25,500.000000,930.000000,3100.000000,1,94.327293,0.361666,0.251185,0.263996,0.021045,0.022677,180,36,36,47,180,36,36,99,39560,72,72,25926,1.068773,0.019485,1.279581,1.450458
blackout_only,186.0,600.0,300.0,4000.0,120.0,500.0,1,46,1924,1924,2143,2143,8,8,3,3,25,25,500.000000,930.000000,3100.000000,1,94.347746,0.362317,0.250757,0.262963,0.021087,0.022617,180,36,36,51,180,36,36,87,39560,72,72,25908,0.960483,0.020144,1.278989,1.255857
with_repeater,186.0,600.0,300.0,4000.0,120.0,500.0,1,46,1924,1924,2143,2143,8,8,3,3,25,25,500.000000,930.000000,3100.000000,1,94.338378,0.363427,0.250814,0.263176,0.021063,0.022658,180,36,36,49,180,36,36,99,39560,72,72,25926,1.067448,0.019667,1.279882,1.450707
blackout_only,186.0,600.0,300.0,4000.0,120.0,500.0,1,47,1924,1924,2143,2143,8,8,3,3,25,25,500.000000,930.000000,3100.000000,1,94.392572,0.365142,0.251011,0.264103,0.021103,0.022658,180,36,36,46,180,36,36,87,39560,72,72,25908,0.958776,0.020424,1.281097,1.253556
with_repeater,186.0,600.0,300.0,4000.0,120.0,500.0,1,47,1924,1924,2143,2143,8,8,3,3,25,25,500.000000,930.000000,3100.000000,1,94.359961,0.361696,0.251089,0.263792,0.021065,0.022635,180,36,36,47,180,36,36,99,39560,72,72,25926,1.069844,0.020077,1.279771,1.449160
blackout_only,186.0,600.0,300.0,4000.0,120.0,500.0,1,48,1924,1924,2143,2143,8,8,3,3,25,25,500.000000,930.000000,3100.000000,1,94.277733,0.359689,0.251073,0.264011,0.021106,0.022649,180,36,36,47,180,36,36,87,39560,72,72,25908,0.961153,0.020040,1.279463,1.254021
with_repeater,186.0,600.0,300.0,4000.0,120.0,500.0,1,48,1924,1924,2143,2143,8,8,3,3,25,25,500.000000,930.000000,3100.000000,1,94.301975,0.361679,0.251026,0.263954,0.021074,0.022673,180,36,36,58,180,36,36,99,39560,72,72,25926,1.069552,0.019561,1.279788,1.451365
blackout_only,186.0,600.0,300.0,4000.0,120.0,500.0,1,49,1924,1924,2143,2143,8,8,3,3,25,25,500.000000,930.000000,3100.000000,1,94.333252,0.359894,0.251134,0.263368,0.021075,0.022703,180,36,36,43,180,36,36,87,39560,72,72,25908,0.960693,0.020373,1.279817,1.255640
with_repeater,186.0,600.0,300.0,4000.0,120.0,500.0,1,49,1924,1924,2143,2143,8,8,3,3,25,25,500.000000,930.000000,3100.000000,1,94.336493,0.361215,0.250818,0.263459,0.021101,0.022653,180,36,36,46,180,36,36,99,39560,72,72,25926,1.067968,0.020188,1.279602,1.451945
blackout_only,186.0,600.0,300.0,4000.0,120.0,500.0,1,50,1924,1924,2143,2143,8,8,3,3,25,25,500.000000,930.000000,3100.000000,1,94.383285,0.360676,0.251103,0.263752,0.021039,0.022635,180,36,36,40,180,36,36,87,39560,72,72,25908,0.963210,0.019922,1.279640,1.252204
with_repeater,186.0,600.0,300.0,4000.0,120.0,500.0,1,50,1924,1924,2143,2143,8,8,3,3,25,25,500.000000,930.000000,3100.000000,1,94.344606,0.359832,0.251190,0.263753,0.021061,0.022671,180,36,36,43,180,36,36,99,39560,72,72,25926,1.068853,0.019776,1.280753,1.451294
blackout_only,186.0,600.0,300.0,4000.0,120.0,500.0,1,51,1924,1924,2143,2143,8,8,3,3,25,25,500.000000,930.000000,3100.000000,1,94.271060,0.359273,0.251229,0.263664,0.021099,0.022704,180,36,36,41,180,36,36,87,39560,72,72,25908,0.961183,0.020172,1.281001,1.254163
with_repeater,186.0,600.0,300.0,4000.0,120.0,500.0,1,51,1924,1924,2143,2143,8,8,3,3,25,25,500.000000,930.000000,3100.000000,1,94.300194,0.360426,0.251194,0.264480,0.021115,0.022807,180,36,36,50,180,36,36,99,39560,72,72,25926,1.069745,0.020026,1.278533,1.448720
blackout_only,186.0,600.0,300.0,4000.0,120.0,500.0,1,52,1924,1924,2143,2143,8,8,3,3,25,25,500.000000,930.000000,3100.000000,1,94.388915,0.361868,0.250719,0.263243,0.021061,0.022704,180,36,36,46,180,36,36,87,39560,72,72,25908,0.959685,0.020321,1.280573,1.252789
with_repeater,186.0,600.0,300.0,4000.0,120.0,500.0,1,52,1924,1924,2143,2143,8,8,3,3,25,25,500.000000,930.000000,3100.000000,1,94.349765,0.360805,0.250991,0.264151,0.021048,0.022693,180,36,36,51,180,36,36,99,39560,72,72,25926,1.070465,0.020065,1.279951,1.449202
blackout_only,186.0,600.0,300.0,4000.0,120.0,500.0,1,53,1924,1924,2143,2143,8,8,3,3,25,25,500.000000,930.000000,3100.000000,1,94.327874,0.360708,0.250875,0.264316,0.021075,0.022644,180,36,36,37,180,36,36,87,39560,72,72,25908,0.959063,0.019993,1.280125,1.250131
with_repeater,186.0,600.0,300.0,4000.0,120.0,500.0,1,53,1924,1924,2143,2143,8,8,3,3,25,25,500.000000,930.000000,3100.000000,1,94.231382,0.357028,0.251049,0.264320,0.021065,0.022683,180,36,36,54,180,36,36,99,39560,72,72,25926,1.069570,0.019397,1.279618,1.449363
blackout_only,186.0,600.0,300.0,4000.0,120.0,500.0,1,54,1924,1924,2143,2143,8,8,3,3,25,25,500.000000,930.000000,3100.000000,1,94.374629,0.360737,0.250865,0.263463,0.021093,0.022715,180,36,36,47,180,36,36,87,39560,72,72,25908,0.961525,0.019797,1.281130,1.253761
with_repeater,186.0,600.0,300.0,4000.0,120.0,500.0,1,54,1924,1924,2143,2143,8,8,3,3,25,25,500.000000,930.000000,3100.000000,1,94.304232,0.357813,0.250920,0.263842,0.021080,0.022668,180,36,36,58,180,36,36,99,39560,72,72,25926,1.069108,0.020250,1.279850,1.448214
blackout_only,186.0,600.0,300.0,4000.0,120.0,500.0,1,55,1924,1924,2143,2143,8,8,3,3,25,25,500.000000,930.000000,3100.000000,1,94.279220,0.360509,0.250889,0.263624,0.021053,0.022673,180,36,36,55,180,36,36,87,39560,72,72,25908,0.960334,0.020350,1.279498,1.256430
with_repeater,186.0,600.0,300.0,4000.0,120.0,500.0,1,55,1924,1924,2143,2143,8,8,3,3,25,25,500.000000,930.000000,3100.000000,1,94.322403,0.359873,0.250889,0.263245,0.021015,0.022601,180,36,36,52,180,36,36,99,39560,72,72,25926,1.070590,0.020063,1.279952,1.451951
blackout_only,186.0,600.0,300.0,4000.0,120.0,500.0,1,56,1924,1924,2143,2143,8,8,3,3,25,25,500.000000,930.000000,3100.000000,1,94.344846,0.363594,0.251008,0.264349,0.021096,0.022677,180,36,36,39,180,36,36,87,39560,72,72,25908,0.960910,0.020564,1.279171,1.253283
with_repeater,186.0,600.0,300.0,4000.0,120.0,500.0,1,56,1924,1924,2143,2143,8,8,3,3,25,25,500.000000,930.000000,3100.000000,1,94.312892,0.363696,0.251062,0.264442,0.021078,0.022705,180,36,36,52,180,36,36,99,39560,72,72,25926,1.070269,0.019289,1.278692,1.449755
blackout_only,186.0,600.0,300.0,4000.0,120.0,500.0,1,57,1924,1924,2143,2143,8,8,3,3,25,25,500.000000,930.000000,3100.000000,1,94.295527,0.361332,0.251002,0.263735,0.021065,0.022633,180,36,36,35,180,36,36,87,39560,72,72,25908,0.960013,0.020161,1.280521,1.252228
with_repeater,186.0,600.0,300.0,4000.0,120.0,500.0,1,57,1924,1924,2143,2143,8,8,3,3,25,25,500.000000,930.000000,3100.000000,1,94.314575,0.361637,0.251102,0.264054,0.021049,0.022611,180,36,36,51,180,36,36,99,39560,72,72,25926,1.068490,0.019947,1.279302,1.449504
blackout_only,186.0,600.0,300.0,4000.0,120.0,500.0,1,58,1924,1924,2143,2143,8,8,3,3,25,25,500.000000,930.000000,3100.000000,1,94.363347,0.360437,0.250961,0.263848,0.021065,0.022661,180,36,36,50,180,36,36,87,39560,72,72,25908,0.961327,0.019684,1.279956,1.253492
with_repeater,186.0,600.0,300.0,4000.0,120.0,500.0,1,58,1924,1924,2143,2143,8,8,3,3,25,25,500.000000,930.000000,3100.000000,1,94.350263,0.361062,0.251127,0.263857,0.021086,0.022745,180,36,36,49,180,36,36,99,39560,72,72,25926,1.069258,0.020086,1.279724,1.448870
blackout_only,186.0,600.0,300.0,4000.0,120.0,500.0,1,59,1924,1924,2143,2143,8,8,3,3,25,25,500.000000,930.000000,3100.000000,1,94.308675,0.360417,0.251166,0.263710,0.021045,0.022697,180,36,36,46,180,36,36,87,39560,72,72,25908,0.960361,0.019492,1.280488,1.253076
with_repeater,186.0,600.0,300.0,4000.0,120.0,500.0,1,59,1924,1924,2143,2143,8,8,3,3,25,25,500.000000,930.000000,3100.000000,1,94.378797,0.362173,0.251219,0.263866,0.021051,0.022630,180,36,36,48,180,36,36,99,39560,72,72,25926,1.069043,0.020216,1.279491,1.449668
blackout_only,186.0,600.0,300.0,4000.0,120.0,500.0,1,60,1924,1924,2143,2143,8,8,3,3,25,25,500.000000,930.000000,3100.000000,1,94.286914,0.360114,0.250989,0.263662,0.021058,0.022679,180,36,36,32,180,36,36,87,39560,72,72,25908,0.959767,0.020061,1.281546,1.249729
with_repeater,186.0,600.0,300.0,4000.0,120.0,500.0,1,60,1924,1924,2143,2143,8,8,3,3,25,25,500.000000,930.000000,3100.000000,1,94.336742,0.359474,0.250973,0.263635,0.021049,0.022640,180,36,36,44,180,36,36,99,39560,72,72,25926,1.069501,0.019678,1.280573,1.450324
blackout_only,186.0,600.0,300.0,4000.0,120.0,500.0,1,61,1924,1924,2143,2143,8,8,3,3,25,25,500.000000,930.000000,3100.000000,1,94.391581,0.362633,0.250768,0.262947,0.021091,0.022692,180,36,36,44,180,36,36,87,39560,72,72,25908,0.961007,0.020027,1.279627,1.251898
with_repeater,186.0,600.0,300.0,4000.0,120.0,500.0,1,61,1924,1924,2143,2143,8,8,3,3,25,25,500.000000,930.000000,3100.000000,1,94.445964,0.362363,0.250966,0.263530,0.021041,0.022638,180,36,36,46,180,36,36,99,39560,72,72,25926,1.068875,0.020446,1.280024,1.451179
blackout_only,186.0,600.0,300.0,4000.0,120.0,500.0,1,62,1924,1924,2143,2143,8,8,3,3,25,25,500.000000,930.000000,3100.000000,1,94.343974,0.361579,0.250836,0.263732,0.021081,0.022651,180,36,36,46,180,36,36,87,39560,72,72,25908,0.960027,0.019955,1.280224,1.255491
with_repeater,186.0,600.0,300.0,4000.0,120.0,500.0,1,62,1924,1924,2143,2143,8,8,3,3,25,25,500.000000,930.000000,3100.000000,1,94.312561,0.362627,0.251043,0.263279,0.021048,0.022665,180,36,36,54,180,36,36,99,39560,72,72,25926,1.069587,0.019934,1.280131,1.452192
blackout_only,186.0,600.0,300.0,4000.0,120.0,500.0,1,63,1924,1924,2143,2143,8,8,3,3,25,25,500.000000,930.000000,3100.000000,1,94.281201,0.362133,0.251025,0.263256,0.021064,0.022651,180,36,36,42,180,36,36,87,39560,72,72,25908,0.960761,0.019911,1.279336,1.255383
with_repeater,186.0,600.0,300.0,4000.0,120.0,500.0,1,63,1924,1924,2143,2143,8,8,3,3,25,25,500.000000,930.000000,3100.000000,1,94.317833,0.360174,0.250802,0.263188,0.021064,0.022685,180,36,36,49,180,36,36,99,39560,72,72,25926,1.069381,0.019979,1.279925,1.450254
blackout_only,186.0,600.0,300.0,4000.0,120.0,500.0,1,64,1924,1924,2143,2143,8,8,3,3,25,25,500.000000,930.000000,3100.000000,1,94.282996,0.357278,0.251305,0.263804,0.021075,0.022582,180,36,36,48,180,36,36,87,39560,72,72,25908,0.959563,0.019819,1.280205,1.253421
with_repeater,186.0,600.0,300.0,4000.0,120.0,500.0,1,64,1924,1924,2143,2143,8,8,3,3,25,25,500.000000,930.000000,3100.000000,1,94.281821,0.361343,0.250944,0.263302,0.021059,0.022623,180,36,36,55,180,36,36,99,39560,72,72,25926,1.068450,0.019744,1.280145,1.451568
blackout_only,186.0,600.0,300.0,4000.0,120.0,500.0,1,65,1924,1924,2143,2143,8,8,3,3,25,25,500.000000,930.000000,3100.000000,1,94.290442,0.360538,0.250777,0.263401,0.021081,0.022645,180,36,36,50,180,36,36,87,39560,72,72,25908,0.960953,0.019861,1.280652,1.254014
with_repeater,186.0,600.0,300.0,4000.0,120.0,500.0,1,65,1924,1924,2143,2143,8,8,3,3,25,25,500.000000,930.000000,3100.000000,1,94.327539,0.360220,0.250935,0.263662,0.021084,0.022607,180,36,36,55,180,36,36,99,39560,72,72,25926,1.069377,0.019273,1.280580,1.448619
blackout_only,186.0,600.0,300.0,4000.0,120.0,500.0,1,66,1924,1924,2143,2143,8,8,3,3,25,25,500.000000,930.000000,3100.000000,1,94.374790,0.361555,0.250712,0.263399,0.021079,0.022666,180,36,36,45,180,36,36,87,39560,72,72,25908,0.961317,0.019846,1.279090,1.253596
with_repeater,186.0,600.0,300.0,4000.0,120.0,500.0,1,66,1924,1924,2143,2143,8,8,3,3,25,25,500.000000,930.000000,3100.000000,1,94.363690,0.361820,0.250856,0.263146,0.021058,0.022660,180,36,36,54,180,36,36,99,39560,72,72,25926,1.067374,0.020278,1.278385,1.448967
blackout_only,186.0,600.0,300.0,4000.0,120.0,500.0,1,67,1924,1924,2143,2143,8,8,3,3,25,25,500.000000,930.000000,3100.000000,1,94.324881,0.364930,0.250749,0.263387,0.021070,0.022601,180,36,36,49,180,36,36,87,39560,72,72,25908,0.959461,0.019898,1.279869,1.252417
with_repeater,186.0,600.0,300.0,4000.0,120.0,500.0,1,67,1924,1924,2143,2143,8,8,3,3,25,25,500.000000,930.000000,3100.000000,1,94.321236,0.358540,0.250926,0.263659,0.021094,0.022640,180,36,36,61,180,36,36,99,39560,72,72,25926,1.071073,0.020466,1.280285,1.449855
blackout_only,186.0,600.0,300.0,4000.0,120.0,500.0,1,68,1924,1924,2143,2143,8,8,3,3,25,25,500.000000,930.000000,3100.000000,1,94.346780,0.359404,0.250860,0.264048,0.021055,0.022624,180,36,36,48,180,36,36,87,39560,72,72,25908,0.959399,0.020152,1.280439,1.252909
with_repeater,186.0,600.0,300.0,4000.0,120.0,500.0,1,68,1924,1924,2143,2143,8,8,3,3,25,25,500.000000,930.000000,3100.000000,1,94.297094,0.359116,0.250997,0.263838,0.021031,0.022671,180,36,36,54,180,36,36,99,39560,72,72,25926,1.067983,0.019713,1.280549,1.450117
blackout_only,186.0,600.0,300.0,4000.0,120.0,500.0,1,69,1924,1924,2143,2143,8,8,3,3,25,25,500.000000,930.000000,3100.000000,1,94.286604,0.358433,0.250977,0.263450,0.021097,0.022616,180,36,36,46,180,36,36,87,39560,72,72,25908,0.959416,0.019794,1.279632,1.253483
with_repeater,186.0,600.0,300.0,4000.0,120.0,500.0,1,69,1924,1924,2143,2143,8,8,3,3,25,25,500.000000,930.000000,3100.000000,1,94.290811,0.359954,0.251020,0.264000,0.021084,0.022741,180,36,36,49,180,36,36,99,39560,72,72,25926,1.065398,0.020249,1.279014,1.452870
blackout_only,186.0,600.0,300.0,4000.0,120.0,500.0,1,70,1924,1924,2143,2143,8,8,3,3,25,25,500.000000,930.000000,3100.000000,1,94.319538,0.358415,0.251095,0.263935,0.021043,0.022692,180,36,36,49,180,36,36,87,39560,72,72,25908,0.960539,0.020098,1.279132,1.252690
with_repeater,186.0,600.0,300.0,4000.0,120.0,500.0,1,70,1924,1924,2143,2143,8,8,3,3,25,25,500.000000,930.000000,3100.000000,1,94.280713,0.358553,0.250945,0.263598,0.021041,0.022601,180,36,36,48,180,36,36,99,39560,72,72,25926,1.069154,0.020444,1.280029,1.449579
blackout_only,186.0,600.0,300.0,4000.0,120.0,500.0,1,71,1924,1924,2143,2143,8,8,3,3,25,25,500.000000,930.000000,3100.000000,1,94.293863,0.362049,0.250827,0.263493,0.021101,0.022601,180,36,36,43,180,36,36,87,39560,72,72,25908,0.959694,0.020904,1.279441,1.252555
with_repeater,186.0,600.0,300.0,4000.0,120.0,500.0,1,71,1924,1924,2143,2143,8,8,3,3,25,25,500.000000,930.000000,3100.000000,1,94.300196,0.358813,0.250930,0.263561,0.021074,0.022669,180,36,36,45,180,36,36,99,39560,72,72,25926,1.068237,0.020753,1.280840,1.452096
blackout_only,186.0,600.0,300.0,4000.0,120.0,500.0,1,72,1924,1924,2143,2143,8,8,3,3,25,25,500.000000,930.000000,3100.000000,1,94.315521,0.360671,0.251016,0.263694,0.021105,0.022671,180,36,36,50,180,36,36,87,39560,72,72,25908,0.961691,0.020125,1.279188,1.253669
with_repeater,186.0,600.0,300.0,4000.0,120.0,500.0,1,72,1924,1924,2143,2143,8,8,3,3,25,25,500.000000,930.000000,3100.000000,1,94.317439,0.360103,0.251097,0.263209,0.021095,0.022622,180,36,36,48,180,36,36,99,39560,72,72,25926,1.069365,0.020233,1.278954,1.450619
blackout_only,186.0,600.0,300.0,4000.0,120.0,500.0,1,73,1924,1924,2143,2143,8,8,3,3,25,25,500.000000,930.000000,3100.000000,1,94.364593,0.360921,0.250923,0.263365,0.021050,0.022660,180,36,36,35,180,36,36,87,39560,72,72,25908,0.961015,0.020026,1.280090,1.253580
with_repeater,186.0,600.0,300.0,4000.0,120.0,500.0,1,73,1924,1924,2143,2143,8,8,3,3,25,25,500.000000,930.000000,3100.000000,1,94.291567,0.357265,0.250927,0.263233,0.021037,0.022624,180,36,36,50,180,36,36,99,39560,72,72,25926,1.071481,0.019808,1.280611,1.452923
blackout_only,186.0,600.0,300.0,4000.0,120.0,500.0,1,74,1924,1924,2143,2143,8,8,3,3,25,25,500.000000,930.000000,3100.000000,1,94.390472,0.360631,0.251046,0.264021,0.021072,0.022657,180,36,36,43,180,36,36,87,39560,72,72,25908,0.959516,0.020373,1.280865,1.253581
with_repeater,186.0,600.0,300.0,4000.0,120.0,500.0,1,74,1924,1924,2143,2143,8,8,3,3,25,25,500.000000,930.000000,3100.000000,1,94.379554,0.362875,0.251083,0.264057,0.021090,0.022691,180,36,36,49,180,36,36,99,39560,72,72,25926,1.067422,0.020593,1.280785,1.452291
blackout_only,186.0,600.0,300.0,4000.0,120.0,500.0,1,75,1924,1924,2143,2143,8,8,3,3,25,25,500.000000,930.000000,3100.000000,1,94.356873,0.361881,0.250864,0.263563,0.021056,0.022629,180,36,36,43,180,36,36,87,39560,72,72,25908,0.959389,0.019950,1.279814,1.256101
with_repeater,186.0,600.0,300.0,4000.0,120.0,500.0,1,75,1924,1924,2143,2143,8,8,3,3,25,25,500.000000,930.000000,3100.000000,1,94.320135,0.362839,0.250856,0.263081,0.021041,0.022580,180,36,36,47,180,36,36,99,39560,72,72,25926,1.068954,0.019778,1.279251,1.450773
blackout_only,186.0,600.0,300.0,4000.0,120.0,500.0,1,76,1924,1924,2143,2143,8,8,3,3,25,25,500.000000,930.000000,3100.000000,1,94.327511,0.362891,0.251027,0.263087,0.021078,0.022604,180,36,36,52,180,36,36,87,39560,72,72,25908,0.962139,0.019939,1.280228,1.254059
with_repeater,186.0,600.0,300.0,4000.0,120.0,500.0,1,76,1924,1924,2143,2143,8,8,3,3,25,25,500.000000,930.000000,3100.000000,1,94.297440,0.360859,0.250940,0.263908,0.021097,0.022735,180,36,36,51,180,36,36,99,39560,72,72,25926,1.070166,0.019630,1.279755,1.450535
blackout_only,186.0,600.0,300.0,4000.0,120.0,500.0,1,77,1924,1924,2143,2143,8,8,3,3,25,25,500.000000,930.000000,3100.000000,1,94.282621,0.360747,0.251237,0.264063,0.021125,0.022754,180,36,36,45,180,36,36,87,39560,72,72,25908,0.962234,0.019943,1.279922,1.253787
with_repeater,186.0,600.0,300.0,4000.0,120.0,500.0,1,77,1924,1924,2143,2143,8,8,3,3,25,25,500.000000,930.000000,3100.000000,1,94.333082,0.361717,0.251104,0.264176,0.021094,0.022696,180,36,36,56,180,36,36,99,39560,72,72,25926,1.069960,0.020173,1.280335,1.451352
blackout_only,186.0,600.0,300.0,4000.0,120.0,500.0,1,78,1924,1924,2143,2143,8,8,3,3,25,25,500.000000,930.000000,3100.000000,1,94.340008,0.361277,0.251231,0.263809,0.021047,0.022597,180,36,36,44,180,36,36,87,39560,72,72,25908,0.959103,0.020213,1.279878,1.253961
with_repeater,186.0,600.0,300.0,4000.0,120.0,500.0,1,78,1924,1924,2143,2143,8,8,3,3,25,25,500.000000,930.000000,3100.000000,1,94.333120,0.360583,0.251190,0.263742,0.021098,0.022685,180,36,36,52,180,36,36,99,39560,72,72,25926,1.070269,0.020020,1.280044,1.449331
blackout_only,186.0,600.0,300.0,4000.0,120.0,500.0,1,79,1924,1924,2143,2143,8,8,3,3,25,25,500.000000,930.000000,3100.000000,1,94.269428,0.359642,0.251010,0.263548,0.021099,0.022702,180,36,36,42,180,36,36,87,39560,72,72,25908,0.960878,0.020287,1.279462,1.253168
with_repeater,186.0,600.0,300.0,4000.0,120.0,500.0,1,79,1924,1924,2143,2143,8,8,3,3,25,25,500.000000,930.000000,3100.000000,1,94.302279,0.358958,0.251232,0.263632,0.021039,0.022643,180,36,36,50,180,36,36,99,39560,72,72,25926,1.069199,0.020191,1.279103,1.451113
blackout_only,186.0,600.0,300.0,4000.0,120.0,500.0,1,80,1924,1924,2143,2143,8,8,3,3,25,25,500.000000,930.000000,3100.000000,1,94.280127,0.359933,0.251232,0.264083,0.021015,0.022568,180,36,36,42,180,36,36,87,39560,72,72,25908,0.958712,0.020123,1.280090,1.255230
with_repeater,186.0,600.0,300.0,4000.0,120.0,500.0,1,80,1924,1924,2143,2143,8,8,3,3,25,25,500.000000,930.000000,3100.000000,1,94.305724,0.360798,0.250900,0.263210,0.021079,0.022612,180,36,36,43,180,36,36,99,39560,72,72,25926,1.068960,0.019921,1.279755,1.448851
blackout_only,186.0,600.0,300.0,4000.0,120.0,500.0,1,81,1924,1924,2143,2143,8,8,3,3,25,25,500.000000,930.000000,3100.000000,1,94.283873,0.358389,0.251205,0.263849,0.021044,0.022648,180,36,36,46,180,36,36,87,39560,72,72,25908,0.958394,0.020347,1.280424,1.255698
with_repeater,186.0,600.0,300.0,4000.0,120.0,500.0,1,81,1924,1924,2143,2143,8,8,3,3,25,25,500.000000,930.000000,3100.000000,1,94.299175,0.361876,0.251077,0.264338,0.021068,0.022654,180,36,36,51,180,36,36,99,39560,72,72,25926,1.066997,0.020327,1.279952,1.451216
blackout_only,186.0,600.0,300.0,4000.0,120.0,500.0,1,82,1924,1924,2143,2143,8,8,3,3,25,25,500.000000,930.000000,3100.000000,1,94.331565,0.361601,0.250927,0.263606,0.021063,0.022654,180,36,36,53,180,36,36,87,39560,72,72,25908,0.959782,0.020259,1.280891,1.255474
with_repeater,186.0,600.0,300.0,4000.0,120.0,500.0,1,82,1924,1924,2143,2143,8,8,3,3,25,25,500.000000,930.000000,3100.000000,1,94.269973,0.359826,0.251027,0.264300,0.021037,0.022703,180,36,36,59,180,36,36,99,39560,72,72,25926,1.069469,0.019686,1.279732,1.452498
blackout_only,186.0,600.0,300.0,4000.0,120.0,500.0,1,83,1924,1924,2143,2143,8,8,3,3,25,25,500.000000,930.000000,3100.000000,1,94.371053,0.362182,0.250621,0.263590,0.021100,0.022712,180,36,36,45,180,36,36,87,39560,72,72,25908,0.959432,0.020233,1.280583,1.252751
with_repeater,186.0,600.0,300.0,4000.0,120.0,500.0,1,83,1924,1924,2143,2143,8,8,3,3,25,25,500.000000,930.000000,3100.000000,1,94.384190,0.366053,0.250582,0.263241,0.021119,0.022761,180,36,36,52,180,36,36,99,39560,72,72,25926,1.069411,0.019485,1.279729,1.448021
blackout_only,186.0,600.0,300.0,4000.0,120.0,500.0,1,84,1924,1924,2143,2143,8,8,3,3,25,25,500.000000,930.000000,3100.000000,1,94.246567,0.359084,0.251044,0.263933,0.021090,0.022609,180,36,36,45,180,36,36,87,39560,72,72,25908,0.960977,0.020414,1.279458,1.253419
with_repeater,186.0,600.0,300.0,4000.0,120.0,500.0,1,84,1924,1924,2143,2143,8,8,3,3,25,25,500.000000,930.000000,3100.000000,1,94.300436,0.358062,0.251330,0.264133,0.021077,0.022659,180,36,36,53,180,36,36,99,39560,72,72,25926,1.069640,0.019782,1.279643,1.452012
blackout_only,186.0,600.0,300.0,4000.0,120.0,500.0,1,85,1924,1924,2143,2143,8,8,3,3,25,25,500.000000,930.000000,3100.000000,1,94.422696,0.363883,0.251003,0.263684,0.021049,0.022612,180,36,36,41,180,36,36,87,39560,72,72,25908,0.958091,0.020469,1.280902,1.252580
with_repeater,186.0,600.0,300.0,4000.0,120.0,500.0,1,85,1924,1924,2143,2143,8,8,3,3,25,25,500.000000,930.000000,3100.000000,1,94.386797,0.364148,0.250948,0.263423,0.021072,0.022666,180,36,36,44,180,36,36,99,39560,72,72,25926,1.067458,0.020305,1.281194,1.446829
blackout_only,186.0,600.0,300.0,4000.0,120.0,500.0,1,86,1924,1924,2143,2143,8,8,3,3,25,25,500.000000,930.000000,3100.000000,1,94.360310,0.362202,0.250966,0.264006,0.021078,0.022571,180,36,36,40,180,36,36,87,39560,72,72,25908,0.959949,0.020121,1.280880,1.252388
with_repeater,186.0,600.0,300.0,4000.0,120.0,500.0,1,86,1924,1924,2143,2143,8,8,3,3,25,25,500.000000,930.000000,3100.000000,1,94.367012,0.361594,0.251358,0.264315,0.021059,0.022606,180,36,36,48,180,36,36,99,39560,72,72,25926,1.066720,0.020275,1.281036,1.450251
blackout_only,186.0,600.0,300.0,4000.0,120.0,500.0,1,87,1924,1924,2143,2143,8,8,3,3,25,25,500.000000,930.000000,3100.000000,1,94.333148,0.360599,0.250925,0.264421,0.021037,0.022623,180,36,36,48,180,36,36,87,39560,72,72,25908,0.962124,0.020591,1.279827,1.254618
with_repeater,186.0,600.0,300.0,4000.0,120.0,500.0,1,87,1924,1924,2143,2143,8,8,3,3,25,25,500.000000,930.000000,3100.000000,1,94.311960,0.360772,0.250960,0.264031,0.021054,0.022624,180,36,36,44,180,36,36,99,39560,72,72,25926,1.071225,0.020511,1.279948,1.453117
blackout_only,186.0,600.0,300.0,4000.0,120.0,500.0,1,88,1924,1924,2143,2143,8,8,3,3,25,25,500.000000,930.000000,3100.000000,1,94.299486,0.358316,0.251061,0.263926,0.021121,0.022718,180,36,36,47,180,36,36,87,39560,72,72,25908,0.960420,0.019334,1.280602,1.256054
with_repeater,186.0,600.0,300.0,4000.0,120.0,500.0,1,88,1924,1924,2143,2143,8,8,3,3,25,25,500.000000,930.000000,3100.000000,1,94.254638,0.359383,0.251307,0.263626,0.021071,0.022635,180,36,36,36,180,36,36,99,39560,72,72,25926,1.070611,0.019984,1.280953,1.453501
blackout_only,186.0,600.0,300.0,4000.0,120.0,500.0,1,89,1924,1924,2143,2143,8,8,3,3,25,25,500.000000,930.000000,3100.000000,1,94.369758,0.362053,0.251092,0.263621,0.021088,0.022665,180,36,36,46,180,36,36,87,39560,72,72,25908,0.959438,0.019718,1.279593,1.251468
with_repeater,186.0,600.0,300.0,4000.0,120.0,500.0,1,89,1924,1924,2143,2143,8,8,3,3,25,25,500.000000,930.000000,3100.000000,1,94.365523,0.361493,0.251030,0.263362,0.021096,0.022614,180,36,36,59,180,36,36,99,39560,72,72,25926,1.068281,0.020709,1.280672,1.447956
blackout_only,186.0,600.0,900.0,4000.0,120.0,500.0,1,40,1924,1924,2143,2143,8,8,8,8,20,20,500.000000,930.000000,2500.000000,1,96.104477,0.358056,0.250982,0.263900,0.021069,0.022720,180,36,36,35,180,36,36,72,39560,72,72,25878,0.820291,0.020346,1.279465,1.039688
with_repeater,186.0,600.0,900.0,4000.0,120.0,500.0,1,40,1924,1924,2143,2143,8,8,8,8,20,20,500.000000,930.000000,2500.000000,1,96.096472,0.358666,0.250799,0.263085,0.021096,0.022755,180,36,36,54,180,36,36,99,39560,72,72,25926,1.113272,0.020149,1.279862,1.510354
blackout_only,186.0,600.0,900.0,4000.0,120.0,500.0,1,41,1924,1924,2143,2143,8,8,8,8,20,20,500.000000,930.000000,2500.000000,1,96.140834,0.362998,0.251007,0.263861,0.021047,0.022586,180,36,36,37,180,36,36,72,39560,72,72,25878,0.819283,0.019434,1.279228,1.038894
with_repeater,186.0,600.0,900.0,4000.0,120.0,500.0,1,41,1924,1924,2143,2143,8,8,8,8,20,20,500.000000,930.000000,2500.000000,1,96.210980,0.365066,0.250975,0.263780,0.021078,0.022692,180,36,36,55,180,36,36,99,39560,72,72,25926,1.109910,0.020323,1.279503,1.512460
blackout_only,186.0,600.0,900.0,4000.0,120.0,500.0,1,42,1924,1924,2143,2143,8,8,8,8,20,20,500.000000,930.000000,2500.000000,1,96.098683,0.360280,0.250925,0.263758,0.021058,0.022646,180,36,36,35,180,36,36,72,39560,72,72,25878,0.819216,0.020884,1.280921,1.042097
with_repeater,186.0,600.0,900.0,4000.0,120.0,500.0,1,42,1924,1924,2143,2143,8,8,8,8,20,20,500.000000,930.000000,2500.000000,1,96.156664,0.361297,0.250704,0.263408,0.021063,0.022710,180,36,36,49,180,36,36,99,39560,72,72,25926,1.109018,0.020325,1.279766,1.515228
blackout_only,186.0,600.0,900.0,4000.0,120.0,500.0,1,43,1924,1924,2143,2143,8,8,8,8,20,20,500.000000,930.000000,2500.000000,1,96.130285,0.359711,0.251073,0.263372,0.021064,0.022615,180,36,36,44,180,36,36,72,39560,72,72,25878,0.819897,0.019966,1.280680,1.039539
with_repeater,186.0,600.0,900.0,4000.0,120.0,500.0,1,43,1924,1924,2143,2143,8,8,8,8,20,20,500.000000,930.000000,2500.000000,1,96.121530,0.359405,0.250950,0.263080,0.021081,0.022682,180,36,36,48,180,36,36,99,39560,72,72,25926,1.110636,0.020154,1.280390,1.514832
blackout_only,186.0,600.0,900.0,4000.0,120.0,500.0,1,44,1924,1924,2143,2143,8,8,8,8,20,20,500.000000,930.000000,2500.000000,1,96.164025,0.362463,0.251042,0.263848,0.021088,0.022756,180,36,36,36,180,36,36,72,39560,72,72,25878,0.819617,0.020518,1.280256,1.039285
with_repeater,186.0,600.0,900.0,4000.0,120.0,500.0,1,44,1924,1924,2143,2143,8,8,8,8,20,20,500.000000,930.000000,2500.000000,1,96.111274,0.363444,0.250871,0.263858,0.021096,0.022649,180,36,36,60,180,36,36,99,39560,72,72,25926,1.108242,0.019889,1.280301,1.507907
blackout_only,186.0,600.0,900.0,4000.0,120.0,500.0,1,45,1924,1924,2143,2143,8,8,8,8,20,20,500.000000,930.000000,2500.000000,1,96.182646,0.363960,0.250908,0.263925,0.021035,0.022610,180,36,36,34,180,36,36,72,39560,72,72,25878,0.820956,0.020030,1.280229,1.038793
with_repeater,186.0,600.0,900.0,4000.0,120.0,500.0,1,45,1924,1924,2143,2143,8,8,8,8,20,20,500.000000,930.000000,2500.000000,1,96.098268,0.361230,0.251201,0.264251,0.021052,0.022663,180,36,36,45,180,36,36,99,39560,72,72,25926,1.109084,0.019292,1.280092,1.512569
blackout_only,186.0,600.0,900.0,4000.0,120.0,500.0,1,46,1924,1924,2143,2143,8,8,8,8,20,20,500.000000,930.000000,2500.000000,1,96.113763,0.360638,0.250841,0.263333,0.021075,0.022705,180,36,36,35,180,36,36,72,39560,72,72,25878,0.819505,0.019600,1.281535,1.040274
with_repeater,186.0,600.0,900.0,4000.0,120.0,500.0,1,46,1924,1924,2143,2143,8,8,8,8,20,20,500.000000,930.000000,2500.000000,1,96.168522,0.362247,0.250736,0.263404,0.021057,0.022649,180,36,36,50,180,36,36,99,39560,72,72,25926,1.110985,0.019545,1.279217,1.512822
blackout_only,186.0,600.0,900.0,4000.0,120.0,500.0,1,47,1924,1924,2143,2143,8,8,8,8,20,20,500.000000,930.000000,2500.000000,1,96.230631,0.363865,0.250846,0.263604,0.021075,0.022647,180,36,36,46,180,36,36,72,39560,72,72,25878,0.819281,0.020683,1.280557,1.039748
with_repeater,186.0,600.0,900.0,4000.0,120.0,500.0,1,47,1924,1924,2143,2143,8,8,8,8,20,20,500.000000,930.000000,2500.000000,1,96.197901,0.362437,0.251041,0.263792,0.021076,0.022651,180,36,36,48,180,36,36,99,39560,72,72,25926,1.110510,0.019898,1.280862,1.509072
blackout_only,186.0,600.0,900.0,4000.0,120.0,500.0,1,48,1924,1924,2143,2143,8,8,8,8,20,20,500.000000,930.000000,2500.000000,1,96.090141,0.360272,0.250726,0.263914,0.021101,0.022612,180,36,36,35,180,36,36,72,39560,72,72,25878,0.819493,0.019944,1.280136,1.041479
with_repeater,186.0,600.0,900.0,4000.0,120.0,500.0,1,48,1924,1924,2143,2143,8,8,8,8,20,20,500.000000,930.000000,2500.000000,1,96.112848,0.362981,0.251059,0.263988,0.021076,0.022705,180,36,36,53,180,36,36,99,39560,72,72,25926,1.109211,0.019661,1.279717,1.512912
blackout_only,186.0,600.0,900.0,4000.0,120.0,500.0,1,49,1924,1924,2143,2143,8,8,8,8,20,20,500.000000,930.000000,2500.000000,1,96.130177,0.360638,0.250973,0.263526,0.021055,0.022659,180,36,36,38,180,36,36,72,39560,72,72,25878,0.818378,0.020241,1.280275,1.040205
with_repeater,186.0,600.0,900.0,4000.0,120.0,500.0,1,49,1924,1924,2143,2143,8,8,8,8,20,20,500.000000,930.000000,2500.000000,1,96.107666,0.359737,0.250762,0.263516,0.021093,0.022634,180,36,36,48,180,36,36,99,39560,72,72,25926,1.108130,0.020494,1.279365,1.512996
blackout_only,186.0,600.0,900.0,4000.0,120.0,500.0,1,50,1924,1924,2143,2143,8,8,8,8,20,20,500.000000,930.000000,2500.000000,1,96.207249,0.362285,0.251110,0.263402,0.021040,0.022679,180,36,36,27,180,36,36,72,39560,72,72,25878,0.819940,0.020049,1.279174,1.040193
with_repeater,186.0,600.0,900.0,4000.0,120.0,500.0,1,50,1924,1924,2143,2143,8,8,8,8,20,20,500.000000,930.000000,2500.000000,1,96.145914,0.361422,0.251144,0.263343,0.021059,0.022647,180,36,36,44,180,36,36,99,39560,72,72,25926,1.108571,0.019793,1.280907,1.512846
blackout_only,186.0,600.0,900.0,4000.0,120.0,500.0,1,51,1924,1924,2143,2143,8,8,8,8,20,20,500.000000,930.000000,2500.000000,1,96.053923,0.359752,0.251001,0.263615,0.021083,0.022759,180,36,36,37,180,36,36,72,39560,72,72,25878,0.820653,0.020551,1.280314,1.040603
with_repeater,186.0,600.0,900.0,4000.0,120.0,500.0,1,51,1924,1924,2143,2143,8,8,8,8,20,20,500.000000,930.000000,2500.000000,1,96.127946,0.360572,0.251225,0.264820,0.021102,0.022761,180,36,36,54,180,36,36,99,39560,72,72,25926,1.111287,0.020219,1.278524,1.513810
blackout_only,186.0,600.0,900.0,4000.0,120.0,500.0,1,52,1924,1924,2143,2143,8,8,8,8,20,20,500.000000,930.000000,2500.000000,1,96.174345,0.363385,0.250847,0.263578,0.021034,0.022661,180,36,36,39,180,36,36,72,39560,72,72,25878,0.818461,0.020294,1.280779,1.038203
with_repeater,186.0,600.0,900.0,4000.0,120.0,500.0,1,52,1924,1924,2143,2143,8,8,8,8,20,20,500.000000,930.000000,2500.000000,1,96.123898,0.359314,0.250954,0.264091,0.021016,0.022661,180,36,36,53,180,36,36,99,39560,72,72,25926,1.111552,0.020469,1.280032,1.512505
blackout_only,186.0,600.0,900.0,4000.0,120.0,500.0,1,53,1924,1924,2143,2143,8,8,8,8,20,20,500.000000,930.000000,2500.000000,1,96.152899,0.363478,0.250924,0.263630,0.021087,0.022704,180,36,36,37,180,36,36,72,39560,72,72,25878,0.820239,0.019424,1.279914,1.037207
with_repeater,186.0,600.0,900.0,4000.0,120.0,500.0,1,53,1924,1924,2143,2143,8,8,8,8,20,20,500.000000,930.000000,2500.000000,1,96.047818,0.358249,0.250825,0.263874,0.021089,0.022703,180,36,36,54,180,36,36,99,39560,72,72,25926,1.109301,0.019935,1.280115,1.512290
blackout_only,186.0,600.0,900.0,4000.0,120.0,500.0,1,54,1924,1924,2143,2143,8,8,8,8,20,20,500.000000,930.000000,2500.000000,1,96.152892,0.360431,0.251005,0.263755,0.021054,0.022676,180,36,36,36,180,36,36,72,39560,72,72,25878,0.820903,0.020202,1.280376,1.038961
with_repeater,186.0,600.0,900.0,4000.0,120.0,500.0,1,54,1924,1924,2143,2143,8,8,8,8,20,20,500.000000,930.000000,2500.000000,1,96.106953,0.359252,0.251025,0.264178,0.021067,0.022643,180,36,36,56,180,36,36,99,39560,72,72,25926,1.108804,0.020413,1.279896,1.511581
blackout_only,186.0,600.0,900.0,4000.0,120.0,500.0,1,55,1924,1924,2143,2143,8,8,8,8,20,20,500.000000,930.000000,2500.000000,1,96.060990,0.360112,0.250584,0.262926,0.021039,0.022590,180,36,36,39,180,36,36,72,39560,72,72,25878,0.819330,0.020274,1.279247,1.040456
with_repeater,186.0,600.0,900.0,4000.0,120.0,500.0,1,55,1924,1924,2143,2143,8,8,8,8,20,20,500.000000,930.000000,2500.000000,1,96.147839,0.358428,0.250906,0.263357,0.021022,0.022642,180,36,36,53,180,36,36,99,39560,72,72,25926,1.113176,0.019872,1.280410,1.515059
blackout_only,186.0,600.0,900.0,4000.0,120.0,500.0,1,56,1924,1924,2143,2143,8,8,8,8,20,20,500.000000,930.000000,2500.000000,1,96.214895,0.366037,0.250925,0.264300,0.021108,0.022700,180,36,36,39,180,36,36,72,39560,72,72,25878,0.820352,0.019972,1.279555,1.038260
with_repeater,186.0,600.0,900.0,4000.0,120.0,500.0,1,56,1924,1924,2143,2143,8,8,8,8,20,20,500.000000,930.000000,2500.000000,1,96.124618,0.360559,0.251191,0.264105,0.021054,0.022700,180,36,36,47,180,36,36,99,39560,72,72,25926,1.109000,0.019340,1.278690,1.514783
blackout_only,186.0,600.0,900.0,4000.0,120.0,500.0,1,57,1924,1924,2143,2143,8,8,8,8,20,20,500.000000,930.000000,2500.000000,1,96.078967,0.358336,0.251295,0.264331,0.021047,0.022555,180,36,36,35,180,36,36,72,39560,72,72,25878,0.819232,0.019877,1.280931,1.039659
with_repeater,186.0,600.0,900.0,4000.0,120.0,500.0,1,57,1924,1924,2143,2143,8,8,8,8,20,20,500.000000,930.000000,2500.000000,1,96.134650,0.361519,0.251147,0.264016,0.021045,0.022620,180,36,36,47,180,36,36,99,39560,72,72,25926,1.110312,0.019826,1.279520,1.510427
blackout_only,186.0,600.0,900.0,4000.0,120.0,500.0,1,58,1924,1924,2143,2143,8,8,8,8,20,20,500.000000,930.000000,2500.000000,1,96.129575,0.359680,0.251321,0.263783,0.021072,0.022649,180,36,36,41,180,36,36,72,39560,72,72,25878,0.819793,0.019970,1.279620,1.040128
with_repeater,186.0,600.0,900.0,4000.0,120.0,500.0,1,58,1924,1924,2143,2143,8,8,8,8,20,20,500.000000,930.000000,2500.000000,1,96.140390,0.360357,0.251055,0.263493,0.021080,0.022695,180,36,36,47,180,36,36,99,39560,72,72,25926,1.111113,0.019639,1.279117,1.511867
blackout_only,186.0,600.0,900.0,4000.0,120.0,500.0,1,59,1924,1924,2143,2143,8,8,8,8,20,20,500.000000,930.000000,2500.000000,1,96.163945,0.359399,0.251156,0.263583,0.021089,0.022713,180,36,36,34,180,36,36,72,39560,72,72,25878,0.820243,0.020344,1.280686,1.042698
with_repeater,186.0,600.0,900.0,4000.0,120.0,500.0,1,59,1924,1924,2143,2143,8,8,8,8,20,20,500.000000,930.000000,2500.000000,1,96.188252,0.360757,0.251241,0.263925,0.021060,0.022612,180,36,36,47,180,36,36,99,39560,72,72,25926,1.109645,0.020351,1.279664,1.510463
blackout_only,186.0,600.0,900.0,4000.0,120.0,500.0,1,60,1924,1924,2143,2143,8,8,8,8,20,20,500.000000,930.000000,2500.000000,1,96.100124,0.360383,0.250993,0.262893,0.021062,0.022679,180,36,36,38,180,36,36,72,39560,72,72,25878,0.819433,0.020028,1.280975,1.037386
with_repeater,186.0,600.0,900.0,4000.0,120.0,500.0,1,60,1924,1924,2143,2143,8,8,8,8,20,20,500.000000,930.000000,2500.000000,1,96.167904,0.361103,0.251072,0.263640,0.021042,0.022659,180,36,36,43,180,36,36,99,39560,72,72,25926,1.109783,0.019826,1.281288,1.514438
blackout_only,186.0,600.0,900.0,4000.0,120.0,500.0,1,61,1924,1924,2143,2143,8,8,8,8,20,20,500.000000,930.000000,2500.000000,1,96.215557,0.362348,0.251266,0.263747,0.021041,0.022588,180,36,36,37,180,36,36,72,39560,72,72,25878,0.820398,0.020466,1.280647,1.039534
with_repeater,186.0,600.0,900.0,4000.0,120.0,500.0,1,61,1924,1924,2143,2143,8,8,8,8,20,20,500.000000,930.000000,2500.000000,1,96.269534,0.362946,0.250998,0.263631,0.021058,0.022665,180,36,36,50,180,36,36,99,39560,72,72,25926,1.109021,0.020193,1.279774,1.511133
blackout_only,186.0,600.0,900.0,4000.0,120.0,500.0,1,62,1924,1924,2143,2143,8,8,8,8,20,20,500.000000,930.000000,2500.000000,1,96.155294,0.360208,0.251276,0.264421,0.021038,0.022633,180,36,36,41,180,36,36,72,39560,72,72,25878,0.820272,0.019815,1.279736,1.041150
with_repeater,186.0,600.0,900.0,4000.0,120.0,500.0,1,62,1924,1924,2143,2143,8,8,8,8,20,20,500.000000,930.000000,2500.000000,1,96.118544,0.363679,0.250971,0.263569,0.021046,0.022657,180,36,36,52,180,36,36,99,39560,72,72,25926,1.110064,0.019896,1.280088,1.514051
blackout_only,186.0,600.0,900.0,4000.0,120.0,500.0,1,63,1924,1924,2143,2143,8,8,8,8,20,20,500.000000,930.000000,2500.000000,1,96.141777,0.360630,0.250980,0.263574,0.021051,0.022719,180,36,36,38,180,36,36,72,39560,72,72,25878,0.819973,0.019831,1.279875,1.040403
with_repeater,186.0,600.0,900.0,4000.0,120.0,500.0,1,63,1924,1924,2143,2143,8,8,8,8,20,20,500.000000,930.000000,2500.000000,1,96.142684,0.361271,0.250780,0.263102,0.021063,0.022641,180,36,36,50,180,36,36,99,39560,72,72,25926,1.109805,0.019788,1.280113,1.510762
blackout_only,186.0,600.0,900.0,4000.0,120.0,500.0,1,64,1924,1924,2143,2143,8,8,8,8,20,20,500.000000,930.000000,2500.000000,1,96.064498,0.358670,0.250898,0.263103,0.021081,0.022730,180,36,36,47,180,36,36,72,39560,72,72,25878,0.818553,0.019791,1.280275,1.039824
with_repeater,186.0,600.0,900.0,4000.0,120.0,500.0,1,64,1924,1924,2143,2143,8,8,8,8,20,20,500.000000,930.000000,2500.000000,1,96.071776,0.360840,0.250976,0.263399,0.021069,0.022613,180,36,36,54,180,36,36,99,39560,72,72,25926,1.107917,0.019612,1.280258,1.512689
blackout_only,186.0,600.0,900.0,4000.0,120.0,500.0,1,65,1924,1924,2143,2143,8,8,8,8,20,20,500.000000,930.000000,2500.000000,1,96.109241,0.359483,0.250946,0.263343,0.021075,0.022707,180,36,36,34,180,36,36,72,39560,72,72,25878,0.820684,0.019884,1.281170,1.040952
with_repeater,186.0,600.0,900.0,4000.0,120.0,500.0,1,65,1924,1924,2143,2143,8,8,8,8,20,20,500.000000,930.000000,2500.000000,1,96.102563,0.360041,0.250903,0.263713,0.021085,0.022649,180,36,36,51,180,36,36,99,39560,72,72,25926,1.111523,0.019156,1.280411,1.510884
blackout_only,186.0,600.0,900.0,4000.0,120.0,500.0,1,66,1924,1924,2143,2143,8,8,8,8,20,20,500.000000,930.000000,2500.000000,1,96.153316,0.361963,0.250834,0.263244,0.021069,0.022639,180,36,36,37,180,36,36,72,39560,72,72,25878,0.819723,0.020592,1.279575,1.037865
with_repeater,186.0,600.0,900.0,4000.0,120.0,500.0,1,66,1924,1924,2143,2143,8,8,8,8,20,20,500.000000,930.000000,2500.000000,1,96.163805,0.362520,0.250868,0.263182,0.021050,0.022660,180,36,36,55,180,36,36,99,39560,72,72,25926,1.108420,0.020135,1.279132,1.510827
blackout_only,186.0,600.0,900.0,4000.0,120.0,500.0,1,67,1924,1924,2143,2143,8,8,8,8,20,20,500.000000,930.000000,2500.000000,1,96.115124,0.357978,0.251012,0.263111,0.021068,0.022640,180,36,36,44,180,36,36,72,39560,72,72,25878,0.820120,0.020142,1.279923,1.040402
with_repeater,186.0,600.0,900.0,4000.0,120.0,500.0,1,67,1924,1924,2143,2143,8,8,8,8,20,20,500.000000,930.000000,2500.000000,1,96.154372,0.359775,0.250896,0.263686,0.021080,0.022621,180,36,36,57,180,36,36,99,39560,72,72,25926,1.111637,0.020352,1.280264,1.513908
blackout_only,186.0,600.0,900.0,4000.0,120.0,500.0,1,68,1924,1924,2143,2143,8,8,8,8,20,20,500.000000,930.000000,2500.000000,1,96.173236,0.361313,0.250986,0.263710,0.021045,0.022684,180,36,36,48,180,36,36,72,39560,72,72,25878,0.819122,0.019940,1.280896,1.037995
with_repeater,186.0,600.0,900.0,4000.0,120.0,500.0,1,68,1924,1924,2143,2143,8,8,8,8,20,20,500.000000,930.000000,2500.000000,1,96.079236,0.358833,0.250978,0.264011,0.021028,0.022646,180,36,36,55,180,36,36,99,39560,72,72,25926,1.109008,0.020028,1.280539,1.512090
blackout_only,186.0,600.0,900.0,4000.0,120.0,500.0,1,69,1924,1924,2143,2143,8,8,8,8,20,20,500.000000,930.000000,2500.000000,1,96.090138,0.360068,0.250845,0.263733,0.021057,0.022616,180,36,36,33,180,36,36,72,39560,72,72,25878,0.817432,0.019786,1.279711,1.039806
with_repeater,186.0,600.0,900.0,4000.0,120.0,500.0,1,69,1924,1924,2143,2143,8,8,8,8,20,20,500.000000,930.000000,2500.000000,1,96.140090,0.361038,0.251035,0.264120,0.021101,0.022761,180,36,36,50,180,36,36,99,39560,72,72,25926,1.106766,0.020088,1.279434,1.516396
blackout_only,186.0,600.0,900.0,4000.0,120.0,500.0,1,70,1924,1924,2143,2143,8,8,8,8,20,20,500.000000,930.000000,2500.000000,1,96.092602,0.358431,0.250913,0.263735,0.021038,0.022721,180,36,36,31,180,36,36,72,39560,72,72,25878,0.818661,0.019823,1.280238,1.039600
with_repeater,186.0,600.0,900.0,4000.0,120.0,500.0,1,70,1924,1924,2143,2143,8,8,8,8,20,20,500.000000,930.000000,2500.000000,1,96.110726,0.359354,0.250943,0.263436,0.021043,0.022655,180,36,36,48,180,36,36,99,39560,72,72,25926,1.110500,0.020605,1.280211,1.512332
blackout_only,186.0,600.0,900.0,4000.0,120.0,500.0,1,71,1924,1924,2143,2143,8,8,8,8,20,20,500.000000,930.000000,2500.000000,1,96.115412,0.359361,0.251176,0.264025,0.021097,0.022640,180,36,36,40,180,36,36,72,39560,72,72,25878,0.819698,0.020318,1.279777,1.036203
with_repeater,186.0,600.0,900.0,4000.0,120.0,500.0,1,71,1924,1924,2143,2143,8,8,8,8,20,20,500.000000,930.000000,2500.000000,1,96.138310,0.360773,0.251084,0.263606,0.021062,0.022649,180,36,36,48,180,36,36,99,39560,72,72,25926,1.109562,0.020402,1.280644,1.515863
blackout_only,186.0,600.0,900.0,4000.0,120.0,500.0,1,72,1924,1924,2143,2143,8,8,8,8,20,20,500.000000,930.000000,2500.000000,1,96.130013,0.360411,0.250931,0.263453,0.021085,0.022627,180,36,36,37,180,36,36,72,39560,72,72,25878,0.820807,0.020113,1.279644,1.038963
with_repeater,186.0,600.0,900.0,4000.0,120.0,500.0,1,72,1924,1924,2143,2143,8,8,8,8,20,20,500.000000,930.000000,2500.000000,1,96.108829,0.359321,0.251060,0.263253,0.021097,0.022629,180,36,36,49,180,36,36,99,39560,72,72,25926,1.109066,0.020270,1.278697,1.514181
blackout_only,186.0,600.0,900.0,4000.0,120.0,500.0,1,73,1924,1924,2143,2143,8,8,8,8,20,20,500.000000,930.000000,2500.000000,1,96.146026,0.360780,0.250812,0.263334,0.021035,0.022670,180,36,36,33,180,36,36,72,39560,72,72,25878,0.819992,0.019911,1.280502,1.041390
with_repeater,186.0,600.0,900.0,4000.0,120.0,500.0,1,73,1924,1924,2143,2143,8,8,8,8,20,20,500.000000,930.000000,2500.000000,1,96.080113,0.357384,0.250884,0.263275,0.021058,0.022623,180,36,36,49,180,36,36,99,39560,72,72,25926,1.111283,0.020545,1.279878,1.514779
blackout_only,186.0,600.0,900.0,4000.0,120.0,500.0,1,74,1924,1924,2143,2143,8,8,8,8,20,20,500.000000,930.000000,2500.000000,1,96.211798,0.363159,0.251134,0.263977,0.021119,0.022692,180,36,36,27,180,36,36,72,39560,72,72,25878,0.820300,0.020152,1.280308,1.038871
with_repeater,186.0,600.0,900.0,4000.0,120.0,500.0,1,74,1924,1924,2143,2143,8,8,8,8,20,20,500.000000,930.000000,2500.000000,1,96.198683,0.362597,0.251093,0.264023,0.021097,0.022690,180,36,36,50,180,36,36,99,39560,72,72,25926,1.108084,0.020249,1.280481,1.513076
blackout_only,186.0,600.0,900.0,4000.0,120.0,500.0,1,75,1924,1924,2143,2143,8,8,8,8,20,20,500.000000,930.000000,2500.000000,1,96.165035,0.363505,0.250908,0.263661,0.021020,0.022603,180,36,36,34,180,36,36,72,39560,72,72,25878,0.818849,0.019736,1.281111,1.037288
with_repeater,186.0,600.0,900.0,4000.0,120.0,500.0,1,75,1924,1924,2143,2143,8,8,8,8,20,20,500.000000,930.000000,2500.000000,1,96.140975,0.362115,0.250856,0.263098,0.021042,0.022574,180,36,36,43,180,36,36,99,39560,72,72,25926,1.109734,0.019511,1.279886,1.513870
blackout_only,186.0,600.0,900.0,4000.0,120.0,500.0,1,76,1924,1924,2143,2143,8,8,8,8,20,20,500.000000,930.000000,2500.000000,1,96.171644,0.360472,0.251082,0.263698,0.021077,0.022733,180,36,36,41,180,36,36,72,39560,72,72,25878,0.821270,0.019586,1.280168,1.039517
with_repeater,186.0,600.0,900.0,4000.0,120.0,500.0,1,76,1924,1924,2143,2143,8,8,8,8,20,20,500.000000,930.000000,2500.000000,1,96.088612,0.359412,0.250881,0.263758,0.021110,0.022747,180,36,36,50,180,36,36,99,39560,72,72,25926,1.112349,0.019533,1.279836,1.512951
blackout_only,186.0,600.0,900.0,4000.0,120.0,500.0,1,77,1924,1924,2143,2143,8,8,8,8,20,20,500.000000,930.000000,2500.000000,1,96.063691,0.359639,0.250983,0.263941,0.021127,0.022772,180,36,36,40,180,36,36,72,39560,72,72,25878,0.819525,0.019825,1.279918,1.039311
with_repeater,186.0,600.0,900.0,4000.0,120.0,500.0,1,77,1924,1924,2143,2143,8,8,8,8,20,20,500.000000,930.000000,2500.000000,1,96.118240,0.361348,0.251151,0.264170,0.021100,0.022714,180,36,36,61,180,36,36,99,39560,72,72,25926,1.109822,0.020328,1.280335,1.514007
blackout_only,186.0,600.0,900.0,4000.0,120.0,500.0,1,78,1924,1924,2143,2143,8,8,8,8,20,20,500.000000,930.000000,2500.000000,1,96.100295,0.361848,0.251256,0.263737,0.021081,0.022685,180,36,36,43,180,36,36,72,39560,72,72,25878,0.819495,0.020356,1.279431,1.038857
with_repeater,186.0,600.0,900.0,4000.0,120.0,500.0,1,78,1924,1924,2143,2143,8,8,8,8,20,20,500.000000,930.000000,2500.000000,1,96.106949,0.359882,0.251195,0.263842,0.021104,0.022689,180,36,36,49,180,36,36,99,39560,72,72,25926,1.111607,0.020071,1.280506,1.513024
blackout_only,186.0,600.0,900.0,4000.0,120.0,500.0,1,79,1924,1924,2143,2143,8,8,8,8,20,20,500.000000,930.000000,2500.000000,1,96.056105,0.358448,0.251041,0.263699,0.021074,0.022682,180,36,36,44,180,36,36,72,39560,72,72,25878,0.819035,0.019873,1.280923,1.042448
with_repeater,186.0,600.0,900.0,4000.0,120.0,500.0,1,79,1924,1924,2143,2143,8,8,8,8,20,20,500.000000,930.000000,2500.000000,1,96.079822,0.358916,0.251283,0.263628,0.021041,0.022650,180,36,36,51,180,36,36,99,39560,72,72,25926,1.109438,0.020244,1.279550,1.510343
blackout_only,186.0,600.0,900.0,4000.0,120.0,500.0,1,80,1924,1924,2143,2143,8,8,8,8,20,20,500.000000,930.000000,2500.000000,1,96.085820,0.360987,0.250926,0.263821,0.021063,0.022714,180,36,36,34,180,36,36,72,39560,72,72,25878,0.818549,0.020404,1.280361,1.040663
with_repeater,186.0,600.0,900.0,4000.0,120.0,500.0,1,80,1924,1924,2143,2143,8,8,8,8,20,20,500.000000,930.000000,2500.000000,1,96.118851,0.361199,0.250911,0.263188,0.021072,0.022642,180,36,36,45,180,36,36,99,39560,72,72,25926,1.110089,0.019862,1.279815,1.509682
blackout_only,186.0,600.0,900.0,4000.0,120.0,500.0,1,81,1924,1924,2143,2143,8,8,8,8,20,20,500.000000,930.000000,2500.000000,1,96.040709,0.356069,0.250970,0.264449,0.021072,0.022629,180,36,36,27,180,36,36,72,39560,72,72,25878,0.819916,0.020029,1.280352,1.037460
with_repeater,186.0,600.0,900.0,4000.0,120.0,500.0,1,81,1924,1924,2143,2143,8,8,8,8,20,20,500.000000,930.000000,2500.000000,1,96.100472,0.361353,0.251052,0.264334,0.021065,0.022629,180,36,36,54,180,36,36,99,39560,72,72,25926,1.108426,0.020186,1.280060,1.511862
blackout_only,186.0,600.0,900.0,4000.0,120.0,500.0,1,82,1924,1924,2143,2143,8,8,8,8,20,20,500.000000,930.000000,2500.000000,1,96.166159,0.361245,0.251009,0.263861,0.021023,0.022603,180,36,36,44,180,36,36,72,39560,72,72,25878,0.819933,0.020269,1.281198,1.037880
with_repeater,186.0,600.0,900.0,4000.0,120.0,500.0,1,82,1924,1924,2143,2143,8,8,8,8,20,20,500.000000,930.000000,2500.000000,1,96.094486,0.361422,0.251135,0.264134,0.021036,0.022693,180,36,36,56,180,36,36,99,39560,72,72,25926,1.110733,0.019920,1.279659,1.513387
blackout_only,186.0,600.0,900.0,4000.0,120.0,500.0,1,83,1924,1924,2143,2143,8,8,8,8,20,20,500.000000,930.000000,2500.000000,1,96.148871,0.360886,0.250889,0.263894,0.021090,0.022686,180,36,36,31,180,36,36,72,39560,72,72,25878,0.819457,0.019631,1.279468,1.036632
with_repeater,186.0,600.0,900.0,4000.0,120.0,500.0,1,83,1924,1924,2143,2143,8,8,8,8,20,20,500.000000,930.000000,2500.000000,1,96.212919,0.366008,0.250753,0.263411,0.021090,0.022720,180,36,36,53,180,36,36,99,39560,72,72,25926,1.109122,0.019573,1.279451,1.510970
blackout_only,186.0,600.0,900.0,4000.0,120.0,500.0,1,84,1924,1924,2143,2143,8,8,8,8,20,20,500.000000,930.000000,2500.000000,1,96.060315,0.361469,0.251169,0.263933,0.021073,0.022627,180,36,36,36,180,36,36,72,39560,72,72,25878,0.820276,0.020613,1.280409,1.039753
with_repeater,186.0,600.0,900.0,4000.0,120.0,500.0,1,84,1924,1924,2143,2143,8,8,8,8,20,20,500.000000,930.000000,2500.000000,1,96.145127,0.358468,0.251119,0.263688,0.021101,0.022652,180,36,36,52,180,36,36,99,39560,72,72,25926,1.109069,0.019730,1.279729,1.514143
blackout_only,186.0,600.0,900.0,4000.0,120.0,500.0,1,85,1924,1924,2143,2143,8,8,8,8,20,20,500.000000,930.000000,2500.000000,1,96.169716,0.361148,0.251015,0.263469,0.021046,0.022623,180,36,36,37,180,36,36,72,39560,72,72,25878,0.817145,0.020096,1.279802,1.038216
with_repeater,186.0,600.0,900.0,4000.0,120.0,500.0,1,85,1924,1924,2143,2143,8,8,8,8,20,20,500.000000,930.000000,2500.000000,1,96.219811,0.365547,0.250900,0.263537,0.021065,0.022658,180,36,36,40,180,36,36,99,39560,72,72,25926,1.109447,0.020402,1.280929,1.508486
blackout_only,186.0,600.0,900.0,4000.0,120.0,500.0,1,86,1924,1924,2143,2143,8,8,8,8,20,20,500.000000,930.000000,2500.000000,1,96.146262,0.360007,0.251351,0.264366,0.021053,0.022566,180,36,36,26,180,36,36,72,39560,72,72,25878,0.820169,0.019731,1.280144,1.039697
with_repeater,186.0,600.0,900.0,4000.0,120.0,500.0,1,86,1924,1924,2143,2143,8,8,8,8,20,20,500.000000,930.000000,2500.000000,1,96.169593,0.361468,0.251429,0.264366,0.021055,0.022574,180,36,36,51,180,36,36,99,39560,72,72,25926,1.107014,0.020375,1.280629,1.512147
blackout_only,186.0,600.0,900.0,4000.0,120.0,500.0,1,87,1924,1924,2143,2143,8,8,8,8,20,20,500.000000,930.000000,2500.000000,1,96.107867,0.359440,0.251023,0.263604,0.021081,0.022614,180,36,36,34,180,36,36,72,39560,72,72,25878,0.818529,0.019926,1.279491,1.038333
with_repeater,186.0,600.0,900.0,4000.0,120.0,500.0,1,87,1924,1924,2143,2143,8,8,8,8,20,20,500.000000,930.000000,2500.000000,1,96.115353,0.360097,0.250967,0.263848,0.021044,0.022617,180,36,36,43,180,36,36,99,39560,72,72,25926,1.112017,0.020045,1.279720,1.517743
blackout_only,186.0,600.0,900.0,4000.0,120.0,500.0,1,88,1924,1924,2143,2143,8,8,8,8,20,20,500.000000,930.000000,2500.000000,1,96.100179,0.362420,0.251133,0.263351,0.021086,0.022599,180,36,36,40,180,36,36,72,39560,72,72,25878,0.819035,0.020111,1.280830,1.039445
with_repeater,186.0,600.0,900.0,4000.0,120.0,500.0,1,88,1924,1924,2143,2143,8,8,8,8,20,20,500.000000,930.000000,2500.000000,1,96.039407,0.360079,0.251369,0.263741,0.021069,0.022613,180,36,36,35,180,36,36,99,39560,72,72,25926,1.111460,0.020306,1.281303,1.512410
blackout_only,186.0,600.0,900.0,4000.0,120.0,500.0,1,89,1924,1924,2143,2143,8,8,8,8,20,20,500.000000,930.000000,2500.000000,1,96.150241,0.363348,0.251124,0.263419,0.021091,0.022636,180,36,36,45,180,36,36,72,39560,72,72,25878,0.818331,0.020047,1.280116,1.037841
with_repeater,186.0,600.0,900.0,4000.0,120.0,500.0,1,89,1924,1924,2143,2143,8,8,8,8,20,20,500.000000,930.000000,2500.000000,1,96.185840,0.362810,0.250982,0.263465,0.021079,0.022585,180,36,36,47,180,36,36,99,39560,72,72,25926,1.110104,0.020373,1.279795,1.508789
blackout_only,186.0,600.0,1800.0,4000.0,120.0,500.0,1,40,1924,1924,2143,2143,8,8,15,15,13,13,500.000000,930.000000,1600.000000,1,38.605832,0.359358,0.250967,0.264220,0.021060,0.022674,180,36,36,26,180,36,36,51,39560,72,72,25836,0.622912,0.019923,1.280332,0.739615
with_repeater,186.0,600.0,1800.0,4000.0,120.0,500.0,1,40,1924,1924,2143,2143,8,8,15,15,13,13,500.000000,930.000000,1600.000000,1,38.628762,0.358229,0.250856,0.263495,0.021087,0.022735,180,36,36,54,180,36,36,99,39560,72,72,25926,1.171753,0.020244,1.278995,1.598686
blackout_only,186.0,600.0,1800.0,4000.0,120.0,500.0,1,41,1924,1924,2143,2143,8,8,15,15,13,13,500.000000,930.000000,1600.000000,1,38.707882,0.362265,0.251365,0.263671,0.021026,0.022596,180,36,36,29,180,36,36,51,39560,72,72,25836,0.623260,0.020162,1.280215,0.738595
with_repeater,186.0,600.0,1800.0,4000.0,120.0,500.0,1,41,1924,1924,2143,2143,8,8,15,15,13,13,500.000000,930.000000,1600.000000,1,38.754966,0.365836,0.250828,0.263574,0.021066,0.022670,180,36,36,53,180,36,36,99,39560,72,72,25926,1.165787,0.020256,1.279847,1.600893
blackout_only,186.0,600.0,1800.0,4000.0,120.0,500.0,1,42,1924,1924,2143,2143,8,8,15,15,13,13,500.000000,930.000000,1600.000000,1,38.603336,0.361572,0.250965,0.263504,0.021072,0.022736,180,36,36,30,180,36,36,51,39560,72,72,25836,0.621682,0.020673,1.280666,0.739281
with_repeater,186.0,600.0,1800.0,4000.0,120.0,500.0,1,42,1924,1924,2143,2143,8,8,15,15,13,13,500.000000,930.000000,1600.000000,1,38.654466,0.359560,0.250649,0.263493,0.021061,0.022712,180,36,36,53,180,36,36,99,39560,72,72,25926,1.167589,0.020456,1.279253,1.604091
blackout_only,186.0,600.0,1800.0,4000.0,120.0,500.0,1,43,1924,1924,2143,2143,8,8,15,15,13,13,500.000000,930.000000,1600.000000,1,38.627822,0.361042,0.250893,0.263898,0.021055,0.022638,180,36,36,28,180,36,36,51,39560,72,72,25836,0.623520,0.019444,1.280321,0.738078
with_repeater,186.0,600.0,1800.0,4000.0,120.0,500.0,1,43,1924,1924,2143,2143,8,8,15,15,13,13,500.000000,930.000000,1600.000000,1,38.671397,0.360194,0.250949,0.263204,0.021080,0.022657,180,36,36,50,180,36,36,99,39560,72,72,25926,1.167962,0.020397,1.279937,1.600572
blackout_only,186.0,600.0,1800.0,4000.0,120.0,500.0,1,44,1924,1924,2143,2143,8,8,15,15,13,13,500.000000,930.000000,1600.000000,1,38.685641,0.361160,0.251075,0.263982,0.021100,0.022741,180,36,36,27,180,36,36,51,39560,72,72,25836,0.621895,0.020019,1.279969,0.737396
with_repeater,186.0,600.0,1800.0,4000.0,120.0,500.0,1,44,1924,1924,2143,2143,8,8,15,15,13,13,500.000000,930.000000,1600.000000,1,38.669893,0.362076,0.250940,0.263663,0.021089,0.022666,180,36,36,55,180,36,36,99,39560,72,72,25926,1.167143,0.019843,1.278993,1.596759
blackout_only,186.0,600.0,1800.0,4000.0,120.0,500.0,1,45,1924,1924,2143,2143,8,8,15,15,13,13,500.000000,930.000000,1600.000000,1,38.729224,0.362814,0.250936,0.263736,0.021040,0.022638,180,36,36,22,180,36,36,51,39560,72,72,25836,0.623921,0.020026,1.279843,0.737428
with_repeater,186.0,600.0,1800.0,4000.0,120.0,500.0,1,45,1924,1924,2143,2143,8,8,15,15,13,13,500.000000,930.000000,1600.000000,1,38.609682,0.361230,0.251080,0.264243,0.021061,0.022676,180,36,36,47,180,36,36,99,39560,72,72,25926,1.166511,0.020090,1.279763,1.600930
blackout_only,186.0,600.0,1800.0,4000.0,120.0,500.0,1,46,1924,1924,2143,2143,8,8,15,15,13,13,500.000000,930.000000,1600.000000,1,38.694487,0.363577,0.250984,0.263495,0.021062,0.022645,180,36,36,24,180,36,36,51,39560,72,72,25836,0.621203,0.019364,1.281472,0.740466
with_repeater,186.0,600.0,1800.0,4000.0,120.0,500.0,1,46,1924,1924,2143,2143,8,8,15,15,13,13,500.000000,930.000000,1600.000000,1,38.737225,0.362461,0.250608,0.263062,0.021076,0.022652,180,36,36,50,180,36,36,99,39560,72,72,25926,1.167162,0.019830,1.279530,1.598833
blackout_only,186.0,600.0,1800.0,4000.0,120.0,500.0,1,47,1924,1924,2143,2143,8,8,15,15,13,13,500.000000,930.000000,1600.000000,1,38.735403,0.360902,0.251069,0.264446,0.021068,0.022644,180,36,36,29,180,36,36,51,39560,72,72,25836,0.621479,0.020345,1.281018,0.738309
with_repeater,186.0,600.0,1800.0,4000.0,120.0,500.0,1,47,1924,1924,2143,2143,8,8,15,15,13,13,500.000000,930.000000,1600.000000,1,38.748637,0.364324,0.250848,0.263382,0.021086,0.022688,180,36,36,49,180,36,36,99,39560,72,72,25926,1.166986,0.020522,1.280856,1.597785
blackout_only,186.0,600.0,1800.0,4000.0,120.0,500.0,1,48,1924,1924,2143,2143,8,8,15,15,13,13,500.000000,930.000000,1600.000000,1,38.618683,0.358397,0.250896,0.263960,0.021091,0.022696,180,36,36,20,180,36,36,51,39560,72,72,25836,0.623219,0.020357,1.280223,0.738332
with_repeater,186.0,600.0,1800.0,4000.0,120.0,500.0,1,48,1924,1924,2143,2143,8,8,15,15,13,13,500.000000,930.000000,1600.000000,1,38.691177,0.362486,0.251049,0.263960,0.021061,0.022673,180,36,36,51,180,36,36,99,39560,72,72,25926,1.165016,0.020031,1.279704,1.600572
blackout_only,186.0,600.0,1800.0,4000.0,120.0,500.0,1,49,1924,1924,2143,2143,8,8,15,15,13,13,500.000000,930.000000,1600.000000,1,38.623567,0.360195,0.250872,0.263448,0.021070,0.022659,180,36,36,29,180,36,36,51,39560,72,72,25836,0.622332,0.020595,1.280894,0.739964
with_repeater,186.0,600.0,1800.0,4000.0,120.0,500.0,1,49,1924,1924,2143,2143,8,8,15,15,13,13,500.000000,930.000000,1600.000000,1,38.671323,0.359218,0.250764,0.263496,0.021097,0.022655,180,36,36,50,180,36,36,99,39560,72,72,25926,1.164573,0.020221,1.280026,1.598499
blackout_only,186.0,600.0,1800.0,4000.0,120.0,500.0,1,50,1924,1924,2143,2143,8,8,15,15,13,13,500.000000,930.000000,1600.000000,1,38.699311,0.361984,0.251119,0.263516,0.021044,0.022688,180,36,36,23,180,36,36,51,39560,72,72,25836,0.623939,0.019645,1.280216,0.738325
with_repeater,186.0,600.0,1800.0,4000.0,120.0,500.0,1,50,1924,1924,2143,2143,8,8,15,15,13,13,500.000000,930.000000,1600.000000,1,38.689134,0.361357,0.251120,0.263193,0.021067,0.022655,180,36,36,43,180,36,36,99,39560,72,72,25926,1.165579,0.019797,1.281157,1.599506
blackout_only,186.0,600.0,1800.0,4000.0,120.0,500.0,1,51,1924,1924,2143,2143,8,8,15,15,13,13,500.000000,930.000000,1600.000000,1,38.615320,0.359694,0.250875,0.263120,0.021076,0.022733,180,36,36,23,180,36,36,51,39560,72,72,25836,0.622899,0.020450,1.280395,0.738543
with_repeater,186.0,600.0,1800.0,4000.0,120.0,500.0,1,51,1924,1924,2143,2143,8,8,15,15,13,13,500.000000,930.000000,1600.000000,1,38.623378,0.360733,0.251190,0.264540,0.021120,0.022799,180,36,36,54,180,36,36,99,39560,72,72,25926,1.168727,0.020261,1.279314,1.598640
blackout_only,186.0,600.0,1800.0,4000.0,120.0,500.0,1,52,1924,1924,2143,2143,8,8,15,15,13,13,500.000000,930.000000,1600.000000,1,38.676014,0.362788,0.250763,0.263022,0.021054,0.022699,180,36,36,22,180,36,36,51,39560,72,72,25836,0.622664,0.020616,1.280329,0.739582
with_repeater,186.0,600.0,1800.0,4000.0,120.0,500.0,1,52,1924,1924,2143,2143,8,8,15,15,13,13,500.000000,930.000000,1600.000000,1,38.630746,0.361310,0.250918,0.263977,0.021039,0.022688,180,36,36,46,180,36,36,99,39560,72,72,25926,1.168724,0.020647,1.279896,1.599164
blackout_only,186.0,600.0,1800.0,4000.0,120.0,500.0,1,53,1924,1924,2143,2143,8,8,15,15,13,13,500.000000,930.000000,1600.000000,1,38.691966,0.360504,0.251316,0.264211,0.021062,0.022639,180,36,36,32,180,36,36,51,39560,72,72,25836,0.622874,0.019895,1.279853,0.736452
with_repeater,186.0,600.0,1800.0,4000.0,120.0,500.0,1,53,1924,1924,2143,2143,8,8,15,15,13,13,500.000000,930.000000,1600.000000,1,38.554323,0.357737,0.251019,0.264163,0.021072,0.022661,180,36,36,60,180,36,36,99,39560,72,72,25926,1.166894,0.019931,1.279947,1.601240
blackout_only,186.0,600.0,1800.0,4000.0,120.0,500.0,1,54,1924,1924,2143,2143,8,8,15,15,13,13,500.000000,930.000000,1600.000000,1,38.628169,0.359859,0.250782,0.263531,0.021083,0.022705,180,36,36,28,180,36,36,51,39560,72,72,25836,0.623269,0.020036,1.280143,0.739588
with_repeater,186.0,600.0,1800.0,4000.0,120.0,500.0,1,54,1924,1924,2143,2143,8,8,15,15,13,13,500.000000,930.000000,1600.000000,1,38.656301,0.360491,0.251005,0.264075,0.021070,0.022667,180,36,36,47,180,36,36,99,39560,72,72,25926,1.164756,0.020114,1.280241,1.601617
blackout_only,186.0,600.0,1800.0,4000.0,120.0,500.0,1,55,1924,1924,2143,2143,8,8,15,15,13,13,500.000000,930.000000,1600.000000,1,38.611159,0.359092,0.250810,0.263264,0.021071,0.022608,180,36,36,26,180,36,36,51,39560,72,72,25836,0.622684,0.020403,1.279387,0.739252
with_repeater,186.0,600.0,1800.0,4000.0,120.0,500.0,1,55,1924,1924,2143,2143,8,8,15,15,13,13,500.000000,930.000000,1600.000000,1,38.719941,0.360590,0.250914,0.263958,0.021011,0.022609,180,36,36,51,180,36,36,99,39560,72,72,25926,1.169736,0.019929,1.280706,1.602204
blackout_only,186.0,600.0,1800.0,4000.0,120.0,500.0,1,56,1924,1924,2143,2143,8,8,15,15,13,13,500.000000,930.000000,1600.000000,1,38.745880,0.363138,0.250971,0.264466,0.021065,0.022617,180,36,36,25,180,36,36,51,39560,72,72,25836,0.621805,0.020100,1.279264,0.736510
with_repeater,186.0,600.0,1800.0,4000.0,120.0,500.0,1,56,1924,1924,2143,2143,8,8,15,15,13,13,500.000000,930.000000,1600.000000,1,38.680664,0.361740,0.250962,0.264134,0.021074,0.022714,180,36,36,54,180,36,36,99,39560,72,72,25926,1.165502,0.019674,1.279008,1.603916
blackout_only,186.0,600.0,1800.0,4000.0,120.0,500.0,1,57,1924,1924,2143,2143,8,8,15,15,13,13,500.000000,930.000000,1600.000000,1,38.564167,0.359064,0.251299,0.263963,0.021045,0.022616,180,36,36,23,180,36,36,51,39560,72,72,25836,0.623102,0.019623,1.280180,0.740592
with_repeater,186.0,600.0,1800.0,4000.0,120.0,500.0,1,57,1924,1924,2143,2143,8,8,15,15,13,13,500.000000,930.000000,1600.000000,1,38.643830,0.359950,0.251141,0.263735,0.021038,0.022672,180,36,36,50,180,36,36,99,39560,72,72,25926,1.167405,0.019565,1.279934,1.596002
blackout_only,186.0,600.0,1800.0,4000.0,120.0,500.0,1,58,1924,1924,2143,2143,8,8,15,15,13,13,500.000000,930.000000,1600.000000,1,38.663303,0.357549,0.251387,0.264231,0.021059,0.022643,180,36,36,32,180,36,36,51,39560,72,72,25836,0.622626,0.019426,1.280174,0.737667
with_repeater,186.0,600.0,1800.0,4000.0,120.0,500.0,1,58,1924,1924,2143,2143,8,8,15,15,13,13,500.000000,930.000000,1600.000000,1,38.656335,0.360584,0.251010,0.263831,0.021077,0.022695,180,36,36,50,180,36,36,99,39560,72,72,25926,1.167224,0.019701,1.278952,1.598227
blackout_only,186.0,600.0,1800.0,4000.0,120.0,500.0,1,59,1924,1924,2143,2143,8,8,15,15,13,13,500.000000,930.000000,1600.000000,1,38.700572,0.360650,0.251286,0.263970,0.021092,0.022724,180,36,36,21,180,36,36,51,39560,72,72,25836,0.622344,0.020024,1.280603,0.739920
with_repeater,186.0,600.0,1800.0,4000.0,120.0,500.0,1,59,1924,1924,2143,2143,8,8,15,15,13,13,500.000000,930.000000,1600.000000,1,38.686934,0.360735,0.251053,0.264038,0.021062,0.022597,180,36,36,48,180,36,36,99,39560,72,72,25926,1.165480,0.020404,1.279304,1.597887
blackout_only,186.0,600.0,1800.0,4000.0,120.0,500.0,1,60,1924,1924,2143,2143,8,8,15,15,13,13,500.000000,930.000000,1600.000000,1,38.650608,0.361746,0.251010,0.263520,0.021043,0.022622,180,36,36,26,180,36,36,51,39560,72,72,25836,0.622342,0.019985,1.281579,0.737889
with_repeater,186.0,600.0,1800.0,4000.0,120.0,500.0,1,60,1924,1924,2143,2143,8,8,15,15,13,13,500.000000,930.000000,1600.000000,1,38.696599,0.361439,0.251165,0.263786,0.021045,0.022641,180,36,36,46,180,36,36,99,39560,72,72,25926,1.164884,0.020036,1.281227,1.599147
blackout_only,186.0,600.0,1800.0,4000.0,120.0,500.0,1,61,1924,1924,2143,2143,8,8,15,15,13,13,500.000000,930.000000,1600.000000,1,38.744211,0.364215,0.251078,0.263336,0.021049,0.022630,180,36,36,31,180,36,36,51,39560,72,72,25836,0.622366,0.020093,1.280654,0.738774
with_repeater,186.0,600.0,1800.0,4000.0,120.0,500.0,1,61,1924,1924,2143,2143,8,8,15,15,13,13,500.000000,930.000000,1600.000000,1,38.804023,0.362981,0.250977,0.263423,0.021052,0.022616,180,36,36,49,180,36,36,99,39560,72,72,25926,1.165344,0.020449,1.280146,1.597960
blackout_only,186.0,600.0,1800.0,4000.0,120.0,500.0,1,62,1924,1924,2143,2143,8,8,15,15,13,13,500.000000,930.000000,1600.000000,1,38.659319,0.360864,0.251365,0.264189,0.021034,0.022616,180,36,36,30,180,36,36,51,39560,72,72,25836,0.622075,0.020162,1.279868,0.740883
with_repeater,186.0,600.0,1800.0,4000.0,120.0,500.0,1,62,1924,1924,2143,2143,8,8,15,15,13,13,500.000000,930.000000,1600.000000,1,38.668018,0.362211,0.251025,0.263724,0.021046,0.022679,180,36,36,52,180,36,36,99,39560,72,72,25926,1.167972,0.020322,1.280417,1.601374
blackout_only,186.0,600.0,1800.0,4000.0,120.0,500.0,1,63,1924,1924,2143,2143,8,8,15,15,13,13,500.000000,930.000000,1600.000000,1,38.682895,0.361991,0.251046,0.263833,0.021036,0.022685,180,36,36,29,180,36,36,51,39560,72,72,25836,0.623220,0.020189,1.280938,0.739391
with_repeater,186.0,600.0,1800.0,4000.0,120.0,500.0,1,63,1924,1924,2143,2143,8,8,15,15,13,13,500.000000,930.000000,1600.000000,1,38.669200,0.361951,0.250810,0.263256,0.021043,0.022625,180,36,36,50,180,36,36,99,39560,72,72,25926,1.164962,0.019891,1.279866,1.599097
blackout_only,186.0,600.0,1800.0,4000.0,120.0,500.0,1,64,1924,1924,2143,2143,8,8,15,15,13,13,500.000000,930.000000,1600.000000,1,38.577301,0.359193,0.251263,0.263178,0.021042,0.022612,180,36,36,29,180,36,36,51,39560,72,72,25836,0.621548,0.019909,1.279453,0.738577
with_repeater,186.0,600.0,1800.0,4000.0,120.0,500.0,1,64,1924,1924,2143,2143,8,8,15,15,13,13,500.000000,930.000000,1600.000000,1,38.618696,0.359796,0.250886,0.263204,0.021076,0.022635,180,36,36,52,180,36,36,99,39560,72,72,25926,1.163723,0.019178,1.279989,1.601094
blackout_only,186.0,600.0,1800.0,4000.0,120.0,500.0,1,65,1924,1924,2143,2143,8,8,15,15,13,13,500.000000,930.000000,1600.000000,1,38.612118,0.360263,0.250986,0.263609,0.021093,0.022664,180,36,36,29,180,36,36,51,39560,72,72,25836,0.621064,0.019741,1.282228,0.737872
with_repeater,186.0,600.0,1800.0,4000.0,120.0,500.0,1,65,1924,1924,2143,2143,8,8,15,15,13,13,500.000000,930.000000,1600.000000,1,38.561020,0.358513,0.250893,0.263662,0.021089,0.022649,180,36,36,52,180,36,36,99,39560,72,72,25926,1.167340,0.019121,1.280177,1.598198
blackout_only,186.0,600.0,1800.0,4000.0,120.0,500.0,1,66,1924,1924,2143,2143,8,8,15,15,13,13,500.000000,930.000000,1600.000000,1,38.687635,0.361518,0.250868,0.263712,0.021057,0.022641,180,36,36,28,180,36,36,51,39560,72,72,25836,0.622500,0.019897,1.279275,0.737692
with_repeater,186.0,600.0,1800.0,4000.0,120.0,500.0,1,66,1924,1924,2143,2143,8,8,15,15,13,13,500.000000,930.000000,1600.000000,1,38.670949,0.362155,0.250906,0.263187,0.021065,0.022658,180,36,36,55,180,36,36,99,39560,72,72,25926,1.166102,0.019983,1.279231,1.597664
blackout_only,186.0,600.0,1800.0,4000.0,120.0,500.0,1,67,1924,1924,2143,2143,8,8,15,15,13,13,500.000000,930.000000,1600.000000,1,38.661993,0.361457,0.251059,0.263551,0.021060,0.022651,180,36,36,20,180,36,36,51,39560,72,72,25836,0.621515,0.019832,1.280278,0.739946
with_repeater,186.0,600.0,1800.0,4000.0,120.0,500.0,1,67,1924,1924,2143,2143,8,8,15,15,13,13,500.000000,930.000000,1600.000000,1,38.672905,0.359139,0.250854,0.263703,0.021067,0.022620,180,36,36,59,180,36,36,99,39560,72,72,25926,1.167805,0.020525,1.280761,1.601494
blackout_only,186.0,600.0,1800.0,4000.0,120.0,500.0,1,68,1924,1924,2143,2143,8,8,15,15,13,13,500.000000,930.000000,1600.000000,1,38.684350,0.360962,0.251105,0.264209,0.021019,0.022612,180,36,36,27,180,36,36,51,39560,72,72,25836,0.622049,0.020220,1.280868,0.738797
with_repeater,186.0,600.0,1800.0,4000.0,120.0,500.0,1,68,1924,1924,2143,2143,8,8,15,15,13,13,500.000000,930.000000,1600.000000,1,38.585698,0.358798,0.251001,0.263916,0.021027,0.022708,180,36,36,53,180,36,36,99,39560,72,72,25926,1.165924,0.020078,1.281018,1.599483
blackout_only,186.0,600.0,1800.0,4000.0,120.0,500.0,1,69,1924,1924,2143,2143,8,8,15,15,13,13,500.000000,930.000000,1600.000000,1,38.610254,0.359599,0.251096,0.263690,0.021061,0.022632,180,36,36,23,180,36,36,51,39560,72,72,25836,0.621234,0.019402,1.280636,0.740695
with_repeater,186.0,600.0,1800.0,4000.0,120.0,500.0,1,69,1924,1924,2143,2143,8,8,15,15,13,13,500.000000,930.000000,1600.000000,1,38.676865,0.361381,0.251041,0.264093,0.021087,0.022643,180,36,36,53,180,36,36,99,39560,72,72,25926,1.165669,0.020148,1.279973,1.603222
blackout_only,186.0,600.0,1800.0,4000.0,120.0,500.0,1,70,1924,1924,2143,2143,8,8,15,15,13,13,500.000000,930.000000,1600.000000,1,38.605986,0.360431,0.250871,0.263380,0.021052,0.022710,180,36,36,28,180,36,36,51,39560,72,72,25836,0.621535,0.020042,1.280461,0.738918
with_repeater,186.0,600.0,1800.0,4000.0,120.0,500.0,1,70,1924,1924,2143,2143,8,8,15,15,13,13,500.000000,930.000000,1600.000000,1,38.666349,0.360470,0.250966,0.263522,0.021054,0.022668,180,36,36,50,180,36,36,99,39560,72,72,25926,1.165706,0.020519,1.280600,1.599340
blackout_only,186.0,600.0,1800.0,4000.0,120.0,500.0,1,71,1924,1924,2143,2143,8,8,15,15,13,13,500.000000,930.000000,1600.000000,1,38.601139,0.357899,0.251089,0.263488,0.021081,0.022617,180,36,36,27,180,36,36,51,39560,72,72,25836,0.622130,0.020513,1.280488,0.737488
with_repeater,186.0,600.0,1800.0,4000.0,120.0,500.0,1,71,1924,1924,2143,2143,8,8,15,15,13,13,500.000000,930.000000,1600.000000,1,38.629210,0.360843,0.251257,0.263770,0.021057,0.022623,180,36,36,48,180,36,36,99,39560,72,72,25926,1.167235,0.020377,1.280998,1.601703
blackout_only,186.0,600.0,1800.0,4000.0,120.0,500.0,1,72,1924,1924,2143,2143,8,8,15,15,13,13,500.000000,930.000000,1600.000000,1,38.678569,0.358387,0.251031,0.263659,0.021116,0.022675,180,36,36,26,180,36,36,51,39560,72,72,25836,0.624467,0.020035,1.280510,0.739040
with_repeater,186.0,600.0,1800.0,4000.0,120.0,500.0,1,72,1924,1924,2143,2143,8,8,15,15,13,13,500.000000,930.000000,1600.000000,1,38.628659,0.361491,0.251059,0.263256,0.021095,0.022642,180,36,36,50,180,36,36,99,39560,72,72,25926,1.166810,0.020240,1.278605,1.603793
blackout_only,186.0,600.0,1800.0,4000.0,120.0,500.0,1,73,1924,1924,2143,2143,8,8,15,15,13,13,500.000000,930.000000,1600.000000,1,38.642440,0.359818,0.250956,0.263150,0.021040,0.022646,180,36,36,24,180,36,36,51,39560,72,72,25836,0.622406,0.019630,1.279104,0.740327
with_repeater,186.0,600.0,1800.0,4000.0,120.0,500.0,1,73,1924,1924,2143,2143,8,8,15,15,13,13,500.000000,930.000000,1600.000000,1,38.663217,0.359713,0.250867,0.263357,0.021056,0.022614,180,36,36,48,180,36,36,99,39560,72,72,25926,1.166565,0.020671,1.280064,1.601655
blackout_only,186.0,600.0,1800.0,4000.0,120.0,500.0,1,74,1924,1924,2143,2143,8,8,15,15,13,13,500.000000,930.000000,1600.000000,1,38.784390,0.364197,0.250806,0.263620,0.021108,0.022720,180,36,36,28,180,36,36,51,39560,72,72,25836,0.622251,0.020156,1.280235,0.738258
with_repeater,186.0,600.0,1800.0,4000.0,120.0,500.0,1,74,1924,1924,2143,2143,8,8,15,15,13,13,500.000000,930.000000,1600.000000,1,38.753320,0.363317,0.251228,0.264189,0.021104,0.022709,180,36,36,50,180,36,36,99,39560,72,72,25926,1.166107,0.019814,1.281046,1.599453
blackout_only,186.0,600.0,1800.0,4000.0,120.0,500.0,1,75,1924,1924,2143,2143,8,8,15,15,13,13,500.000000,930.000000,1600.000000,1,38.743547,0.363313,0.250804,0.263525,0.021026,0.022667,180,36,36,24,180,36,36,51,39560,72,72,25836,0.621635,0.019888,1.279937,0.737136
with_repeater,186.0,600.0,1800.0,4000.0,120.0,500.0,1,75,1924,1924,2143,2143,8,8,15,15,13,13,500.000000,930.000000,1600.000000,1,38.680690,0.361964,0.250781,0.263233,0.021047,0.022606,180,36,36,41,180,36,36,99,39560,72,72,25926,1.167115,0.019585,1.280336,1.599783
blackout_only,186.0,600.0,1800.0,4000.0,120.0,500.0,1,76,1924,1924,2143,2143,8,8,15,15,13,13,500.000000,930.000000,1600.000000,1,38.707075,0.362009,0.250722,0.263430,0.021118,0.022794,180,36,36,30,180,36,36,51,39560,72,72,25836,0.624019,0.019320,1.279979,0.737923
with_repeater,186.0,600.0,1800.0,4000.0,120.0,500.0,1,76,1924,1924,2143,2143,8,8,15,15,13,13,500.000000,930.000000,1600.000000,1,38.578161,0.358720,0.250997,0.263867,0.021105,0.022707,180,36,36,52,180,36,36,99,39560,72,72,25926,1.171039,0.019822,1.279267,1.602417
blackout_only,186.0,600.0,1800.0,4000.0,120.0,500.0,1,77,1924,1924,2143,2143,8,8,15,15,13,13,500.000000,930.000000,1600.000000,1,38.602007,0.358631,0.251063,0.263546,0.021083,0.022748,180,36,36,34,180,36,36,51,39560,72,72,25836,0.622433,0.020312,1.279301,0.739875
with_repeater,186.0,600.0,1800.0,4000.0,120.0,500.0,1,77,1924,1924,2143,2143,8,8,15,15,13,13,500.000000,930.000000,1600.000000,1,38.637288,0.359390,0.250893,0.263977,0.021113,0.022743,180,36,36,62,180,36,36,99,39560,72,72,25926,1.166630,0.020121,1.280952,1.595729
blackout_only,186.0,600.0,1800.0,4000.0,120.0,500.0,1,78,1924,1924,2143,2143,8,8,15,15,13,13,500.000000,930.000000,1600.000000,1,38.649976,0.361878,0.251095,0.263907,0.021087,0.022703,180,36,36,31,180,36,36,51,39560,72,72,25836,0.623799,0.020321,1.279304,0.737772
with_repeater,186.0,600.0,1800.0,4000.0,120.0,500.0,1,78,1924,1924,2143,2143,8,8,15,15,13,13,500.000000,930.000000,1600.000000,1,38.610360,0.359103,0.251211,0.264028,0.021104,0.022706,180,36,36,46,180,36,36,99,39560,72,72,25926,1.167230,0.020119,1.280482,1.604109
blackout_only,186.0,600.0,1800.0,4000.0,120.0,500.0,1,79,1924,1924,2143,2143,8,8,15,15,13,13,500.000000,930.000000,1600.000000,1,38.639889,0.358370,0.251170,0.263584,0.021090,0.022682,180,36,36,27,180,36,36,51,39560,72,72,25836,0.622121,0.020121,1.279948,0.741311
with_repeater,186.0,600.0,1800.0,4000.0,120.0,500.0,1,79,1924,1924,2143,2143,8,8,15,15,13,13,500.000000,930.000000,1600.000000,1,38.565333,0.356865,0.251393,0.264491,0.021058,0.022657,180,36,36,48,180,36,36,99,39560,72,72,25926,1.168364,0.020217,1.280363,1.596601
blackout_only,186.0,600.0,1800.0,4000.0,120.0,500.0,1,80,1924,1924,2143,2143,8,8,15,15,13,13,500.000000,930.000000,1600.000000,1,38.511098,0.354456,0.250622,0.263130,0.021068,0.022623,180,36,36,20,180,36,36,51,39560,72,72,25836,0.622210,0.020216,1.279839,0.739265
with_repeater,186.0,600.0,1800.0,4000.0,120.0,500.0,1,80,1924,1924,2143,2143,8,8,15,15,13,13,500.000000,930.000000,1600.000000,1,38.656495,0.360819,0.250977,0.263676,0.021049,0.022611,180,36,36,44,180,36,36,99,39560,72,72,25926,1.168889,0.019577,1.280776,1.598636
blackout_only,186.0,600.0,1800.0,4000.0,120.0,500.0,1,81,1924,1924,2143,2143,8,8,15,15,13,13,500.000000,930.000000,1600.000000,1,38.570212,0.359241,0.250935,0.264329,0.021054,0.022671,180,36,36,25,180,36,36,51,39560,72,72,25836,0.620770,0.020175,1.280786,0.738402
with_repeater,186.0,600.0,1800.0,4000.0,120.0,500.0,1,81,1924,1924,2143,2143,8,8,15,15,13,13,500.000000,930.000000,1600.000000,1,38.656256,0.362285,0.250904,0.264167,0.021070,0.022603,180,36,36,49,180,36,36,99,39560,72,72,25926,1.164122,0.020122,1.280296,1.597607
blackout_only,186.0,600.0,1800.0,4000.0,120.0,500.0,1,82,1924,1924,2143,2143,8,8,15,15,13,13,500.000000,930.000000,1600.000000,1,38.664889,0.360840,0.251130,0.263893,0.021054,0.022724,180,36,36,30,180,36,36,51,39560,72,72,25836,0.624012,0.020188,1.281236,0.738036
with_repeater,186.0,600.0,1800.0,4000.0,120.0,500.0,1,82,1924,1924,2143,2143,8,8,15,15,13,13,500.000000,930.000000,1600.000000,1,38.654205,0.361540,0.251119,0.264161,0.021031,0.022684,180,36,36,57,180,36,36,99,39560,72,72,25926,1.165905,0.020448,1.279993,1.599414
blackout_only,186.0,600.0,1800.0,4000.0,120.0,500.0,1,83,1924,1924,2143,2143,8,8,15,15,13,13,500.000000,930.000000,1600.000000,1,38.694309,0.360688,0.250760,0.263363,0.021079,0.022653,180,36,36,23,180,36,36,51,39560,72,72,25836,0.623659,0.020056,1.279661,0.738582
with_repeater,186.0,600.0,1800.0,4000.0,120.0,500.0,1,83,1924,1924,2143,2143,8,8,15,15,13,13,500.000000,930.000000,1600.000000,1,38.772372,0.365421,0.250789,0.263611,0.021097,0.022720,180,36,36,55,180,36,36,99,39560,72,72,25926,1.166261,0.019763,1.278514,1.599202
blackout_only,186.0,600.0,1800.0,4000.0,120.0,500.0,1,84,1924,1924,2143,2143,8,8,15,15,13,13,500.000000,930.000000,1600.000000,1,38.575850,0.359173,0.250791,0.263665,0.021060,0.022574,180,36,36,23,180,36,36,51,39560,72,72,25836,0.623945,0.020114,1.279769,0.738341
with_repeater,186.0,600.0,1800.0,4000.0,120.0,500.0,1,84,1924,1924,2143,2143,8,8,15,15,13,13,500.000000,930.000000,1600.000000,1,38.668888,0.358078,0.250884,0.263476,0.021095,0.022694,180,36,36,51,180,36,36,99,39560,72,72,25926,1.165339,0.020297,1.279855,1.601903
blackout_only,186.0,600.0,1800.0,4000.0,120.0,500.0,1,85,1924,1924,2143,2143,8,8,15,15,13,13,500.000000,930.000000,1600.000000,1,38.728999,0.362487,0.251146,0.263818,0.021052,0.022617,180,36,36,29,180,36,36,51,39560,72,72,25836,0.623243,0.020157,1.279914,0.739490
with_repeater,186.0,600.0,1800.0,4000.0,120.0,500.0,1,85,1924,1924,2143,2143,8,8,15,15,13,13,500.000000,930.000000,1600.000000,1,38.733192,0.363325,0.250824,0.263532,0.021064,0.022659,180,36,36,45,180,36,36,99,39560,72,72,25926,1.167957,0.020242,1.280289,1.595247
blackout_only,186.0,600.0,1800.0,4000.0,120.0,500.0,1,86,1923,1923,2143,2143,8,8,15,15,13,13,500.000000,930.000000,1600.000000,1,38.723958,0.364960,0.251561,0.264272,0.021081,0.022672,180,36,36,24,180,36,36,51,39559,72,72,25836,0.621907,0.019695,1.280579,0.738389
with_repeater,186.0,600.0,1800.0,4000.0,120.0,500.0,1,86,1924,1924,2143,2143,8,8,15,15,13,13,500.000000,930.000000,1600.000000,1,38.685688,0.362637,0.251314,0.264123,0.021068,0.022635,180,36,36,52,180,36,36,99,39560,72,72,25926,1.164168,0.020191,1.279865,1.599687
blackout_only,186.0,600.0,1800.0,4000.0,120.0,500.0,1,87,1924,1924,2143,2143,8,8,15,15,13,13,500.000000,930.000000,1600.000000,1,38.643847,0.359947,0.250972,0.264069,0.021057,0.022617,180,36,36,20,180,36,36,51,39560,72,72,25836,0.621616,0.019681,1.279471,0.740730
with_repeater,186.0,600.0,1800.0,4000.0,120.0,500.0,1,87,1924,1924,2143,2143,8,8,15,15,13,13,500.000000,930.000000,1600.000000,1,38.660562,0.359466,0.250951,0.264169,0.021057,0.022624,180,36,36,46,180,36,36,99,39560,72,72,25926,1.169998,0.020175,1.279661,1.607463
blackout_only,186.0,600.0,1800.0,4000.0,120.0,500.0,1,88,1924,1924,2143,2143,8,8,15,15,13,13,500.000000,930.000000,1600.000000,1,38.605957,0.359744,0.251209,0.263600,0.021071,0.022636,180,36,36,33,180,36,36,51,39560,72,72,25836,0.624057,0.019976,1.281095,0.739387
with_repeater,186.0,600.0,1800.0,4000.0,120.0,500.0,1,88,1924,1924,2143,2143,8,8,15,15,13,13,500.000000,930.000000,1600.000000,1,38.542527,0.358364,0.251292,0.263649,0.021056,0.022599,180,36,36,40,180,36,36,99,39560,72,72,25926,1.168641,0.019924,1.281544,1.597379
blackout_only,186.0,600.0,1800.0,4000.0,120.0,500.0,1,89,1924,1924,2143,2143,8,8,15,15,13,13,500.000000,930.000000,1600.000000,1,38.680515,0.361494,0.251108,0.263964,0.021106,0.022686,180,36,36,25,180,36,36,51,39560,72,72,25836,0.621834,0.019911,1.278865,0.737853
with_repeater,186.0,600.0,1800.0,4000.0,120.0,500.0,1,89,1924,1924,2143,2143,8,8,15,15,13,13,500.000000,930.000000,1600.000000,1,38.687007,0.360597,0.250998,0.263616,0.021074,0.022606,180,36,36,49,180,36,36,99,39560,72,72,25926,1.167754,0.020286,1.280082,1.594191
blackout_only,750.0,600.0,300.0,4000.0,120.0,500.0,1,40,3530,3530,3932,3932,32,32,2,2,33,33,1875.000000,3750.000000,3895.000000,1,42.478837,0.358791,0.251207,0.263961,0.021055,0.022667,335,67,66,71,335,67,66,147,72610,134,133,47532,3.655272,0.020207,1.280235,4.646516
with_repeater,750.0,600.0,300.0,4000.0,120.0,500.0,1,40,3530,3530,3932,3932,32,32,2,2,33,33,1875.000000,3750.000000,3895.000000,1,42.537873,0.360806,0.250974,0.263770,0.021067,0.022628,335,67,66,80,335,67,66,162,72610,134,132,47544,3.693664,0.020190,1.279589,4.924708
blackout_only,750.0,600.0,300.0,4000.0,120.0,500.0,1,41,3530,3530,3932,3932,32,32,2,2,33,33,1875.000000,3750.000000,3895.000000,1,42.676314,0.360785,0.251164,0.263776,0.021053,0.022627,335,67,66,78,335,67,66,147,72610,134,132,47532,3.656080,0.020061,1.280032,4.648945
with_repeater,750.0,600.0,300.0,4000.0,120.0,500.0,1,41,3530,3530,3932,3932,32,32,2,2,33,33,1875.000000,3750.000000,3895.000000,1,42.672876,0.360443,0.251242,0.263482,0.021065,0.022649,335,67,66,84,335,67,66,162,72610,134,132,47544,3.694518,0.019919,1.280192,4.926396
blackout_only,750.0,600.0,300.0,4000.0,120.0,500.0,1,42,3530,3530,3932,3932,32,32,2,2,33,33,1875.000000,3750.000000,3895.000000,1,42.647775,0.359775,0.250908,0.263614,0.021049,0.022669,335,67,66,75,335,67,66,147,72610,134,132,47532,3.654019,0.020170,1.279116,4.648756
with_repeater,750.0,600.0,300.0,4000.0,120.0,500.0,1,42,3530,3530,3932,3932,32,32,2,2,33,33,1875.000000,3750.000000,3895.000000,1,42.662402,0.361766,0.250909,0.263929,0.021053,0.022636,335,67,66,75,335,67,66,162,72610,134,132,47544,3.693808,0.020205,1.278133,4.925848
blackout_only,750.0,600.0,300.0,4000.0,120.0,500.0,1,43,3530,3530,3932,3932,32,32,2,2,33,33,1875.000000,3750.000000,3895.000000,1,42.728447,0.361836,0.251219,0.264048,0.021060,0.022686,335,67,66,73,335,67,66,147,72610,134,132,47532,3.653919,0.019996,1.279457,4.647531
with_repeater,750.0,600.0,300.0,4000.0,120.0,500.0,1,43,3530,3530,3932,3932,32,32,2,2,33,33,1875.000000,3750.000000,3895.000000,1,42.689366,0.362906,0.250979,0.263776,0.021049,0.022681,335,67,66,84,335,67,66,162,72610,134,132,47544,3.692760,0.019910,1.280313,4.924341
blackout_only,750.0,600.0,300.0,4000.0,120.0,500.0,1,44,3530,3530,3932,3932,32,32,2,2,33,33,1875.000000,3750.000000,3895.000000,1,42.697232,0.362294,0.251252,0.263781,0.021079,0.022684,335,67,66,83,335,67,66,147,72610,134,132,47532,3.654259,0.019740,1.280586,4.646831
with_repeater,750.0,600.0,300.0,4000.0,120.0,500.0,1,44,3529,3529,3931,3931,32,32,2,2,33,33,1875.000000,3750.000000,3895.000000,1,42.702085,0.361746,0.251281,0.264050,0.021113,0.022697,335,67,66,83,335,67,66,162,72608,134,132,47536,3.694480,0.019769,1.280965,4.924804
blackout_only,750.0,600.0,300.0,4000.0,120.0,500.0,1,45,3530,3530,3932,3932,32,32,2,2,33,33,1875.000000,3750.000000,3895.000000,1,42.584362,0.360039,0.251204,0.263700,0.021080,0.022637,335,67,66,82,335,67,66,147,72610,134,132,47532,3.653537,0.019949,1.279429,4.648867
with_repeater,750.0,600.0,300.0,4000.0,120.0,500.0,1,45,3530,3530,3932,3932,32,32,2,2,33,33,1875.000000,3750.000000,3895.000000,1,42.616865,0.361609,0.251061,0.263425,0.021071,0.022594,335,67,66,82,335,67,66,162,72610,134,132,47544,3.692592,0.019973,1.279678,4.927706
blackout_only,750.0,600.0,300.0,4000.0,120.0,500.0,1,46,3530,3530,3932,3932,32,32,2,2,33,33,1875.000000,3750.000000,3895.000000,1,42.691754,0.361067,0.251043,0.263945,0.021062,0.022678,335,67,66,82,335,67,66,147,72610,134,132,47532,3.655006,0.019842,1.279092,4.649201
with_repeater,750.0,600.0,300.0,4000.0,120.0,500.0,1,46,3530,3530,3932,3932,32,32,2,2,33,33,1875.000000,3750.000000,3895.000000,1,42.695868,0.362663,0.250814,0.263791,0.021066,0.022660,335,67,66,88,335,67,66,162,72610,134,132,47544,3.695401,0.020078,1.279923,4.926321
blackout_only,750.0,600.0,300.0,4000.0,120.0,500.0,1,47,3530,3530,3932,3932,32,32,2,2,33,33,1875.000000,3750.000000,3895.000000,1,42.602220,0.359774,0.251082,0.263781,0.021078,0.022655,335,67,66,79,335,67,66,147,72610,134,132,47532,3.653616,0.019954,1.280350,4.648820
with_repeater,750.0,600.0,300.0,4000.0,120.0,500.0,1,47,3530,3530,3932,3932,32,32,2,2,33,33,1875.000000,3750.000000,3895.000000,1,42.641383,0.360003,0.250948,0.263513,0.021065,0.022634,335,67,66,87,335,67,66,162,72610,134,132,47544,3.693937,0.020081,1.280901,4.924174
blackout_only,750.0,600.0,300.0,4000.0,120.0,500.0,1,48,3530,3530,3932,3932,32,32,2,2,33,33,1875.000000,3750.000000,3895.000000,1,42.598782,0.360074,0.251023,0.263742,0.021069,0.022645,335,67,66,73,335,67,66,147,72610,134,132,47532,3.653262,0.019905,1.279969,4.646572
with_repeater,750.0,600.0,300.0,4000.0,120.0,500.0,1,48,3530,3530,3932,3932,32,32,2,2,33,33,1875.000000,3750.000000,3895.000000,1,42.634658,0.361560,0.250895,0.263372,0.021082,0.022656,335,67,66,81,335,67,66,162,72610,134,132,47544,3.692508,0.019461,1.280536,4.926059
blackout_only,750.0,600.0,300.0,4000.0,120.0,500.0,1,49,3530,3530,3932,3932,32,32,2,2,33,33,1875.000000,3750.000000,3895.000000,1,42.710690,0.363558,0.250951,0.263527,0.021075,0.022670,335,67,66,82,335,67,66,147,72610,134,132,47532,3.653633,0.019770,1.279277,4.649504
with_repeater,750.0,600.0,300.0,4000.0,120.0,500.0,1,49,3530,3530,3932,3932,32,32,2,2,33,33,1875.000000,3750.000000,3895.000000,1,42.688306,0.363458,0.250897,0.263502,0.021078,0.022682,335,67,66,85,335,67,66,162,72610,134,132,47544,3.694134,0.019881,1.278652,4.924944
blackout_only,750.0,600.0,300.0,4000.0,120.0,500.0,1,50,3530,3530,3932,3932,32,32,2,2,33,33,1875.000000,3750.000000,3895.000000,1,42.657899,0.362476,0.251184,0.263680,0.021077,0.022681,335,67,66,78,335,67,66,147,72610,134,132,47532,3.654122,0.020165,1.279784,4.647172
with_repeater,750.0,600.0,300.0,4000.0,120.0,500.0,1,50,3530,3530,3932,3932,32,32,2,2,33,33,1875.000000,3750.000000,3895.000000,1,42.658432,0.361386,0.251052,0.263611,0.021080,0.022696,335,67,66,92,335,67,66,162,72610,134,132,47544,3.694075,0.020288,1.280553,4.925238
blackout_only,750.0,600.0,300.0,4000.0,120.0,500.0,1,51,3530,3530,3932,3932,32,32,2,2,33,33,1875.000000,3750.000000,3895.000000,1,42.683048,0.360831,0.251206,0.263899,0.021077,0.022689,335,67,66,73,335,67,66,147,72610,134,132,47532,3.654136,0.019989,1.279401,4.647119
with_repeater,750.0,600.0,300.0,4000.0,120.0,500.0,1,51,3530,3530,3932,3932,32,32,2,2,33,33,1875.000000,3750.000000,3895.000000,1,42.674563,0.361280,0.251207,0.263785,0.021082,0.022654,335,67,66,86,335,67,66,162,72610,134,132,47544,3.694290,0.019725,1.279582,4.925728
blackout_only,750.0,600.0,300.0,4000.0,120.0,500.0,1,52,3530,3530,3932,3932,32,32,2,2,33,33,1875.000000,3750.000000,3895.000000,1,42.783403,0.364419,0.250956,0.263596,0.021093,0.022655,335,67,66,75,335,67,66,147,72610,134,132,47532,3.653238,0.020340,1.280391,4.650139
with_repeater,750.0,600.0,300.0,4000.0,120.0,500.0,1,52,3530,3530,3932,3932,32,32,2,2,33,33,1875.000000,3750.000000,3895.000000,1,42.764038,0.364304,0.251180,0.263834,0.021087,0.022660,335,67,66,98,335,67,66,162,72610,134,132,47544,3.693429,0.020002,1.280362,4.925117
blackout_only,750.0,600.0,300.0,4000.0,120.0,500.0,1,53,3530,3530,3932,3932,32,32,2,2,33,33,1875.000000,3750.000000,3895.000000,1,42.542783,0.359424,0.251037,0.263706,0.021077,0.022635,335,67,66,70,335,67,66,147,72610,134,132,47532,3.654431,0.019762,1.279652,4.648288
with_repeater,750.0,600.0,300.0,4000.0,120.0,500.0,1,53,3530,3530,3932,3932,32,32,2,2,33,33,1875.000000,3750.000000,3895.000000,1,42.554902,0.359596,0.250896,0.263684,0.021078,0.022623,335,67,66,81,335,67,66,162,72610,134,133,47544,3.692018,0.019990,1.279437,4.924633
blackout_only,750.0,600.0,300.0,4000.0,120.0,500.0,1,54,3530,3530,3932,3932,32,32,2,2,33,33,1875.000000,3750.000000,3895.000000,1,42.621449,0.360336,0.250854,0.263668,0.021060,0.022707,335,67,66,85,335,67,66,147,72610,134,132,47532,3.655444,0.019478,1.278946,4.648381
with_repeater,750.0,600.0,300.0,4000.0,120.0,500.0,1,54,3530,3530,3932,3932,32,32,2,2,33,33,1875.000000,3750.000000,3895.000000,1,42.630841,0.360439,0.250783,0.263377,0.021054,0.022690,335,67,66,91,335,67,66,162,72610,134,132,47544,3.693526,0.019882,1.279378,4.928041
blackout_only,750.0,600.0,300.0,4000.0,120.0,500.0,1,55,3530,3530,3932,3932,32,32,2,2,33,33,1875.000000,3750.000000,3895.000000,1,42.660826,0.362704,0.250982,0.263919,0.021085,0.022639,335,67,66,70,335,67,66,147,72610,134,132,47532,3.654814,0.020127,1.280379,4.647451
with_repeater,750.0,600.0,300.0,4000.0,120.0,500.0,1,55,3530,3530,3932,3932,32,32,2,2,33,33,1875.000000,3750.000000,3895.000000,1,42.643026,0.362655,0.250947,0.263805,0.021082,0.022645,335,67,66,82,335,67,66,162,72610,134,132,47544,3.694031,0.019587,1.279880,4.925751
blackout_only,750.0,600.0,300.0,4000.0,120.0,500.0,1,56,3530,3530,3932,3932,32,32,2,2,33,33,1875.000000,3750.000000,3895.000000,1,42.679258,0.360787,0.250989,0.263545,0.021060,0.022656,335,67,66,77,335,67,66,147,72610,134,132,47532,3.653705,0.019699,1.280000,4.649930
with_repeater,750.0,600.0,300.0,4000.0,120.0,500.0,1,56,3530,3530,3932,3932,32,32,2,2,33,33,1875.000000,3750.000000,3895.000000,1,42.700257,0.359613,0.251269,0.264013,0.021086,0.022681,335,67,66,85,335,67,66,162,72610,134,132,47544,3.692271,0.019866,1.280015,4.928752
blackout_only,750.0,600.0,300.0,4000.0,120.0,500.0,1,57,3530,3530,3932,3932,32,32,2,2,33,33,1875.000000,3750.000000,3895.000000,1,42.591979,0.360518,0.250914,0.263874,0.021079,0.022606,335,67,66,59,335,67,66,147,72610,134,132,47532,3.654277,0.019666,1.279938,4.647760
with_repeater,750.0,600.0,300.0,4000.0,120.0,500.0,1,57,3530,3530,3932,3932,32,32,2,2,33,33,1875.000000,3750.000000,3895.000000,1,42.622323,0.362253,0.250803,0.263447,0.021075,0.022603,335,67,66,74,335,67,66,162,72610,134,132,47544,3.692653,0.019720,1.280190,4.925337
blackout_only,750.0,600.0,300.0,4000.0,120.0,500.0,1,58,3529,3529,3932,3932,32,32,2,2,33,33,1875.000000,3750.000000,3895.000000,1,42.659323,0.363169,0.251294,0.263857,0.021087,0.022702,335,67,66,76,335,67,66,147,72606,134,132,47532,3.654890,0.020254,1.279651,4.647487
with_repeater,750.0,600.0,300.0,4000.0,120.0,500.0,1,58,3530,3530,3932,3932,32,32,2,2,33,33,1875.000000,3750.000000,3895.000000,1,42.687882,0.362253,0.251142,0.263998,0.021074,0.022702,335,67,66,75,335,67,66,162,72610,134,132,47544,3.693089,0.019908,1.279314,4.924335
blackout_only,750.0,600.0,300.0,4000.0,120.0,500.0,1,59,3530,3530,3932,3932,32,32,2,2,33,33,1875.000000,3750.000000,3895.000000,1,42.680860,0.360212,0.250928,0.263665,0.021073,0.022639,335,67,66,69,335,67,66,147,72610,134,132,47532,3.652921,0.019885,1.280229,4.648447
with_repeater,750.0,600.0,300.0,4000.0,120.0,500.0,1,59,3530,3530,3932,3932,32,32,2,2,33,33,1875.000000,3750.000000,3895.000000,1,42.697986,0.360998,0.250863,0.263513,0.021079,0.022646,335,67,66,73,335,67,66,162,72610,134,132,47544,3.693218,0.019667,1.280567,4.924643
blackout_only,750.0,600.0,300.0,4000.0,120.0,500.0,1,60,3530,3530,3932,3932,32,32,2,2,33,33,1875.000000,3750.000000,3895.000000,1,42.781758,0.362922,0.250988,0.263771,0.021048,0.022614,335,67,66,82,335,67,66,147,72610,134,132,47532,3.654122,0.020028,1.280556,4.648578
with_repeater,750.0,600.0,300.0,4000.0,120.0,500.0,1,60,3530,3530,3932,3932,32,32,2,2,33,33,1875.000000,3750.000000,3895.000000,1,42.740385,0.364247,0.251167,0.263807,0.021049,0.022656,335,67,66,75,335,67,66,162,72610,134,132,47544,3.692450,0.019703,1.279862,4.927789
blackout_only,750.0,600.0,300.0,4000.0,120.0,500.0,1,61,3530,3530,3932,3932,32,32,2,2,33,33,1875.000000,3750.000000,3895.000000,1,42.720228,0.362860,0.250911,0.263695,0.021039,0.022584,335,67,66,72,335,67,66,147,72610,134,132,47532,3.654250,0.020135,1.280155,4.649026
with_repeater,750.0,600.0,300.0,4000.0,120.0,500.0,1,61,3530,3530,3932,3932,32,32,2,2,33,33,1875.000000,3750.000000,3895.000000,1,42.716016,0.362628,0.251147,0.263688,0.021057,0.022638,335,67,66,85,335,67,66,162,72610,134,132,47544,3.693752,0.020198,1.279794,4.924436
blackout_only,750.0,600.0,300.0,4000.0,120.0,500.0,1,62,3530,3530,3932,3932,32,32,2,2,33,33,1875.000000,3750.000000,3895.000000,1,42.672955,0.362201,0.251090,0.263907,0.021082,0.022606,335,67,66,79,335,67,66,147,72610,134,132,47532,3.654560,0.019775,1.280513,4.647401
with_repeater,750.0,600.0,300.0,4000.0,120.0,500.0,1,62,3530,3530,3932,3932,32,32,2,2,33,33,1875.000000,3750.000000,3895.000000,1,42.655638,0.362690,0.251060,0.263943,0.021081,0.022664,335,67,66,87,335,67,66,162,72610,134,132,47544,3.694474,0.019942,1.280643,4.923713
blackout_only,750.0,600.0,300.0,4000.0,120.0,500.0,1,63,3530,3530,3932,3932,32,32,2,2,33,33,1875.000000,3750.000000,3895.000000,1,42.622252,0.362840,0.250926,0.263927,0.021055,0.022627,335,67,66,78,335,67,66,147,72610,134,132,47532,3.654545,0.019810,1.279646,4.647804
with_repeater,750.0,600.0,300.0,4000.0,120.0,500.0,1,63,3530,3530,3932,3932,32,32,2,2,33,33,1875.000000,3750.000000,3895.000000,1,42.622877,0.359661,0.250899,0.263780,0.021040,0.022617,335,67,66,82,335,67,66,162,72610,134,132,47544,3.694056,0.019799,1.279341,4.926595
blackout_only,750.0,600.0,300.0,4000.0,120.0,500.0,1,64,3530,3530,3932,3932,32,32,2,2,33,33,1875.000000,3750.000000,3895.000000,1,42.557290,0.359428,0.251050,0.263509,0.021075,0.022665,335,67,66,78,335,67,66,147,72610,134,132,47532,3.655422,0.019790,1.280237,4.648802
with_repeater,750.0,600.0,300.0,4000.0,120.0,500.0,1,64,3530,3530,3932,3932,32,32,2,2,33,33,1875.000000,3750.000000,3895.000000,1,42.602753,0.359217,0.251099,0.263346,0.021084,0.022660,335,67,66,83,335,67,66,162,72610,134,133,47544,3.692935,0.019893,1.280599,4.926151
blackout_only,750.0,600.0,300.0,4000.0,120.0,500.0,1,65,3530,3530,3932,3932,32,32,2,2,33,33,1875.000000,3750.000000,3895.000000,1,42.658966,0.362820,0.250925,0.263439,0.021092,0.022652,335,67,66,74,335,67,66,147,72610,134,132,47532,3.655221,0.020646,1.280320,4.645338
with_repeater,750.0,600.0,300.0,4000.0,120.0,500.0,1,65,3530,3530,3932,3932,32,32,2,2,33,33,1875.000000,3750.000000,3895.000000,1,42.636469,0.362125,0.251150,0.264357,0.021075,0.022646,335,67,66,84,335,67,66,162,72610,134,132,47544,3.693928,0.019997,1.280048,4.923595
blackout_only,750.0,600.0,300.0,4000.0,120.0,500.0,1,66,3530,3530,3932,3932,32,32,2,2,33,33,1875.000000,3750.000000,3895.000000,1,42.626627,0.360245,0.250958,0.263726,0.021062,0.022646,335,67,66,79,335,67,66,147,72610,134,132,47532,3.655329,0.019876,1.279483,4.646066
with_repeater,750.0,600.0,300.0,4000.0,120.0,500.0,1,66,3530,3530,3932,3932,32,32,2,2,33,33,1875.000000,3750.000000,3895.000000,1,42.630636,0.360091,0.250980,0.263484,0.021066,0.022687,335,67,66,87,335,67,66,162,72610,134,132,47544,3.695136,0.020022,1.280128,4.924814
blackout_only,750.0,600.0,300.0,4000.0,120.0,500.0,1,67,3530,3530,3932,3932,32,32,2,2,33,33,1875.000000,3750.000000,3895.000000,1,42.602003,0.360549,0.250859,0.263637,0.021086,0.022722,335,67,66,75,335,67,66,147,72610,134,132,47532,3.655542,0.019656,1.279399,4.646075
with_repeater,750.0,600.0,300.0,4000.0,120.0,500.0,1,67,3530,3530,3932,3932,32,32,2,2,33,33,1875.000000,3750.000000,3895.000000,1,42.603280,0.362398,0.250911,0.263324,0.021082,0.022711,335,67,66,87,335,67,66,162,72610,134,132,47544,3.693319,0.019521,1.279775,4.924954
blackout_only,750.0,600.0,300.0,4000.0,120.0,500.0,1,68,3530,3530,3932,3932,32,32,2,2,33,33,1875.000000,3750.000000,3895.000000,1,42.705334,0.362311,0.251017,0.263859,0.021076,0.022663,335,67,66,78,335,67,66,147,72610,134,132,47532,3.653634,0.020296,1.280753,4.648378
with_repeater,750.0,600.0,300.0,4000.0,120.0,500.0,1,68,3530,3530,3932,3932,32,32,2,2,33,33,1875.000000,3750.000000,3895.000000,1,42.765148,0.362065,0.251015,0.263685,0.021068,0.022688,335,67,66,82,335,67,66,162,72610,134,132,47544,3.692767,0.020012,1.280759,4.926279
blackout_only,750.0,600.0,300.0,4000.0,120.0,500.0,1,69,3530,3530,3932,3932,32,32,2,2,33,33,1875.000000,3750.000000,3895.000000,1,42.597827,0.360100,0.250840,0.263220,0.021061,0.022663,335,67,66,70,335,67,66,147,72610,134,132,47532,3.653838,0.020321,1.280342,4.647043
with_repeater,750.0,600.0,300.0,4000.0,120.0,500.0,1,69,3530,3530,3932,3932,32,32,2,2,33,33,1875.000000,3750.000000,3895.000000,1,42.579300,0.360012,0.250917,0.263335,0.021061,0.022666,335,67,66,79,335,67,66,162,72610,134,132,47544,3.694296,0.020218,1.279977,4.924604
blackout_only,750.0,600.0,300.0,4000.0,120.0,500.0,1,70,3530,3530,3932,3932,32,32,2,2,33,33,1875.000000,3750.000000,3895.000000,1,42.610610,0.363189,0.250655,0.263835,0.021057,0.022697,335,67,66,84,335,67,66,147,72626,134,132,47532,3.655041,0.020459,1.280302,4.646673
with_repeater,750.0,600.0,300.0,4000.0,120.0,500.0,1,70,3530,3530,3932,3932,32,32,2,2,33,33,1875.000000,3750.000000,3895.000000,1,42.605857,0.361958,0.250754,0.263410,0.021054,0.022654,335,67,66,93,335,67,66,162,72610,134,132,47544,3.694262,0.019888,1.280526,4.923219
blackout_only,750.0,600.0,300.0,4000.0,120.0,500.0,1,71,3530,3530,3932,3932,32,32,2,2,33,33,1875.000000,3750.000000,3895.000000,1,42.672506,0.361442,0.250802,0.263780,0.021054,0.022608,335,67,66,90,335,67,66,147,72610,134,132,47532,3.653600,0.020209,1.279686,4.647633
with_repeater,750.0,600.0,300.0,4000.0,120.0,500.0,1,71,3530,3530,3932,3932,32,32,2,2,33,33,1875.000000,3750.000000,3895.000000,1,42.696747,0.362014,0.250855,0.263554,0.021058,0.022662,335,67,66,91,335,67,66,162,72610,134,132,47544,3.692816,0.020398,1.279708,4.923308
blackout_only,750.0,600.0,300.0,4000.0,120.0,500.0,1,72,3530,3530,3932,3932,32,32,2,2,33,33,1875.000000,3750.000000,3895.000000,1,42.602845,0.360616,0.250971,0.264156,0.021084,0.022704,335,67,66,72,335,67,66,147,72610,134,132,47532,3.653877,0.019982,1.280787,4.648606
with_repeater,750.0,600.0,300.0,4000.0,120.0,500.0,1,72,3530,3530,3932,3932,32,32,2,2,33,33,1875.000000,3750.000000,3895.000000,1,42.579219,0.359741,0.251166,0.264152,0.021054,0.022658,335,67,66,83,335,67,66,162,72610,134,132,47544,3.693282,0.019722,1.280691,4.925281
blackout_only,750.0,600.0,300.0,4000.0,120.0,500.0,1,73,3530,3530,3932,3932,32,32,2,2,33,33,1875.000000,3750.000000,3895.000000,1,42.564058,0.359129,0.250958,0.264166,0.021078,0.022701,335,67,66,74,335,67,66,147,72610,134,133,47532,3.655654,0.019951,1.279477,4.647509
with_repeater,750.0,600.0,300.0,4000.0,120.0,500.0,1,73,3530,3530,3932,3932,32,32,2,2,33,33,1875.000000,3750.000000,3895.000000,1,42.534250,0.359380,0.250653,0.263888,0.021081,0.022692,335,67,66,74,335,67,66,162,72626,134,132,47544,3.693046,0.019933,1.279636,4.925296
blackout_only,750.0,600.0,300.0,4000.0,120.0,500.0,1,74,3530,3530,3932,3932,32,32,2,2,33,33,1875.000000,3750.000000,3895.000000,1,42.656888,0.361378,0.250859,0.263592,0.021052,0.022634,335,67,66,82,335,67,66,147,72610,134,132,47532,3.654342,0.019749,1.279744,4.647064
with_repeater,750.0,600.0,300.0,4000.0,120.0,500.0,1,74,3530,3530,3932,3932,32,32,2,2,33,33,1875.000000,3750.000000,3895.000000,1,42.648004,0.360189,0.250938,0.263480,0.021056,0.022647,335,67,66,94,335,67,66,162,72610,134,132,47544,3.693841,0.019588,1.280347,4.923331
blackout_only,750.0,600.0,300.0,4000.0,120.0,500.0,1,75,3530,3530,3932,3932,32,32,2,2,33,33,1875.000000,3750.000000,3895.000000,1,42.582543,0.360744,0.251121,0.264136,0.021038,0.022625,335,67,66,68,335,67,66,147,72610,134,132,47532,3.653998,0.019830,1.279982,4.649651
with_repeater,750.0,600.0,300.0,4000.0,120.0,500.0,1,75,3530,3530,3932,3932,32,32,2,2,33,33,1875.000000,3750.000000,3895.000000,1,42.529404,0.358800,0.250944,0.263495,0.021073,0.022673,335,67,66,80,335,67,66,162,72610,134,133,47544,3.692192,0.019824,1.280178,4.924462
blackout_only,750.0,600.0,300.0,4000.0,120.0,500.0,1,76,3530,3530,3932,3932,32,32,2,2,33,33,1875.000000,3750.000000,3895.000000,1,42.564378,0.361045,0.251075,0.263810,0.021093,0.022678,335,67,66,62,335,67,66,147,72610,134,132,47532,3.654928,0.019955,1.280087,4.647330
with_repeater,750.0,600.0,300.0,4000.0,120.0,500.0,1,76,3530,3530,3932,3932,32,32,2,2,33,33,1875.000000,3750.000000,3895.000000,1,42.561072,0.359991,0.251180,0.264018,0.021080,0.022684,335,67,66,70,335,67,66,162,72610,134,132,47544,3.694385,0.020006,1.279919,4.924948
blackout_only,750.0,600.0,300.0,4000.0,120.0,500.0,1,77,3530,3530,3932,3932,32,32,2,2,33,33,1875.000000,3750.000000,3895.000000,1,42.583489,0.360896,0.250963,0.263601,0.021080,0.022709,335,67,66,90,335,67,66,147,72610,134,132,47532,3.655708,0.020287,1.280369,4.646924
with_repeater,750.0,600.0,300.0,4000.0,120.0,500.0,1,77,3530,3530,3932,3932,32,32,2,2,33,33,1875.000000,3750.000000,3895.000000,1,42.567855,0.360243,0.251073,0.263702,0.021083,0.022727,335,67,66,79,335,67,66,162,72610,134,132,47544,3.694807,0.020415,1.280846,4.923887
blackout_only,750.0,600.0,300.0,4000.0,120.0,500.0,1,78,3530,3530,3932,3932,32,32,2,2,33,33,1875.000000,3750.000000,3895.000000,1,42.513153,0.359180,0.251003,0.263416,0.021070,0.022694,335,67,66,85,335,67,66,147,72610,134,133,47532,3.654634,0.020081,1.280410,4.647909
with_repeater,750.0,600.0,300.0,4000.0,120.0,500.0,1,78,3530,3530,3932,3932,32,32,2,2,33,33,1875.000000,3750.000000,3895.000000,1,42.480773,0.357624,0.251186,0.263859,0.021069,0.022655,335,67,66,87,335,67,66,162,72610,134,133,47544,3.693263,0.020277,1.280300,4.925918
blackout_only,750.0,600.0,300.0,4000.0,120.0,500.0,1,79,3530,3530,3932,3932,32,32,2,2,33,33,1875.000000,3750.000000,3895.000000,1,42.693266,0.361486,0.251121,0.263556,0.021070,0.022639,335,67,66,79,335,67,66,147,72610,134,132,47532,3.656289,0.019649,1.280316,4.649027
with_repeater,750.0,600.0,300.0,4000.0,120.0,500.0,1,79,3529,3529,3932,3932,32,32,2,2,33,33,1875.000000,3750.000000,3895.000000,1,42.698373,0.360581,0.251328,0.263913,0.021074,0.022651,335,67,66,91,335,67,66,162,72598,134,132,47544,3.696719,0.019626,1.280108,4.924441
blackout_only,750.0,600.0,300.0,4000.0,120.0,500.0,1,80,3530,3530,3932,3932,32,32,2,2,33,33,1875.000000,3750.000000,3895.000000,1,42.572793,0.358750,0.250864,0.263561,0.021070,0.022639,335,67,66,75,335,67,66,147,72610,134,133,47532,3.652722,0.020302,1.280657,4.647084
with_repeater,750.0,600.0,300.0,4000.0,120.0,500.0,1,80,3530,3530,3932,3932,32,32,2,2,33,33,1875.000000,3750.000000,3895.000000,1,42.583771,0.360036,0.250858,0.263612,0.021071,0.022665,335,67,66,78,335,67,66,162,72610,134,132,47544,3.692807,0.020378,1.280175,4.926037
blackout_only,750.0,600.0,300.0,4000.0,120.0,500.0,1,81,3530,3530,3932,3932,32,32,2,2,33,33,1875.000000,3750.000000,3895.000000,1,42.574860,0.361583,0.251098,0.263560,0.021095,0.022654,335,67,66,76,335,67,66,147,72610,134,132,47532,3.653615,0.019647,1.280891,4.647033
with_repeater,750.0,600.0,300.0,4000.0,120.0,500.0,1,81,3530,3530,3932,3932,32,32,2,2,33,33,1875.000000,3750.000000,3895.000000,1,42.567224,0.362294,0.251111,0.263740,0.021077,0.022647,335,67,66,75,335,67,66,162,72610,134,132,47544,3.692545,0.019710,1.280805,4.925073
blackout_only,750.0,600.0,300.0,4000.0,120.0,500.0,1,82,3530,3530,3932,3932,32,32,2,2,33,33,1875.000000,3750.000000,3895.000000,1,42.621679,0.359685,0.251088,0.263876,0.021048,0.022651,335,67,66,74,335,67,66,147,72610,134,132,47532,3.653988,0.020042,1.279955,4.648014
with_repeater,750.0,600.0,300.0,4000.0,120.0,500.0,1,82,3530,3530,3932,3932,32,32,2,2,33,33,1875.000000,3750.000000,3895.000000,1,42.628942,0.360920,0.251014,0.263876,0.021064,0.022651,335,67,66,92,335,67,66,162,72610,134,132,47544,3.692248,0.020367,1.280006,4.927260
blackout_only,750.0,600.0,300.0,4000.0,120.0,500.0,1,83,3530,3530,3932,3932,32,32,2,2,33,33,1875.000000,3750.000000,3895.000000,1,42.625053,0.359206,0.250966,0.263393,0.021073,0.022629,335,67,66,89,335,67,66,147,72610,134,133,47532,3.656119,0.020114,1.279836,4.647406
with_repeater,750.0,600.0,300.0,4000.0,120.0,500.0,1,83,3530,3530,3932,3932,32,32,2,2,33,33,1875.000000,3750.000000,3895.000000,1,42.647047,0.362273,0.251104,0.263717,0.021070,0.022616,335,67,66,95,335,67,66,162,72610,134,132,47544,3.693875,0.020425,1.279665,4.924089
blackout_only,750.0,600.0,300.0,4000.0,120.0,500.0,1,84,3530,3530,3932,3932,32,32,2,2,33,33,1875.000000,3750.000000,3895.000000,1,42.723084,0.362114,0.250912,0.263311,0.021046,0.022663,335,67,66,81,335,67,66,147,72610,134,132,47532,3.654851,0.019693,1.280316,4.645955
with_repeater,750.0,600.0,300.0,4000.0,120.0,500.0,1,84,3530,3530,3932,3932,32,32,2,2,33,33,1875.000000,3750.000000,3895.000000,1,42.725676,0.362875,0.251032,0.263378,0.021044,0.022661,335,67,66,84,335,67,66,162,72610,134,132,47544,3.692777,0.019967,1.280915,4.921437
blackout_only,750.0,600.0,300.0,4000.0,120.0,500.0,1,85,3530,3530,3932,3932,32,32,2,2,33,33,1875.000000,3750.000000,3895.000000,1,42.605407,0.360413,0.251033,0.263907,0.021063,0.022655,335,67,66,82,335,67,66,147,72610,134,132,47532,3.654021,0.019724,1.280073,4.648258
with_repeater,750.0,600.0,300.0,4000.0,120.0,500.0,1,85,3530,3530,3932,3932,32,32,2,2,33,33,1875.000000,3750.000000,3895.000000,1,42.603086,0.359069,0.250854,0.263832,0.021081,0.022652,335,67,66,98,335,67,66,162,72610,134,133,47544,3.691434,0.019623,1.280323,4.924495
blackout_only,750.0,600.0,300.0,4000.0,120.0,500.0,1,86,3530,3530,3932,3932,32,32,2,2,33,33,1875.000000,3750.000000,3895.000000,1,42.649191,0.360800,0.251235,0.264209,0.021079,0.022670,335,67,66,64,335,67,66,147,72610,134,132,47532,3.653710,0.020519,1.279155,4.646282
with_repeater,750.0,600.0,300.0,4000.0,120.0,500.0,1,86,3530,3530,3932,3932,32,32,2,2,33,33,1875.000000,3750.000000,3895.000000,1,42.636691,0.361813,0.251230,0.263918,0.021077,0.022649,335,67,66,74,335,67,66,162,72610,134,132,47544,3.692620,0.019958,1.279690,4.923785
blackout_only,750.0,600.0,300.0,4000.0,120.0,500.0,1,87,3530,3530,3932,3932,32,32,2,2,33,33,1875.000000,3750.000000,3895.000000,1,42.601047,0.359807,0.251008,0.263749,0.021052,0.022646,335,67,66,69,335,67,66,147,72610,134,132,47532,3.654318,0.020166,1.279915,4.648350
with_repeater,750.0,600.0,300.0,4000.0,120.0,500.0,1,87,3530,3530,3932,3932,32,32,2,2,33,33,1875.000000,3750.000000,3895.000000,1,42.608932,0.361040,0.251000,0.263786,0.021075,0.022645,335,67,66,84,335,67,66,162,72610,134,132,47544,3.693307,0.020327,1.280057,4.926283
blackout_only,750.0,600.0,300.0,4000.0,120.0,500.0,1,88,3530,3530,3932,3932,32,32,2,2,33,33,1875.000000,3750.000000,3895.000000,1,42.549481,0.358993,0.250948,0.263799,0.021050,0.022551,335,67,66,73,335,67,66,147,72610,134,133,47532,3.654502,0.019799,1.279569,4.648277
with_repeater,750.0,600.0,300.0,4000.0,120.0,500.0,1,88,3530,3530,3932,3932,32,32,2,2,33,33,1875.000000,3750.000000,3895.000000,1,42.600052,0.362288,0.251039,0.263497,0.021045,0.022588,335,67,66,95,335,67,66,162,72610,134,132,47544,3.692231,0.020157,1.280673,4.926292
blackout_only,750.0,600.0,300.0,4000.0,120.0,500.0,1,89,3530,3530,3932,3932,32,32,2,2,33,33,1875.000000,3750.000000,3895.000000,1,42.581278,0.360702,0.250839,0.263759,0.021077,0.022641,335,67,66,81,335,67,66,147,72610,134,132,47532,3.654518,0.019711,1.279978,4.648091
with_repeater,750.0,600.0,300.0,4000.0,120.0,500.0,1,89,3530,3530,3932,3932,32,32,2,2,33,33,1875.000000,3750.000000,3895.000000,1,42.553605,0.360267,0.251053,0.263738,0.021075,0.022625,335,67,66,89,335,67,66,162,72610,134,132,47544,3.693528,0.019867,1.279605,4.926277
blackout_only,750.0,600.0,900.0,4000.0,120.0,500.0,1,40,3797,3797,4228,4228,32,32,7,7,32,32,1875.000000,3750.000000,3895.000000,1,44.323433,0.359087,0.250970,0.263961,0.021065,0.022691,355,71,71,72,355,71,71,135,78070,142,142,51084,3.403207,0.020195,1.280201,3.972934
with_repeater,750.0,600.0,900.0,4000.0,120.0,500.0,1,40,3797,3797,4228,4228,32,32,7,7,32,32,1875.000000,3750.000000,3895.000000,1,44.348159,0.358464,0.250917,0.263663,0.021068,0.022641,355,71,71,88,355,71,71,177,78070,142,142,51126,3.531471,0.020539,1.279683,4.482663
blackout_only,750.0,600.0,900.0,4000.0,120.0,500.0,1,41,3796,3796,4228,4228,32,32,7,7,32,32,1875.000000,3750.000000,3895.000000,1,44.491259,0.363375,0.251093,0.263616,0.021050,0.022662,355,71,71,71,355,71,71,135,78050,142,142,51087,3.405189,0.020424,1.279640,3.973905
with_repeater,750.0,600.0,900.0,4000.0,120.0,500.0,1,41,3796,3796,4228,4228,32,32,7,7,32,32,1875.000000,3750.000000,3895.000000,1,44.483153,0.360405,0.251225,0.263604,0.021062,0.022665,355,71,71,94,355,71,71,177,78050,142,142,51126,3.533085,0.019801,1.280169,4.482457
blackout_only,750.0,600.0,900.0,4000.0,120.0,500.0,1,42,3797,3797,4228,4228,32,32,7,7,32,32,1875.000000,3750.000000,3895.000000,1,44.472752,0.360436,0.250940,0.263837,0.021059,0.022693,355,71,71,67,355,71,71,135,78070,142,142,51084,3.402537,0.020064,1.278928,3.974734
with_repeater,750.0,600.0,900.0,4000.0,120.0,500.0,1,42,3797,3797,4228,4228,32,32,7,7,32,32,1875.000000,3750.000000,3895.000000,1,44.480086,0.362319,0.250822,0.263839,0.021057,0.022638,355,71,71,84,355,71,71,177,78070,142,142,51126,3.531602,0.020078,1.278723,4.483306
blackout_only,750.0,600.0,900.0,4000.0,120.0,500.0,1,43,3796,3796,4228,4228,32,32,7,7,32,32,1875.000000,3750.000000,3895.000000,1,44.514863,0.361996,0.251178,0.264156,0.021070,0.022636,355,71,71,70,355,71,71,135,78050,142,142,51084,3.404618,0.020392,1.279939,3.972998
with_repeater,750.0,600.0,900.0,4000.0,120.0,500.0,1,43,3796,3796,4229,4229,32,32,7,7,32,32,1875.000000,3750.000000,3895.000000,1,44.511211,0.361554,0.251126,0.263689,0.021040,0.022640,355,71,71,91,355,71,71,177,78050,142,142,51138,3.531637,0.020106,1.279738,4.477634
blackout_only,750.0,600.0,900.0,4000.0,120.0,500.0,1,44,3796,3796,4228,4228,32,32,7,7,32,32,1875.000000,3750.000000,3895.000000,1,44.511032,0.362983,0.251052,0.263959,0.021055,0.022660,355,71,71,57,355,71,71,135,78056,142,142,51084,3.403992,0.020060,1.280114,3.972717
with_repeater,750.0,600.0,900.0,4000.0,120.0,500.0,1,44,3796,3796,4228,4228,32,32,7,7,32,32,1875.000000,3750.000000,3895.000000,1,44.501401,0.361073,0.251175,0.264084,0.021095,0.022662,355,71,71,101,355,71,71,177,78050,142,142,51126,3.532637,0.020140,1.280426,4.481477
blackout_only,750.0,600.0,900.0,4000.0,120.0,500.0,1,45,3796,3796,4228,4228,32,32,7,7,32,32,1875.000000,3750.000000,3895.000000,1,44.407158,0.361159,0.251208,0.263577,0.021077,0.022663,355,71,71,61,355,71,71,135,78050,142,142,51084,3.403295,0.019548,1.279446,3.974495
with_repeater,750.0,600.0,900.0,4000.0,120.0,500.0,1,45,3796,3796,4228,4228,32,32,7,7,32,32,1875.000000,3750.000000,3895.000000,1,44.449609,0.360747,0.251037,0.263606,0.021080,0.022604,355,71,71,92,355,71,71,177,78058,142,142,51126,3.531086,0.020141,1.279567,4.483004
blackout_only,750.0,600.0,900.0,4000.0,120.0,500.0,1,46,3797,3797,4228,4228,32,32,7,7,32,32,1875.000000,3750.000000,3895.000000,1,44.534115,0.363319,0.250837,0.263573,0.021078,0.022654,355,71,71,71,355,71,71,135,78070,142,142,51084,3.404957,0.019904,1.280103,3.974465
with_repeater,750.0,600.0,900.0,4000.0,120.0,500.0,1,46,3797,3797,4228,4228,32,32,7,7,32,32,1875.000000,3750.000000,3895.000000,1,44.433413,0.362733,0.250797,0.263673,0.021063,0.022636,355,71,71,97,355,71,71,177,78070,142,142,51126,3.532952,0.019984,1.279819,4.483413
blackout_only,750.0,600.0,900.0,4000.0,120.0,500.0,1,47,3796,3796,4228,4228,32,32,7,7,32,32,1875.000000,3750.000000,3895.000000,1,44.420931,0.360150,0.251212,0.263756,0.021079,0.022663,355,71,71,72,355,71,71,135,78050,142,142,51084,3.403764,0.019722,1.280432,3.973835
with_repeater,750.0,600.0,900.0,4000.0,120.0,500.0,1,47,3797,3797,4228,4228,32,32,7,7,32,32,1875.000000,3750.000000,3895.000000,1,44.446285,0.360711,0.250921,0.263657,0.021056,0.022647,355,71,71,92,355,71,71,177,78070,142,142,51126,3.531115,0.020240,1.280793,4.482481
blackout_only,750.0,600.0,900.0,4000.0,120.0,500.0,1,48,3796,3796,4228,4228,32,32,7,7,32,32,1875.000000,3750.000000,3895.000000,1,44.428145,0.360155,0.251145,0.263506,0.021077,0.022645,355,71,71,76,355,71,71,135,78050,142,142,51084,3.404701,0.020069,1.278942,3.972634
with_repeater,750.0,600.0,900.0,4000.0,120.0,500.0,1,48,3797,3797,4228,4228,32,32,7,7,32,32,1875.000000,3750.000000,3895.000000,1,44.407852,0.361650,0.250932,0.263655,0.021079,0.022614,355,71,71,92,355,71,71,177,78070,142,142,51126,3.530826,0.019805,1.279991,4.481669
blackout_only,750.0,600.0,900.0,4000.0,120.0,500.0,1,49,3797,3797,4228,4228,32,32,7,7,32,32,1875.000000,3750.000000,3895.000000,1,44.492104,0.360985,0.250820,0.263285,0.021064,0.022659,355,71,71,65,355,71,71,135,78070,142,142,51084,3.403941,0.019600,1.279776,3.975238
with_repeater,750.0,600.0,900.0,4000.0,120.0,500.0,1,49,3797,3797,4228,4228,32,32,7,7,32,32,1875.000000,3750.000000,3895.000000,1,44.514628,0.362889,0.250914,0.263309,0.021081,0.022681,355,71,71,92,355,71,71,177,78070,142,142,51126,3.532283,0.019822,1.278882,4.482498
blackout_only,750.0,600.0,900.0,4000.0,120.0,500.0,1,50,3796,3796,4228,4228,32,32,7,7,32,32,1875.000000,3750.000000,3895.000000,1,44.459457,0.361779,0.251032,0.263721,0.021075,0.022638,355,71,71,65,355,71,71,135,78060,142,142,51084,3.404903,0.020183,1.279807,3.973656
with_repeater,750.0,600.0,900.0,4000.0,120.0,500.0,1,50,3797,3797,4228,4228,32,32,7,7,32,32,1875.000000,3750.000000,3895.000000,1,44.479634,0.362091,0.250852,0.263576,0.021080,0.022685,355,71,71,95,355,71,71,177,78070,142,142,51126,3.530760,0.020428,1.279719,4.480901
blackout_only,750.0,600.0,900.0,4000.0,120.0,500.0,1,51,3796,3796,4228,4228,32,32,7,7,32,32,1875.000000,3750.000000,3895.000000,1,44.477184,0.362144,0.251111,0.263925,0.021069,0.022612,355,71,71,72,355,71,71,135,78050,142,142,51084,3.404311,0.020059,1.279515,3.973680
with_repeater,750.0,600.0,900.0,4000.0,120.0,500.0,1,51,3796,3796,4228,4228,32,32,7,7,32,32,1875.000000,3750.000000,3895.000000,1,44.483869,0.362296,0.251173,0.263689,0.021078,0.022654,355,71,71,95,355,71,71,177,78050,142,142,51126,3.531499,0.019700,1.279275,4.480410
blackout_only,750.0,600.0,900.0,4000.0,120.0,500.0,1,52,3797,3797,4228,4228,32,32,7,7,32,32,1875.000000,3750.000000,3895.000000,1,44.568715,0.363539,0.250855,0.263482,0.021076,0.022614,355,71,71,72,355,71,71,135,78070,142,142,51084,3.404746,0.019971,1.280141,3.974551
with_repeater,750.0,600.0,900.0,4000.0,120.0,500.0,1,52,3796,3796,4228,4228,32,32,7,7,32,32,1875.000000,3750.000000,3895.000000,1,44.565960,0.364161,0.251090,0.263732,0.021081,0.022640,355,71,71,102,355,71,71,177,78050,142,142,51126,3.530962,0.019974,1.280146,4.483497
blackout_only,750.0,600.0,900.0,4000.0,120.0,500.0,1,53,3797,3797,4228,4228,32,32,7,7,32,32,1875.000000,3750.000000,3895.000000,1,44.365984,0.360289,0.250938,0.263723,0.021071,0.022641,355,71,71,73,355,71,71,135,78070,142,142,51084,3.403069,0.020226,1.279492,3.973746
with_repeater,750.0,600.0,900.0,4000.0,120.0,500.0,1,53,3797,3797,4228,4228,32,32,7,7,32,32,1875.000000,3750.000000,3895.000000,1,44.343407,0.360108,0.250954,0.263655,0.021084,0.022626,355,71,71,90,355,71,71,177,78070,142,142,51126,3.529210,0.020081,1.279493,4.479512
blackout_only,750.0,600.0,900.0,4000.0,120.0,500.0,1,54,3797,3797,4228,4228,32,32,7,7,32,32,1875.000000,3750.000000,3895.000000,1,44.457235,0.362354,0.250902,0.263599,0.021048,0.022667,355,71,71,78,355,71,71,135,78070,142,142,51090,3.403997,0.020061,1.279405,3.974090
with_repeater,750.0,600.0,900.0,4000.0,120.0,500.0,1,54,3797,3797,4228,4228,32,32,7,7,32,32,1875.000000,3750.000000,3895.000000,1,44.410907,0.359783,0.250893,0.263596,0.021056,0.022676,355,71,71,99,355,71,71,177,78070,142,142,51126,3.531993,0.019960,1.278843,4.483944
blackout_only,750.0,600.0,900.0,4000.0,120.0,500.0,1,55,3797,3797,4228,4228,32,32,7,7,32,32,1875.000000,3750.000000,3895.000000,1,44.432198,0.361412,0.250956,0.263810,0.021078,0.022644,355,71,71,64,355,71,71,135,78070,142,142,51084,3.403757,0.020059,1.280219,3.974559
with_repeater,750.0,600.0,900.0,4000.0,120.0,500.0,1,55,3797,3797,4228,4228,32,32,7,7,32,32,1875.000000,3750.000000,3895.000000,1,44.489623,0.362399,0.250945,0.263795,0.021080,0.022639,355,71,71,95,355,71,71,177,78070,142,142,51126,3.531294,0.019721,1.279441,4.481691
blackout_only,750.0,600.0,900.0,4000.0,120.0,500.0,1,56,3797,3797,4228,4228,32,32,7,7,32,32,1875.000000,3750.000000,3895.000000,1,44.539859,0.364439,0.250969,0.263621,0.021082,0.022642,355,71,71,66,355,71,71,135,78070,142,142,51084,3.403351,0.019580,1.279645,3.975079
with_repeater,750.0,600.0,900.0,4000.0,120.0,500.0,1,56,3796,3796,4228,4228,32,32,7,7,32,32,1875.000000,3750.000000,3895.000000,1,44.467492,0.358998,0.251221,0.263986,0.021088,0.022661,355,71,71,95,355,71,71,177,78050,142,142,51126,3.531009,0.019954,1.280038,4.485634
blackout_only,750.0,600.0,900.0,4000.0,120.0,500.0,1,57,3796,3796,4228,4228,32,32,7,7,32,32,1875.000000,3750.000000,3895.000000,1,44.376541,0.358940,0.251051,0.263647,0.021091,0.022637,355,71,71,59,355,71,71,135,78056,142,142,51084,3.403535,0.019818,1.279498,3.973679
with_repeater,750.0,600.0,900.0,4000.0,120.0,500.0,1,57,3797,3797,4228,4228,32,32,7,7,32,32,1875.000000,3750.000000,3895.000000,1,44.388191,0.361167,0.250786,0.263453,0.021064,0.022586,355,71,71,83,355,71,71,177,78070,142,142,51126,3.529799,0.019844,1.280195,4.480147
blackout_only,750.0,600.0,900.0,4000.0,120.0,500.0,1,58,3796,3796,4228,4228,32,32,7,7,32,32,1875.000000,3750.000000,3895.000000,1,44.470711,0.359663,0.251089,0.263858,0.021096,0.022725,355,71,71,68,355,71,71,135,78050,142,142,51084,3.404609,0.019751,1.279233,3.973407
with_repeater,750.0,600.0,900.0,4000.0,120.0,500.0,1,58,3796,3796,4228,4228,32,32,7,7,32,32,1875.000000,3750.000000,3895.000000,1,44.510520,0.360145,0.251185,0.264018,0.021079,0.022743,355,71,71,86,355,71,71,177,78050,142,142,51126,3.531124,0.020169,1.279108,4.480786
blackout_only,750.0,600.0,900.0,4000.0,120.0,500.0,1,59,3796,3796,4228,4228,32,32,7,7,32,32,1875.000000,3750.000000,3895.000000,1,44.483666,0.361720,0.251040,0.263849,0.021069,0.022621,355,71,71,64,355,71,71,135,78057,142,142,51084,3.403912,0.019539,1.280812,3.973990
with_repeater,750.0,600.0,900.0,4000.0,120.0,500.0,1,59,3796,3796,4228,4228,32,32,7,7,32,32,1875.000000,3750.000000,3895.000000,1,44.535917,0.361270,0.251102,0.263849,0.021063,0.022666,355,71,71,85,355,71,71,177,78050,142,142,51126,3.531380,0.019772,1.280644,4.481347
blackout_only,750.0,600.0,900.0,4000.0,120.0,500.0,1,60,3796,3796,4228,4228,32,32,7,7,32,32,1875.000000,3750.000000,3895.000000,1,44.569955,0.363283,0.250998,0.263697,0.021064,0.022656,355,71,71,67,355,71,71,135,78067,142,142,51084,3.403796,0.019877,1.279961,3.973628
with_repeater,750.0,600.0,900.0,4000.0,120.0,500.0,1,60,3796,3796,4228,4228,32,32,7,7,32,32,1875.000000,3750.000000,3895.000000,1,44.564368,0.364192,0.251014,0.263587,0.021064,0.022664,355,71,71,84,355,71,71,177,78060,142,142,51126,3.530761,0.019882,1.279692,4.485828
blackout_only,750.0,600.0,900.0,4000.0,120.0,500.0,1,61,3796,3796,4228,4228,32,32,7,7,32,32,1875.000000,3750.000000,3895.000000,1,44.485810,0.362525,0.251179,0.263828,0.021065,0.022633,355,71,71,62,355,71,71,135,78050,142,142,51084,3.405255,0.020177,1.279193,3.974263
with_repeater,750.0,600.0,900.0,4000.0,120.0,500.0,1,61,3796,3796,4228,4228,32,32,7,7,32,32,1875.000000,3750.000000,3895.000000,1,44.541336,0.362521,0.251161,0.263580,0.021045,0.022600,355,71,71,91,355,71,71,177,78050,142,142,51138,3.531969,0.020343,1.279743,4.480262
blackout_only,750.0,600.0,900.0,4000.0,120.0,500.0,1,62,3797,3797,4228,4228,32,32,7,7,32,32,1875.000000,3750.000000,3895.000000,1,44.430212,0.360848,0.250949,0.263764,0.021086,0.022656,355,71,71,70,355,71,71,135,78070,142,142,51084,3.403983,0.019697,1.280557,3.972376
with_repeater,750.0,600.0,900.0,4000.0,120.0,500.0,1,62,3796,3796,4228,4228,32,32,7,7,32,32,1875.000000,3750.000000,3895.000000,1,44.470943,0.362378,0.251143,0.264101,0.021073,0.022622,355,71,71,94,355,71,71,177,78050,142,142,51126,3.532360,0.019787,1.280295,4.480742
blackout_only,750.0,600.0,900.0,4000.0,120.0,500.0,1,63,3797,3797,4228,4228,32,32,7,7,32,32,1875.000000,3750.000000,3895.000000,1,44.448632,0.361445,0.250944,0.264017,0.021059,0.022639,355,71,71,70,355,71,71,135,78070,142,142,51084,3.404203,0.019976,1.279297,3.973377
with_repeater,750.0,600.0,900.0,4000.0,120.0,500.0,1,63,3797,3797,4229,4229,32,32,7,7,32,32,1875.000000,3750.000000,3895.000000,1,44.435292,0.359985,0.250880,0.263749,0.021039,0.022617,355,71,71,88,355,71,71,177,78070,142,142,51138,3.530547,0.019710,1.279424,4.483534
blackout_only,750.0,600.0,900.0,4000.0,120.0,500.0,1,64,3796,3796,4228,4228,32,32,7,7,32,32,1875.000000,3750.000000,3895.000000,1,44.386118,0.360880,0.251007,0.263384,0.021105,0.022673,355,71,71,75,355,71,71,135,78066,142,142,51084,3.404051,0.019847,1.280113,3.972121
with_repeater,750.0,600.0,900.0,4000.0,120.0,500.0,1,64,3796,3796,4228,4228,32,32,7,7,32,32,1875.000000,3750.000000,3895.000000,1,44.442931,0.360581,0.251055,0.263268,0.021084,0.022653,355,71,71,90,355,71,71,177,78050,142,142,51126,3.532172,0.019884,1.280918,4.482339
blackout_only,750.0,600.0,900.0,4000.0,120.0,500.0,1,65,3796,3796,4228,4228,32,32,7,7,32,32,1875.000000,3750.000000,3895.000000,1,44.428566,0.361128,0.251042,0.263790,0.021093,0.022650,355,71,71,63,355,71,71,135,78056,142,142,51084,3.405894,0.019988,1.279681,3.973381
with_repeater,750.0,600.0,900.0,4000.0,120.0,500.0,1,65,3796,3796,4228,4228,32,32,7,7,32,32,1875.000000,3750.000000,3895.000000,1,44.476493,0.361520,0.251123,0.264294,0.021065,0.022605,355,71,71,93,355,71,71,177,78050,142,142,51126,3.532570,0.019854,1.279880,4.481331
blackout_only,750.0,600.0,900.0,4000.0,120.0,500.0,1,66,3797,3797,4228,4228,32,32,7,7,32,32,1875.000000,3750.000000,3895.000000,1,44.465352,0.362017,0.250934,0.263484,0.021072,0.022652,355,71,71,70,355,71,71,135,78070,142,142,51084,3.403672,0.019891,1.279592,3.973014
with_repeater,750.0,600.0,900.0,4000.0,120.0,500.0,1,66,3796,3796,4228,4228,32,32,7,7,32,32,1875.000000,3750.000000,3895.000000,1,44.459811,0.360335,0.251109,0.263625,0.021054,0.022652,355,71,71,92,355,71,71,177,78050,142,142,51126,3.533525,0.019659,1.279590,4.482646
blackout_only,750.0,600.0,900.0,4000.0,120.0,500.0,1,67,3796,3796,4228,4228,32,32,7,7,32,32,1875.000000,3750.000000,3895.000000,1,44.410548,0.361379,0.251040,0.263749,0.021074,0.022692,355,71,71,68,355,71,71,135,78056,142,142,51084,3.405260,0.019688,1.279781,3.972947
with_repeater,750.0,600.0,900.0,4000.0,120.0,500.0,1,67,3797,3797,4228,4228,32,32,7,7,32,32,1875.000000,3750.000000,3895.000000,1,44.437250,0.360921,0.250875,0.263663,0.021084,0.022719,355,71,71,86,355,71,71,177,78070,142,142,51126,3.530835,0.019569,1.280229,4.481915
blackout_only,750.0,600.0,900.0,4000.0,120.0,500.0,1,68,3797,3797,4228,4228,32,32,7,7,32,32,1875.000000,3750.000000,3895.000000,1,44.535348,0.361476,0.250961,0.263775,0.021071,0.022658,355,71,71,77,355,71,71,135,78070,142,142,51084,3.403506,0.020110,1.280669,3.973591
with_repeater,750.0,600.0,900.0,4000.0,120.0,500.0,1,68,3797,3797,4228,4228,32,32,7,7,32,32,1875.000000,3750.000000,3895.000000,1,44.561084,0.361746,0.250964,0.263717,0.021088,0.022720,355,71,71,89,355,71,71,177,78070,142,142,51126,3.530430,0.020001,1.280961,4.483910
blackout_only,750.0,600.0,900.0,4000.0,120.0,500.0,1,69,3797,3797,4228,4228,32,32,7,7,32,32,1875.000000,3750.000000,3895.000000,1,44.388050,0.361167,0.250932,0.263591,0.021054,0.022624,355,71,71,60,355,71,71,135,78070,142,142,51084,3.402011,0.020240,1.280576,3.973206
with_repeater,750.0,600.0,900.0,4000.0,120.0,500.0,1,69,3797,3797,4228,4228,32,32,7,7,32,32,1875.000000,3750.000000,3895.000000,1,44.354744,0.360124,0.250858,0.263129,0.021054,0.022684,355,71,71,90,355,71,71,177,78070,142,142,51126,3.532578,0.020235,1.280387,4.480417
blackout_only,750.0,600.0,900.0,4000.0,120.0,500.0,1,70,3797,3797,4228,4228,32,32,7,7,32,32,1875.000000,3750.000000,3895.000000,1,44.461102,0.362117,0.250790,0.263401,0.021069,0.022697,355,71,71,72,355,71,71,135,78070,142,142,51084,3.404517,0.020277,1.280765,3.974136
with_repeater,750.0,600.0,900.0,4000.0,120.0,500.0,1,70,3797,3797,4228,4228,32,32,7,7,32,32,1875.000000,3750.000000,3895.000000,1,44.389908,0.360937,0.250871,0.263818,0.021052,0.022685,355,71,71,97,355,71,71,177,78070,142,142,51126,3.533005,0.019858,1.280564,4.479468
blackout_only,750.0,600.0,900.0,4000.0,120.0,500.0,1,71,3797,3797,4228,4228,32,32,7,7,32,32,1875.000000,3750.000000,3895.000000,1,44.517945,0.362389,0.250869,0.263496,0.021049,0.022596,355,71,71,84,355,71,71,135,78070,142,142,51090,3.403830,0.020125,1.279371,3.973166
with_repeater,750.0,600.0,900.0,4000.0,120.0,500.0,1,71,3797,3797,4228,4228,32,32,7,7,32,32,1875.000000,3750.000000,3895.000000,1,44.483067,0.360523,0.250841,0.263741,0.021056,0.022652,355,71,71,98,355,71,71,177,78070,142,142,51126,3.530017,0.020075,1.279442,4.479914
blackout_only,750.0,600.0,900.0,4000.0,120.0,500.0,1,72,3797,3797,4228,4228,32,32,7,7,32,32,1875.000000,3750.000000,3895.000000,1,44.450418,0.360104,0.250898,0.264322,0.021096,0.022716,355,71,71,69,355,71,71,135,78070,142,142,51084,3.403332,0.019962,1.280400,3.973912
with_repeater,750.0,600.0,900.0,4000.0,120.0,500.0,1,72,3796,3796,4228,4228,32,32,7,7,32,32,1875.000000,3750.000000,3895.000000,1,44.364306,0.359527,0.251110,0.264133,0.021067,0.022635,355,71,71,87,355,71,71,177,78050,142,142,51126,3.531071,0.019711,1.280146,4.482095
blackout_only,750.0,600.0,900.0,4000.0,120.0,500.0,1,73,3796,3796,4228,4228,32,32,7,7,32,32,1875.000000,3750.000000,3895.000000,1,44.382942,0.359025,0.251013,0.264260,0.021064,0.022645,355,71,71,65,355,71,71,135,78065,142,142,51084,3.404907,0.020339,1.279992,3.974615
with_repeater,750.0,600.0,900.0,4000.0,120.0,500.0,1,73,3797,3797,4228,4228,32,32,7,7,32,32,1875.000000,3750.000000,3895.000000,1,44.346201,0.358486,0.250714,0.263918,0.021075,0.022688,355,71,71,84,355,71,71,177,78070,142,142,51126,3.531985,0.020033,1.279743,4.483351
blackout_only,750.0,600.0,900.0,4000.0,120.0,500.0,1,74,3797,3797,4228,4228,32,32,7,7,32,32,1875.000000,3750.000000,3895.000000,1,44.463816,0.359770,0.250927,0.263619,0.021068,0.022625,355,71,71,77,355,71,71,135,78070,142,142,51084,3.402053,0.019833,1.280615,3.972340
with_repeater,750.0,600.0,900.0,4000.0,120.0,500.0,1,74,3797,3797,4228,4228,32,32,7,7,32,32,1875.000000,3750.000000,3895.000000,1,44.462552,0.361010,0.250820,0.263480,0.021052,0.022608,355,71,71,103,355,71,71,177,78070,142,142,51126,3.531357,0.019266,1.280097,4.479814
blackout_only,750.0,600.0,900.0,4000.0,120.0,500.0,1,75,3797,3797,4228,4228,32,32,7,7,32,32,1875.000000,3750.000000,3895.000000,1,44.365331,0.358838,0.250957,0.263652,0.021048,0.022630,355,71,71,63,355,71,71,135,78070,142,142,51090,3.402378,0.020206,1.280368,3.973400
with_repeater,750.0,600.0,900.0,4000.0,120.0,500.0,1,75,3797,3797,4228,4228,32,32,7,7,32,32,1875.000000,3750.000000,3895.000000,1,44.332395,0.359500,0.250951,0.263742,0.021063,0.022666,355,71,71,90,355,71,71,177,78070,142,142,51126,3.528245,0.019919,1.280765,4.480682
blackout_only,750.0,600.0,900.0,4000.0,120.0,500.0,1,76,3796,3796,4228,4228,32,32,7,7,32,32,1875.000000,3750.000000,3895.000000,1,44.355944,0.360314,0.251140,0.264077,0.021090,0.022701,355,71,71,63,355,71,71,135,78050,142,142,51084,3.404892,0.020299,1.279706,3.973920
with_repeater,750.0,600.0,900.0,4000.0,120.0,500.0,1,76,3796,3796,4228,4228,32,32,7,7,32,32,1875.000000,3750.000000,3895.000000,1,44.365126,0.359256,0.251176,0.263880,0.021082,0.022670,355,71,71,80,355,71,71,177,78050,142,142,51126,3.533068,0.019919,1.280036,4.481663
blackout_only,750.0,600.0,900.0,4000.0,120.0,500.0,1,77,3797,3797,4228,4228,32,32,7,7,32,32,1875.000000,3750.000000,3895.000000,1,44.338387,0.359002,0.250945,0.263556,0.021068,0.022677,355,71,71,70,355,71,71,135,78070,142,142,51084,3.405112,0.019699,1.280366,3.972895
with_repeater,750.0,600.0,900.0,4000.0,120.0,500.0,1,77,3796,3796,4228,4228,32,32,7,7,32,32,1875.000000,3750.000000,3895.000000,1,44.384561,0.360518,0.251065,0.263599,0.021081,0.022727,355,71,71,88,355,71,71,177,78050,142,142,51126,3.532566,0.020279,1.280300,4.480554
blackout_only,750.0,600.0,900.0,4000.0,120.0,500.0,1,78,3797,3797,4228,4228,32,32,7,7,32,32,1875.000000,3750.000000,3895.000000,1,44.268205,0.358422,0.250902,0.263595,0.021077,0.022686,355,71,71,72,355,71,71,135,78070,142,142,51084,3.404387,0.020664,1.279626,3.974229
with_repeater,750.0,600.0,900.0,4000.0,120.0,500.0,1,78,3796,3796,4228,4228,32,32,7,7,32,32,1875.000000,3750.000000,3895.000000,1,44.256540,0.358132,0.251203,0.263915,0.021074,0.022668,355,71,71,102,355,71,71,177,78050,142,142,51126,3.531295,0.020251,1.280486,4.484464
blackout_only,750.0,600.0,900.0,4000.0,120.0,500.0,1,79,3796,3796,4228,4228,32,32,7,7,32,32,1875.000000,3750.000000,3895.000000,1,44.501792,0.360724,0.251181,0.263722,0.021078,0.022621,355,71,71,85,355,71,71,135,78050,142,142,51084,3.405502,0.019785,1.280229,3.973247
with_repeater,750.0,600.0,900.0,4000.0,120.0,500.0,1,79,3796,3796,4228,4228,32,32,7,7,32,32,1875.000000,3750.000000,3895.000000,1,44.491437,0.360071,0.251278,0.263913,0.021072,0.022641,355,71,71,104,355,71,71,177,78050,142,142,51126,3.533850,0.019686,1.279750,4.480144
blackout_only,750.0,600.0,900.0,4000.0,120.0,500.0,1,80,3797,3797,4228,4228,32,32,7,7,32,32,1875.000000,3750.000000,3895.000000,1,44.361841,0.360550,0.250958,0.263516,0.021078,0.022662,355,71,71,74,355,71,71,135,78070,142,142,51084,3.403262,0.020087,1.280814,3.971918
with_repeater,750.0,600.0,900.0,4000.0,120.0,500.0,1,80,3797,3797,4228,4228,32,32,7,7,32,32,1875.000000,3750.000000,3895.000000,1,44.419136,0.360574,0.250842,0.263485,0.021083,0.022669,355,71,71,82,355,71,71,177,78070,142,142,51126,3.530108,0.020292,1.280435,4.481036
blackout_only,750.0,600.0,900.0,4000.0,120.0,500.0,1,81,3796,3796,4228,4228,32,32,7,7,32,32,1875.000000,3750.000000,3895.000000,1,44.303889,0.358106,0.251148,0.263961,0.021069,0.022603,355,71,71,64,355,71,71,135,78050,142,142,51084,3.404522,0.019669,1.280714,3.973529
with_repeater,750.0,600.0,900.0,4000.0,120.0,500.0,1,81,3796,3796,4228,4228,32,32,7,7,32,32,1875.000000,3750.000000,3895.000000,1,44.358826,0.361605,0.251163,0.263529,0.021078,0.022678,355,71,71,94,355,71,71,177,78050,142,142,51126,3.532160,0.019990,1.280709,4.480141
blackout_only,750.0,600.0,900.0,4000.0,120.0,500.0,1,82,3796,3796,4228,4228,32,32,7,7,32,32,1875.000000,3750.000000,3895.000000,1,44.458821,0.361754,0.251040,0.263922,0.021083,0.022665,355,71,71,65,355,71,71,135,78056,142,142,51084,3.404422,0.019904,1.280496,3.974393
with_repeater,750.0,600.0,900.0,4000.0,120.0,500.0,1,82,3796,3796,4228,4228,32,32,7,7,32,32,1875.000000,3750.000000,3895.000000,1,44.412180,0.361185,0.251070,0.263941,0.021061,0.022673,355,71,71,91,355,71,71,177,78050,142,142,51126,3.530718,0.020131,1.279877,4.484080
blackout_only,750.0,600.0,900.0,4000.0,120.0,500.0,1,83,3796,3796,4228,4228,32,32,7,7,32,32,1875.000000,3750.000000,3895.000000,1,44.432481,0.360762,0.251259,0.263684,0.021069,0.022672,355,71,71,74,355,71,71,135,78050,142,142,51084,3.404885,0.020031,1.279656,3.974228
with_repeater,750.0,600.0,900.0,4000.0,120.0,500.0,1,83,3796,3796,4228,4228,32,32,7,7,32,32,1875.000000,3750.000000,3895.000000,1,44.455341,0.361704,0.251182,0.264098,0.021085,0.022643,355,71,71,92,355,71,71,177,78050,142,142,51126,3.531335,0.020393,1.279971,4.478292
blackout_only,750.0,600.0,900.0,4000.0,120.0,500.0,1,84,3797,3797,4228,4228,32,32,7,7,32,32,1875.000000,3750.000000,3895.000000,1,44.523996,0.363012,0.250905,0.263341,0.021054,0.022669,355,71,71,65,355,71,71,135,78070,142,142,51084,3.404651,0.020080,1.279542,3.971458
with_repeater,750.0,600.0,900.0,4000.0,120.0,500.0,1,84,3796,3796,4229,4229,32,32,7,7,32,32,1875.000000,3750.000000,3895.000000,1,44.484748,0.362149,0.251048,0.263579,0.021045,0.022630,355,71,71,89,355,71,71,177,78056,142,142,51138,3.531109,0.019958,1.280987,4.477268
blackout_only,750.0,600.0,900.0,4000.0,120.0,500.0,1,85,3797,3797,4228,4228,32,32,7,7,32,32,1875.000000,3750.000000,3895.000000,1,44.420166,0.360832,0.250717,0.263572,0.021080,0.022669,355,71,71,80,355,71,71,135,78070,142,142,51084,3.404133,0.019896,1.280588,3.974193
with_repeater,750.0,600.0,900.0,4000.0,120.0,500.0,1,85,3797,3797,4228,4228,32,32,7,7,32,32,1875.000000,3750.000000,3895.000000,1,44.383179,0.360768,0.250790,0.263706,0.021072,0.022629,355,71,71,105,355,71,71,177,78070,142,142,51126,3.528881,0.019875,1.280049,4.479337
blackout_only,750.0,600.0,900.0,4000.0,120.0,500.0,1,86,3796,3796,4228,4228,32,32,7,7,32,32,1875.000000,3750.000000,3895.000000,1,44.417701,0.361390,0.251310,0.264115,0.021084,0.022657,355,71,71,61,355,71,71,135,78050,142,142,51084,3.404784,0.020156,1.279863,3.973456
with_repeater,750.0,600.0,900.0,4000.0,120.0,500.0,1,86,3796,3796,4228,4228,32,32,7,7,32,32,1875.000000,3750.000000,3895.000000,1,44.433087,0.361309,0.251168,0.264033,0.021078,0.022660,355,71,71,77,355,71,71,177,78050,142,142,51126,3.531230,0.019950,1.279643,4.479539
blackout_only,750.0,600.0,900.0,4000.0,120.0,500.0,1,87,3796,3796,4229,4229,32,32,7,7,32,32,1875.000000,3750.000000,3895.000000,1,44.385777,0.360146,0.251113,0.263654,0.021038,0.022630,355,71,71,76,355,71,71,135,78050,142,142,51096,3.404345,0.020250,1.279679,3.972375
with_repeater,750.0,600.0,900.0,4000.0,120.0,500.0,1,87,3796,3796,4228,4228,32,32,7,7,32,32,1875.000000,3750.000000,3895.000000,1,44.424411,0.360354,0.251031,0.263568,0.021069,0.022641,355,71,71,96,355,71,71,177,78059,142,142,51126,3.531360,0.020305,1.279910,4.482056
blackout_only,750.0,600.0,900.0,4000.0,120.0,500.0,1,88,3797,3797,4228,4228,32,32,7,7,32,32,1875.000000,3750.000000,3895.000000,1,44.404883,0.360466,0.250915,0.263596,0.021055,0.022574,355,71,71,83,355,71,71,135,78070,142,142,51084,3.403083,0.019873,1.279873,3.972695
with_repeater,750.0,600.0,900.0,4000.0,120.0,500.0,1,88,3797,3797,4228,4228,32,32,7,7,32,32,1875.000000,3750.000000,3895.000000,1,44.359483,0.362060,0.250938,0.263457,0.021052,0.022596,355,71,71,101,355,71,71,177,78070,142,142,51126,3.530303,0.019904,1.280452,4.483523
blackout_only,750.0,600.0,900.0,4000.0,120.0,500.0,1,89,3796,3796,4228,4228,32,32,7,7,32,32,1875.000000,3750.000000,3895.000000,1,44.328254,0.358202,0.251084,0.264161,0.021076,0.022666,355,71,71,80,355,71,71,135,78050,142,142,51084,3.404249,0.020176,1.280123,3.973770
with_repeater,750.0,600.0,900.0,4000.0,120.0,500.0,1,89,3797,3797,4228,4228,32,32,7,7,32,32,1875.000000,3750.000000,3895.000000,1,44.354793,0.359911,0.250912,0.263548,0.021076,0.022643,355,71,71,94,355,71,71,177,78070,142,142,51126,3.530414,0.019936,1.280164,4.480715
blackout_only,750.0,600.0,1800.0,4000.0,120.0,500.0,1,40,4196,4196,4674,4674,32,32,15,15,32,32,1875.000000,3750.000000,3895.000000,1,107.214407,0.359556,0.251101,0.264051,0.021058,0.022667,395,79,79,72,395,79,79,134,86290,158,158,56436,3.086022,0.020103,1.280550,3.582815
with_repeater,750.0,600.0,1800.0,4000.0,120.0,500.0,1,40,4196,4196,4674,4674,32,32,15,15,32,32,1875.000000,3750.000000,3895.000000,1,107.256419,0.360248,0.250976,0.263677,0.021064,0.022625,395,79,79,96,395,79,79,201,86290,158,158,56526,3.333042,0.020370,1.279337,4.244862
blackout_only,750.0,600.0,1800.0,4000.0,120.0,500.0,1,41,4196,4196,4674,4674,32,32,15,15,32,32,1875.000000,3750.000000,3895.000000,1,107.367553,0.360046,0.250923,0.263515,0.021064,0.022670,395,79,79,71,395,79,79,135,86300,158,158,56436,3.086890,0.019917,1.280107,3.583232
with_repeater,750.0,600.0,1800.0,4000.0,120.0,500.0,1,41,4196,4196,4674,4674,32,32,15,15,32,32,1875.000000,3750.000000,3895.000000,1,107.324478,0.359198,0.251177,0.263644,0.021057,0.022622,395,79,79,102,395,79,79,200,86290,158,158,56526,3.334089,0.019975,1.280107,4.231416
blackout_only,750.0,600.0,1800.0,4000.0,120.0,500.0,1,42,4196,4196,4674,4674,32,32,15,15,32,32,1875.000000,3750.000000,3895.000000,1,107.425336,0.360547,0.250904,0.263798,0.021065,0.022703,395,79,79,66,395,79,79,133,86307,158,158,56436,3.085666,0.019816,1.279251,3.557073
with_repeater,750.0,600.0,1800.0,4000.0,120.0,500.0,1,42,4197,4197,4674,4674,32,32,15,15,32,32,1875.000000,3750.000000,3895.000000,1,107.391674,0.362528,0.250860,0.263786,0.021053,0.022643,395,79,79,99,395,79,79,200,86310,158,158,56526,3.333227,0.019618,1.279018,4.233012
blackout_only,750.0,600.0,1800.0,4000.0,120.0,500.0,1,43,4196,4196,4674,4674,32,32,15,15,32,32,1875.000000,3750.000000,3895.000000,1,107.438664,0.362738,0.251241,0.264164,0.021055,0.022659,395,79,79,64,395,79,79,132,86290,158,158,56436,3.086047,0.020077,1.279790,3.542842
with_repeater,750.0,600.0,1800.0,4000.0,120.0,500.0,1,43,4196,4196,4674,4674,32,32,15,15,32,32,1875.000000,3750.000000,3895.000000,1,107.422365,0.362987,0.251080,0.263864,0.021043,0.022640,395,79,79,99,395,79,79,200,86290,158,158,56526,3.333144,0.020147,1.279556,4.242549
blackout_only,750.0,600.0,1800.0,4000.0,120.0,500.0,1,44,4196,4196,4674,4674,32,32,15,15,32,32,1875.000000,3750.000000,3895.000000,1,107.437419,0.362160,0.251260,0.264022,0.021083,0.022695,395,79,79,66,395,79,79,135,86290,158,158,56436,3.086318,0.019846,1.280655,3.569326
with_repeater,750.0,600.0,1800.0,4000.0,120.0,500.0,1,44,4196,4196,4674,4674,32,32,15,15,32,32,1875.000000,3750.000000,3895.000000,1,107.291051,0.360163,0.251166,0.263918,0.021082,0.022661,395,79,79,106,395,79,79,200,86290,158,158,56526,3.334349,0.020061,1.280591,4.217122
blackout_only,750.0,600.0,1800.0,4000.0,120.0,500.0,1,45,4196,4196,4674,4674,32,32,15,15,32,32,1875.000000,3750.000000,3895.000000,1,107.328644,0.359963,0.251074,0.263503,0.021066,0.022592,395,79,79,65,395,79,79,134,86290,158,158,56436,3.085726,0.020224,1.279993,3.557512
with_repeater,750.0,600.0,1800.0,4000.0,120.0,500.0,1,45,4196,4196,4674,4674,32,32,15,15,32,32,1875.000000,3750.000000,3895.000000,1,107.381549,0.362387,0.251171,0.263573,0.021061,0.022596,395,79,79,103,395,79,79,199,86290,158,158,56526,3.333045,0.020312,1.279563,4.205770
blackout_only,750.0,600.0,1800.0,4000.0,120.0,500.0,1,46,4196,4196,4674,4674,32,32,15,15,32,32,1875.000000,3750.000000,3895.000000,1,107.463352,0.364430,0.250961,0.263805,0.021066,0.022660,395,79,79,71,395,79,79,134,86290,158,158,56436,3.086653,0.020054,1.280262,3.570945
with_repeater,750.0,600.0,1800.0,4000.0,120.0,500.0,1,46,4196,4196,4674,4674,32,32,15,15,32,32,1875.000000,3750.000000,3895.000000,1,107.325532,0.361070,0.250906,0.263715,0.021075,0.022654,395,79,79,101,395,79,79,201,86307,158,158,56526,3.333948,0.019750,1.280126,4.232903
blackout_only,750.0,600.0,1800.0,4000.0,120.0,500.0,1,47,4196,4196,4674,4674,32,32,15,15,32,32,1875.000000,3750.000000,3895.000000,1,107.313790,0.361187,0.251182,0.263781,0.021089,0.022673,395,79,79,76,395,79,79,135,86290,158,158,56436,3.086017,0.019880,1.280757,3.583188
with_repeater,750.0,600.0,1800.0,4000.0,120.0,500.0,1,47,4196,4196,4674,4674,32,32,15,15,32,32,1875.000000,3750.000000,3895.000000,1,107.345258,0.361255,0.250977,0.263734,0.021063,0.022597,395,79,79,98,395,79,79,200,86290,158,158,56526,3.333350,0.020306,1.280553,4.231068
blackout_only,750.0,600.0,1800.0,4000.0,120.0,500.0,1,48,4196,4196,4674,4674,32,32,15,15,32,32,1875.000000,3750.000000,3895.000000,1,107.281992,0.360225,0.251116,0.263486,0.021080,0.022644,395,79,79,75,395,79,79,133,86290,158,158,56436,3.086109,0.020153,1.279710,3.556521
with_repeater,750.0,600.0,1800.0,4000.0,120.0,500.0,1,48,4196,4196,4674,4674,32,32,15,15,32,32,1875.000000,3750.000000,3895.000000,1,107.298347,0.360432,0.250920,0.263868,0.021077,0.022637,395,79,79,111,395,79,79,200,86300,158,158,56526,3.332109,0.019682,1.279796,4.244912
blackout_only,750.0,600.0,1800.0,4000.0,120.0,500.0,1,49,4196,4196,4674,4674,32,32,15,15,32,32,1875.000000,3750.000000,3895.000000,1,107.337443,0.360004,0.250924,0.263754,0.021052,0.022626,395,79,79,67,395,79,79,135,86300,158,158,56436,3.086244,0.019869,1.279869,3.597288
with_repeater,750.0,600.0,1800.0,4000.0,120.0,500.0,1,49,4196,4196,4674,4674,32,32,15,15,32,32,1875.000000,3750.000000,3895.000000,1,107.382401,0.362348,0.250976,0.263374,0.021074,0.022678,395,79,79,109,395,79,79,198,86290,158,158,56526,3.334118,0.019763,1.279285,4.206545
blackout_only,750.0,600.0,1800.0,4000.0,120.0,500.0,1,50,4196,4196,4674,4674,32,32,15,15,32,32,1875.000000,3750.000000,3895.000000,1,107.369844,0.360884,0.251098,0.263563,0.021071,0.022683,395,79,79,70,395,79,79,133,86290,158,158,56436,3.086266,0.019899,1.280041,3.571501
with_repeater,750.0,600.0,1800.0,4000.0,120.0,500.0,1,50,4196,4196,4674,4674,32,32,15,15,32,32,1875.000000,3750.000000,3895.000000,1,107.397615,0.361896,0.251089,0.263668,0.021072,0.022684,395,79,79,108,395,79,79,199,86290,158,158,56526,3.332383,0.020267,1.279345,4.217120
blackout_only,750.0,600.0,1800.0,4000.0,120.0,500.0,1,51,4196,4196,4674,4674,32,32,15,15,32,32,1875.000000,3750.000000,3895.000000,1,107.407644,0.360572,0.251051,0.264089,0.021081,0.022620,395,79,79,72,395,79,79,134,86290,158,158,56436,3.086782,0.019850,1.279564,3.569126
with_repeater,750.0,600.0,1800.0,4000.0,120.0,500.0,1,51,4196,4196,4674,4674,32,32,15,15,32,32,1875.000000,3750.000000,3895.000000,1,107.334319,0.360154,0.251089,0.263656,0.021081,0.022660,395,79,79,98,395,79,79,200,86290,158,158,56526,3.333131,0.019602,1.279862,4.230647
blackout_only,750.0,600.0,1800.0,4000.0,120.0,500.0,1,52,4196,4196,4674,4674,32,32,15,15,32,32,1875.000000,3750.000000,3895.000000,1,107.479820,0.362931,0.250924,0.263646,0.021094,0.022658,395,79,79,70,395,79,79,133,86300,158,158,56436,3.086347,0.019943,1.280493,3.544436
with_repeater,750.0,600.0,1800.0,4000.0,120.0,500.0,1,52,4196,4196,4674,4674,32,32,15,15,32,32,1875.000000,3750.000000,3895.000000,1,107.486656,0.364439,0.251158,0.263710,0.021081,0.022630,395,79,79,118,395,79,79,199,86290,158,158,56526,3.332129,0.019998,1.280509,4.219513
blackout_only,750.0,600.0,1800.0,4000.0,120.0,500.0,1,53,4196,4196,4674,4674,32,32,15,15,32,32,1875.000000,3750.000000,3895.000000,1,107.267589,0.360568,0.251031,0.263974,0.021077,0.022647,395,79,79,63,395,79,79,133,86290,158,158,56436,3.084856,0.019960,1.279899,3.544069
with_repeater,750.0,600.0,1800.0,4000.0,120.0,500.0,1,53,4196,4196,4674,4674,32,32,15,15,32,32,1875.000000,3750.000000,3895.000000,1,107.271166,0.361031,0.250939,0.263743,0.021074,0.022618,395,79,79,107,395,79,79,201,86298,158,158,56526,3.332137,0.020055,1.279447,4.228812
blackout_only,750.0,600.0,1800.0,4000.0,120.0,500.0,1,54,4196,4196,4674,4674,32,32,15,15,32,32,1875.000000,3750.000000,3895.000000,1,107.316608,0.361565,0.250895,0.263510,0.021064,0.022690,395,79,79,76,395,79,79,133,86309,158,158,56436,3.086232,0.019820,1.279611,3.544131
with_repeater,750.0,600.0,1800.0,4000.0,120.0,500.0,1,54,4197,4197,4674,4674,32,32,15,15,32,32,1875.000000,3750.000000,3895.000000,1,107.237497,0.359102,0.250780,0.263380,0.021066,0.022712,395,79,79,112,395,79,79,199,86310,158,158,56526,3.333494,0.019951,1.278499,4.233349
blackout_only,750.0,600.0,1800.0,4000.0,120.0,500.0,1,55,4196,4196,4674,4674,32,32,15,15,32,32,1875.000000,3750.000000,3895.000000,1,107.323958,0.360650,0.250950,0.264100,0.021077,0.022643,395,79,79,54,395,79,79,135,86296,158,158,56436,3.086750,0.020175,1.280395,3.598386
with_repeater,750.0,600.0,1800.0,4000.0,120.0,500.0,1,55,4196,4196,4674,4674,32,32,15,15,32,32,1875.000000,3750.000000,3895.000000,1,107.384321,0.360817,0.250972,0.263931,0.021075,0.022688,395,79,79,94,395,79,79,200,86290,158,158,56526,3.334597,0.019803,1.279945,4.231288
blackout_only,750.0,600.0,1800.0,4000.0,120.0,500.0,1,56,4196,4196,4674,4674,32,32,15,15,32,32,1875.000000,3750.000000,3895.000000,1,107.417568,0.363474,0.250910,0.263643,0.021067,0.022659,395,79,79,66,395,79,79,133,86306,158,158,56436,3.085439,0.019988,1.279655,3.559300
with_repeater,750.0,600.0,1800.0,4000.0,120.0,500.0,1,56,4196,4196,4674,4674,32,32,15,15,32,32,1875.000000,3750.000000,3895.000000,1,107.380591,0.361416,0.251170,0.264031,0.021071,0.022621,395,79,79,107,395,79,79,200,86290,158,158,56526,3.332442,0.020049,1.279864,4.233103
blackout_only,750.0,600.0,1800.0,4000.0,120.0,500.0,1,57,4196,4196,4674,4674,32,32,15,15,32,32,1875.000000,3750.000000,3895.000000,1,107.241322,0.359709,0.250986,0.263685,0.021080,0.022635,395,79,79,59,395,79,79,134,86290,158,158,56436,3.085883,0.019638,1.280330,3.555909
with_repeater,750.0,600.0,1800.0,4000.0,120.0,500.0,1,57,4197,4197,4674,4674,32,32,15,15,32,32,1875.000000,3750.000000,3895.000000,1,107.329433,0.361505,0.250874,0.263509,0.021065,0.022610,395,79,79,90,395,79,79,201,86310,158,158,56526,3.331745,0.019689,1.280063,4.229020
blackout_only,750.0,600.0,1800.0,4000.0,120.0,500.0,1,58,4196,4196,4674,4674,32,32,15,15,32,32,1875.000000,3750.000000,3895.000000,1,107.377993,0.361144,0.250998,0.263749,0.021092,0.022725,395,79,79,72,395,79,79,132,86290,158,158,56436,3.086269,0.019786,1.279389,3.542601
with_repeater,750.0,600.0,1800.0,4000.0,120.0,500.0,1,58,4196,4196,4674,4674,32,32,15,15,32,32,1875.000000,3750.000000,3895.000000,1,107.422676,0.361283,0.251328,0.264106,0.021064,0.022696,395,79,79,102,395,79,79,200,86290,158,158,56526,3.332594,0.019903,1.279782,4.230799
blackout_only,750.0,600.0,1800.0,4000.0,120.0,500.0,1,59,4196,4196,4674,4674,32,32,15,15,32,32,1875.000000,3750.000000,3895.000000,1,107.393774,0.360813,0.251098,0.263900,0.021060,0.022619,395,79,79,59,395,79,79,133,86290,158,158,56436,3.085604,0.019839,1.280527,3.543269
with_repeater,750.0,600.0,1800.0,4000.0,120.0,500.0,1,59,4196,4196,4674,4674,32,32,15,15,32,32,1875.000000,3750.000000,3895.000000,1,107.393551,0.360676,0.251063,0.264052,0.021063,0.022651,395,79,79,92,395,79,79,201,86290,158,158,56526,3.333196,0.019681,1.280400,4.243659
blackout_only,750.0,600.0,1800.0,4000.0,120.0,500.0,1,60,4196,4196,4674,4674,32,32,15,15,32,32,1875.000000,3750.000000,3895.000000,1,107.465222,0.362264,0.250933,0.263602,0.021076,0.022659,395,79,79,65,395,79,79,133,86299,158,158,56436,3.086685,0.019812,1.280384,3.543988
with_repeater,750.0,600.0,1800.0,4000.0,120.0,500.0,1,60,4196,4196,4674,4674,32,32,15,15,32,32,1875.000000,3750.000000,3895.000000,1,107.417992,0.363002,0.250967,0.263547,0.021039,0.022641,395,79,79,93,395,79,79,200,86290,158,158,56526,3.331983,0.019690,1.279694,4.221929
blackout_only,750.0,600.0,1800.0,4000.0,120.0,500.0,1,61,4196,4196,4674,4674,32,32,15,15,32,32,1875.000000,3750.000000,3895.000000,1,107.373264,0.361155,0.251013,0.263581,0.021071,0.022654,395,79,79,68,395,79,79,135,86290,158,158,56436,3.086721,0.020116,1.279481,3.583734
with_repeater,750.0,600.0,1800.0,4000.0,120.0,500.0,1,61,4196,4196,4674,4674,32,32,15,15,32,32,1875.000000,3750.000000,3895.000000,1,107.434120,0.363146,0.251098,0.263906,0.021055,0.022598,395,79,79,108,395,79,79,200,86290,158,158,56526,3.333491,0.020012,1.279538,4.230941
blackout_only,750.0,600.0,1800.0,4000.0,120.0,500.0,1,62,4196,4196,4674,4674,32,32,15,15,32,32,1875.000000,3750.000000,3895.000000,1,107.321275,0.361873,0.250984,0.263698,0.021080,0.022625,395,79,79,78,395,79,79,135,86290,158,158,56436,3.087095,0.019808,1.280280,3.596137
with_repeater,750.0,600.0,1800.0,4000.0,120.0,500.0,1,62,4196,4196,4674,4674,32,32,15,15,32,32,1875.000000,3750.000000,3895.000000,1,107.398017,0.362233,0.251156,0.263777,0.021083,0.022626,395,79,79,107,395,79,79,201,86290,158,158,56526,3.333954,0.019910,1.280336,4.243704
blackout_only,750.0,600.0,1800.0,4000.0,120.0,500.0,1,63,4196,4196,4674,4674,32,32,15,15,32,32,1875.000000,3750.000000,3895.000000,1,107.369347,0.362253,0.250953,0.263917,0.021069,0.022664,395,79,79,70,395,79,79,133,86296,158,158,56436,3.087596,0.019770,1.279099,3.556751
with_repeater,750.0,600.0,1800.0,4000.0,120.0,500.0,1,63,4196,4196,4674,4674,32,32,15,15,32,32,1875.000000,3750.000000,3895.000000,1,107.317298,0.360607,0.250901,0.263750,0.021034,0.022606,395,79,79,93,395,79,79,198,86307,158,158,56526,3.332870,0.019557,1.279534,4.206594
blackout_only,750.0,600.0,1800.0,4000.0,120.0,500.0,1,64,4196,4196,4674,4674,32,32,15,15,32,32,1875.000000,3750.000000,3895.000000,1,107.294049,0.360743,0.251026,0.263297,0.021084,0.022660,395,79,79,71,395,79,79,135,86290,158,158,56436,3.086551,0.019854,1.280429,3.570206
with_repeater,750.0,600.0,1800.0,4000.0,120.0,500.0,1,64,4196,4196,4674,4674,32,32,15,15,32,32,1875.000000,3750.000000,3895.000000,1,107.327177,0.360700,0.250972,0.263275,0.021089,0.022650,395,79,79,105,395,79,79,199,86290,158,158,56526,3.333976,0.019943,1.280707,4.206022
blackout_only,750.0,600.0,1800.0,4000.0,120.0,500.0,1,65,4196,4196,4674,4674,32,32,15,15,32,32,1875.000000,3750.000000,3895.000000,1,107.308085,0.361332,0.251063,0.264026,0.021071,0.022622,395,79,79,71,395,79,79,134,86290,158,158,56436,3.086089,0.019960,1.279973,3.569567
with_repeater,750.0,600.0,1800.0,4000.0,120.0,500.0,1,65,4196,4196,4674,4674,32,32,15,15,32,32,1875.000000,3750.000000,3895.000000,1,107.335761,0.361447,0.250959,0.263794,0.021088,0.022621,395,79,79,100,395,79,79,201,86290,158,158,56526,3.334915,0.019739,1.280547,4.228587
blackout_only,750.0,600.0,1800.0,4000.0,120.0,500.0,1,66,4196,4196,4674,4674,32,32,15,15,32,32,1875.000000,3750.000000,3895.000000,1,107.331859,0.361157,0.250985,0.263625,0.021065,0.022664,395,79,79,67,395,79,79,135,86290,158,158,56436,3.086026,0.019845,1.279302,3.582783
with_repeater,750.0,600.0,1800.0,4000.0,120.0,500.0,1,66,4196,4196,4674,4674,32,32,15,15,32,32,1875.000000,3750.000000,3895.000000,1,107.319847,0.361139,0.251126,0.263748,0.021059,0.022672,395,79,79,107,395,79,79,201,86290,158,158,56526,3.334407,0.019924,1.279398,4.246338
blackout_only,750.0,600.0,1800.0,4000.0,120.0,500.0,1,67,4196,4196,4674,4674,32,32,15,15,32,32,1875.000000,3750.000000,3895.000000,1,107.370768,0.362863,0.251033,0.263876,0.021063,0.022637,395,79,79,75,395,79,79,134,86290,158,158,56436,3.086963,0.019777,1.280014,3.569515
with_repeater,750.0,600.0,1800.0,4000.0,120.0,500.0,1,67,4197,4197,4674,4674,32,32,15,15,32,32,1875.000000,3750.000000,3895.000000,1,107.356017,0.360669,0.250869,0.263755,0.021078,0.022694,395,79,79,105,395,79,79,201,86310,158,158,56526,3.332930,0.019699,1.280261,4.244533
blackout_only,750.0,600.0,1800.0,4000.0,120.0,500.0,1,68,4196,4196,4674,4674,32,32,15,15,32,32,1875.000000,3750.000000,3895.000000,1,107.402141,0.361920,0.250997,0.263975,0.021071,0.022639,395,79,79,71,395,79,79,134,86290,158,158,56436,3.085611,0.020223,1.280729,3.570194
with_repeater,750.0,600.0,1800.0,4000.0,120.0,500.0,1,68,4196,4196,4674,4674,32,32,15,15,32,32,1875.000000,3750.000000,3895.000000,1,107.439356,0.360963,0.251053,0.263734,0.021087,0.022724,395,79,79,101,395,79,79,199,86290,158,158,56526,3.333654,0.019945,1.280632,4.206170
blackout_only,750.0,600.0,1800.0,4000.0,120.0,500.0,1,69,4196,4196,4674,4674,32,32,15,15,32,32,1875.000000,3750.000000,3895.000000,1,107.259614,0.360650,0.250957,0.263495,0.021065,0.022640,395,79,79,65,395,79,79,134,86290,158,158,56436,3.085742,0.020158,1.281137,3.582445
with_repeater,750.0,600.0,1800.0,4000.0,120.0,500.0,1,69,4196,4196,4674,4674,32,32,15,15,32,32,1875.000000,3750.000000,3895.000000,1,107.245102,0.359683,0.250934,0.263398,0.021051,0.022644,395,79,79,99,395,79,79,199,86300,158,158,56526,3.334788,0.020179,1.280065,4.203693
blackout_only,750.0,600.0,1800.0,4000.0,120.0,500.0,1,70,4197,4197,4674,4674,32,32,15,15,32,32,1875.000000,3750.000000,3895.000000,1,107.330474,0.359856,0.250856,0.263748,0.021059,0.022654,395,79,79,73,395,79,79,134,86310,158,158,56436,3.085749,0.020418,1.280110,3.556149
with_repeater,750.0,600.0,1800.0,4000.0,120.0,500.0,1,70,4197,4197,4674,4674,32,32,15,15,32,32,1875.000000,3750.000000,3895.000000,1,107.255661,0.361054,0.250887,0.263542,0.021062,0.022711,395,79,79,113,395,79,79,199,86310,158,158,56526,3.335705,0.019891,1.280041,4.214546
blackout_only,750.0,600.0,1800.0,4000.0,120.0,500.0,1,71,4196,4196,4674,4674,32,32,15,15,32,32,1875.000000,3750.000000,3895.000000,1,107.435770,0.362627,0.250987,0.263918,0.021051,0.022607,395,79,79,80,395,79,79,133,86290,158,158,56436,3.085769,0.019777,1.279717,3.555378
with_repeater,750.0,600.0,1800.0,4000.0,120.0,500.0,1,71,4196,4196,4674,4674,32,32,15,15,32,32,1875.000000,3750.000000,3895.000000,1,107.373845,0.361835,0.250922,0.263557,0.021049,0.022631,395,79,79,106,395,79,79,200,86300,158,158,56526,3.332591,0.020063,1.279700,4.229349
blackout_only,750.0,600.0,1800.0,4000.0,120.0,500.0,1,72,4196,4196,4674,4674,32,32,15,15,32,32,1875.000000,3750.000000,3895.000000,1,107.350969,0.361027,0.251044,0.264317,0.021061,0.022669,395,79,79,61,395,79,79,133,86290,158,158,56436,3.086325,0.019713,1.280115,3.542856
with_repeater,750.0,600.0,1800.0,4000.0,120.0,500.0,1,72,4196,4196,4674,4674,32,32,15,15,32,32,1875.000000,3750.000000,3895.000000,1,107.322856,0.359743,0.251185,0.264065,0.021062,0.022651,395,79,79,90,395,79,79,198,86290,158,158,56526,3.333695,0.019891,1.280255,4.205651
blackout_only,750.0,600.0,1800.0,4000.0,120.0,500.0,1,73,4196,4196,4674,4674,32,32,15,15,32,32,1875.000000,3750.000000,3895.000000,1,107.219036,0.359999,0.250909,0.264063,0.021060,0.022654,395,79,79,61,395,79,79,133,86306,158,158,56436,3.086528,0.020088,1.280707,3.557578
with_repeater,750.0,600.0,1800.0,4000.0,120.0,500.0,1,73,4197,4197,4674,4674,32,32,15,15,32,32,1875.000000,3750.000000,3895.000000,1,107.250765,0.360197,0.250786,0.263928,0.021079,0.022695,395,79,79,101,395,79,79,200,86310,158,158,56526,3.333164,0.019743,1.279195,4.244937
blackout_only,750.0,600.0,1800.0,4000.0,120.0,500.0,1,74,4197,4197,4674,4674,32,32,15,15,32,32,1875.000000,3750.000000,3895.000000,1,107.338722,0.361263,0.250735,0.263412,0.021073,0.022674,395,79,79,72,395,79,79,134,86310,158,158,56436,3.086185,0.019730,1.280709,3.542815
with_repeater,750.0,600.0,1800.0,4000.0,120.0,500.0,1,74,4197,4197,4674,4674,32,32,15,15,32,32,1875.000000,3750.000000,3895.000000,1,107.386865,0.361103,0.250867,0.263609,0.021054,0.022633,395,79,79,114,395,79,79,201,86310,158,158,56526,3.332582,0.019507,1.280124,4.229491
blackout_only,750.0,600.0,1800.0,4000.0,120.0,500.0,1,75,4196,4196,4674,4674,32,32,15,15,32,32,1875.000000,3750.000000,3895.000000,1,107.302254,0.359700,0.251033,0.263727,0.021070,0.022662,395,79,79,70,395,79,79,135,86290,158,158,56436,3.085276,0.019850,1.280284,3.597685
with_repeater,750.0,600.0,1800.0,4000.0,120.0,500.0,1,75,4196,4196,4674,4674,32,32,15,15,32,32,1875.000000,3750.000000,3895.000000,1,107.179945,0.360342,0.250892,0.263793,0.021064,0.022675,395,79,79,102,395,79,79,201,86310,158,158,56526,3.330830,0.020020,1.280624,4.242841
blackout_only,750.0,600.0,1800.0,4000.0,120.0,500.0,1,76,4196,4196,4674,4674,32,32,15,15,32,32,1875.000000,3750.000000,3895.000000,1,107.246272,0.360875,0.251242,0.264018,0.021084,0.022683,395,79,79,62,395,79,79,133,86290,158,158,56436,3.086920,0.020113,1.280210,3.569661
with_repeater,750.0,600.0,1800.0,4000.0,120.0,500.0,1,76,4196,4196,4674,4674,32,32,15,15,32,32,1875.000000,3750.000000,3895.000000,1,107.211650,0.359771,0.251127,0.263958,0.021083,0.022684,395,79,79,91,395,79,79,199,86290,158,158,56526,3.334883,0.020115,1.279995,4.216455
blackout_only,750.0,600.0,1800.0,4000.0,120.0,500.0,1,77,4196,4196,4674,4674,32,32,15,15,32,32,1875.000000,3750.000000,3895.000000,1,107.213132,0.359996,0.250911,0.263682,0.021067,0.022671,395,79,79,62,395,79,79,133,86306,158,158,56436,3.087218,0.019984,1.281249,3.530033
with_repeater,750.0,600.0,1800.0,4000.0,120.0,500.0,1,77,4196,4196,4674,4674,32,32,15,15,32,32,1875.000000,3750.000000,3895.000000,1,107.221008,0.359608,0.250983,0.263747,0.021079,0.022683,395,79,79,99,395,79,79,198,86290,158,158,56526,3.333678,0.020291,1.280265,4.204049
blackout_only,750.0,600.0,1800.0,4000.0,120.0,500.0,1,78,4196,4196,4674,4674,32,32,15,15,32,32,1875.000000,3750.000000,3895.000000,1,107.191102,0.360013,0.251036,0.263799,0.021073,0.022640,395,79,79,69,395,79,79,133,86290,158,158,56436,3.087002,0.020309,1.280160,3.557467
with_repeater,750.0,600.0,1800.0,4000.0,120.0,500.0,1,78,4196,4196,4674,4674,32,32,15,15,32,32,1875.000000,3750.000000,3895.000000,1,107.114349,0.358380,0.251033,0.264010,0.021074,0.022689,395,79,79,111,395,79,79,200,86290,158,158,56526,3.333838,0.020401,1.280255,4.246621
blackout_only,750.0,600.0,1800.0,4000.0,120.0,500.0,1,79,4196,4196,4674,4674,32,32,15,15,32,32,1875.000000,3750.000000,3895.000000,1,107.428405,0.361878,0.251115,0.263729,0.021073,0.022600,395,79,79,74,395,79,79,134,86290,158,158,56436,3.087798,0.019384,1.279676,3.569955
with_repeater,750.0,600.0,1800.0,4000.0,120.0,500.0,1,79,4196,4196,4674,4674,32,32,15,15,32,32,1875.000000,3750.000000,3895.000000,1,107.340323,0.359573,0.251349,0.263864,0.021057,0.022594,395,79,79,113,395,79,79,200,86290,158,158,56526,3.335601,0.019747,1.280201,4.243167
blackout_only,750.0,600.0,1800.0,4000.0,120.0,500.0,1,80,4196,4196,4674,4674,32,32,15,15,32,32,1875.000000,3750.000000,3895.000000,1,107.285157,0.360237,0.250970,0.263462,0.021078,0.022643,395,79,79,70,395,79,79,134,86290,158,158,56436,3.085784,0.019920,1.280619,3.543315
with_repeater,750.0,600.0,1800.0,4000.0,120.0,500.0,1,80,4197,4197,4674,4674,32,32,15,15,32,32,1875.000000,3750.000000,3895.000000,1,107.321213,0.360390,0.250885,0.263476,0.021089,0.022675,395,79,79,92,395,79,79,200,86310,158,158,56526,3.331701,0.020320,1.280651,4.230413
blackout_only,750.0,600.0,1800.0,4000.0,120.0,500.0,1,81,4196,4196,4674,4674,32,32,15,15,32,32,1875.000000,3750.000000,3895.000000,1,107.267284,0.361285,0.251175,0.263942,0.021084,0.022611,395,79,79,68,395,79,79,134,86290,158,158,56436,3.085870,0.019461,1.279893,3.568844
with_repeater,750.0,600.0,1800.0,4000.0,120.0,500.0,1,81,4196,4196,4674,4674,32,32,15,15,32,32,1875.000000,3750.000000,3895.000000,1,107.256946,0.361184,0.251107,0.263628,0.021082,0.022658,395,79,79,100,395,79,79,199,86290,158,158,56526,3.333923,0.020005,1.281337,4.216590
blackout_only,750.0,600.0,1800.0,4000.0,120.0,500.0,1,82,4196,4196,4674,4674,32,32,15,15,32,32,1875.000000,3750.000000,3895.000000,1,107.313186,0.360607,0.250924,0.263704,0.021061,0.022613,395,79,79,67,395,79,79,132,86300,158,158,56436,3.085721,0.019876,1.280636,3.530342
with_repeater,750.0,600.0,1800.0,4000.0,120.0,500.0,1,82,4196,4196,4674,4674,32,32,15,15,32,32,1875.000000,3750.000000,3895.000000,1,107.258257,0.361253,0.251090,0.263947,0.021073,0.022683,395,79,79,105,395,79,79,199,86290,158,158,56526,3.332313,0.020108,1.280374,4.233913
blackout_only,750.0,600.0,1800.0,4000.0,120.0,500.0,1,83,4196,4196,4674,4674,32,32,15,15,32,32,1875.000000,3750.000000,3895.000000,1,107.291202,0.360266,0.250995,0.263627,0.021071,0.022672,395,79,79,74,395,79,79,133,86290,158,158,56436,3.088316,0.020046,1.279440,3.543463
with_repeater,750.0,600.0,1800.0,4000.0,120.0,500.0,1,83,4196,4196,4674,4674,32,32,15,15,32,32,1875.000000,3750.000000,3895.000000,1,107.354683,0.361068,0.251177,0.263900,0.021079,0.022651,395,79,79,107,395,79,79,199,86290,158,158,56526,3.332924,0.020228,1.279503,4.187612
blackout_only,750.0,600.0,1800.0,4000.0,120.0,500.0,1,84,4196,4196,4674,4674,32,32,15,15,32,32,1875.000000,3750.000000,3895.000000,1,107.434160,0.363750,0.251020,0.263464,0.021046,0.022608,395,79,79,76,395,79,79,134,86290,158,158,56436,3.086548,0.019761,1.279975,3.582598
with_repeater,750.0,600.0,1800.0,4000.0,120.0,500.0,1,84,4196,4196,4674,4674,32,32,15,15,32,32,1875.000000,3750.000000,3895.000000,1,107.396523,0.363145,0.251125,0.263594,0.021049,0.022664,395,79,79,99,395,79,79,200,86290,158,158,56526,3.333622,0.019661,1.280638,4.226760
blackout_only,750.0,600.0,1800.0,4000.0,120.0,500.0,1,85,4197,4197,4674,4674,32,32,15,15,32,32,1875.000000,3750.000000,3895.000000,1,107.348069,0.361686,0.250656,0.263711,0.021084,0.022677,395,79,79,81,395,79,79,133,86310,158,158,56436,3.085669,0.020035,1.280273,3.557148
with_repeater,750.0,600.0,1800.0,4000.0,120.0,500.0,1,85,4197,4197,4674,4674,32,32,15,15,32,32,1875.000000,3750.000000,3895.000000,1,107.285445,0.360993,0.250829,0.263849,0.021079,0.022645,395,79,79,110,395,79,79,201,86310,158,158,56526,3.331781,0.019815,1.280078,4.241889
blackout_only,750.0,600.0,1800.0,4000.0,120.0,500.0,1,86,4196,4196,4674,4674,32,32,15,15,32,32,1875.000000,3750.000000,3895.000000,1,107.337292,0.361361,0.251314,0.264027,0.021072,0.022666,395,79,79,53,395,79,79,135,86290,158,158,56436,3.084795,0.020104,1.279489,3.596029
with_repeater,750.0,600.0,1800.0,4000.0,120.0,500.0,1,86,4196,4196,4674,4674,32,32,15,15,32,32,1875.000000,3750.000000,3895.000000,1,107.295265,0.360695,0.251185,0.264046,0.021065,0.022646,395,79,79,90,395,79,79,201,86290,158,158,56526,3.333309,0.019967,1.279990,4.242531
blackout_only,750.0,600.0,1800.0,4000.0,120.0,500.0,1,87,4196,4196,4674,4674,32,32,15,15,32,32,1875.000000,3750.000000,3895.000000,1,107.340430,0.362315,0.250980,0.263674,0.021056,0.022679,395,79,79,76,395,79,79,135,86290,158,158,56436,3.086291,0.020404,1.279825,3.582540
with_repeater,750.0,600.0,1800.0,4000.0,120.0,500.0,1,87,4196,4196,4674,4674,32,32,15,15,32,32,1875.000000,3750.000000,3895.000000,1,107.325499,0.361644,0.250971,0.263465,0.021076,0.022655,395,79,79,103,395,79,79,199,86290,158,158,56526,3.332896,0.020052,1.279982,4.216562
blackout_only,750.0,600.0,1800.0,4000.0,120.0,500.0,1,88,4196,4196,4674,4674,32,32,15,15,32,32,1875.000000,3750.000000,3895.000000,1,107.320464,0.361307,0.251078,0.263827,0.021045,0.022560,395,79,79,84,395,79,79,132,86290,158,158,56436,3.086734,0.019654,1.280269,3.556764
with_repeater,750.0,600.0,1800.0,4000.0,120.0,500.0,1,88,4196,4196,4674,4674,32,32,15,15,32,32,1875.000000,3750.000000,3895.000000,1,107.284262,0.361240,0.250932,0.263442,0.021059,0.022587,395,79,79,103,395,79,79,198,86299,158,158,56526,3.333540,0.020036,1.280479,4.219405
blackout_only,750.0,600.0,1800.0,4000.0,120.0,500.0,1,89,4196,4196,4674,4674,32,32,15,15,32,32,1875.000000,3750.000000,3895.000000,1,107.234467,0.360561,0.251095,0.263945,0.021074,0.022681,395,79,79,79,395,79,79,135,86290,158,158,56436,3.086043,0.019796,1.280207,3.596442
with_repeater,750.0,600.0,1800.0,4000.0,120.0,500.0,1,89,4197,4197,4674,4674,32,32,15,15,32,32,1875.000000,3750.000000,3895.000000,1,107.246492,0.360722,0.250845,0.263698,0.021079,0.022675,395,79,79,106,395,79,79,201,86310,158,158,56526,3.332637,0.019873,1.280424,4.257545
blackout_only,1342.0,600.0,300.0,4000.0,120.0,500.0,1,40,6160,6160,6861,6861,56,56,3,3,57,57,3355.000000,6710.000000,6855.000000,1,91.679697,0.359103,0.250953,0.263958,0.021079,0.022653,580,116,116,134,580,116,116,261,126680,232,232,82944,6.544650,0.020126,1.280218,8.459443
with_repeater,1342.0,600.0,300.0,4000.0,120.0,500.0,1,40,6160,6160,6861,6861,56,56,3,3,57,57,3355.000000,6710.000000,6855.000000,1,91.696384,0.360037,0.250980,0.263782,0.021079,0.022711,580,116,116,149,580,116,116,279,126680,232,232,82962,6.577825,0.019977,1.280029,8.719385
blackout_only,1342.0,600.0,300.0,4000.0,120.0,500.0,1,41,6160,6160,6861,6861,56,56,3,3,57,57,3355.000000,6710.000000,6855.000000,1,91.551768,0.361231,0.251061,0.263810,0.021052,0.022616,580,116,116,132,580,116,116,261,126680,232,232,82944,6.545466,0.019792,1.279926,8.458515
with_repeater,1342.0,600.0,300.0,4000.0,120.0,500.0,1,41,6160,6160,6861,6861,56,56,3,3,57,57,3355.000000,6710.000000,6855.000000,1,91.593427,0.360654,0.251010,0.263696,0.021040,0.022623,580,116,116,137,580,116,116,279,126680,232,232,82962,6.578085,0.019513,1.280271,8.719802
blackout_only,1342.0,600.0,300.0,4000.0,120.0,500.0,1,42,6160,6160,6861,6861,56,56,3,3,57,57,3355.000000,6710.000000,6855.000000,1,91.723112,0.361931,0.251085,0.263661,0.021068,0.022660,580,116,116,122,580,116,116,261,126680,232,232,82944,6.544746,0.020108,1.279603,8.457932
with_repeater,1342.0,600.0,300.0,4000.0,120.0,500.0,1,42,6160,6160,6861,6861,56,56,3,3,57,57,3355.000000,6710.000000,6855.000000,1,91.631282,0.360563,0.251024,0.263746,0.021064,0.022687,580,116,116,137,580,116,116,279,126680,232,232,82962,6.578177,0.020098,1.280005,8.718705
blackout_only,1342.0,600.0,300.0,4000.0,120.0,500.0,1,43,6160,6160,6861,6861,56,56,3,3,57,57,3355.000000,6710.000000,6855.000000,1,91.655080,0.361163,0.251121,0.264048,0.021073,0.022688,580,116,116,132,580,116,116,261,126680,232,232,82944,6.544546,0.020264,1.280335,8.457647
with_repeater,1342.0,600.0,300.0,4000.0,120.0,500.0,1,43,6160,6160,6861,6861,56,56,3,3,57,57,3355.000000,6710.000000,6855.000000,1,91.656218,0.361469,0.251115,0.264243,0.021084,0.022692,580,116,116,146,580,116,116,279,126680,232,232,82962,6.577891,0.020189,1.280055,8.717933
blackout_only,1342.0,600.0,300.0,4000.0,120.0,500.0,1,44,6160,6160,6861,6861,56,56,3,3,57,57,3355.000000,6710.000000,6855.000000,1,91.590942,0.359859,0.251117,0.263781,0.021089,0.022653,580,116,116,116,580,116,116,261,126680,232,232,82944,6.543630,0.020092,1.280354,8.458359
with_repeater,1342.0,600.0,300.0,4000.0,120.0,500.0,1,44,6160,6160,6861,6861,56,56,3,3,57,57,3355.000000,6710.000000,6855.000000,1,91.610770,0.360039,0.250983,0.263631,0.021089,0.022653,580,116,116,136,580,116,116,279,126680,232,232,82962,6.577566,0.020213,1.280952,8.718276
blackout_only,1342.0,600.0,300.0,4000.0,120.0,500.0,1,45,6160,6160,6861,6861,56,56,3,3,57,57,3355.000000,6710.000000,6855.000000,1,91.469355,0.359496,0.250972,0.263634,0.021061,0.022610,580,116,116,127,580,116,116,261,126680,232,232,82944,6.545094,0.020108,1.279992,8.459110
with_repeater,1342.0,600.0,300.0,4000.0,120.0,500.0,1,45,6160,6160,6861,6861,56,56,3,3,57,57,3355.000000,6710.000000,6855.000000,1,91.462902,0.358648,0.250936,0.263920,0.021067,0.022638,580,116,116,147,580,116,116,279,126680,232,232,82962,6.577902,0.020016,1.280091,8.718342
blackout_only,1342.0,600.0,300.0,4000.0,120.0,500.0,1,46,6160,6160,6861,6861,56,56,3,3,57,57,3355.000000,6710.000000,6855.000000,1,91.434904,0.358757,0.251045,0.263851,0.021065,0.022634,580,116,116,128,580,116,116,261,126680,232,232,82944,6.545298,0.019954,1.280013,8.459068
with_repeater,1342.0,600.0,300.0,4000.0,120.0,500.0,1,46,6160,6160,6861,6861,56,56,3,3,57,57,3355.000000,6710.000000,6855.000000,1,91.481147,0.358424,0.250967,0.263730,0.021062,0.022636,580,116,116,144,580,116,116,279,126680,232,232,82962,6.578129,0.020011,1.280196,8.719111
blackout_only,1342.0,600.0,300.0,4000.0,120.0,500.0,1,47,6160,6160,6861,6861,56,56,3,3,57,57,3355.000000,6710.000000,6855.000000,1,91.514758,0.359565,0.250992,0.263792,0.021084,0.022652,580,116,116,137,580,116,116,261,126680,232,232,82944,6.545049,0.019848,1.279541,8.458807
with_repeater,1342.0,600.0,300.0,4000.0,120.0,500.0,1,47,6160,6160,6861,6861,56,56,3,3,57,57,3355.000000,6710.000000,6855.000000,1,91.534238,0.359967,0.250854,0.263599,0.021074,0.022646,580,116,116,155,580,116,116,279,126680,232,232,82962,6.577668,0.019539,1.280126,8.719886
blackout_only,1342.0,600.0,300.0,4000.0,120.0,500.0,1,48,6160,6160,6861,6861,56,56,3,3,57,57,3355.000000,6710.000000,6855.000000,1,91.595240,0.360999,0.250998,0.263569,0.021065,0.022641,580,116,116,135,580,116,116,261,126680,232,232,82944,6.544025,0.019782,1.280138,8.459171
with_repeater,1342.0,600.0,300.0,4000.0,120.0,500.0,1,48,6160,6160,6861,6861,56,56,3,3,57,57,3355.000000,6710.000000,6855.000000,1,91.572970,0.360333,0.250908,0.263463,0.021077,0.022658,580,116,116,154,580,116,116,279,126680,232,232,82962,6.577126,0.019884,1.279810,8.719147
blackout_only,1342.0,600.0,300.0,4000.0,120.0,500.0,1,49,6160,6160,6861,6861,56,56,3,3,57,57,3355.000000,6710.000000,6855.000000,1,91.622680,0.360777,0.250941,0.263495,0.021058,0.022658,580,116,116,138,580,116,116,261,126680,232,232,82944,6.544432,0.019563,1.280735,8.457763
with_repeater,1342.0,600.0,300.0,4000.0,120.0,500.0,1,49,6160,6160,6861,6861,56,56,3,3,57,57,3355.000000,6710.000000,6855.000000,1,91.645825,0.361522,0.250942,0.263353,0.021059,0.022647,580,116,116,151,580,116,116,279,126680,232,232,82962,6.576976,0.019435,1.280495,8.718693
blackout_only,1342.0,600.0,300.0,4000.0,120.0,500.0,1,50,6159,6159,6861,6861,56,56,3,3,57,57,3355.000000,6710.000000,6855.000000,1,91.655746,0.360997,0.251240,0.263800,0.021070,0.022691,580,116,116,130,580,116,116,261,126660,232,232,82944,6.545557,0.020148,1.280046,8.458048
with_repeater,1342.0,600.0,300.0,4000.0,120.0,500.0,1,50,6159,6159,6861,6861,56,56,3,3,57,57,3355.000000,6710.000000,6855.000000,1,91.706232,0.361822,0.251165,0.263730,0.021083,0.022714,580,116,116,139,580,116,116,279,126668,232,232,82962,6.579082,0.020245,1.279939,8.719991
blackout_only,1342.0,600.0,300.0,4000.0,120.0,500.0,1,51,6160,6160,6861,6861,56,56,3,3,57,57,3355.000000,6710.000000,6855.000000,1,91.560329,0.359833,0.251121,0.263908,0.021059,0.022638,580,116,116,129,580,116,116,261,126680,232,232,82944,6.545305,0.020034,1.279720,8.458669
with_repeater,1342.0,600.0,300.0,4000.0,120.0,500.0,1,51,6160,6160,6861,6861,56,56,3,3,57,57,3355.000000,6710.000000,6855.000000,1,91.581635,0.359417,0.251006,0.263710,0.021053,0.022651,580,116,116,143,580,116,116,279,126680,232,232,82962,6.577711,0.019746,1.280397,8.719408
blackout_only,1342.0,600.0,300.0,4000.0,120.0,500.0,1,52,6160,6160,6861,6861,56,56,3,3,57,57,3355.000000,6710.000000,6855.000000,1,91.605761,0.359907,0.251081,0.263652,0.021062,0.022621,580,116,116,124,580,116,116,261,126680,232,232,82944,6.545466,0.020220,1.280395,8.459895
with_repeater,1342.0,600.0,300.0,4000.0,120.0,500.0,1,52,6160,6160,6861,6861,56,56,3,3,57,57,3355.000000,6710.000000,6855.000000,1,91.654729,0.360979,0.250937,0.263405,0.021083,0.022668,580,116,116,135,580,116,116,279,126680,232,232,82962,6.578319,0.020234,1.279844,8.719733
blackout_only,1342.0,600.0,300.0,4000.0,120.0,500.0,1,53,6160,6160,6861,6861,56,56,3,3,57,57,3355.000000,6710.000000,6855.000000,1,91.649114,0.360692,0.251067,0.263570,0.021070,0.022686,580,116,116,137,580,116,116,261,126680,232,232,82944,6.544201,0.019967,1.279599,8.459069
with_repeater,1342.0,600.0,300.0,4000.0,120.0,500.0,1,53,6160,6160,6861,6861,56,56,3,3,57,57,3355.000000,6710.000000,6855.000000,1,91.645800,0.360908,0.250978,0.263728,0.021062,0.022677,580,116,116,139,580,116,116,279,126680,232,232,82962,6.577167,0.020036,1.279500,8.719666
blackout_only,1342.0,600.0,300.0,4000.0,120.0,500.0,1,54,6160,6160,6861,6861,56,56,3,3,57,57,3355.000000,6710.000000,6855.000000,1,91.612782,0.361428,0.250913,0.263692,0.021069,0.022637,580,116,116,146,580,116,116,261,126680,232,232,82944,6.545112,0.019753,1.279341,8.459246
with_repeater,1342.0,600.0,300.0,4000.0,120.0,500.0,1,54,6160,6160,6861,6861,56,56,3,3,57,57,3355.000000,6710.000000,6855.000000,1,91.602876,0.360645,0.250992,0.263745,0.021071,0.022603,580,116,116,152,580,116,116,279,126680,232,232,82962,6.578240,0.019782,1.279524,8.718390
blackout_only,1342.0,600.0,300.0,4000.0,120.0,500.0,1,55,6160,6160,6861,6861,56,56,3,3,57,57,3355.000000,6710.000000,6855.000000,1,91.557581,0.360742,0.251037,0.263636,0.021093,0.022690,580,116,116,121,580,116,116,261,126680,232,232,82944,6.543923,0.019746,1.279854,8.458236
with_repeater,1342.0,600.0,300.0,4000.0,120.0,500.0,1,55,6160,6160,6861,6861,56,56,3,3,57,57,3355.000000,6710.000000,6855.000000,1,91.605620,0.359649,0.251058,0.263637,0.021097,0.022707,580,116,116,118,580,116,116,279,126680,232,232,82962,6.577101,0.019877,1.279392,8.719865
blackout_only,1342.0,600.0,300.0,4000.0,120.0,500.0,1,56,6160,6160,6861,6861,56,56,3,3,57,57,3355.000000,6710.000000,6855.000000,1,91.810163,0.362632,0.251121,0.263729,0.021088,0.022661,580,116,116,128,580,116,116,261,126680,232,232,82944,6.544768,0.019767,1.280160,8.458992
with_repeater,1342.0,600.0,300.0,4000.0,120.0,500.0,1,56,6160,6160,6861,6861,56,56,3,3,57,57,3355.000000,6710.000000,6855.000000,1,91.820739,0.363240,0.250940,0.263580,0.021079,0.022660,580,116,116,139,580,116,116,279,126680,232,232,82962,6.577674,0.020070,1.280336,8.718133
blackout_only,1342.0,600.0,300.0,4000.0,120.0,500.0,1,57,6160,6160,6861,6861,56,56,3,3,57,57,3355.000000,6710.000000,6855.000000,1,91.533111,0.359853,0.251008,0.263581,0.021088,0.022671,580,116,116,149,580,116,116,261,126680,232,232,82944,6.544368,0.019723,1.280053,8.458666
with_repeater,1342.0,600.0,300.0,4000.0,120.0,500.0,1,57,6159,6159,6861,6861,56,56,3,3,57,57,3355.000000,6710.000000,6855.000000,1,91.475996,0.359189,0.251228,0.263734,0.021086,0.022681,580,116,116,140,580,116,116,279,126660,232,232,82962,6.579000,0.019765,1.279770,8.718595
blackout_only,1342.0,600.0,300.0,4000.0,120.0,500.0,1,58,6160,6160,6861,6861,56,56,3,3,57,57,3355.000000,6710.000000,6855.000000,1,91.516366,0.360515,0.251072,0.263913,0.021070,0.022674,580,116,116,148,580,116,116,261,126680,232,232,82944,6.544385,0.020192,1.280178,8.457426
with_repeater,1342.0,600.0,300.0,4000.0,120.0,500.0,1,58,6160,6160,6861,6861,56,56,3,3,57,57,3355.000000,6710.000000,6855.000000,1,91.532909,0.359348,0.251102,0.263825,0.021074,0.022680,580,116,116,151,580,116,116,279,126680,232,232,82962,6.578331,0.020432,1.280243,8.716984
blackout_only,1342.0,600.0,300.0,4000.0,120.0,500.0,1,59,6160,6160,6861,6861,56,56,3,3,57,57,3355.000000,6710.000000,6855.000000,1,91.612470,0.360778,0.250968,0.263574,0.021082,0.022683,580,116,116,127,580,116,116,261,126680,232,232,82944,6.544993,0.019845,1.280345,8.458388
with_repeater,1342.0,600.0,300.0,4000.0,120.0,500.0,1,59,6160,6160,6861,6861,56,56,3,3,57,57,3355.000000,6710.000000,6855.000000,1,91.607072,0.360469,0.251125,0.263689,0.021068,0.022674,580,116,116,144,580,116,116,279,126680,232,232,82962,6.578311,0.019967,1.279996,8.716923
blackout_only,1342.0,600.0,300.0,4000.0,120.0,500.0,1,60,6160,6160,6861,6861,56,56,3,3,57,57,3355.000000,6710.000000,6855.000000,1,91.787617,0.362377,0.250903,0.263904,0.021066,0.022628,580,116,116,135,580,116,116,261,126680,232,232,82944,6.544613,0.020121,1.280656,8.459188
with_repeater,1342.0,600.0,300.0,4000.0,120.0,500.0,1,60,6160,6160,6861,6861,56,56,3,3,57,57,3355.000000,6710.000000,6855.000000,1,91.781664,0.362078,0.251067,0.263868,0.021063,0.022631,580,116,116,145,580,116,116,279,126680,232,232,82962,6.577628,0.020077,1.280217,8.719380
blackout_only,1342.0,600.0,300.0,4000.0,120.0,500.0,1,61,6160,6160,6861,6861,56,56,3,3,57,57,3355.000000,6710.000000,6855.000000,1,91.682361,0.361011,0.251079,0.263752,0.021058,0.022638,580,116,116,140,580,116,116,261,126680,232,232,82944,6.545856,0.020000,1.278847,8.459003
with_repeater,1342.0,600.0,300.0,4000.0,120.0,500.0,1,61,6160,6160,6861,6861,56,56,3,3,57,57,3355.000000,6710.000000,6855.000000,1,91.661654,0.360635,0.251025,0.263770,0.021075,0.022668,580,116,116,139,580,116,116,279,126680,232,232,82962,6.578989,0.019927,1.278881,8.719613
blackout_only,1342.0,600.0,300.0,4000.0,120.0,500.0,1,62,6160,6160,6861,6861,56,56,3,3,57,57,3355.000000,6710.000000,6855.000000,1,91.681037,0.361245,0.250892,0.263678,0.021085,0.022656,580,116,116,133,580,116,116,261,126680,232,232,82944,6.545006,0.020117,1.280106,8.459203
with_repeater,1342.0,600.0,300.0,4000.0,120.0,500.0,1,62,6159,6159,6861,6861,56,56,3,3,57,57,3355.000000,6710.000000,6855.000000,1,91.657732,0.360214,0.251142,0.263966,0.021067,0.022627,580,116,116,139,580,116,116,279,126678,232,232,82962,6.578780,0.020079,1.279896,8.718696
blackout_only,1342.0,600.0,300.0,4000.0,120.0,500.0,1,63,6160,6160,6861,6861,56,56,3,3,57,57,3355.000000,6710.000000,6855.000000,1,91.594890,0.360624,0.251016,0.263725,0.021056,0.022650,580,116,116,129,580,116,116,261,126680,232,232,82944,6.544928,0.020010,1.279399,8.458012
with_repeater,1342.0,600.0,300.0,4000.0,120.0,500.0,1,63,6160,6160,6861,6861,56,56,3,3,57,57,3355.000000,6710.000000,6855.000000,1,91.636894,0.359714,0.250791,0.263557,0.021051,0.022649,580,116,116,142,580,116,116,279,126690,232,232,82962,6.577860,0.019801,1.279215,8.717792
blackout_only,1342.0,600.0,300.0,4000.0,120.0,500.0,1,64,6160,6160,6861,6861,56,56,3,3,57,57,3355.000000,6710.000000,6855.000000,1,91.631240,0.361326,0.251027,0.263820,0.021072,0.022657,580,116,116,132,580,116,116,261,126680,232,232,82944,6.545171,0.019903,1.279807,8.459140
with_repeater,1342.0,600.0,300.0,4000.0,120.0,500.0,1,64,6160,6160,6861,6861,56,56,3,3,57,57,3355.000000,6710.000000,6855.000000,1,91.642682,0.361670,0.250933,0.263669,0.021072,0.022648,580,116,116,141,580,116,116,279,126680,232,232,82962,6.578177,0.019742,1.280254,8.719968
blackout_only,1342.0,600.0,300.0,4000.0,120.0,500.0,1,65,6160,6160,6861,6861,56,56,3,3,57,57,3355.000000,6710.000000,6855.000000,1,91.642206,0.360686,0.250861,0.263725,0.021068,0.022659,580,116,116,147,580,116,116,261,126680,232,232,82944,6.544194,0.019890,1.279799,8.457731
with_repeater,1342.0,600.0,300.0,4000.0,120.0,500.0,1,65,6160,6160,6861,6861,56,56,3,3,57,57,3355.000000,6710.000000,6855.000000,1,91.650376,0.360636,0.250860,0.263639,0.021074,0.022624,580,116,116,154,580,116,116,279,126680,232,232,82962,6.577817,0.019780,1.279993,8.718348
blackout_only,1342.0,600.0,300.0,4000.0,120.0,500.0,1,66,6160,6160,6861,6861,56,56,3,3,57,57,3355.000000,6710.000000,6855.000000,1,91.679932,0.360650,0.251077,0.263907,0.021071,0.022658,580,116,116,139,580,116,116,261,126680,232,232,82944,6.545091,0.020099,1.279931,8.458515
with_repeater,1342.0,600.0,300.0,4000.0,120.0,500.0,1,66,6160,6160,6861,6861,56,56,3,3,57,57,3355.000000,6710.000000,6855.000000,1,91.671752,0.361547,0.251028,0.263809,0.021059,0.022661,580,116,116,162,580,116,116,279,126680,232,232,82962,6.578978,0.020011,1.279582,8.720190
blackout_only,1342.0,600.0,300.0,4000.0,120.0,500.0,1,67,6160,6160,6861,6861,56,56,3,3,57,57,3355.000000,6710.000000,6855.000000,1,91.581033,0.359428,0.250859,0.263490,0.021089,0.022726,580,116,116,144,580,116,116,261,126680,232,232,82944,6.544970,0.019964,1.279887,8.457401
with_repeater,1342.0,600.0,300.0,4000.0,120.0,500.0,1,67,6160,6160,6861,6861,56,56,3,3,57,57,3355.000000,6710.000000,6855.000000,1,91.633006,0.360457,0.250901,0.263772,0.021087,0.022688,580,116,116,153,580,116,116,279,126680,232,232,82962,6.577870,0.020083,1.279480,8.718414
blackout_only,1342.0,600.0,300.0,4000.0,120.0,500.0,1,68,6160,6160,6861,6861,56,56,3,3,57,57,3355.000000,6710.000000,6855.000000,1,91.671932,0.360968,0.250956,0.263678,0.021073,0.022647,580,116,116,142,580,116,116,261,126680,232,232,82944,6.544660,0.019938,1.280438,8.458373
with_repeater,1342.0,600.0,300.0,4000.0,120.0,500.0,1,68,6160,6160,6861,6861,56,56,3,3,57,57,3355.000000,6710.000000,6855.000000,1,91.702450,0.362383,0.250973,0.263759,0.021078,0.022670,580,116,116,153,580,116,116,279,126680,232,232,82962,6.577894,0.019977,1.279982,8.719707
blackout_only,1342.0,600.0,300.0,4000.0,120.0,500.0,1,69,6160,6160,6861,6861,56,56,3,3,57,57,3355.000000,6710.000000,6855.000000,1,91.590598,0.360139,0.251027,0.263677,0.021057,0.022643,580,116,116,128,580,116,116,261,126680,232,232,82944,6.544705,0.019886,1.279473,8.459233
with_repeater,1342.0,600.0,300.0,4000.0,120.0,500.0,1,69,6160,6160,6861,6861,56,56,3,3,57,57,3355.000000,6710.000000,6855.000000,1,91.604332,0.359836,0.251027,0.263977,0.021054,0.022616,580,116,116,138,580,116,116,279,126680,232,232,82962,6.576992,0.019823,1.280193,8.719691
blackout_only,1342.0,600.0,300.0,4000.0,120.0,500.0,1,70,6160,6160,6861,6861,56,56,3,3,57,57,3355.000000,6710.000000,6855.000000,1,91.641118,0.361666,0.250874,0.263777,0.021065,0.022665,580,116,116,136,580,116,116,261,126680,232,232,82944,6.544060,0.020050,1.279314,8.458645
with_repeater,1342.0,600.0,300.0,4000.0,120.0,500.0,1,70,6160,6160,6861,6861,56,56,3,3,57,57,3355.000000,6710.000000,6855.000000,1,91.623678,0.361181,0.251065,0.263664,0.021068,0.022650,580,116,116,146,580,116,116,279,126680,232,232,82962,6.578332,0.019720,1.279577,8.719050
blackout_only,1342.0,600.0,300.0,4000.0,120.0,500.0,1,71,6160,6160,6861,6861,56,56,3,3,57,57,3355.000000,6710.000000,6855.000000,1,91.602857,0.359738,0.250945,0.263614,0.021076,0.022670,580,116,116,135,580,116,116,261,126680,232,232,82944,6.544923,0.020084,1.279900,8.459453
with_repeater,1342.0,600.0,300.0,4000.0,120.0,500.0,1,71,6160,6160,6861,6861,56,56,3,3,57,57,3355.000000,6710.000000,6855.000000,1,91.632106,0.360695,0.251026,0.263796,0.021074,0.022661,580,116,116,152,580,116,116,279,126680,232,232,82962,6.577409,0.019950,1.280398,8.719410
blackout_only,1342.0,600.0,300.0,4000.0,120.0,500.0,1,72,6160,6160,6861,6861,56,56,3,3,57,57,3355.000000,6710.000000,6855.000000,1,91.547047,0.361105,0.251028,0.263580,0.021057,0.022664,580,116,116,144,580,116,116,261,126680,232,232,82944,6.544259,0.019899,1.280068,8.458167
with_repeater,1342.0,600.0,300.0,4000.0,120.0,500.0,1,72,6160,6160,6861,6861,56,56,3,3,57,57,3355.000000,6710.000000,6855.000000,1,91.583053,0.360752,0.250999,0.263523,0.021069,0.022683,580,116,116,152,580,116,116,279,126680,232,232,82962,6.577029,0.019991,1.279918,8.719345
blackout_only,1342.0,600.0,300.0,4000.0,120.0,500.0,1,73,6160,6160,6861,6861,56,56,3,3,57,57,3355.000000,6710.000000,6855.000000,1,91.634796,0.360025,0.250985,0.263520,0.021074,0.022675,580,116,116,148,580,116,116,261,126680,232,232,82944,6.545211,0.019993,1.280189,8.458736
with_repeater,1342.0,600.0,300.0,4000.0,120.0,500.0,1,73,6160,6160,6861,6861,56,56,3,3,57,57,3355.000000,6710.000000,6855.000000,1,91.617461,0.361007,0.250997,0.263885,0.021068,0.022653,580,116,116,159,580,116,116,279,126680,232,232,82962,6.578436,0.019992,1.279716,8.718696
blackout_only,1342.0,600.0,300.0,4000.0,120.0,500.0,1,74,6160,6160,6861,6861,56,56,3,3,57,57,3355.000000,6710.000000,6855.000000,1,91.661915,0.362537,0.251017,0.263720,0.021060,0.022619,580,116,116,128,580,116,116,261,126680,232,232,82944,6.545197,0.019719,1.279628,8.460268
with_repeater,1342.0,600.0,300.0,4000.0,120.0,500.0,1,74,6160,6160,6861,6861,56,56,3,3,57,57,3355.000000,6710.000000,6855.000000,1,91.628244,0.360471,0.250851,0.263684,0.021068,0.022603,580,116,116,137,580,116,116,279,126680,232,232,82962,6.577793,0.019523,1.279794,8.720110
blackout_only,1342.0,600.0,300.0,4000.0,120.0,500.0,1,75,6160,6160,6861,6861,56,56,3,3,57,57,3355.000000,6710.000000,6855.000000,1,91.670201,0.362111,0.250961,0.263671,0.021065,0.022699,580,116,116,138,580,116,116,261,126680,232,232,82944,6.545176,0.019695,1.280027,8.457844
with_repeater,1342.0,600.0,300.0,4000.0,120.0,500.0,1,75,6160,6160,6861,6861,56,56,3,3,57,57,3355.000000,6710.000000,6855.000000,1,91.639406,0.361111,0.250986,0.263734,0.021069,0.022686,580,116,116,142,580,116,116,279,126680,232,232,82962,6.577866,0.019781,1.279833,8.717699
blackout_only,1342.0,600.0,300.0,4000.0,120.0,500.0,1,76,6160,6160,6861,6861,56,56,3,3,57,57,3355.000000,6710.000000,6855.000000,1,91.700544,0.360785,0.251058,0.263571,0.021072,0.022655,580,116,116,124,580,116,116,261,126680,232,232,82944,6.544234,0.020097,1.279425,8.459234
with_repeater,1342.0,600.0,300.0,4000.0,120.0,500.0,1,76,6160,6160,6861,6861,56,56,3,3,57,57,3355.000000,6710.000000,6855.000000,1,91.735897,0.361027,0.250956,0.263709,0.021057,0.022631,580,116,116,129,580,116,116,279,126680,232,232,82962,6.577769,0.020181,1.279506,8.719136
blackout_only,1342.0,600.0,300.0,4000.0,120.0,500.0,1,77,6160,6160,6861,6861,56,56,3,3,57,57,3355.000000,6710.000000,6855.000000,1,91.623471,0.360370,0.251033,0.264078,0.021061,0.022660,580,116,116,147,580,116,116,261,126680,232,232,82944,6.545742,0.020332,1.280094,8.457716
with_repeater,1342.0,600.0,300.0,4000.0,120.0,500.0,1,77,6159,6159,6861,6861,56,56,3,3,57,57,3355.000000,6710.000000,6855.000000,1,91.662992,0.362022,0.251136,0.264055,0.021062,0.022649,580,116,116,151,580,116,116,279,126680,232,232,82962,6.579261,0.020161,1.279934,8.718654
blackout_only,1342.0,600.0,300.0,4000.0,120.0,500.0,1,78,6160,6160,6861,6861,56,56,3,3,57,57,3355.000000,6710.000000,6855.000000,1,91.764506,0.362217,0.250995,0.263769,0.021075,0.022646,580,116,116,136,580,116,116,261,126680,232,232,82944,6.544529,0.019837,1.280202,8.457425
with_repeater,1342.0,600.0,300.0,4000.0,120.0,500.0,1,78,6160,6160,6861,6861,56,56,3,3,57,57,3355.000000,6710.000000,6855.000000,1,91.802229,0.362244,0.250992,0.263660,0.021074,0.022682,580,116,116,143,580,116,116,279,126680,232,232,82962,6.578168,0.020003,1.279963,8.718846
blackout_only,1342.0,600.0,300.0,4000.0,120.0,500.0,1,79,6160,6160,6861,6861,56,56,3,3,57,57,3355.000000,6710.000000,6855.000000,1,91.598970,0.360080,0.251096,0.263929,0.021075,0.022665,580,116,116,142,580,116,116,261,126680,232,232,82944,6.545135,0.020013,1.279706,8.458221
with_repeater,1342.0,600.0,300.0,4000.0,120.0,500.0,1,79,6160,6160,6861,6861,56,56,3,3,57,57,3355.000000,6710.000000,6855.000000,1,91.636172,0.360906,0.251124,0.263842,0.021075,0.022684,580,116,116,146,580,116,116,279,126680,232,232,82962,6.577447,0.019895,1.279764,8.717910
blackout_only,1342.0,600.0,300.0,4000.0,120.0,500.0,1,80,6160,6160,6861,6861,56,56,3,3,57,57,3355.000000,6710.000000,6855.000000,1,91.659638,0.362067,0.251108,0.263855,0.021079,0.022665,580,116,116,142,580,116,116,261,126680,232,232,82944,6.544091,0.020111,1.279991,8.458178
with_repeater,1342.0,600.0,300.0,4000.0,120.0,500.0,1,80,6159,6159,6861,6861,56,56,3,3,57,57,3355.000000,6710.000000,6855.000000,1,91.626306,0.360439,0.251156,0.263733,0.021086,0.022676,580,116,116,149,580,116,116,279,126670,232,232,82962,6.577387,0.020038,1.280370,8.718615
blackout_only,1342.0,600.0,300.0,4000.0,120.0,500.0,1,81,6160,6160,6861,6861,56,56,3,3,57,57,3355.000000,6710.000000,6855.000000,1,91.662226,0.360986,0.250946,0.263520,0.021082,0.022655,580,116,116,138,580,116,116,261,126680,232,232,82944,6.544070,0.019977,1.280559,8.456669
with_repeater,1342.0,600.0,300.0,4000.0,120.0,500.0,1,81,6160,6160,6861,6861,56,56,3,3,57,57,3355.000000,6710.000000,6855.000000,1,91.659777,0.360511,0.250973,0.263669,0.021073,0.022667,580,116,116,156,580,116,116,279,126680,232,232,82962,6.577720,0.019807,1.280569,8.717797
blackout_only,1342.0,600.0,300.0,4000.0,120.0,500.0,1,82,6160,6160,6861,6861,56,56,3,3,57,57,3355.000000,6710.000000,6855.000000,1,91.695109,0.361374,0.251021,0.263807,0.021067,0.022629,580,116,116,137,580,116,116,261,126680,232,232,82944,6.545419,0.019979,1.279916,8.459187
with_repeater,1342.0,600.0,300.0,4000.0,120.0,500.0,1,82,6160,6160,6861,6861,56,56,3,3,57,57,3355.000000,6710.000000,6855.000000,1,91.701643,0.361677,0.250980,0.263578,0.021068,0.022688,580,116,116,153,580,116,116,279,126680,232,232,82962,6.578915,0.019871,1.280054,8.719267
blackout_only,1342.0,600.0,300.0,4000.0,120.0,500.0,1,83,6159,6159,6861,6861,56,56,3,3,57,57,3355.000000,6710.000000,6855.000000,1,91.746420,0.362548,0.251167,0.263679,0.021083,0.022664,580,116,116,151,580,116,116,261,126668,232,232,82944,6.545770,0.020101,1.280137,8.458485
with_repeater,1342.0,600.0,300.0,4000.0,120.0,500.0,1,83,6160,6160,6861,6861,56,56,3,3,57,57,3355.000000,6710.000000,6855.000000,1,91.651502,0.360689,0.251064,0.263618,0.021082,0.022673,580,116,116,154,580,116,116,279,126680,232,232,82962,6.577820,0.020247,1.280513,8.719025
blackout_only,1342.0,600.0,300.0,4000.0,120.0,500.0,1,84,6160,6160,6861,6861,56,56,3,3,57,57,3355.000000,6710.000000,6855.000000,1,91.769982,0.362568,0.251021,0.263846,0.021069,0.022663,580,116,116,141,580,116,116,261,126680,232,232,82944,6.544818,0.020469,1.279988,8.458387
with_repeater,1342.0,600.0,300.0,4000.0,120.0,500.0,1,84,6159,6159,6861,6861,56,56,3,3,57,57,3355.000000,6710.000000,6855.000000,1,91.762425,0.360536,0.251195,0.263691,0.021076,0.022651,580,116,116,152,580,116,116,279,126660,232,232,82962,6.578820,0.020218,1.279930,8.718106
blackout_only,1342.0,600.0,300.0,4000.0,120.0,500.0,1,85,6160,6160,6861,6861,56,56,3,3,57,57,3355.000000,6710.000000,6855.000000,1,91.669755,0.361131,0.250832,0.263554,0.021071,0.022678,580,116,116,128,580,116,116,261,126680,232,232,82944,6.543430,0.019702,1.280481,8.458513
with_repeater,1342.0,600.0,300.0,4000.0,120.0,500.0,1,85,6160,6160,6861,6861,56,56,3,3,57,57,3355.000000,6710.000000,6855.000000,1,91.632668,0.361574,0.250999,0.263519,0.021065,0.022687,580,116,116,142,580,116,116,279,126680,232,232,82962,6.577133,0.019859,1.279938,8.718553
blackout_only,1342.0,600.0,300.0,4000.0,120.0,500.0,1,86,6160,6160,6861,6861,56,56,3,3,57,57,3355.000000,6710.000000,6855.000000,1,91.572229,0.358866,0.251086,0.263728,0.021073,0.022663,580,116,116,126,580,116,116,261,126680,232,232,82944,6.544599,0.020130,1.280368,8.458700
with_repeater,1342.0,600.0,300.0,4000.0,120.0,500.0,1,86,6160,6160,6861,6861,56,56,3,3,57,57,3355.000000,6710.000000,6855.000000,1,91.593815,0.360929,0.251116,0.263630,0.021082,0.022685,580,116,116,127,580,116,116,279,126680,232,232,82962,6.577069,0.020040,1.280551,8.718127
blackout_only,1342.0,600.0,300.0,4000.0,120.0,500.0,1,87,6160,6160,6861,6861,56,56,3,3,57,57,3355.000000,6710.000000,6855.000000,1,91.796934,0.361397,0.250958,0.263925,0.021060,0.022644,580,116,116,136,580,116,116,261,126680,232,232,82944,6.545447,0.020163,1.280228,8.458023
with_repeater,1342.0,600.0,300.0,4000.0,120.0,500.0,1,87,6160,6160,6861,6861,56,56,3,3,57,57,3355.000000,6710.000000,6855.000000,1,91.774701,0.361194,0.250897,0.263837,0.021052,0.022678,580,116,116,145,580,116,116,279,126680,232,232,82962,6.578898,0.019817,1.279989,8.717263
blackout_only,1342.0,600.0,300.0,4000.0,120.0,500.0,1,88,6160,6160,6861,6861,56,56,3,3,57,57,3355.000000,6710.000000,6855.000000,1,91.606594,0.360017,0.250975,0.263608,0.021070,0.022662,580,116,116,141,580,116,116,261,126680,232,232,82944,6.545094,0.019901,1.279949,8.459184
with_repeater,1342.0,600.0,300.0,4000.0,120.0,500.0,1,88,6160,6160,6861,6861,56,56,3,3,57,57,3355.000000,6710.000000,6855.000000,1,91.563437,0.359373,0.250784,0.263546,0.021070,0.022630,580,116,116,146,580,116,116,279,126696,232,232,82962,6.577673,0.019818,1.279742,8.719016
blackout_only,1342.0,600.0,300.0,4000.0,120.0,500.0,1,89,6160,6160,6861,6861,56,56,3,3,57,57,3355.000000,6710.000000,6855.000000,1,91.647062,0.361972,0.250892,0.263665,0.021075,0.022642,580,116,116,128,580,116,116,261,126680,232,232,82944,6.545240,0.019745,1.279635,8.457164
with_repeater,1342.0,600.0,300.0,4000.0,120.0,500.0,1,89,6160,6160,6861,6861,56,56,3,3,57,57,3355.000000,6710.000000,6855.000000,1,91.675577,0.361063,0.251018,0.263609,0.021068,0.022652,580,116,116,134,580,116,116,279,126680,232,232,82962,6.579093,0.019727,1.280268,8.717476
blackout_only,1342.0,600.0,900.0,4000.0,120.0,500.0,1,40,6427,6427,7158,7158,56,56,8,8,57,57,3355.000000,6710.000000,6855.000000,1,93.453864,0.360499,0.250954,0.263554,0.021082,0.022690,605,121,121,129,605,121,121,246,132170,242,242,86508,6.276869,0.020044,1.280037,7.647232
with_repeater,1342.0,600.0,900.0,4000.0,120.0,500.0,1,40,6426,6426,7158,7158,56,56,8,8,57,57,3355.000000,6710.000000,6855.000000,1,93.439582,0.360709,0.251063,0.263855,0.021077,0.022710,605,121,121,151,605,121,121,294,132150,242,242,86555,6.352144,0.020228,1.280265,8.059145
blackout_only,1342.0,600.0,900.0,4000.0,120.0,500.0,1,41,6427,6427,7158,7158,56,56,8,8,57,57,3355.000000,6710.000000,6855.000000,1,93.363709,0.359859,0.250957,0.263653,0.021052,0.022659,605,121,121,140,605,121,121,246,132170,242,242,86508,6.277485,0.020035,1.280110,7.646772
with_repeater,1342.0,600.0,900.0,4000.0,120.0,500.0,1,41,6427,6427,7158,7158,56,56,8,8,57,57,3355.000000,6710.000000,6855.000000,1,93.390135,0.360056,0.250952,0.263684,0.021039,0.022627,605,121,121,146,605,121,121,294,132170,242,242,86554,6.342049,0.019694,1.280239,8.058352
blackout_only,1342.0,600.0,900.0,4000.0,120.0,500.0,1,42,6426,6426,7158,7158,56,56,8,8,57,57,3355.000000,6710.000000,6855.000000,1,93.516161,0.360133,0.251147,0.263790,0.021058,0.022644,605,121,121,122,605,121,121,246,132150,242,242,86507,6.267819,0.019937,1.280116,7.647139
with_repeater,1342.0,600.0,900.0,4000.0,120.0,500.0,1,42,6426,6426,7158,7158,56,56,8,8,57,57,3355.000000,6710.000000,6855.000000,1,93.463963,0.360672,0.251000,0.263663,0.021063,0.022700,605,121,121,146,605,121,121,294,132159,242,242,86555,6.352291,0.020179,1.280183,8.056808
blackout_only,1342.0,600.0,900.0,4000.0,120.0,500.0,1,43,6426,6426,7158,7158,56,56,8,8,57,57,3355.000000,6710.000000,6855.000000,1,93.395060,0.360614,0.251158,0.264168,0.021071,0.022678,605,121,121,121,605,121,121,246,132150,242,242,86508,6.277743,0.020195,1.280251,7.646966
with_repeater,1342.0,600.0,900.0,4000.0,120.0,500.0,1,43,6426,6426,7158,7158,56,56,8,8,57,57,3355.000000,6710.000000,6855.000000,1,93.479210,0.361505,0.251170,0.264261,0.021081,0.022693,605,121,121,151,605,121,121,294,132150,242,242,86555,6.352869,0.020122,1.280602,8.056748
blackout_only,1342.0,600.0,900.0,4000.0,120.0,500.0,1,44,6426,6426,7158,7158,56,56,8,8,57,57,3355.000000,6710.000000,6855.000000,1,93.406354,0.360535,0.251144,0.263799,0.021080,0.022649,605,121,121,127,605,121,121,246,132150,242,242,86508,6.276479,0.020120,1.280422,7.647127
with_repeater,1342.0,600.0,900.0,4000.0,120.0,500.0,1,44,6426,6426,7158,7158,56,56,8,8,57,57,3355.000000,6710.000000,6855.000000,1,93.405312,0.359190,0.250979,0.263631,0.021088,0.022633,605,121,121,146,605,121,121,294,132168,242,242,86556,6.361303,0.020229,1.280879,8.055375
blackout_only,1342.0,600.0,900.0,4000.0,120.0,500.0,1,45,6427,6427,7158,7158,56,56,8,8,57,57,3355.000000,6710.000000,6855.000000,1,93.280695,0.360157,0.250933,0.263877,0.021072,0.022613,605,121,121,130,605,121,121,246,132170,242,242,86507,6.266211,0.020157,1.279991,7.646341
with_repeater,1342.0,600.0,900.0,4000.0,120.0,500.0,1,45,6426,6426,7158,7158,56,56,8,8,57,57,3355.000000,6710.000000,6855.000000,1,93.249941,0.359100,0.250996,0.263709,0.021064,0.022647,605,121,121,145,605,121,121,294,132160,242,242,86556,6.362296,0.019993,1.280048,8.058921
blackout_only,1342.0,600.0,900.0,4000.0,120.0,500.0,1,46,6426,6426,7158,7158,56,56,8,8,57,57,3355.000000,6710.000000,6855.000000,1,93.300854,0.360035,0.251094,0.263646,0.021070,0.022622,605,121,121,137,605,121,121,246,132150,242,242,86507,6.268524,0.020071,1.279798,7.647167
with_repeater,1342.0,600.0,900.0,4000.0,120.0,500.0,1,46,6427,6427,7158,7158,56,56,8,8,57,57,3355.000000,6710.000000,6855.000000,1,93.298882,0.358984,0.250963,0.263638,0.021063,0.022625,605,121,121,150,605,121,121,294,132170,242,242,86554,6.341124,0.020016,1.279962,8.057732
blackout_only,1342.0,600.0,900.0,4000.0,120.0,500.0,1,47,6427,6427,7158,7158,56,56,8,8,57,57,3355.000000,6710.000000,6855.000000,1,93.321458,0.359090,0.250919,0.263796,0.021065,0.022616,605,121,121,129,605,121,121,246,132170,242,242,86508,6.276254,0.019963,1.280044,7.646820
with_repeater,1342.0,600.0,900.0,4000.0,120.0,500.0,1,47,6427,6427,7158,7158,56,56,8,8,57,57,3355.000000,6710.000000,6855.000000,1,93.312230,0.359744,0.250943,0.263610,0.021069,0.022634,605,121,121,156,605,121,121,294,132170,242,242,86555,6.351763,0.019837,1.280138,8.057983
blackout_only,1342.0,600.0,900.0,4000.0,120.0,500.0,1,48,6426,6426,7158,7158,56,56,8,8,57,57,3355.000000,6710.000000,6855.000000,1,93.391093,0.358813,0.251013,0.263378,0.021070,0.022652,605,121,121,123,605,121,121,246,132150,242,242,86505,6.247172,0.019886,1.279960,7.647517
with_repeater,1342.0,600.0,900.0,4000.0,120.0,500.0,1,48,6426,6426,7158,7158,56,56,8,8,57,57,3355.000000,6710.000000,6855.000000,1,93.407904,0.361261,0.250987,0.263605,0.021063,0.022671,605,121,121,151,605,121,121,294,132166,242,242,86554,6.341359,0.019953,1.280160,8.057814
blackout_only,1342.0,600.0,900.0,4000.0,120.0,500.0,1,49,6427,6427,7158,7158,56,56,8,8,57,57,3355.000000,6710.000000,6855.000000,1,93.383275,0.360239,0.250831,0.263523,0.021071,0.022644,605,121,121,126,605,121,121,246,132170,242,242,86506,6.256142,0.019770,1.281186,7.647431
with_repeater,1342.0,600.0,900.0,4000.0,120.0,500.0,1,49,6427,6427,7158,7158,56,56,8,8,57,57,3355.000000,6710.000000,6855.000000,1,93.461956,0.361758,0.250862,0.263318,0.021073,0.022658,605,121,121,157,605,121,121,294,132170,242,242,86555,6.350169,0.019559,1.280635,8.058292
blackout_only,1342.0,600.0,900.0,4000.0,120.0,500.0,1,50,6426,6426,7158,7158,56,56,8,8,57,57,3355.000000,6710.000000,6855.000000,1,93.489940,0.362212,0.251198,0.263940,0.021072,0.022657,605,121,121,114,605,121,121,246,132150,242,242,86508,6.277192,0.020068,1.280066,7.646530
with_repeater,1342.0,600.0,900.0,4000.0,120.0,500.0,1,50,6426,6426,7158,7158,56,56,8,8,57,57,3355.000000,6710.000000,6855.000000,1,93.447475,0.361293,0.251087,0.263661,0.021083,0.022699,605,121,121,148,605,121,121,294,132150,242,242,86556,6.362622,0.020180,1.279806,8.058578
blackout_only,1342.0,600.0,900.0,4000.0,120.0,500.0,1,51,6426,6426,7158,7158,56,56,8,8,57,57,3355.000000,6710.000000,6855.000000,1,93.349375,0.359288,0.251016,0.263638,0.021065,0.022671,605,121,121,125,605,121,121,246,132150,242,242,86508,6.278373,0.019731,1.280488,7.647282
with_repeater,1342.0,600.0,900.0,4000.0,120.0,500.0,1,51,6426,6426,7158,7158,56,56,8,8,57,57,3355.000000,6710.000000,6855.000000,1,93.365594,0.360076,0.251033,0.263697,0.021057,0.022673,605,121,121,147,605,121,121,294,132150,242,242,86554,6.341932,0.019731,1.280285,8.059083
blackout_only,1342.0,600.0,900.0,4000.0,120.0,500.0,1,52,6426,6426,7158,7158,56,56,8,8,57,57,3355.000000,6710.000000,6855.000000,1,93.442677,0.360852,0.250984,0.263549,0.021063,0.022623,605,121,121,120,605,121,121,246,132166,242,242,86508,6.277778,0.020103,1.279876,7.647233
with_repeater,1342.0,600.0,900.0,4000.0,120.0,500.0,1,52,6427,6427,7158,7158,56,56,8,8,57,57,3355.000000,6710.000000,6855.000000,1,93.486989,0.361325,0.250899,0.263453,0.021083,0.022679,605,121,121,144,605,121,121,294,132170,242,242,86556,6.362116,0.020183,1.280197,8.056560
blackout_only,1342.0,600.0,900.0,4000.0,120.0,500.0,1,53,6427,6427,7158,7158,56,56,8,8,57,57,3355.000000,6710.000000,6855.000000,1,93.500268,0.362613,0.250901,0.263541,0.021072,0.022692,605,121,121,132,605,121,121,246,132170,242,242,86508,6.275721,0.020170,1.279437,7.646873
with_repeater,1342.0,600.0,900.0,4000.0,120.0,500.0,1,53,6427,6427,7158,7158,56,56,8,8,57,57,3355.000000,6710.000000,6855.000000,1,93.411026,0.360856,0.250972,0.263738,0.021066,0.022696,605,121,121,147,605,121,121,294,132170,242,242,86556,6.360668,0.020196,1.279493,8.057479
blackout_only,1342.0,600.0,900.0,4000.0,120.0,500.0,1,54,6426,6426,7158,7158,56,56,8,8,57,57,3355.000000,6710.000000,6855.000000,1,93.444249,0.360360,0.250976,0.263808,0.021060,0.022598,605,121,121,130,605,121,121,246,132169,242,242,86507,6.266913,0.019803,1.279324,7.646585
with_repeater,1342.0,600.0,900.0,4000.0,120.0,500.0,1,54,6427,6427,7158,7158,56,56,8,8,57,57,3355.000000,6710.000000,6855.000000,1,93.444220,0.360727,0.250914,0.263856,0.021069,0.022626,605,121,121,160,605,121,121,294,132170,242,242,86555,6.351409,0.019716,1.279630,8.058040
blackout_only,1342.0,600.0,900.0,4000.0,120.0,500.0,1,55,6426,6426,7158,7158,56,56,8,8,57,57,3355.000000,6710.000000,6855.000000,1,93.348952,0.359432,0.251114,0.263717,0.021088,0.022660,605,121,121,108,605,121,121,246,132150,242,242,86504,6.236734,0.020148,1.279659,7.647055
with_repeater,1342.0,600.0,900.0,4000.0,120.0,500.0,1,55,6426,6426,7158,7158,56,56,8,8,57,57,3355.000000,6710.000000,6855.000000,1,93.394017,0.359517,0.251055,0.263595,0.021091,0.022697,605,121,121,131,605,121,121,294,132150,242,242,86556,6.361571,0.019873,1.279459,8.057336
blackout_only,1342.0,600.0,900.0,4000.0,120.0,500.0,1,56,6426,6426,7158,7158,56,56,8,8,57,57,3355.000000,6710.000000,6855.000000,1,93.588327,0.362587,0.251098,0.263763,0.021092,0.022687,605,121,121,122,605,121,121,246,132150,242,242,86506,6.257203,0.020001,1.280064,7.645539
with_repeater,1342.0,600.0,900.0,4000.0,120.0,500.0,1,56,6427,6427,7158,7158,56,56,8,8,57,57,3355.000000,6710.000000,6855.000000,1,93.629291,0.361861,0.250936,0.263881,0.021089,0.022683,605,121,121,141,605,121,121,294,132170,242,242,86555,6.351280,0.020085,1.279812,8.057550
blackout_only,1342.0,600.0,900.0,4000.0,120.0,500.0,1,57,6426,6426,7158,7158,56,56,8,8,57,57,3355.000000,6710.000000,6855.000000,1,93.350839,0.359304,0.251109,0.263875,0.021081,0.022671,605,121,121,129,605,121,121,246,132150,242,242,86508,6.277654,0.020038,1.279803,7.646922
with_repeater,1342.0,600.0,900.0,4000.0,120.0,500.0,1,57,6426,6426,7158,7158,56,56,8,8,57,57,3355.000000,6710.000000,6855.000000,1,93.292432,0.359045,0.251123,0.263708,0.021073,0.022666,605,121,121,153,605,121,121,294,132150,242,242,86556,6.362639,0.019733,1.279701,8.057792
blackout_only,1342.0,600.0,900.0,4000.0,120.0,500.0,1,58,6426,6426,7158,7158,56,56,8,8,57,57,3355.000000,6710.000000,6855.000000,1,93.273079,0.359630,0.251109,0.263746,0.021070,0.022643,605,121,121,141,605,121,121,246,132150,242,242,86508,6.277914,0.020107,1.280347,7.646130
with_repeater,1342.0,600.0,900.0,4000.0,120.0,500.0,1,58,6426,6426,7158,7158,56,56,8,8,57,57,3355.000000,6710.000000,6855.000000,1,93.378007,0.360276,0.251080,0.263698,0.021080,0.022674,605,121,121,148,605,121,121,294,132150,242,242,86555,6.352676,0.020367,1.279958,8.055883
blackout_only,1342.0,600.0,900.0,4000.0,120.0,500.0,1,59,6427,6427,7158,7158,56,56,8,8,57,57,3355.000000,6710.000000,6855.000000,1,93.413236,0.360859,0.250823,0.263726,0.021079,0.022679,605,121,121,116,605,121,121,246,132170,242,242,86507,6.266700,0.020017,1.280181,7.645867
with_repeater,1342.0,600.0,900.0,4000.0,120.0,500.0,1,59,6426,6426,7158,7158,56,56,8,8,57,57,3355.000000,6710.000000,6855.000000,1,93.394653,0.359589,0.251058,0.263760,0.021072,0.022678,605,121,121,151,605,121,121,294,132150,242,242,86554,6.341830,0.020117,1.280165,8.055821
blackout_only,1342.0,600.0,900.0,4000.0,120.0,500.0,1,60,6426,6426,7158,7158,56,56,8,8,57,57,3355.000000,6710.000000,6855.000000,1,93.560022,0.362087,0.250984,0.263969,0.021063,0.022615,605,121,121,125,605,121,121,246,132166,242,242,86507,6.266931,0.020215,1.279999,7.647557
with_repeater,1342.0,600.0,900.0,4000.0,120.0,500.0,1,60,6426,6426,7158,7158,56,56,8,8,57,57,3355.000000,6710.000000,6855.000000,1,93.570646,0.362040,0.251111,0.263966,0.021068,0.022635,605,121,121,156,605,121,121,294,132150,242,242,86555,6.351916,0.020166,1.280055,8.058594
blackout_only,1342.0,600.0,900.0,4000.0,120.0,500.0,1,61,6426,6426,7158,7158,56,56,8,8,57,57,3355.000000,6710.000000,6855.000000,1,93.484156,0.362599,0.251239,0.263949,0.021040,0.022616,605,121,121,124,605,121,121,246,132150,242,242,86508,6.278532,0.020011,1.279614,7.647501
with_repeater,1342.0,600.0,900.0,4000.0,120.0,500.0,1,61,6426,6426,7158,7158,56,56,8,8,57,57,3355.000000,6710.000000,6855.000000,1,93.436685,0.360426,0.251028,0.263792,0.021071,0.022672,605,121,121,148,605,121,121,294,132150,242,242,86555,6.353105,0.019966,1.279276,8.059895
blackout_only,1342.0,600.0,900.0,4000.0,120.0,500.0,1,62,6426,6426,7158,7158,56,56,8,8,57,57,3355.000000,6710.000000,6855.000000,1,93.512668,0.362151,0.250989,0.263795,0.021081,0.022661,605,121,121,129,605,121,121,246,132160,242,242,86508,6.277757,0.019988,1.280592,7.646066
with_repeater,1342.0,600.0,900.0,4000.0,120.0,500.0,1,62,6426,6426,7158,7158,56,56,8,8,57,57,3355.000000,6710.000000,6855.000000,1,93.470871,0.360800,0.251114,0.264068,0.021071,0.022637,605,121,121,145,605,121,121,294,132150,242,242,86556,6.363053,0.020365,1.280118,8.057789
blackout_only,1342.0,600.0,900.0,4000.0,120.0,500.0,1,63,6427,6427,7158,7158,56,56,8,8,57,57,3355.000000,6710.000000,6855.000000,1,93.410341,0.360113,0.250869,0.263612,0.021054,0.022641,605,121,121,123,605,121,121,246,132170,242,242,86506,6.256968,0.020065,1.279510,7.647264
with_repeater,1342.0,600.0,900.0,4000.0,120.0,500.0,1,63,6427,6427,7158,7158,56,56,8,8,57,57,3355.000000,6710.000000,6855.000000,1,93.432403,0.360029,0.250790,0.263548,0.021053,0.022641,605,121,121,147,605,121,121,294,132170,242,242,86556,6.362065,0.020015,1.279238,8.055776
blackout_only,1342.0,600.0,900.0,4000.0,120.0,500.0,1,64,6426,6426,7158,7158,56,56,8,8,57,57,3355.000000,6710.000000,6855.000000,1,93.470443,0.361136,0.251036,0.263641,0.021068,0.022647,605,121,121,120,605,121,121,246,132150,242,242,86507,6.267701,0.019864,1.279970,7.647698
with_repeater,1342.0,600.0,900.0,4000.0,120.0,500.0,1,64,6426,6426,7158,7158,56,56,8,8,57,57,3355.000000,6710.000000,6855.000000,1,93.455900,0.362490,0.251043,0.263619,0.021065,0.022648,605,121,121,152,605,121,121,294,132150,242,242,86555,6.352418,0.019583,1.280170,8.059408
blackout_only,1342.0,600.0,900.0,4000.0,120.0,500.0,1,65,6427,6427,7158,7158,56,56,8,8,57,57,3355.000000,6710.000000,6855.000000,1,93.435505,0.360690,0.250912,0.263751,0.021073,0.022664,605,121,121,145,605,121,121,246,132170,242,242,86507,6.265634,0.020193,1.279748,7.646673
with_repeater,1342.0,600.0,900.0,4000.0,120.0,500.0,1,65,6427,6427,7158,7158,56,56,8,8,57,57,3355.000000,6710.000000,6855.000000,1,93.464725,0.360320,0.250899,0.263686,0.021067,0.022616,605,121,121,161,605,121,121,294,132170,242,242,86556,6.361020,0.019944,1.280046,8.057360
blackout_only,1342.0,600.0,900.0,4000.0,120.0,500.0,1,66,6426,6426,7158,7158,56,56,8,8,57,57,3355.000000,6710.000000,6855.000000,1,93.471433,0.361539,0.251004,0.263931,0.021086,0.022655,605,121,121,145,605,121,121,246,132157,242,242,86507,6.267641,0.019951,1.280374,7.647283
with_repeater,1342.0,600.0,900.0,4000.0,120.0,500.0,1,66,6426,6426,7158,7158,56,56,8,8,57,57,3355.000000,6710.000000,6855.000000,1,93.465574,0.361546,0.251110,0.264000,0.021068,0.022661,605,121,121,172,605,121,121,294,132150,242,242,86556,6.363291,0.020248,1.279701,8.060405
blackout_only,1342.0,600.0,900.0,4000.0,120.0,500.0,1,67,6427,6427,7158,7158,56,56,8,8,57,57,3355.000000,6710.000000,6855.000000,1,93.401443,0.361739,0.250841,0.263601,0.021089,0.022725,605,121,121,130,605,121,121,246,132170,242,242,86507,6.266496,0.020087,1.279609,7.645401
with_repeater,1342.0,600.0,900.0,4000.0,120.0,500.0,1,67,6427,6427,7158,7158,56,56,8,8,57,57,3355.000000,6710.000000,6855.000000,1,93.456675,0.361379,0.250903,0.263621,0.021088,0.022711,605,121,121,154,605,121,121,294,132170,242,242,86556,6.360852,0.020018,1.279895,8.056883
blackout_only,1342.0,600.0,900.0,4000.0,120.0,500.0,1,68,6427,6427,7158,7158,56,56,8,8,57,57,3355.000000,6710.000000,6855.000000,1,93.505843,0.360372,0.250971,0.263885,0.021072,0.022658,605,121,121,135,605,121,121,246,132170,242,242,86508,6.275849,0.020152,1.279663,7.646433
with_repeater,1342.0,600.0,900.0,4000.0,120.0,500.0,1,68,6427,6427,7158,7158,56,56,8,8,57,57,3355.000000,6710.000000,6855.000000,1,93.573881,0.362385,0.250964,0.263743,0.021081,0.022666,605,121,121,159,605,121,121,294,132170,242,242,86556,6.360748,0.019874,1.279622,8.057309
blackout_only,1342.0,600.0,900.0,4000.0,120.0,500.0,1,69,6426,6426,7158,7158,56,56,8,8,57,57,3355.000000,6710.000000,6855.000000,1,93.394261,0.360853,0.251016,0.263737,0.021047,0.022629,605,121,121,130,605,121,121,246,132150,242,242,86506,6.256789,0.019990,1.279783,7.646682
with_repeater,1342.0,600.0,900.0,4000.0,120.0,500.0,1,69,6427,6427,7158,7158,56,56,8,8,57,57,3355.000000,6710.000000,6855.000000,1,93.387508,0.360570,0.250879,0.263591,0.021062,0.022611,605,121,121,150,605,121,121,294,132170,242,242,86556,6.360716,0.019733,1.280261,8.058893
blackout_only,1342.0,600.0,900.0,4000.0,120.0,500.0,1,70,6426,6426,7158,7158,56,56,8,8,57,57,3355.000000,6710.000000,6855.000000,1,93.481549,0.361513,0.250981,0.263533,0.021063,0.022654,605,121,121,129,605,121,121,246,132166,242,242,86507,6.266213,0.020069,1.280290,7.647764
with_repeater,1342.0,600.0,900.0,4000.0,120.0,500.0,1,70,6426,6426,7158,7158,56,56,8,8,57,57,3355.000000,6710.000000,6855.000000,1,93.401703,0.361058,0.251039,0.263721,0.021070,0.022652,605,121,121,151,605,121,121,294,132150,242,242,86555,6.352668,0.019936,1.279769,8.058457
blackout_only,1342.0,600.0,900.0,4000.0,120.0,500.0,1,71,6426,6426,7158,7158,56,56,8,8,57,57,3355.000000,6710.000000,6855.000000,1,93.411280,0.359484,0.250978,0.263614,0.021068,0.022635,605,121,121,139,605,121,121,246,132168,242,242,86508,6.276424,0.020119,1.279882,7.647795
with_repeater,1342.0,600.0,900.0,4000.0,120.0,500.0,1,71,6426,6426,7158,7158,56,56,8,8,57,57,3355.000000,6710.000000,6855.000000,1,93.439116,0.360923,0.250987,0.263630,0.021075,0.022670,605,121,121,155,605,121,121,294,132166,242,242,86555,6.351008,0.019832,1.280073,8.057692
blackout_only,1342.0,600.0,900.0,4000.0,120.0,500.0,1,72,6426,6426,7158,7158,56,56,8,8,57,57,3355.000000,6710.000000,6855.000000,1,93.318426,0.359881,0.251084,0.263605,0.021050,0.022681,605,121,121,127,605,121,121,246,132150,242,242,86507,6.267897,0.019940,1.279692,7.647268
with_repeater,1342.0,600.0,900.0,4000.0,120.0,500.0,1,72,6426,6426,7158,7158,56,56,8,8,57,57,3355.000000,6710.000000,6855.000000,1,93.418843,0.361533,0.251017,0.263554,0.021059,0.022682,605,121,121,155,605,121,121,294,132150,242,242,86555,6.351231,0.020021,1.279882,8.058410
blackout_only,1342.0,600.0,900.0,4000.0,120.0,500.0,1,73,6427,6427,7158,7158,56,56,8,8,57,57,3355.000000,6710.000000,6855.000000,1,93.420448,0.359979,0.250856,0.263663,0.021070,0.022647,605,121,121,146,605,121,121,246,132170,242,242,86508,6.277117,0.020055,1.279771,7.647613
with_repeater,1342.0,600.0,900.0,4000.0,120.0,500.0,1,73,6426,6426,7158,7158,56,56,8,8,57,57,3355.000000,6710.000000,6855.000000,1,93.437518,0.361879,0.250974,0.263714,0.021060,0.022646,605,121,121,166,605,121,121,294,132169,242,242,86554,6.341543,0.019766,1.279695,8.059070
blackout_only,1342.0,600.0,900.0,4000.0,120.0,500.0,1,74,6427,6427,7158,7158,56,56,8,8,57,57,3355.000000,6710.000000,6855.000000,1,93.434849,0.361664,0.250946,0.263282,0.021061,0.022616,605,121,121,117,605,121,121,246,132170,242,242,86506,6.257329,0.019694,1.279824,7.647913
with_repeater,1342.0,600.0,900.0,4000.0,120.0,500.0,1,74,6427,6427,7158,7158,56,56,8,8,57,57,3355.000000,6710.000000,6855.000000,1,93.437691,0.360670,0.250879,0.263515,0.021071,0.022637,605,121,121,141,605,121,121,294,132170,242,242,86555,6.350271,0.019738,1.279874,8.058913
blackout_only,1342.0,600.0,900.0,4000.0,120.0,500.0,1,75,6426,6426,7158,7158,56,56,8,8,57,57,3355.000000,6710.000000,6855.000000,1,93.441189,0.360323,0.251040,0.263831,0.021050,0.022652,605,121,121,132,605,121,121,246,132150,242,242,86507,6.267329,0.019461,1.279831,7.646480
with_repeater,1342.0,600.0,900.0,4000.0,120.0,500.0,1,75,6427,6427,7158,7158,56,56,8,8,57,57,3355.000000,6710.000000,6855.000000,1,93.467029,0.360464,0.250967,0.263777,0.021058,0.022653,605,121,121,149,605,121,121,294,132170,242,242,86555,6.351449,0.019793,1.279663,8.056870
blackout_only,1342.0,600.0,900.0,4000.0,120.0,500.0,1,76,6426,6426,7158,7158,56,56,8,8,57,57,3355.000000,6710.000000,6855.000000,1,93.573422,0.361967,0.251017,0.263796,0.021063,0.022662,605,121,121,119,605,121,121,246,132150,242,242,86508,6.277388,0.020012,1.279339,7.646512
with_repeater,1342.0,600.0,900.0,4000.0,120.0,500.0,1,76,6426,6426,7158,7158,56,56,8,8,57,57,3355.000000,6710.000000,6855.000000,1,93.502016,0.360887,0.250992,0.263554,0.021063,0.022655,605,121,121,130,605,121,121,294,132160,242,242,86555,6.352101,0.020007,1.279394,8.056287
blackout_only,1342.0,600.0,900.0,4000.0,120.0,500.0,1,77,6426,6426,7158,7158,56,56,8,8,57,57,3355.000000,6710.000000,6855.000000,1,93.460372,0.361299,0.251042,0.264042,0.021059,0.022607,605,121,121,132,605,121,121,246,132150,242,242,86508,6.278697,0.020302,1.279322,7.645947
with_repeater,1342.0,600.0,900.0,4000.0,120.0,500.0,1,77,6426,6426,7158,7158,56,56,8,8,57,57,3355.000000,6710.000000,6855.000000,1,93.502867,0.361772,0.251203,0.264062,0.021064,0.022660,605,121,121,161,605,121,121,294,132150,242,242,86555,6.352759,0.019973,1.279580,8.057600
blackout_only,1342.0,600.0,900.0,4000.0,120.0,500.0,1,78,6427,6427,7158,7158,56,56,8,8,57,57,3355.000000,6710.000000,6855.000000,1,93.595427,0.362986,0.250907,0.263741,0.021070,0.022656,605,121,121,141,605,121,121,246,132170,242,242,86506,6.256157,0.019794,1.280278,7.645031
with_repeater,1342.0,600.0,900.0,4000.0,120.0,500.0,1,78,6427,6427,7158,7158,56,56,8,8,57,57,3355.000000,6710.000000,6855.000000,1,93.621683,0.362533,0.250941,0.263641,0.021078,0.022682,605,121,121,161,605,121,121,294,132170,242,242,86555,6.350895,0.020008,1.279855,8.057823
blackout_only,1342.0,600.0,900.0,4000.0,120.0,500.0,1,79,6426,6426,7158,7158,56,56,8,8,57,57,3355.000000,6710.000000,6855.000000,1,93.385683,0.361086,0.251043,0.263889,0.021076,0.022679,605,121,121,134,605,121,121,246,132150,242,242,86507,6.266957,0.019904,1.279936,7.646182
with_repeater,1342.0,600.0,900.0,4000.0,120.0,500.0,1,79,6426,6426,7158,7158,56,56,8,8,57,57,3355.000000,6710.000000,6855.000000,1,93.433582,0.360700,0.251130,0.263738,0.021074,0.022680,605,121,121,156,605,121,121,294,132150,242,242,86555,6.351812,0.019958,1.279728,8.057421
blackout_only,1342.0,600.0,900.0,4000.0,120.0,500.0,1,80,6426,6426,7158,7158,56,56,8,8,57,57,3355.000000,6710.000000,6855.000000,1,93.462279,0.361469,0.251173,0.263897,0.021070,0.022701,605,121,121,127,605,121,121,246,132150,242,242,86506,6.257089,0.020035,1.280457,7.647500
with_repeater,1342.0,600.0,900.0,4000.0,120.0,500.0,1,80,6426,6426,7158,7158,56,56,8,8,57,57,3355.000000,6710.000000,6855.000000,1,93.420380,0.360945,0.251123,0.263810,0.021082,0.022677,605,121,121,153,605,121,121,294,132150,242,242,86553,6.331504,0.020054,1.279967,8.057329
blackout_only,1342.0,600.0,900.0,4000.0,120.0,500.0,1,81,6427,6427,7158,7158,56,56,8,8,57,57,3355.000000,6710.000000,6855.000000,1,93.445351,0.360656,0.250869,0.263458,0.021075,0.022658,605,121,121,129,605,121,121,246,132170,242,242,86507,6.265678,0.020168,1.280731,7.645990
with_repeater,1342.0,600.0,900.0,4000.0,120.0,500.0,1,81,6427,6427,7158,7158,56,56,8,8,57,57,3355.000000,6710.000000,6855.000000,1,93.473960,0.361490,0.250936,0.263618,0.021071,0.022651,605,121,121,165,605,121,121,294,132170,242,242,86556,6.361282,0.019852,1.280805,8.056315
blackout_only,1342.0,600.0,900.0,4000.0,120.0,500.0,1,82,6426,6426,7158,7158,56,56,8,8,57,57,3355.000000,6710.000000,6855.000000,1,93.492330,0.361050,0.250985,0.263723,0.021065,0.022654,605,121,121,126,605,121,121,246,132166,242,242,86506,6.257101,0.019898,1.279909,7.647110
with_repeater,1342.0,600.0,900.0,4000.0,120.0,500.0,1,82,6427,6427,7158,7158,56,56,8,8,57,57,3355.000000,6710.000000,6855.000000,1,93.566121,0.361716,0.250913,0.263630,0.021083,0.022695,605,121,121,163,605,121,121,294,132170,242,242,86556,6.362354,0.019925,1.280057,8.058093
blackout_only,1342.0,600.0,900.0,4000.0,120.0,500.0,1,83,6426,6426,7158,7158,56,56,8,8,57,57,3355.000000,6710.000000,6855.000000,1,93.531397,0.360528,0.251072,0.263807,0.021080,0.022681,605,121,121,135,605,121,121,246,132150,242,242,86508,6.278178,0.020148,1.279879,7.646417
with_repeater,1342.0,600.0,900.0,4000.0,120.0,500.0,1,83,6426,6426,7158,7158,56,56,8,8,57,57,3355.000000,6710.000000,6855.000000,1,93.441429,0.360664,0.251067,0.263618,0.021084,0.022689,605,121,121,159,605,121,121,294,132150,242,242,86556,6.361947,0.020076,1.279885,8.057852
blackout_only,1342.0,600.0,900.0,4000.0,120.0,500.0,1,84,6426,6426,7158,7158,56,56,8,8,57,57,3355.000000,6710.000000,6855.000000,1,93.556805,0.361282,0.250978,0.263485,0.021070,0.022647,605,121,121,142,605,121,121,246,132167,242,242,86508,6.276490,0.020263,1.280064,7.645268
with_repeater,1342.0,600.0,900.0,4000.0,120.0,500.0,1,84,6426,6426,7158,7158,56,56,8,8,57,57,3355.000000,6710.000000,6855.000000,1,93.568840,0.362374,0.251168,0.263773,0.021070,0.022652,605,121,121,156,605,121,121,294,132150,242,242,86556,6.361808,0.020131,1.279745,8.057030
blackout_only,1342.0,600.0,900.0,4000.0,120.0,500.0,1,85,6426,6426,7158,7158,56,56,8,8,57,57,3355.000000,6710.000000,6855.000000,1,93.498835,0.362273,0.251084,0.263746,0.021047,0.022638,605,121,121,126,605,121,121,246,132150,242,242,86508,6.277254,0.019769,1.280250,7.646905
with_repeater,1342.0,600.0,900.0,4000.0,120.0,500.0,1,85,6426,6426,7158,7158,56,56,8,8,57,57,3355.000000,6710.000000,6855.000000,1,93.446027,0.361422,0.251000,0.263574,0.021068,0.022671,605,121,121,150,605,121,121,294,132158,242,242,86554,6.341698,0.019848,1.279990,8.056979
blackout_only,1342.0,600.0,900.0,4000.0,120.0,500.0,1,86,6426,6426,7158,7158,56,56,8,8,57,57,3355.000000,6710.000000,6855.000000,1,93.395412,0.360327,0.251066,0.263664,0.021076,0.022638,605,121,121,114,605,121,121,246,132150,242,242,86505,6.246894,0.019995,1.280390,7.645851
with_repeater,1342.0,600.0,900.0,4000.0,120.0,500.0,1,86,6426,6426,7158,7158,56,56,8,8,57,57,3355.000000,6710.000000,6855.000000,1,93.384300,0.360260,0.251111,0.263678,0.021079,0.022692,605,121,121,142,605,121,121,294,132150,242,242,86556,6.361235,0.019841,1.280513,8.056915
blackout_only,1342.0,600.0,900.0,4000.0,120.0,500.0,1,87,6427,6427,7158,7158,56,56,8,8,57,57,3355.000000,6710.000000,6855.000000,1,93.583296,0.361264,0.250962,0.263896,0.021054,0.022631,605,121,121,128,605,121,121,246,132170,242,242,86507,6.267093,0.019709,1.279870,7.645040
with_repeater,1342.0,600.0,900.0,4000.0,120.0,500.0,1,87,6427,6427,7158,7158,56,56,8,8,57,57,3355.000000,6710.000000,6855.000000,1,93.570102,0.361809,0.250940,0.263686,0.021052,0.022657,605,121,121,144,605,121,121,294,132170,242,242,86556,6.362462,0.019844,1.279970,8.056159
blackout_only,1342.0,600.0,900.0,4000.0,120.0,500.0,1,88,6427,6427,7158,7158,56,56,8,8,57,57,3355.000000,6710.000000,6855.000000,1,93.474250,0.360634,0.250899,0.263586,0.021082,0.022682,605,121,121,120,605,121,121,246,132170,242,242,86507,6.266225,0.019822,1.279407,7.645830
with_repeater,1342.0,600.0,900.0,4000.0,120.0,500.0,1,88,6427,6427,7158,7158,56,56,8,8,57,57,3355.000000,6710.000000,6855.000000,1,93.344935,0.359418,0.250795,0.263530,0.021069,0.022646,605,121,121,153,605,121,121,294,132170,242,242,86554,6.341515,0.019731,1.279286,8.057002
blackout_only,1342.0,600.0,900.0,4000.0,120.0,500.0,1,89,6427,6427,7158,7158,56,56,8,8,57,57,3355.000000,6710.000000,6855.000000,1,93.414862,0.361883,0.250897,0.263530,0.021061,0.022632,605,121,121,119,605,121,121,246,132170,242,242,86506,6.257122,0.020003,1.280223,7.647008
with_repeater,1342.0,600.0,900.0,4000.0,120.0,500.0,1,89,6426,6426,7158,7158,56,56,8,8,57,57,3355.000000,6710.000000,6855.000000,1,93.436986,0.360641,0.250989,0.263662,0.021068,0.022651,605,121,121,138,605,121,121,294,132160,242,242,86556,6.363323,0.019673,1.279831,8.055939
blackout_only,1342.0,600.0,1800.0,4000.0,120.0,500.0,1,40,6826,6826,7603,7603,56,56,15,15,57,57,3355.000000,6710.000000,6855.000000,1,35.974571,0.361420,0.250990,0.263595,0.021066,0.022648,640,128,128,118,640,128,128,240,140360,256,256,91848,5.915186,0.020029,1.280134,7.027760
with_repeater,1342.0,600.0,1800.0,4000.0,120.0,500.0,1,40,6826,6826,7603,7603,56,56,15,15,57,57,3355.000000,6710.000000,6855.000000,1,35.921410,0.360076,0.251039,0.264019,0.021064,0.022702,640,128,128,157,640,128,128,318,140360,256,256,91938,6.065407,0.020108,1.280417,7.567825
blackout_only,1342.0,600.0,1800.0,4000.0,120.0,500.0,1,41,6826,6826,7603,7603,56,56,15,15,57,57,3355.000000,6710.000000,6855.000000,1,35.857352,0.360422,0.250988,0.263689,0.021051,0.022617,640,128,128,122,640,128,128,240,140360,256,256,91848,5.915922,0.019705,1.280020,7.027082
with_repeater,1342.0,600.0,1800.0,4000.0,120.0,500.0,1,41,6826,6826,7603,7603,56,56,15,15,57,57,3355.000000,6710.000000,6855.000000,1,35.933315,0.360784,0.251092,0.263675,0.021025,0.022620,640,128,128,162,640,128,128,318,140360,256,256,91938,6.065974,0.019600,1.280392,7.567055
blackout_only,1342.0,600.0,1800.0,4000.0,120.0,500.0,1,42,6826,6826,7603,7603,56,56,15,15,57,57,3355.000000,6710.000000,6855.000000,1,36.018048,0.361137,0.251113,0.263727,0.021056,0.022617,640,128,128,131,640,128,128,240,140360,256,256,91848,5.915268,0.020025,1.279714,7.026892
with_repeater,1342.0,600.0,1800.0,4000.0,120.0,500.0,1,42,6826,6826,7603,7603,56,56,15,15,57,57,3355.000000,6710.000000,6855.000000,1,35.993364,0.360523,0.250960,0.263553,0.021060,0.022674,640,128,128,159,640,128,128,318,140360,256,256,91938,6.065260,0.020094,1.279938,7.566416
blackout_only,1342.0,600.0,1800.0,4000.0,120.0,500.0,1,43,6826,6826,7603,7603,56,56,15,15,57,57,3355.000000,6710.000000,6855.000000,1,35.976880,0.361361,0.251145,0.264174,0.021068,0.022685,640,128,128,113,640,128,128,240,140360,256,256,91848,5.915557,0.020357,1.280330,7.026335
with_repeater,1342.0,600.0,1800.0,4000.0,120.0,500.0,1,43,6826,6826,7603,7603,56,56,15,15,57,57,3355.000000,6710.000000,6855.000000,1,36.021787,0.362361,0.251186,0.264243,0.021068,0.022671,640,128,128,169,640,128,128,318,140360,256,256,91938,6.065863,0.020313,1.280318,7.566690
blackout_only,1342.0,600.0,1800.0,4000.0,120.0,500.0,1,44,6826,6826,7603,7603,56,56,15,15,57,57,3355.000000,6710.000000,6855.000000,1,35.954306,0.360412,0.251153,0.263788,0.021080,0.022621,640,128,128,120,640,128,128,240,140360,256,256,91848,5.914828,0.020064,1.280249,7.026896
with_repeater,1342.0,600.0,1800.0,4000.0,120.0,500.0,1,44,6826,6826,7603,7603,56,56,15,15,57,57,3355.000000,6710.000000,6855.000000,1,35.909776,0.360109,0.250981,0.263603,0.021097,0.022672,640,128,128,152,640,128,128,318,140360,256,256,91938,6.065267,0.020295,1.280817,7.564919
blackout_only,1342.0,600.0,1800.0,4000.0,120.0,500.0,1,45,6826,6826,7603,7603,56,56,15,15,57,57,3355.000000,6710.000000,6855.000000,1,35.856044,0.359641,0.250973,0.264062,0.021077,0.022627,640,128,128,126,640,128,128,240,140360,256,256,91848,5.915405,0.020036,1.280370,7.027699
with_repeater,1342.0,600.0,1800.0,4000.0,120.0,500.0,1,45,6826,6826,7603,7603,56,56,15,15,57,57,3355.000000,6710.000000,6855.000000,1,35.738831,0.359097,0.251014,0.264031,0.021059,0.022634,640,128,128,160,640,128,128,318,140360,256,256,91938,6.065712,0.019935,1.280096,7.567974
blackout_only,1342.0,600.0,1800.0,4000.0,120.0,500.0,1,46,6826,6826,7603,7603,56,56,15,15,57,57,3355.000000,6710.000000,6855.000000,1,35.798393,0.359022,0.250919,0.263593,0.021074,0.022640,640,128,128,125,640,128,128,240,140379,256,256,91848,5.914951,0.020105,1.279793,7.027121
with_repeater,1342.0,600.0,1800.0,4000.0,120.0,500.0,1,46,6826,6826,7603,7603,56,56,15,15,57,57,3355.000000,6710.000000,6855.000000,1,35.812723,0.358363,0.251103,0.263605,0.021049,0.022621,640,128,128,166,640,128,128,318,140360,256,256,91938,6.065771,0.020064,1.279921,7.567233
blackout_only,1342.0,600.0,1800.0,4000.0,120.0,500.0,1,47,6826,6826,7603,7603,56,56,15,15,57,57,3355.000000,6710.000000,6855.000000,1,35.837292,0.359256,0.250993,0.264177,0.021078,0.022648,640,128,128,121,640,128,128,240,140360,256,256,91848,5.914870,0.019831,1.279957,7.026958
with_repeater,1342.0,600.0,1800.0,4000.0,120.0,500.0,1,47,6827,6827,7603,7603,56,56,15,15,57,57,3355.000000,6710.000000,6855.000000,1,35.803226,0.358807,0.250894,0.263633,0.021068,0.022636,640,128,128,165,640,128,128,318,140380,256,256,91938,6.065303,0.019811,1.279966,7.565441
blackout_only,1342.0,600.0,1800.0,4000.0,120.0,500.0,1,48,6826,6826,7603,7603,56,56,15,15,57,57,3355.000000,6710.000000,6855.000000,1,35.944825,0.361626,0.250953,0.263572,0.021055,0.022645,640,128,128,120,640,128,128,240,140360,256,256,91848,5.914777,0.020105,1.280040,7.027686
with_repeater,1342.0,600.0,1800.0,4000.0,120.0,500.0,1,48,6826,6826,7603,7603,56,56,15,15,57,57,3355.000000,6710.000000,6855.000000,1,35.889068,0.359910,0.250985,0.263572,0.021072,0.022671,640,128,128,173,640,128,128,318,140360,256,256,91938,6.065436,0.020006,1.280153,7.566027
blackout_only,1342.0,600.0,1800.0,4000.0,120.0,500.0,1,49,6827,6827,7603,7603,56,56,15,15,57,57,3355.000000,6710.000000,6855.000000,1,35.943001,0.359807,0.250914,0.263484,0.021080,0.022659,640,128,128,115,640,128,128,240,140380,256,256,91848,5.914650,0.019774,1.280931,7.027560
with_repeater,1342.0,600.0,1800.0,4000.0,120.0,500.0,1,49,6827,6827,7603,7603,56,56,15,15,57,57,3355.000000,6710.000000,6855.000000,1,35.952006,0.360841,0.250855,0.263329,0.021066,0.022672,640,128,128,166,640,128,128,318,140380,256,256,91938,6.064003,0.019689,1.280772,7.568129
blackout_only,1342.0,600.0,1800.0,4000.0,120.0,500.0,1,50,6826,6826,7603,7603,56,56,15,15,57,57,3355.000000,6710.000000,6855.000000,1,36.018792,0.361335,0.251184,0.263761,0.021069,0.022668,640,128,128,118,640,128,128,240,140360,256,256,91848,5.915207,0.020191,1.279546,7.027706
with_repeater,1342.0,600.0,1800.0,4000.0,120.0,500.0,1,50,6826,6826,7603,7603,56,56,15,15,57,57,3355.000000,6710.000000,6855.000000,1,35.985119,0.362105,0.251156,0.263742,0.021083,0.022693,640,128,128,158,640,128,128,318,140360,256,256,91938,6.066048,0.020188,1.279743,7.567958
blackout_only,1342.0,600.0,1800.0,4000.0,120.0,500.0,1,51,6826,6826,7603,7603,56,56,15,15,57,57,3355.000000,6710.000000,6855.000000,1,35.873673,0.360101,0.251051,0.263721,0.021073,0.022673,640,128,128,120,640,128,128,240,140360,256,256,91848,5.915181,0.019673,1.280135,7.026634
with_repeater,1342.0,600.0,1800.0,4000.0,120.0,500.0,1,51,6826,6826,7603,7603,56,56,15,15,57,57,3355.000000,6710.000000,6855.000000,1,35.889238,0.359989,0.251027,0.263591,0.021055,0.022660,640,128,128,151,640,128,128,318,140360,256,256,91938,6.064416,0.019655,1.280148,7.568588
blackout_only,1342.0,600.0,1800.0,4000.0,120.0,500.0,1,52,6827,6827,7603,7603,56,56,15,15,57,57,3355.000000,6710.000000,6855.000000,1,35.925060,0.360210,0.250881,0.263568,0.021062,0.022588,640,128,128,116,640,128,128,240,140380,256,256,91848,5.914971,0.020215,1.280168,7.027707
with_repeater,1342.0,600.0,1800.0,4000.0,120.0,500.0,1,52,6826,6826,7603,7603,56,56,15,15,57,57,3355.000000,6710.000000,6855.000000,1,36.000230,0.361456,0.250973,0.263415,0.021080,0.022668,640,128,128,157,640,128,128,318,140360,256,256,91938,6.065076,0.020166,1.279982,7.565317
blackout_only,1342.0,600.0,1800.0,4000.0,120.0,500.0,1,53,6826,6826,7603,7603,56,56,15,15,57,57,3355.000000,6710.000000,6855.000000,1,36.002590,0.361201,0.251068,0.263609,0.021071,0.022652,640,128,128,124,640,128,128,240,140360,256,256,91848,5.913925,0.020038,1.279912,7.028102
with_repeater,1342.0,600.0,1800.0,4000.0,120.0,500.0,1,53,6827,6827,7603,7603,56,56,15,15,57,57,3355.000000,6710.000000,6855.000000,1,35.965446,0.360797,0.250901,0.263794,0.021071,0.022673,640,128,128,161,640,128,128,318,140380,256,256,91938,6.063941,0.019962,1.279728,7.567031
blackout_only,1342.0,600.0,1800.0,4000.0,120.0,500.0,1,54,6826,6826,7603,7603,56,56,15,15,57,57,3355.000000,6710.000000,6855.000000,1,36.000137,0.361445,0.251167,0.263918,0.021061,0.022615,640,128,128,130,640,128,128,240,140360,256,256,91848,5.915749,0.020004,1.279662,7.026482
with_repeater,1342.0,600.0,1800.0,4000.0,120.0,500.0,1,54,6827,6827,7603,7603,56,56,15,15,57,57,3355.000000,6710.000000,6855.000000,1,35.961566,0.361551,0.250828,0.263579,0.021062,0.022620,640,128,128,166,640,128,128,318,140380,256,256,91938,6.063794,0.019833,1.279263,7.565918
blackout_only,1342.0,600.0,1800.0,4000.0,120.0,500.0,1,55,6826,6826,7603,7603,56,56,15,15,57,57,3355.000000,6710.000000,6855.000000,1,35.917513,0.359778,0.250959,0.263378,0.021088,0.022681,640,128,128,109,640,128,128,240,140360,256,256,91848,5.915626,0.019942,1.280400,7.027732
with_repeater,1342.0,600.0,1800.0,4000.0,120.0,500.0,1,55,6826,6826,7603,7603,56,56,15,15,57,57,3355.000000,6710.000000,6855.000000,1,35.911108,0.359619,0.250989,0.263536,0.021088,0.022683,640,128,128,148,640,128,128,318,140360,256,256,91938,6.064016,0.019969,1.279732,7.566354
blackout_only,1342.0,600.0,1800.0,4000.0,120.0,500.0,1,56,6826,6826,7603,7603,56,56,15,15,57,57,3355.000000,6710.000000,6855.000000,1,36.102965,0.362530,0.251152,0.263770,0.021079,0.022661,640,128,128,111,640,128,128,240,140360,256,256,91848,5.914958,0.019978,1.279740,7.026521
with_repeater,1342.0,600.0,1800.0,4000.0,120.0,500.0,1,56,6826,6826,7603,7603,56,56,15,15,57,57,3355.000000,6710.000000,6855.000000,1,36.133298,0.361951,0.250943,0.263906,0.021095,0.022693,640,128,128,165,640,128,128,318,140367,256,256,91938,6.064045,0.020162,1.279982,7.565177
blackout_only,1342.0,600.0,1800.0,4000.0,120.0,500.0,1,57,6826,6826,7603,7603,56,56,15,15,57,57,3355.000000,6710.000000,6855.000000,1,35.882407,0.359721,0.250947,0.263734,0.021074,0.022700,640,128,128,127,640,128,128,240,140366,256,256,91848,5.915200,0.019717,1.279622,7.026865
with_repeater,1342.0,600.0,1800.0,4000.0,120.0,500.0,1,57,6826,6826,7603,7603,56,56,15,15,57,57,3355.000000,6710.000000,6855.000000,1,35.807989,0.359129,0.251113,0.263734,0.021083,0.022673,640,128,128,162,640,128,128,318,140360,256,256,91938,6.065490,0.019900,1.280038,7.567539
blackout_only,1342.0,600.0,1800.0,4000.0,120.0,500.0,1,58,6826,6826,7603,7603,56,56,15,15,57,57,3355.000000,6710.000000,6855.000000,1,35.882877,0.360174,0.251127,0.263752,0.021074,0.022656,640,128,128,139,640,128,128,240,140360,256,256,91848,5.915654,0.020223,1.280165,7.026250
with_repeater,1342.0,600.0,1800.0,4000.0,120.0,500.0,1,58,6826,6826,7603,7603,56,56,15,15,57,57,3355.000000,6710.000000,6855.000000,1,35.860770,0.359890,0.251076,0.263791,0.021081,0.022667,640,128,128,166,640,128,128,318,140360,256,256,91938,6.065516,0.020434,1.280087,7.565621
blackout_only,1342.0,600.0,1800.0,4000.0,120.0,500.0,1,59,6826,6826,7603,7603,56,56,15,15,57,57,3355.000000,6710.000000,6855.000000,1,35.937715,0.361451,0.250917,0.263597,0.021074,0.022659,640,128,128,119,640,128,128,240,140379,256,256,91848,5.914970,0.019818,1.280291,7.026605
with_repeater,1342.0,600.0,1800.0,4000.0,120.0,500.0,1,59,6827,6827,7603,7603,56,56,15,15,57,57,3355.000000,6710.000000,6855.000000,1,35.952845,0.360193,0.250913,0.263777,0.021075,0.022695,640,128,128,161,640,128,128,318,140380,256,256,91938,6.064669,0.019851,1.280412,7.564011
blackout_only,1342.0,600.0,1800.0,4000.0,120.0,500.0,1,60,6827,6827,7603,7603,56,56,15,15,57,57,3355.000000,6710.000000,6855.000000,1,36.084225,0.361054,0.250897,0.263868,0.021080,0.022641,640,128,128,117,640,128,128,240,140380,256,256,91848,5.914538,0.019903,1.280220,7.027360
with_repeater,1342.0,600.0,1800.0,4000.0,120.0,500.0,1,60,6826,6826,7603,7603,56,56,15,15,57,57,3355.000000,6710.000000,6855.000000,1,36.094767,0.361073,0.251020,0.263889,0.021068,0.022652,640,128,128,165,640,128,128,318,140360,256,256,91938,6.065053,0.020125,1.280303,7.567323
blackout_only,1342.0,600.0,1800.0,4000.0,120.0,500.0,1,61,6826,6826,7603,7603,56,56,15,15,57,57,3355.000000,6710.000000,6855.000000,1,36.005191,0.361667,0.251023,0.263729,0.021051,0.022631,640,128,128,129,640,128,128,240,140360,256,256,91848,5.915113,0.020116,1.279482,7.027555
with_repeater,1342.0,600.0,1800.0,4000.0,120.0,500.0,1,61,6826,6826,7603,7603,56,56,15,15,57,57,3355.000000,6710.000000,6855.000000,1,35.946748,0.360254,0.250993,0.263752,0.021066,0.022659,640,128,128,168,640,128,128,318,140360,256,256,91938,6.066092,0.020083,1.279081,7.568604
blackout_only,1342.0,600.0,1800.0,4000.0,120.0,500.0,1,62,6826,6826,7603,7603,56,56,15,15,57,57,3355.000000,6710.000000,6855.000000,1,36.036519,0.361969,0.251034,0.263890,0.021082,0.022670,640,128,128,116,640,128,128,240,140360,256,256,91848,5.915552,0.020201,1.280683,7.026084
with_repeater,1342.0,600.0,1800.0,4000.0,120.0,500.0,1,62,6826,6826,7603,7603,56,56,15,15,57,57,3355.000000,6710.000000,6855.000000,1,35.958937,0.361726,0.251156,0.264003,0.021069,0.022645,640,128,128,167,640,128,128,318,140360,256,256,91938,6.066509,0.020078,1.280127,7.567587
blackout_only,1342.0,600.0,1800.0,4000.0,120.0,500.0,1,63,6826,6826,7603,7603,56,56,15,15,57,57,3355.000000,6710.000000,6855.000000,1,35.982709,0.360226,0.250973,0.263885,0.021059,0.022647,640,128,128,119,640,128,128,240,140360,256,256,91848,5.915610,0.020185,1.279083,7.026568
with_repeater,1342.0,600.0,1800.0,4000.0,120.0,500.0,1,63,6827,6827,7603,7603,56,56,15,15,57,57,3355.000000,6710.000000,6855.000000,1,35.959005,0.359809,0.250819,0.263598,0.021050,0.022641,640,128,128,149,640,128,128,318,140380,256,256,91938,6.065051,0.019829,1.279619,7.564957
blackout_only,1342.0,600.0,1800.0,4000.0,120.0,500.0,1,64,6826,6826,7603,7603,56,56,15,15,57,57,3355.000000,6710.000000,6855.000000,1,35.996691,0.361904,0.251055,0.263697,0.021073,0.022647,640,128,128,117,640,128,128,240,140360,256,256,91848,5.916347,0.019844,1.280099,7.027739
with_repeater,1342.0,600.0,1800.0,4000.0,120.0,500.0,1,64,6826,6826,7603,7603,56,56,15,15,57,57,3355.000000,6710.000000,6855.000000,1,35.994250,0.361073,0.251010,0.263664,0.021070,0.022654,640,128,128,160,640,128,128,318,140360,256,256,91938,6.065359,0.019652,1.279827,7.567924
blackout_only,1342.0,600.0,1800.0,4000.0,120.0,500.0,1,65,6826,6826,7603,7603,56,56,15,15,57,57,3355.000000,6710.000000,6855.000000,1,35.929641,0.361621,0.251003,0.263849,0.021059,0.022620,640,128,128,137,640,128,128,240,140360,256,256,91848,5.914166,0.019974,1.280091,7.027132
with_repeater,1342.0,600.0,1800.0,4000.0,120.0,500.0,1,65,6827,6827,7603,7603,56,56,15,15,57,57,3355.000000,6710.000000,6855.000000,1,36.000469,0.362114,0.250827,0.263636,0.021070,0.022642,640,128,128,191,640,128,128,318,140380,256,256,91938,6.064454,0.019863,1.279892,7.565786
blackout_only,1342.0,600.0,1800.0,4000.0,120.0,500.0,1,66,6826,6826,7603,7603,56,56,15,15,57,57,3355.000000,6710.000000,6855.000000,1,35.969095,0.360861,0.251040,0.263866,0.021077,0.022658,640,128,128,136,640,128,128,240,140360,256,256,91848,5.915304,0.019936,1.279829,7.027060
with_repeater,1342.0,600.0,1800.0,4000.0,120.0,500.0,1,66,6826,6826,7603,7603,56,56,15,15,57,57,3355.000000,6710.000000,6855.000000,1,35.999471,0.361803,0.251091,0.264000,0.021062,0.022674,640,128,128,180,640,128,128,318,140360,256,256,91938,6.065945,0.020231,1.279754,7.569962
blackout_only,1342.0,600.0,1800.0,4000.0,120.0,500.0,1,67,6826,6826,7603,7603,56,56,15,15,57,57,3355.000000,6710.000000,6855.000000,1,35.924975,0.360672,0.250923,0.263609,0.021091,0.022700,640,128,128,137,640,128,128,240,140377,256,256,91848,5.914399,0.020104,1.279690,7.025703
with_repeater,1342.0,600.0,1800.0,4000.0,120.0,500.0,1,67,6826,6826,7603,7603,56,56,15,15,57,57,3355.000000,6710.000000,6855.000000,1,35.995331,0.361330,0.250932,0.263707,0.021088,0.022719,640,128,128,169,640,128,128,318,140370,256,256,91938,6.064492,0.020115,1.279649,7.566385
blackout_only,1342.0,600.0,1800.0,4000.0,120.0,500.0,1,68,6826,6826,7603,7603,56,56,15,15,57,57,3355.000000,6710.000000,6855.000000,1,36.026710,0.359994,0.251015,0.263691,0.021072,0.022662,640,128,128,129,640,128,128,240,140360,256,256,91848,5.914772,0.019774,1.279939,7.027421
with_repeater,1342.0,600.0,1800.0,4000.0,120.0,500.0,1,68,6827,6827,7603,7603,56,56,15,15,57,57,3355.000000,6710.000000,6855.000000,1,36.133154,0.362227,0.250915,0.263570,0.021081,0.022667,640,128,128,178,640,128,128,318,140380,256,256,91938,6.063826,0.020172,1.279769,7.566373
blackout_only,1342.0,600.0,1800.0,4000.0,120.0,500.0,1,69,6827,6827,7603,7603,56,56,15,15,57,57,3355.000000,6710.000000,6855.000000,1,35.900021,0.361596,0.250890,0.263669,0.021053,0.022616,640,128,128,114,640,128,128,240,140380,256,256,91848,5.914225,0.019860,1.279909,7.026723
with_repeater,1342.0,600.0,1800.0,4000.0,120.0,500.0,1,69,6827,6827,7603,7603,56,56,15,15,57,57,3355.000000,6710.000000,6855.000000,1,35.925440,0.359785,0.250869,0.263477,0.021055,0.022597,640,128,128,175,640,128,128,318,140380,256,256,91938,6.064005,0.019971,1.280058,7.567777
blackout_only,1342.0,600.0,1800.0,4000.0,120.0,500.0,1,70,6827,6827,7603,7603,56,56,15,15,57,57,3355.000000,6710.000000,6855.000000,1,36.009907,0.361243,0.250903,0.263802,0.021059,0.022647,640,128,128,129,640,128,128,240,140380,256,256,91848,5.914062,0.019936,1.279769,7.026964
with_repeater,1342.0,600.0,1800.0,4000.0,120.0,500.0,1,70,6826,6826,7603,7603,56,56,15,15,57,57,3355.000000,6710.000000,6855.000000,1,35.946608,0.360152,0.251004,0.263803,0.021061,0.022663,640,128,128,169,640,128,128,318,140360,256,256,91938,6.065942,0.019931,1.280347,7.567679
blackout_only,1342.0,600.0,1800.0,4000.0,120.0,500.0,1,71,6826,6826,7603,7603,56,56,15,15,57,57,3355.000000,6710.000000,6855.000000,1,35.927124,0.361327,0.251048,0.263798,0.021063,0.022652,640,128,128,123,640,128,128,240,140360,256,256,91848,5.915000,0.020311,1.280614,7.027094
with_repeater,1342.0,600.0,1800.0,4000.0,120.0,500.0,1,71,6827,6827,7603,7603,56,56,15,15,57,57,3355.000000,6710.000000,6855.000000,1,36.006058,0.359926,0.250895,0.263679,0.021065,0.022656,640,128,128,162,640,128,128,318,140380,256,256,91938,6.063921,0.019952,1.279998,7.566295
blackout_only,1342.0,600.0,1800.0,4000.0,120.0,500.0,1,72,6826,6826,7603,7603,56,56,15,15,57,57,3355.000000,6710.000000,6855.000000,1,35.824926,0.358801,0.251116,0.264003,0.021059,0.022653,640,128,128,128,640,128,128,240,140360,256,256,91848,5.915075,0.019975,1.280076,7.026956
with_repeater,1342.0,600.0,1800.0,4000.0,120.0,500.0,1,72,6826,6826,7603,7603,56,56,15,15,57,57,3355.000000,6710.000000,6855.000000,1,35.917543,0.360501,0.251017,0.263558,0.021066,0.022682,640,128,128,160,640,128,128,318,140360,256,256,91938,6.064457,0.020095,1.279756,7.566720
blackout_only,1342.0,600.0,1800.0,4000.0,120.0,500.0,1,73,6827,6827,7603,7603,56,56,15,15,57,57,3355.000000,6710.000000,6855.000000,1,35.928530,0.360137,0.250905,0.263509,0.021070,0.022647,640,128,128,140,640,128,128,240,140380,256,256,91848,5.914410,0.019918,1.280186,7.027630
with_repeater,1342.0,600.0,1800.0,4000.0,120.0,500.0,1,73,6826,6826,7603,7603,56,56,15,15,57,57,3355.000000,6710.000000,6855.000000,1,35.966429,0.360672,0.251038,0.263676,0.021068,0.022656,640,128,128,181,640,128,128,318,140360,256,256,91938,6.065237,0.019805,1.280056,7.567155
blackout_only,1342.0,600.0,1800.0,4000.0,120.0,500.0,1,74,6826,6826,7603,7603,56,56,15,15,57,57,3355.000000,6710.000000,6855.000000,1,35.996533,0.361027,0.250970,0.263641,0.021058,0.022636,640,128,128,117,640,128,128,240,140360,256,256,91848,5.915819,0.019816,1.280052,7.028100
with_repeater,1342.0,600.0,1800.0,4000.0,120.0,500.0,1,74,6826,6826,7603,7603,56,56,15,15,57,57,3355.000000,6710.000000,6855.000000,1,36.003693,0.362160,0.251026,0.263901,0.021060,0.022603,640,128,128,161,640,128,128,318,140360,256,256,91938,6.064414,0.019801,1.279484,7.567987
blackout_only,1342.0,600.0,1800.0,4000.0,120.0,500.0,1,75,6826,6826,7603,7603,56,56,15,15,57,57,3355.000000,6710.000000,6855.000000,1,35.991856,0.361176,0.251065,0.263810,0.021033,0.022644,640,128,128,127,640,128,128,240,140360,256,256,91848,5.914678,0.019834,1.279769,7.026433
with_repeater,1342.0,600.0,1800.0,4000.0,120.0,500.0,1,75,6826,6826,7603,7603,56,56,15,15,57,57,3355.000000,6710.000000,6855.000000,1,36.025195,0.361445,0.250926,0.263677,0.021056,0.022668,640,128,128,158,640,128,128,318,140376,256,256,91938,6.064957,0.019743,1.280018,7.565996
blackout_only,1342.0,600.0,1800.0,4000.0,120.0,500.0,1,76,6826,6826,7603,7603,56,56,15,15,57,57,3355.000000,6710.000000,6855.000000,1,36.141773,0.361211,0.251054,0.263746,0.021081,0.022669,640,128,128,117,640,128,128,240,140360,256,256,91848,5.914771,0.020282,1.280086,7.027748
with_repeater,1342.0,600.0,1800.0,4000.0,120.0,500.0,1,76,6826,6826,7603,7603,56,56,15,15,57,57,3355.000000,6710.000000,6855.000000,1,36.031786,0.360379,0.251005,0.263669,0.021062,0.022671,640,128,128,145,640,128,128,318,140360,256,256,91938,6.064913,0.020020,1.279575,7.565991
blackout_only,1342.0,600.0,1800.0,4000.0,120.0,500.0,1,77,6826,6826,7603,7603,56,56,15,15,57,57,3355.000000,6710.000000,6855.000000,1,35.985018,0.361570,0.251078,0.263959,0.021057,0.022644,640,128,128,135,640,128,128,240,140360,256,256,91848,5.916076,0.020240,1.279266,7.027766
with_repeater,1342.0,600.0,1800.0,4000.0,120.0,500.0,1,77,6826,6826,7603,7603,56,56,15,15,57,57,3355.000000,6710.000000,6855.000000,1,35.984745,0.360969,0.251086,0.263701,0.021058,0.022652,640,128,128,165,640,128,128,318,140360,256,256,91938,6.065819,0.020097,1.279448,7.566874
blackout_only,1342.0,600.0,1800.0,4000.0,120.0,500.0,1,78,6826,6826,7603,7603,56,56,15,15,57,57,3355.000000,6710.000000,6855.000000,1,36.107357,0.359981,0.251000,0.263874,0.021062,0.022643,640,128,128,130,640,128,128,240,140360,256,256,91848,5.915895,0.019806,1.280410,7.026966
with_repeater,1342.0,600.0,1800.0,4000.0,120.0,500.0,1,78,6827,6827,7603,7603,56,56,15,15,57,57,3355.000000,6710.000000,6855.000000,1,36.198090,0.362259,0.250887,0.263628,0.021073,0.022670,640,128,128,168,640,128,128,318,140380,256,256,91938,6.064447,0.019940,1.280267,7.566735
blackout_only,1342.0,600.0,1800.0,4000.0,120.0,500.0,1,79,6826,6826,7603,7603,56,56,15,15,57,57,3355.000000,6710.000000,6855.000000,1,35.848905,0.360043,0.251091,0.263948,0.021089,0.022672,640,128,128,119,640,128,128,240,140360,256,256,91848,5.914813,0.019896,1.279934,7.027266
with_repeater,1342.0,600.0,1800.0,4000.0,120.0,500.0,1,79,6826,6826,7603,7603,56,56,15,15,57,57,3355.000000,6710.000000,6855.000000,1,35.964432,0.359893,0.251111,0.263748,0.021075,0.022665,640,128,128,157,640,128,128,318,140360,256,256,91938,6.064773,0.019802,1.279657,7.566713
blackout_only,1342.0,600.0,1800.0,4000.0,120.0,500.0,1,80,6826,6826,7603,7603,56,56,15,15,57,57,3355.000000,6710.000000,6855.000000,1,36.000241,0.360718,0.251126,0.263843,0.021081,0.022647,640,128,128,129,640,128,128,240,140360,256,256,91848,5.914153,0.019984,1.280060,7.026858
with_repeater,1342.0,600.0,1800.0,4000.0,120.0,500.0,1,80,6826,6826,7603,7603,56,56,15,15,57,57,3355.000000,6710.000000,6855.000000,1,35.960735,0.360469,0.251188,0.263853,0.021074,0.022666,640,128,128,167,640,128,128,318,140360,256,256,91938,6.064847,0.020150,1.280022,7.566958
blackout_only,1342.0,600.0,1800.0,4000.0,120.0,500.0,1,81,6827,6827,7603,7603,56,56,15,15,57,57,3355.000000,6710.000000,6855.000000,1,36.016214,0.361164,0.250881,0.263743,0.021075,0.022679,640,128,128,127,640,128,128,240,140380,256,256,91848,5.913973,0.019977,1.279965,7.026254
with_repeater,1342.0,600.0,1800.0,4000.0,120.0,500.0,1,81,6826,6826,7603,7603,56,56,15,15,57,57,3355.000000,6710.000000,6855.000000,1,36.025174,0.360966,0.250979,0.263548,0.021076,0.022647,640,128,128,173,640,128,128,318,140360,256,256,91938,6.065069,0.020023,1.280553,7.564041
blackout_only,1342.0,600.0,1800.0,4000.0,120.0,500.0,1,82,6826,6826,7603,7603,56,56,15,15,57,57,3355.000000,6710.000000,6855.000000,1,35.951143,0.361003,0.251030,0.263780,0.021075,0.022657,640,128,128,123,640,128,128,240,140360,256,256,91848,5.915712,0.019879,1.280208,7.026938
with_repeater,1342.0,600.0,1800.0,4000.0,120.0,500.0,1,82,6827,6827,7603,7603,56,56,15,15,57,57,3355.000000,6710.000000,6855.000000,1,36.030087,0.360507,0.250889,0.263630,0.021090,0.022702,640,128,128,176,640,128,128,318,140380,256,256,91938,6.064413,0.020004,1.280222,7.567373
blackout_only,1342.0,600.0,1800.0,4000.0,120.0,500.0,1,83,6826,6826,7603,7603,56,56,15,15,57,57,3355.000000,6710.000000,6855.000000,1,36.088092,0.361920,0.251069,0.263553,0.021089,0.022672,640,128,128,120,640,128,128,240,140360,256,256,91848,5.914924,0.020102,1.279484,7.026429
with_repeater,1342.0,600.0,1800.0,4000.0,120.0,500.0,1,83,6826,6826,7603,7603,56,56,15,15,57,57,3355.000000,6710.000000,6855.000000,1,35.986210,0.361332,0.251076,0.263606,0.021077,0.022676,640,128,128,172,640,128,128,318,140360,256,256,91938,6.064553,0.020011,1.279972,7.568909
blackout_only,1342.0,600.0,1800.0,4000.0,120.0,500.0,1,84,6826,6826,7603,7603,56,56,15,15,57,57,3355.000000,6710.000000,6855.000000,1,36.049013,0.361189,0.251040,0.263757,0.021075,0.022642,640,128,128,127,640,128,128,240,140360,256,256,91848,5.915461,0.020401,1.280265,7.026033
with_repeater,1342.0,600.0,1800.0,4000.0,120.0,500.0,1,84,6826,6826,7603,7603,56,56,15,15,57,57,3355.000000,6710.000000,6855.000000,1,36.193029,0.362609,0.251198,0.263716,0.021068,0.022646,640,128,128,166,640,128,128,318,140360,256,256,91938,6.065215,0.020147,1.279680,7.565821
blackout_only,1342.0,600.0,1800.0,4000.0,120.0,500.0,1,85,6826,6826,7603,7603,56,56,15,15,57,57,3355.000000,6710.000000,6855.000000,1,36.062367,0.362147,0.250939,0.263732,0.021053,0.022656,640,128,128,129,640,128,128,240,140369,256,256,91848,5.914476,0.019908,1.280190,7.027409
with_repeater,1342.0,600.0,1800.0,4000.0,120.0,500.0,1,85,6826,6826,7603,7603,56,56,15,15,57,57,3355.000000,6710.000000,6855.000000,1,36.002073,0.360639,0.250969,0.263464,0.021067,0.022685,640,128,128,155,640,128,128,318,140360,256,256,91938,6.064968,0.019940,1.279632,7.565202
blackout_only,1342.0,600.0,1800.0,4000.0,120.0,500.0,1,86,6826,6826,7603,7603,56,56,15,15,57,57,3355.000000,6710.000000,6855.000000,1,35.918727,0.360601,0.251050,0.263778,0.021070,0.022666,640,128,128,104,640,128,128,240,140360,256,256,91848,5.914581,0.020210,1.279736,7.026567
with_repeater,1342.0,600.0,1800.0,4000.0,120.0,500.0,1,86,6826,6826,7603,7603,56,56,15,15,57,57,3355.000000,6710.000000,6855.000000,1,35.885202,0.360240,0.251122,0.263631,0.021082,0.022675,640,128,128,156,640,128,128,318,140360,256,256,91938,6.064302,0.019673,1.280119,7.567457
blackout_only,1342.0,600.0,1800.0,4000.0,120.0,500.0,1,87,6827,6827,7603,7603,56,56,15,15,57,57,3355.000000,6710.000000,6855.000000,1,36.099042,0.361425,0.250912,0.263916,0.021062,0.022650,640,128,128,126,640,128,128,240,140380,256,256,91848,5.915079,0.019987,1.279704,7.026610
with_repeater,1342.0,600.0,1800.0,4000.0,120.0,500.0,1,87,6827,6827,7603,7603,56,56,15,15,57,57,3355.000000,6710.000000,6855.000000,1,36.109278,0.361370,0.250859,0.263806,0.021058,0.022664,640,128,128,157,640,128,128,318,140380,256,256,91938,6.065239,0.019662,1.280130,7.564683
blackout_only,1342.0,600.0,1800.0,4000.0,120.0,500.0,1,88,6826,6826,7603,7603,56,56,15,15,57,57,3355.000000,6710.000000,6855.000000,1,35.961757,0.360195,0.251034,0.263630,0.021072,0.022663,640,128,128,119,640,128,128,240,140360,256,256,91848,5.915002,0.019772,1.279580,7.026949
with_repeater,1342.0,600.0,1800.0,4000.0,120.0,500.0,1,88,6827,6827,7603,7603,56,56,15,15,57,57,3355.000000,6710.000000,6855.000000,1,35.924344,0.359501,0.250818,0.263605,0.021071,0.022663,640,128,128,161,640,128,128,318,140380,256,256,91938,6.064628,0.019756,1.279535,7.565638
blackout_only,1342.0,600.0,1800.0,4000.0,120.0,500.0,1,89,6827,6827,7603,7603,56,56,15,15,57,57,3355.000000,6710.000000,6855.000000,1,35.973510,0.360931,0.250806,0.263255,0.021061,0.022630,640,128,128,119,640,128,128,240,140380,256,256,91848,5.914604,0.019726,1.280210,7.027130
with_repeater,1342.0,600.0,1800.0,4000.0,120.0,500.0,1,89,6826,6826,7603,7603,56,56,15,15,57,57,3355.000000,6710.000000,6855.000000,1,35.918829,0.360770,0.250929,0.263438,0.021070,0.022642,640,128,128,149,640,128,128,318,140370,256,256,91938,6.066988,0.019654,1.279967,7.565653
