scenario,mars_base_latency_s,blackout_start_s,blackout_duration_s,sim_end_s,reconcile_interval_s,global_timeout_s,global_max_rounds,seed,earth_success,earth_total,mars_success,mars_total,global_pre_success,global_pre_total,global_during_success,global_during_total,global_post_success,global_post_total,phase_timeout_s,pre_window_s,post_window_s,temporally_scaled,first_success_after_blackout_s,avg_global_latency_s,earth_local_avg_latency_s,earth_local_p95_latency_s,mars_local_avg_latency_s,mars_local_p95_latency_s,global_phase1_responses_earth,global_phase1_responses_leo,global_phase1_responses_moon,global_phase1_responses_mars,global_phase2_responses_earth,global_phase2_responses_leo,global_phase2_responses_moon,global_phase2_responses_mars,network_src_sent_earth,network_src_sent_leo,network_src_sent_moon,network_src_sent_mars,network_src_avg_oneway_s_earth,network_src_avg_oneway_s_leo,network_src_avg_oneway_s_moon,network_src_avg_oneway_s_mars
blackout_only,186.0,600.0,300.0,4000.0,120.0,500.0,1,40,1924,1924,2143,2143,2,2,0,0,5,5,500.000000,930.000000,3100.000000,1,732.448265,368.019548,0.250865,0.263779,0.021054,0.022686,45,9,9,21,35,7,7,18,38720,16,16,25761,0.271639,0.020671,1.278741,0.284767
with_repeater,186.0,600.0,300.0,4000.0,120.0,500.0,1,40,1924,1924,2143,2143,2,2,0,0,5,5,500.000000,930.000000,3100.000000,1,207.888299,379.364546,0.250513,0.263540,0.021086,0.022666,45,9,9,24,40,8,8,24,38741,17,17,25767,0.305100,0.019818,1.278725,0.362486
blackout_only,186.0,600.0,300.0,4000.0,120.0,500.0,1,41,1924,1924,2143,2143,2,2,0,0,5,5,500.000000,930.000000,3100.000000,1,734.397987,369.224131,0.251002,0.263898,0.021035,0.022599,45,9,9,21,35,7,7,18,38720,16,16,25761,0.271681,0.020029,1.279585,0.284646
with_repeater,186.0,600.0,300.0,4000.0,120.0,500.0,1,41,1924,1924,2143,2143,2,2,0,0,5,5,500.000000,930.000000,3100.000000,1,230.316378,383.501177,0.250848,0.263784,0.021088,0.022649,45,9,9,24,40,8,8,24,38735,17,17,25767,0.305024,0.019602,1.279568,0.363270
blackout_only,186.0,600.0,300.0,4000.0,120.0,500.0,1,42,1924,1924,2143,2143,2,2,0,0,5,5,500.000000,930.000000,3100.000000,1,743.234090,368.678786,0.250899,0.263070,0.021063,0.022610,45,9,9,21,35,7,7,18,38720,16,16,25761,0.271424,0.020558,1.279183,0.284884
with_repeater,186.0,600.0,300.0,4000.0,120.0,500.0,1,42,1924,1924,2143,2143,2,2,0,0,5,5,500.000000,930.000000,3100.000000,1,214.564375,382.145907,0.251200,0.263847,0.021021,0.022650,45,9,9,24,40,8,8,24,38735,17,17,25767,0.304950,0.020121,1.280884,0.363742
blackout_only,186.0,600.0,300.0,4000.0,120.0,500.0,1,43,1924,1924,2143,2143,2,2,0,0,5,5,500.000000,930.000000,3100.000000,1,733.707009,368.406236,0.250978,0.263411,0.021063,0.022679,45,9,9,21,35,7,7,18,38720,16,16,25761,0.271532,0.019321,1.279434,0.285726
with_repeater,186.0,600.0,300.0,4000.0,120.0,500.0,1,43,1924,1924,2143,2143,2,2,0,0,5,5,500.000000,930.000000,3100.000000,1,229.684623,383.477787,0.251000,0.263633,0.021082,0.022675,45,9,9,24,40,8,8,24,38735,17,17,25767,0.305285,0.020031,1.280742,0.361223
blackout_only,186.0,600.0,300.0,4000.0,120.0,500.0,1,44,1924,1924,2143,2143,2,2,0,0,5,5,500.000000,930.000000,3100.000000,1,733.495819,366.799505,0.250978,0.264097,0.021083,0.022689,45,9,9,21,35,7,7,18,38720,16,16,25761,0.271352,0.020312,1.282456,0.284509
with_repeater,186.0,600.0,300.0,4000.0,120.0,500.0,1,44,1924,1924,2143,2143,2,2,0,0,5,5,500.000000,930.000000,3100.000000,1,221.253676,381.954325,0.251384,0.264214,0.021086,0.022707,45,9,9,24,40,8,8,24,38735,17,17,25767,0.305340,0.021107,1.282202,0.361736
blackout_only,186.0,600.0,300.0,4000.0,120.0,500.0,1,45,1924,1924,2143,2143,2,2,0,0,5,5,500.000000,930.000000,3100.000000,1,730.999314,369.352295,0.251057,0.263899,0.021019,0.022571,45,9,9,21,35,7,7,18,38720,16,16,25761,0.270878,0.020083,1.276915,0.285662
with_repeater,186.0,600.0,300.0,4000.0,120.0,500.0,1,45,1924,1924,2143,2143,2,2,0,0,5,5,500.000000,930.000000,3100.000000,1,208.750590,379.257475,0.250994,0.263558,0.021016,0.022598,45,9,9,24,40,8,8,24,38735,17,17,25767,0.304154,0.019036,1.277058,0.361468
blackout_only,186.0,600.0,300.0,4000.0,120.0,500.0,1,46,1924,1924,2143,2143,2,2,0,0,5,5,500.000000,930.000000,3100.000000,1,738.024242,368.685932,0.251171,0.263739,0.021073,0.022693,45,9,9,21,35,7,7,18,38720,16,16,25761,0.271446,0.018564,1.280549,0.286334
with_repeater,186.0,600.0,300.0,4000.0,120.0,500.0,1,46,1924,1924,2143,2143,2,2,0,0,5,5,500.000000,930.000000,3100.000000,1,218.271867,381.021704,0.250685,0.263553,0.021071,0.022655,45,9,9,24,40,8,8,24,38735,17,17,25767,0.304418,0.018093,1.281239,0.361306
blackout_only,186.0,600.0,300.0,4000.0,120.0,500.0,1,47,1924,1924,2143,2143,2,2,0,0,5,5,500.000000,930.000000,3100.000000,1,736.720706,369.863208,0.251068,0.263866,0.021073,0.022673,45,9,9,21,35,7,7,18,38720,16,16,25761,0.272255,0.021543,1.280249,0.285640
with_repeater,186.0,600.0,300.0,4000.0,120.0,500.0,1,47,1924,1924,2143,2143,2,2,0,0,5,5,500.000000,930.000000,3100.000000,1,222.141258,383.784720,0.251149,0.263844,0.021092,0.022708,45,9,9,24,40,8,8,24,38735,17,17,25767,0.304983,0.021760,1.280168,0.364174
blackout_only,186.0,600.0,300.0,4000.0,120.0,500.0,1,48,1924,1924,2143,2143,2,2,0,0,5,5,500.000000,930.000000,3100.000000,1,728.387387,368.204124,0.251228,0.263685,0.021069,0.022647,45,9,9,21,35,7,7,18,38720,16,16,25761,0.271379,0.020224,1.278712,0.284350
with_repeater,186.0,600.0,300.0,4000.0,120.0,500.0,1,48,1924,1924,2143,2143,2,2,0,0,5,5,500.000000,930.000000,3100.000000,1,208.214269,378.880302,0.251076,0.263137,0.021064,0.022677,45,9,9,24,40,8,8,24,38735,17,17,25767,0.303776,0.020061,1.278381,0.361209
blackout_only,186.0,600.0,300.0,4000.0,120.0,500.0,1,49,1924,1924,2143,2143,2,2,0,0,5,5,500.000000,930.000000,3100.000000,1,733.491829,368.280786,0.250730,0.263628,0.021018,0.022544,45,9,9,21,35,7,7,18,38720,16,16,25761,0.272172,0.019832,1.280004,0.286531
with_repeater,186.0,600.0,300.0,4000.0,120.0,500.0,1,49,1924,1924,2143,2143,2,2,0,0,5,5,500.000000,930.000000,3100.000000,1,220.279923,381.527562,0.251023,0.263583,0.021052,0.022572,45,9,9,24,40,8,8,24,38735,17,17,25767,0.303579,0.019270,1.281275,0.364597
blackout_only,186.0,600.0,300.0,4000.0,120.0,500.0,1,50,1924,1924,2143,2143,2,2,0,0,5,5,500.000000,930.000000,3100.000000,1,734.051013,367.699574,0.251311,0.263205,0.021086,0.022749,45,9,9,21,35,7,7,18,38720,16,16,25761,0.271446,0.020648,1.281867,0.284697
with_repeater,186.0,600.0,300.0,4000.0,120.0,500.0,1,50,1924,1924,2143,2143,2,2,0,0,5,5,500.000000,930.000000,3100.000000,1,215.200468,381.266422,0.251226,0.263480,0.021090,0.022699,45,9,9,24,40,8,8,24,38735,17,17,25767,0.304558,0.020410,1.282288,0.363522
blackout_only,186.0,600.0,300.0,4000.0,120.0,500.0,1,51,1924,1924,2143,2143,2,2,0,0,5,5,500.000000,930.000000,3100.000000,1,736.187276,368.752711,0.250916,0.263610,0.021070,0.022666,45,9,9,21,35,7,7,18,38720,16,16,25761,0.272446,0.021585,1.280819,0.284846
with_repeater,186.0,600.0,300.0,4000.0,120.0,500.0,1,51,1924,1924,2143,2143,2,2,0,0,5,5,500.000000,930.000000,3100.000000,1,214.747503,380.065690,0.250996,0.263925,0.021069,0.022641,45,9,9,24,40,8,8,24,38735,17,17,25767,0.304313,0.018980,1.281142,0.362007
blackout_only,186.0,600.0,300.0,4000.0,120.0,500.0,1,52,1924,1924,2143,2143,2,2,0,0,5,5,500.000000,930.000000,3100.000000,1,735.870266,367.813454,0.251028,0.263402,0.021061,0.022633,45,9,9,21,35,7,7,18,38720,16,16,25761,0.271598,0.020484,1.280344,0.284609
with_repeater,186.0,600.0,300.0,4000.0,120.0,500.0,1,52,1924,1924,2143,2143,2,2,0,0,5,5,500.000000,930.000000,3100.000000,1,208.619110,381.193893,0.250552,0.263514,0.021070,0.022633,45,9,9,24,40,8,8,24,38735,17,17,25767,0.304680,0.020652,1.278283,0.362749
blackout_only,186.0,600.0,300.0,4000.0,120.0,500.0,1,53,1924,1924,2143,2143,2,2,0,0,5,5,500.000000,930.000000,3100.000000,1,741.497786,369.869623,0.251213,0.263775,0.021078,0.022659,45,9,9,21,35,7,7,18,38720,16,16,25761,0.271045,0.020226,1.277553,0.285634
with_repeater,186.0,600.0,300.0,4000.0,120.0,500.0,1,53,1924,1924,2143,2143,2,2,0,0,5,5,500.000000,930.000000,3100.000000,1,233.281265,384.849546,0.250838,0.263692,0.021096,0.022644,45,9,9,24,40,8,8,24,38735,17,17,25767,0.304464,0.018819,1.279421,0.364863
blackout_only,186.0,600.0,300.0,4000.0,120.0,500.0,1,54,1924,1924,2143,2143,2,2,0,0,5,5,500.000000,930.000000,3100.000000,1,728.145062,367.271950,0.250674,0.263060,0.021058,0.022630,45,9,9,21,35,7,7,18,38720,16,16,25761,0.270681,0.019225,1.280566,0.285102
with_repeater,186.0,600.0,300.0,4000.0,120.0,500.0,1,54,1924,1924,2143,2143,2,2,0,0,5,5,500.000000,930.000000,3100.000000,1,217.254651,382.059935,0.250958,0.263655,0.021075,0.022664,45,9,9,24,40,8,8,24,38735,17,17,25767,0.304653,0.019740,1.282683,0.363128
blackout_only,186.0,600.0,300.0,4000.0,120.0,500.0,1,55,1924,1924,2143,2143,2,2,0,0,5,5,500.000000,930.000000,3100.000000,1,737.914728,368.904875,0.250798,0.263460,0.021063,0.022611,45,9,9,21,35,7,7,18,38720,16,16,25761,0.272050,0.020319,1.279693,0.284947
with_repeater,186.0,600.0,300.0,4000.0,120.0,500.0,1,55,1924,1924,2143,2143,2,2,0,0,5,5,500.000000,930.000000,3100.000000,1,187.306012,377.811630,0.250770,0.263354,0.021044,0.022624,45,9,9,24,40,8,8,24,38735,17,17,25767,0.305789,0.020234,1.278433,0.361301
blackout_only,186.0,600.0,300.0,4000.0,120.0,500.0,1,56,1924,1924,2143,2143,2,2,0,0,5,5,500.000000,930.000000,3100.000000,1,741.360906,370.161506,0.251214,0.263591,0.021081,0.022722,45,9,9,21,35,7,7,18,38720,16,16,25761,0.272124,0.019772,1.280360,0.285751
with_repeater,186.0,600.0,300.0,4000.0,120.0,500.0,1,56,1924,1924,2143,2143,2,2,0,0,5,5,500.000000,930.000000,3100.000000,1,227.011996,383.661213,0.251107,0.263775,0.021081,0.022626,45,9,9,24,40,8,8,24,38735,17,17,25767,0.305555,0.020991,1.280724,0.363460
blackout_only,186.0,600.0,300.0,4000.0,120.0,500.0,1,57,1924,1924,2143,2143,2,2,0,0,5,5,500.000000,930.000000,3100.000000,1,740.596551,370.965689,0.250978,0.263452,0.021045,0.022652,45,9,9,21,35,7,7,18,38720,16,16,25761,0.271963,0.019725,1.279595,0.285413
with_repeater,186.0,600.0,300.0,4000.0,120.0,500.0,1,57,1924,1924,2143,2143,2,2,0,0,5,5,500.000000,930.000000,3100.000000,1,212.351829,380.758255,0.250919,0.263545,0.021055,0.022698,45,9,9,24,40,8,8,24,38735,17,17,25767,0.304213,0.019611,1.281100,0.362176
blackout_only,186.0,600.0,300.0,4000.0,120.0,500.0,1,58,1924,1924,2143,2143,2,2,0,0,5,5,500.000000,930.000000,3100.000000,1,732.895773,368.391123,0.250904,0.264022,0.021096,0.022799,45,9,9,21,35,7,7,18,38720,16,16,25761,0.272768,0.020081,1.281916,0.285743
with_repeater,186.0,600.0,300.0,4000.0,120.0,500.0,1,58,1924,1924,2143,2143,2,2,0,0,5,5,500.000000,930.000000,3100.000000,1,213.863494,382.346954,0.250640,0.263305,0.021109,0.022710,45,9,9,24,40,8,8,24,38735,17,17,25767,0.305155,0.019390,1.282858,0.363205
blackout_only,186.0,600.0,300.0,4000.0,120.0,500.0,1,59,1924,1924,2143,2143,2,2,0,0,5,5,500.000000,930.000000,3100.000000,1,744.521859,370.310596,0.250913,0.263848,0.021072,0.022647,45,9,9,21,35,7,7,18,38720,16,16,25761,0.271887,0.019731,1.279113,0.286186
with_repeater,186.0,600.0,300.0,4000.0,120.0,500.0,1,59,1924,1924,2143,2143,2,2,0,0,5,5,500.000000,930.000000,3100.000000,1,187.650244,377.035957,0.250947,0.263656,0.021080,0.022699,45,9,9,24,40,8,8,24,38735,17,17,25767,0.304518,0.019500,1.279802,0.360360
blackout_only,186.0,600.0,300.0,4000.0,120.0,500.0,1,60,1924,1924,2143,2143,2,2,0,0,5,5,500.000000,930.000000,3100.000000,1,736.288523,368.195427,0.251029,0.263642,0.021057,0.022606,45,9,9,21,35,7,7,18,38720,16,16,25761,0.271557,0.021630,1.281024,0.285342
with_repeater,186.0,600.0,300.0,4000.0,120.0,500.0,1,60,1924,1924,2143,2143,2,2,0,0,5,5,500.000000,930.000000,3100.000000,1,234.220913,382.534769,0.250920,0.263768,0.021029,0.022517,45,9,9,24,40,8,8,24,38735,17,17,25767,0.304970,0.020897,1.281481,0.363111
blackout_only,186.0,600.0,300.0,4000.0,120.0,500.0,1,61,1924,1924,2143,2143,2,2,0,0,5,5,500.000000,930.000000,3100.000000,1,730.543218,368.760212,0.251257,0.263416,0.021062,0.022624,45,9,9,21,35,7,7,18,38720,16,16,25761,0.271951,0.019498,1.282459,0.286005
with_repeater,186.0,600.0,300.0,4000.0,120.0,500.0,1,61,1924,1924,2143,2143,2,2,0,0,5,5,500.000000,930.000000,3100.000000,1,225.246276,382.988447,0.250988,0.264014,0.021080,0.022683,45,9,9,24,40,8,8,24,38735,17,17,25767,0.304185,0.019416,1.280375,0.364038
blackout_only,186.0,600.0,300.0,4000.0,120.0,500.0,1,62,1924,1924,2143,2143,2,2,0,0,5,5,500.000000,930.000000,3100.000000,1,737.812689,368.041772,0.250957,0.263510,0.021064,0.022670,45,9,9,21,35,7,7,18,38720,16,16,25761,0.271701,0.020784,1.282286,0.285405
with_repeater,186.0,600.0,300.0,4000.0,120.0,500.0,1,62,1924,1924,2143,2143,2,2,0,0,5,5,500.000000,930.000000,3100.000000,1,223.760260,381.174915,0.251038,0.264042,0.021065,0.022676,45,9,9,24,40,8,8,24,38735,17,17,25767,0.304524,0.020083,1.279280,0.361454
blackout_only,186.0,600.0,300.0,4000.0,120.0,500.0,1,63,1924,1924,2143,2143,2,2,0,0,5,5,500.000000,930.000000,3100.000000,1,732.943409,369.599374,0.251007,0.263872,0.021070,0.022667,45,9,9,21,35,7,7,18,38720,16,16,25761,0.271633,0.020091,1.277102,0.285414
with_repeater,186.0,600.0,300.0,4000.0,120.0,500.0,1,63,1924,1924,2143,2143,2,2,0,0,5,5,500.000000,930.000000,3100.000000,1,227.251861,381.557843,0.250820,0.263434,0.021056,0.022642,45,9,9,24,40,8,8,24,38735,17,17,25767,0.303529,0.020190,1.280013,0.364253
blackout_only,186.0,600.0,300.0,4000.0,120.0,500.0,1,64,1924,1924,2143,2143,2,2,0,0,5,5,500.000000,930.000000,3100.000000,1,741.949644,370.701729,0.251124,0.263182,0.021039,0.022651,45,9,9,21,35,7,7,18,38720,16,16,25761,0.271951,0.019608,1.279282,0.285196
with_repeater,186.0,600.0,300.0,4000.0,120.0,500.0,1,64,1924,1924,2143,2143,2,2,0,0,5,5,500.000000,930.000000,3100.000000,1,214.974748,380.191658,0.251301,0.263634,0.021043,0.022591,45,9,9,24,40,8,8,24,38735,17,17,25767,0.304253,0.018892,1.278420,0.362666
blackout_only,186.0,600.0,300.0,4000.0,120.0,500.0,1,65,1924,1924,2143,2143,2,2,0,0,5,5,500.000000,930.000000,3100.000000,1,737.881144,368.169156,0.251028,0.263313,0.021087,0.022691,45,9,9,21,35,7,7,18,38720,16,16,25761,0.271749,0.020329,1.281965,0.285677
with_repeater,186.0,600.0,300.0,4000.0,120.0,500.0,1,65,1924,1924,2143,2143,2,2,0,0,5,5,500.000000,930.000000,3100.000000,1,229.113740,381.815910,0.250850,0.263694,0.021096,0.022782,45,9,9,24,40,8,8,24,38735,17,17,25767,0.304835,0.020780,1.282176,0.363585
blackout_only,186.0,600.0,300.0,4000.0,120.0,500.0,1,66,1924,1924,2143,2143,2,2,0,0,5,5,500.000000,930.000000,3100.000000,1,728.249879,366.374926,0.251102,0.263209,0.021057,0.022682,45,9,9,21,35,7,7,18,38720,16,16,25761,0.271345,0.019966,1.280803,0.285238
with_repeater,186.0,600.0,300.0,4000.0,120.0,500.0,1,66,1924,1924,2143,2143,2,2,0,0,5,5,500.000000,930.000000,3100.000000,1,210.329283,380.808591,0.251112,0.263346,0.021095,0.022699,45,9,9,24,40,8,8,24,38735,17,17,25767,0.303820,0.020104,1.279634,0.361882
blackout_only,186.0,600.0,300.0,4000.0,120.0,500.0,1,67,1924,1924,2143,2143,2,2,0,0,5,5,500.000000,930.000000,3100.000000,1,733.988767,368.530642,0.251006,0.264155,0.021062,0.022736,45,9,9,21,35,7,7,18,38720,16,16,25761,0.272249,0.019396,1.280149,0.284655
with_repeater,186.0,600.0,300.0,4000.0,120.0,500.0,1,67,1924,1924,2143,2143,2,2,0,0,5,5,500.000000,930.000000,3100.000000,1,219.045882,383.472872,0.251051,0.263624,0.021079,0.022728,45,9,9,24,40,8,8,24,38735,17,17,25767,0.305422,0.020845,1.278192,0.363618
blackout_only,186.0,600.0,300.0,4000.0,120.0,500.0,1,68,1924,1924,2143,2143,2,2,0,0,5,5,500.000000,930.000000,3100.000000,1,742.786797,368.024934,0.250888,0.264117,0.021078,0.022702,45,9,9,21,35,7,7,18,38720,16,16,25761,0.272056,0.020562,1.282361,0.286300
with_repeater,186.0,600.0,300.0,4000.0,120.0,500.0,1,68,1924,1924,2143,2143,2,2,0,0,5,5,500.000000,930.000000,3100.000000,1,221.487230,381.170641,0.251073,0.263781,0.021098,0.022689,45,9,9,24,40,8,8,24,38735,17,17,25767,0.304181,0.020377,1.279725,0.362600
blackout_only,186.0,600.0,300.0,4000.0,120.0,500.0,1,69,1924,1924,2143,2143,2,2,0,0,5,5,500.000000,930.000000,3100.000000,1,732.475965,368.007833,0.250976,0.263792,0.021034,0.022655,45,9,9,21,35,7,7,18,38720,16,16,25761,0.272126,0.020482,1.279654,0.286094
with_repeater,186.0,600.0,300.0,4000.0,120.0,500.0,1,69,1924,1924,2143,2143,2,2,0,0,5,5,500.000000,930.000000,3100.000000,1,226.463179,383.001898,0.251141,0.264610,0.021076,0.022750,45,9,9,24,40,8,8,24,38735,17,17,25767,0.304851,0.018648,1.280354,0.363603
blackout_only,186.0,600.0,300.0,4000.0,120.0,500.0,1,70,1924,1924,2143,2143,2,2,0,0,5,5,500.000000,930.000000,3100.000000,1,732.812123,367.375142,0.251046,0.263506,0.021028,0.022566,45,9,9,21,35,7,7,18,38720,16,16,25761,0.271135,0.019016,1.278611,0.285761
with_repeater,186.0,600.0,300.0,4000.0,120.0,500.0,1,70,1924,1924,2143,2143,2,2,0,0,5,5,500.000000,930.000000,3100.000000,1,215.483460,379.846585,0.250704,0.263450,0.021051,0.022637,45,9,9,24,40,8,8,24,38735,17,17,25767,0.304531,0.020099,1.280327,0.361295
blackout_only,186.0,600.0,300.0,4000.0,120.0,500.0,1,71,1924,1924,2143,2143,2,2,0,0,5,5,500.000000,930.000000,3100.000000,1,734.228351,369.026868,0.251031,0.263530,0.021070,0.022628,45,9,9,21,35,7,7,18,38720,16,16,25761,0.272461,0.019810,1.278535,0.285062
with_repeater,186.0,600.0,300.0,4000.0,120.0,500.0,1,71,1924,1924,2143,2143,2,2,0,0,5,5,500.000000,930.000000,3100.000000,1,226.337937,382.916920,0.251110,0.263950,0.021075,0.022634,45,9,9,24,40,8,8,24,38735,17,17,25767,0.304984,0.019426,1.281182,0.364431
blackout_only,186.0,600.0,300.0,4000.0,120.0,500.0,1,72,1924,1924,2143,2143,2,2,0,0,5,5,500.000000,930.000000,3100.000000,1,736.239516,368.832661,0.251106,0.263704,0.021089,0.022679,45,9,9,21,35,7,7,18,38720,16,16,25761,0.272330,0.019932,1.281723,0.285048
with_repeater,186.0,600.0,300.0,4000.0,120.0,500.0,1,72,1924,1924,2143,2143,2,2,0,0,5,5,500.000000,930.000000,3100.000000,1,209.751083,382.005667,0.251021,0.263694,0.021097,0.022646,45,9,9,24,40,8,8,24,38735,17,17,25767,0.305468,0.019514,1.281410,0.363120
blackout_only,186.0,600.0,300.0,4000.0,120.0,500.0,1,73,1924,1924,2143,2143,2,2,0,0,5,5,500.000000,930.000000,3100.000000,1,737.624534,368.038896,0.250885,0.263481,0.021035,0.022643,45,9,9,21,35,7,7,18,38720,16,16,25761,0.272011,0.019212,1.281660,0.284853
with_repeater,186.0,600.0,300.0,4000.0,120.0,500.0,1,73,1924,1924,2143,2143,2,2,0,0,5,5,500.000000,930.000000,3100.000000,1,217.727657,381.271955,0.250957,0.263774,0.021039,0.022697,45,9,9,24,40,8,8,24,38735,17,17,25767,0.305130,0.018463,1.279674,0.362512
blackout_only,186.0,600.0,300.0,4000.0,120.0,500.0,1,74,1924,1924,2143,2143,2,2,0,0,5,5,500.000000,930.000000,3100.000000,1,733.222009,368.223691,0.250937,0.263934,0.021070,0.022589,45,9,9,21,35,7,7,18,38720,16,16,25761,0.271848,0.020754,1.280660,0.284503
with_repeater,186.0,600.0,300.0,4000.0,120.0,500.0,1,74,1924,1924,2143,2143,2,2,0,0,5,5,500.000000,930.000000,3100.000000,1,217.157669,380.565031,0.250909,0.263827,0.021083,0.022710,45,9,9,24,40,8,8,24,38735,17,17,25767,0.304679,0.020198,1.281433,0.361486
blackout_only,186.0,600.0,300.0,4000.0,120.0,500.0,1,75,1924,1924,2143,2143,2,2,0,0,5,5,500.000000,930.000000,3100.000000,1,734.258565,368.044519,0.251092,0.263655,0.021016,0.022566,45,9,9,21,35,7,7,18,38720,16,16,25761,0.272370,0.020738,1.280225,0.285534
with_repeater,186.0,600.0,300.0,4000.0,120.0,500.0,1,75,1924,1924,2143,2143,2,2,0,0,5,5,500.000000,930.000000,3100.000000,1,225.526778,382.191433,0.251103,0.264117,0.021033,0.022652,45,9,9,24,40,8,8,24,38735,17,17,25767,0.306658,0.019316,1.276901,0.362627
blackout_only,186.0,600.0,300.0,4000.0,120.0,500.0,1,76,1924,1924,2143,2143,2,2,0,0,5,5,500.000000,930.000000,3100.000000,1,745.526596,370.006112,0.251155,0.263453,0.021033,0.022645,45,9,9,21,35,7,7,18,38720,16,16,25761,0.271730,0.019653,1.279440,0.285223
with_repeater,186.0,600.0,300.0,4000.0,120.0,500.0,1,76,1924,1924,2143,2143,2,2,0,0,5,5,500.000000,930.000000,3100.000000,1,222.636644,382.261585,0.251162,0.263604,0.021030,0.022570,45,9,9,24,40,8,8,24,38735,17,17,25767,0.304595,0.021279,1.281456,0.362570
blackout_only,186.0,600.0,300.0,4000.0,120.0,500.0,1,77,1924,1924,2143,2143,2,2,0,0,5,5,500.000000,930.000000,3100.000000,1,731.170220,368.015014,0.251000,0.263802,0.021060,0.022593,45,9,9,21,35,7,7,18,38720,16,16,25761,0.271939,0.019974,1.282770,0.285421
with_repeater,186.0,600.0,300.0,4000.0,120.0,500.0,1,77,1924,1924,2143,2143,2,2,0,0,5,5,500.000000,930.000000,3100.000000,1,200.943955,379.629415,0.251035,0.264149,0.021092,0.022616,45,9,9,24,40,8,8,24,38735,17,17,25767,0.304473,0.018519,1.282540,0.362928
blackout_only,186.0,600.0,300.0,4000.0,120.0,500.0,1,78,1924,1924,2143,2143,2,2,0,0,5,5,500.000000,930.000000,3100.000000,1,728.090626,366.648129,0.251412,0.263720,0.021088,0.022604,45,9,9,21,35,7,7,18,38720,16,16,25761,0.271367,0.020121,1.280266,0.284695
with_repeater,186.0,600.0,300.0,4000.0,120.0,500.0,1,78,1924,1924,2143,2143,2,2,0,0,5,5,500.000000,930.000000,3100.000000,1,219.704969,380.534669,0.250994,0.263229,0.021122,0.022722,45,9,9,24,40,8,8,24,38735,17,17,25767,0.304703,0.021167,1.281082,0.361991
blackout_only,186.0,600.0,300.0,4000.0,120.0,500.0,1,79,1924,1924,2143,2143,2,2,0,0,5,5,500.000000,930.000000,3100.000000,1,728.900161,366.473463,0.251208,0.263624,0.021086,0.022683,45,9,9,21,35,7,7,18,38720,16,16,25761,0.271415,0.020163,1.280428,0.285240
with_repeater,186.0,600.0,300.0,4000.0,120.0,500.0,1,79,1924,1924,2143,2143,2,2,0,0,5,5,500.000000,930.000000,3100.000000,1,216.312692,381.148841,0.251206,0.263920,0.021087,0.022690,45,9,9,24,40,8,8,24,38735,17,17,25767,0.304554,0.020506,1.280700,0.361961
blackout_only,186.0,600.0,300.0,4000.0,120.0,500.0,1,80,1924,1924,2143,2143,2,2,0,0,5,5,500.000000,930.000000,3100.000000,1,740.137135,369.079709,0.251083,0.263789,0.021033,0.022650,45,9,9,21,35,7,7,18,38720,16,16,25761,0.272385,0.019923,1.281551,0.286322
with_repeater,186.0,600.0,300.0,4000.0,120.0,500.0,1,80,1924,1924,2143,2143,2,2,0,0,5,5,500.000000,930.000000,3100.000000,1,212.014275,380.713362,0.250853,0.263067,0.021072,0.022679,45,9,9,24,40,8,8,24,38735,17,17,25767,0.304547,0.020373,1.279296,0.363899
blackout_only,186.0,600.0,300.0,4000.0,120.0,500.0,1,81,1924,1924,2143,2143,2,2,0,0,5,5,500.000000,930.000000,3100.000000,1,744.971548,370.906743,0.250789,0.263546,0.021064,0.022660,45,9,9,21,35,7,7,18,38720,16,16,25761,0.272551,0.020300,1.280095,0.286276
with_repeater,186.0,600.0,300.0,4000.0,120.0,500.0,1,81,1924,1924,2143,2143,2,2,0,0,5,5,500.000000,930.000000,3100.000000,1,188.151008,376.973787,0.250872,0.263885,0.021061,0.022660,45,9,9,24,40,8,8,24,38735,17,17,25767,0.304000,0.019716,1.282472,0.360811
blackout_only,186.0,600.0,300.0,4000.0,120.0,500.0,1,82,1924,1924,2143,2143,2,2,0,0,5,5,500.000000,930.000000,3100.000000,1,739.639757,368.816842,0.251121,0.263572,0.021043,0.022625,45,9,9,21,35,7,7,18,38720,16,16,25761,0.271888,0.019487,1.279470,0.286508
with_repeater,186.0,600.0,300.0,4000.0,120.0,500.0,1,82,1924,1924,2143,2143,2,2,0,0,5,5,500.000000,930.000000,3100.000000,1,222.823203,381.147836,0.251100,0.263966,0.021041,0.022595,45,9,9,24,40,8,8,24,38735,17,17,25767,0.304258,0.021125,1.281236,0.363590
blackout_only,186.0,600.0,300.0,4000.0,120.0,500.0,1,83,1924,1924,2143,2143,2,2,0,0,5,5,500.000000,930.000000,3100.000000,1,736.388423,368.339756,0.251267,0.263301,0.021098,0.022571,45,9,9,21,35,7,7,18,38720,16,16,25761,0.272179,0.019595,1.280195,0.285235
with_repeater,186.0,600.0,300.0,4000.0,120.0,500.0,1,83,1924,1924,2143,2143,2,2,0,0,5,5,500.000000,930.000000,3100.000000,1,216.125595,381.399829,0.251192,0.264045,0.021081,0.022654,45,9,9,24,40,8,8,24,38735,17,17,25767,0.304231,0.020245,1.277616,0.364468
blackout_only,186.0,600.0,300.0,4000.0,120.0,500.0,1,84,1924,1924,2143,2143,2,2,0,0,5,5,500.000000,930.000000,3100.000000,1,734.285185,367.256511,0.250936,0.263351,0.021073,0.022647,45,9,9,21,35,7,7,18,38720,16,16,25761,0.271051,0.019774,1.280186,0.284891
with_repeater,186.0,600.0,300.0,4000.0,120.0,500.0,1,84,1924,1924,2143,2143,2,2,0,0,5,5,500.000000,930.000000,3100.000000,1,217.425166,381.711916,0.250884,0.263308,0.021091,0.022668,45,9,9,24,40,8,8,24,38735,17,17,25767,0.305079,0.019741,1.280048,0.362087
blackout_only,186.0,600.0,300.0,4000.0,120.0,500.0,1,85,1924,1924,2143,2143,2,2,0,0,5,5,500.000000,930.000000,3100.000000,1,741.005349,368.927410,0.250886,0.263607,0.021089,0.022642,45,9,9,21,35,7,7,18,38720,16,16,25761,0.272300,0.019449,1.277686,0.285490
with_repeater,186.0,600.0,300.0,4000.0,120.0,500.0,1,85,1924,1924,2143,2143,2,2,0,0,5,5,500.000000,930.000000,3100.000000,1,215.117246,380.859689,0.250883,0.263658,0.021064,0.022625,45,9,9,24,40,8,8,24,38735,17,17,25767,0.304747,0.019477,1.279800,0.363835
blackout_only,186.0,600.0,300.0,4000.0,120.0,500.0,1,86,1924,1924,2143,2143,2,2,0,0,5,5,500.000000,930.000000,3100.000000,1,742.639967,370.908527,0.251154,0.263375,0.021065,0.022668,45,9,9,21,35,7,7,18,38720,16,16,25761,0.271976,0.019516,1.279452,0.287305
with_repeater,186.0,600.0,300.0,4000.0,120.0,500.0,1,86,1924,1924,2143,2143,2,2,0,0,5,5,500.000000,930.000000,3100.000000,1,222.400950,383.347256,0.250845,0.263653,0.021048,0.022630,45,9,9,24,40,8,8,24,38735,17,17,25767,0.304635,0.019668,1.279390,0.365761
blackout_only,186.0,600.0,300.0,4000.0,120.0,500.0,1,87,1924,1924,2143,2143,2,2,0,0,5,5,500.000000,930.000000,3100.000000,1,733.553336,367.299288,0.250826,0.263369,0.021052,0.022620,45,9,9,21,35,7,7,18,38720,16,16,25761,0.271509,0.020701,1.279267,0.285000
with_repeater,186.0,600.0,300.0,4000.0,120.0,500.0,1,87,1924,1924,2143,2143,2,2,0,0,5,5,500.000000,930.000000,3100.000000,1,217.179434,382.234990,0.250592,0.263539,0.021014,0.022533,45,9,9,24,40,8,8,24,38735,17,17,25767,0.304729,0.019747,1.277834,0.362748
blackout_only,186.0,600.0,300.0,4000.0,120.0,500.0,1,88,1924,1924,2143,2143,2,2,0,0,5,5,500.000000,930.000000,3100.000000,1,734.631297,368.549670,0.250950,0.263824,0.021079,0.022729,45,9,9,21,35,7,7,18,38720,16,16,25761,0.271602,0.020131,1.281396,0.285726
with_repeater,186.0,600.0,300.0,4000.0,120.0,500.0,1,88,1924,1924,2143,2143,2,2,0,0,5,5,500.000000,930.000000,3100.000000,1,227.936759,383.962193,0.251276,0.264293,0.021081,0.022686,45,9,9,24,40,8,8,24,38735,17,17,25767,0.305077,0.019919,1.280953,0.362582
blackout_only,186.0,600.0,300.0,4000.0,120.0,500.0,1,89,1924,1924,2143,2143,2,2,0,0,5,5,500.000000,930.000000,3100.000000,1,738.130219,369.478965,0.251095,0.263654,0.021087,0.022620,45,9,9,21,35,7,7,18,38720,16,16,25761,0.271865,0.019508,1.280332,0.285006
with_repeater,186.0,600.0,300.0,4000.0,120.0,500.0,1,89,1924,1924,2143,2143,2,2,0,0,5,5,500.000000,930.000000,3100.000000,1,221.539289,382.568953,0.250983,0.263593,0.021095,0.022665,45,9,9,24,40,8,8,24,38735,17,17,25767,0.304805,0.019755,1.279542,0.362027
blackout_only,186.0,600.0,900.0,4000.0,120.0,500.0,1,40,1924,1924,2143,2143,2,2,0,1,4,4,500.000000,930.000000,2500.000000,1,755.231893,368.939148,0.250885,0.263457,0.021046,0.022623,45,9,9,18,30,6,6,12,38705,15,15,25752,0.228407,0.019169,1.281127,0.220530
with_repeater,186.0,600.0,900.0,4000.0,120.0,500.0,1,40,1924,1924,2143,2143,2,2,1,1,4,4,500.000000,930.000000,2500.000000,1,209.262607,394.943855,0.250590,0.263402,0.021057,0.022661,45,9,9,24,40,8,8,21,38735,17,17,25767,0.314020,0.019318,1.279797,0.352564
blackout_only,186.0,600.0,900.0,4000.0,120.0,500.0,1,41,1924,1924,2143,2143,2,2,0,1,4,4,500.000000,930.000000,2500.000000,1,759.250177,367.751644,0.250975,0.263784,0.021048,0.022632,45,9,9,18,30,6,6,12,38705,15,15,25752,0.228301,0.020328,1.282259,0.219613
with_repeater,186.0,600.0,900.0,4000.0,120.0,500.0,1,41,1924,1924,2143,2143,2,2,1,1,4,4,500.000000,930.000000,2500.000000,1,210.815429,393.583080,0.250762,0.263903,0.021060,0.022646,45,9,9,24,40,8,8,21,38735,17,17,25767,0.312767,0.019742,1.278875,0.353362
blackout_only,186.0,600.0,900.0,4000.0,120.0,500.0,1,42,1924,1924,2143,2143,2,2,0,1,4,4,500.000000,930.000000,2500.000000,1,761.019143,369.672886,0.250740,0.263225,0.021030,0.022672,45,9,9,18,30,6,6,12,38705,15,15,25752,0.228983,0.019638,1.279023,0.220895
with_repeater,186.0,600.0,900.0,4000.0,120.0,500.0,1,42,1924,1924,2143,2143,2,2,1,1,4,4,500.000000,930.000000,2500.000000,1,207.771543,394.472163,0.251233,0.263672,0.021028,0.022588,45,9,9,24,40,8,8,21,38735,17,17,25767,0.313344,0.020157,1.280904,0.353699
blackout_only,186.0,600.0,900.0,4000.0,120.0,500.0,1,43,1924,1924,2143,2143,2,2,0,1,4,4,500.000000,930.000000,2500.000000,1,751.018337,366.984386,0.251163,0.263520,0.021080,0.022679,45,9,9,18,30,6,6,12,38705,15,15,25752,0.228275,0.018900,1.278557,0.218930
with_repeater,186.0,600.0,900.0,4000.0,120.0,500.0,1,43,1924,1924,2143,2143,2,2,1,1,4,4,500.000000,930.000000,2500.000000,1,215.593481,395.035928,0.250986,0.263756,0.021079,0.022666,45,9,9,24,40,8,8,21,38735,17,17,25767,0.313127,0.019533,1.278115,0.353307
blackout_only,186.0,600.0,900.0,4000.0,120.0,500.0,1,44,1924,1924,2143,2143,2,2,0,1,4,4,500.000000,930.000000,2500.000000,1,745.411020,367.434635,0.251047,0.263562,0.021057,0.022688,45,9,9,18,30,6,6,12,38705,15,15,25752,0.228272,0.019543,1.282393,0.219617
with_repeater,186.0,600.0,900.0,4000.0,120.0,500.0,1,44,1924,1924,2143,2143,2,2,1,1,4,4,500.000000,930.000000,2500.000000,1,215.534267,395.767406,0.251034,0.263875,0.021068,0.022716,45,9,9,24,40,8,8,21,38735,17,17,25767,0.314956,0.020418,1.281924,0.352640
blackout_only,186.0,600.0,900.0,4000.0,120.0,500.0,1,45,1924,1924,2143,2143,2,2,0,1,4,4,500.000000,930.000000,2500.000000,1,758.238431,368.376546,0.250895,0.263860,0.021031,0.022544,45,9,9,18,30,6,6,12,38705,15,15,25752,0.227868,0.019826,1.278086,0.219808
with_repeater,186.0,600.0,900.0,4000.0,120.0,500.0,1,45,1924,1924,2143,2143,2,2,1,1,4,4,500.000000,930.000000,2500.000000,1,203.222254,392.875808,0.251081,0.263688,0.021018,0.022505,45,9,9,24,40,8,8,21,38735,17,17,25767,0.311866,0.020013,1.278114,0.355386
blackout_only,186.0,600.0,900.0,4000.0,120.0,500.0,1,46,1924,1924,2143,2143,2,2,0,1,4,4,500.000000,930.000000,2500.000000,1,758.066924,368.204032,0.251331,0.263241,0.021052,0.022650,45,9,9,18,30,6,6,12,38705,15,15,25752,0.228485,0.019559,1.278224,0.220944
with_repeater,186.0,600.0,900.0,4000.0,120.0,500.0,1,46,1924,1924,2143,2143,2,2,1,1,4,4,500.000000,930.000000,2500.000000,1,218.022085,395.079739,0.250967,0.263705,0.021083,0.022656,45,9,9,24,40,8,8,21,38735,17,17,25767,0.313360,0.019750,1.280039,0.354975
blackout_only,186.0,600.0,900.0,4000.0,120.0,500.0,1,47,1924,1924,2143,2143,2,2,0,1,4,4,500.000000,930.000000,2500.000000,1,756.267291,370.781697,0.251303,0.263977,0.021079,0.022616,45,9,9,18,30,6,6,12,38705,15,15,25752,0.228590,0.020405,1.280907,0.220625
with_repeater,186.0,600.0,900.0,4000.0,120.0,500.0,1,47,1924,1924,2143,2143,2,2,1,1,4,4,500.000000,930.000000,2500.000000,1,211.678913,393.973991,0.251243,0.263930,0.021076,0.022627,45,9,9,24,40,8,8,21,38735,17,17,25767,0.313010,0.019577,1.280866,0.355001
blackout_only,186.0,600.0,900.0,4000.0,120.0,500.0,1,48,1924,1924,2143,2143,2,2,0,1,4,4,500.000000,930.000000,2500.000000,1,746.693012,368.166316,0.251298,0.263860,0.021074,0.022579,45,9,9,18,30,6,6,12,38705,15,15,25752,0.228463,0.020352,1.279536,0.219701
with_repeater,186.0,600.0,900.0,4000.0,120.0,500.0,1,48,1924,1924,2143,2143,2,2,1,1,4,4,500.000000,930.000000,2500.000000,1,194.661674,393.043427,0.251162,0.263851,0.021092,0.022635,45,9,9,24,40,8,8,21,38735,17,17,25767,0.313193,0.020724,1.279873,0.352106
blackout_only,186.0,600.0,900.0,4000.0,120.0,500.0,1,49,1924,1924,2143,2143,2,2,0,1,4,4,500.000000,930.000000,2500.000000,1,754.210462,367.260023,0.250849,0.263628,0.021049,0.022530,45,9,9,18,30,6,6,12,38705,15,15,25752,0.228032,0.019434,1.280760,0.219796
with_repeater,186.0,600.0,900.0,4000.0,120.0,500.0,1,49,1924,1924,2143,2143,2,2,1,1,4,4,500.000000,930.000000,2500.000000,1,199.880245,393.696047,0.251018,0.263560,0.021045,0.022515,45,9,9,24,40,8,8,21,38735,17,17,25767,0.311687,0.018752,1.280848,0.353215
blackout_only,186.0,600.0,900.0,4000.0,120.0,500.0,1,50,1924,1924,2143,2143,2,2,0,1,4,4,500.000000,930.000000,2500.000000,1,751.086544,368.125946,0.251243,0.263276,0.021107,0.022706,45,9,9,18,30,6,6,12,38705,15,15,25752,0.229220,0.019829,1.279891,0.219832
with_repeater,186.0,600.0,900.0,4000.0,120.0,500.0,1,50,1924,1924,2143,2143,2,2,1,1,4,4,500.000000,930.000000,2500.000000,1,198.857241,392.483246,0.251148,0.263497,0.021083,0.022699,45,9,9,24,40,8,8,21,38735,17,17,25767,0.312387,0.020377,1.281620,0.353223
blackout_only,186.0,600.0,900.0,4000.0,120.0,500.0,1,51,1924,1924,2143,2143,2,2,0,1,4,4,500.000000,930.000000,2500.000000,1,764.213821,369.429355,0.251109,0.263830,0.021061,0.022619,45,9,9,18,30,6,6,12,38705,15,15,25752,0.228447,0.020196,1.279954,0.220410
with_repeater,186.0,600.0,900.0,4000.0,120.0,500.0,1,51,1924,1924,2143,2143,2,2,1,1,4,4,500.000000,930.000000,2500.000000,1,200.556944,392.881808,0.251072,0.263571,0.021078,0.022644,45,9,9,24,40,8,8,21,38735,17,17,25767,0.312056,0.019535,1.283302,0.352860
blackout_only,186.0,600.0,900.0,4000.0,120.0,500.0,1,52,1924,1924,2143,2143,2,2,0,1,4,4,500.000000,930.000000,2500.000000,1,750.994594,369.888178,0.250977,0.263741,0.021060,0.022639,45,9,9,18,30,6,6,12,38705,15,15,25752,0.228423,0.021182,1.280642,0.221194
with_repeater,186.0,600.0,900.0,4000.0,120.0,500.0,1,52,1924,1924,2143,2143,2,2,1,1,4,4,500.000000,930.000000,2500.000000,1,203.346986,393.227349,0.250686,0.263710,0.021056,0.022626,45,9,9,24,40,8,8,21,38735,17,17,25767,0.312427,0.020344,1.279143,0.352049
blackout_only,186.0,600.0,900.0,4000.0,120.0,500.0,1,53,1924,1924,2143,2143,2,2,0,1,4,4,500.000000,930.000000,2500.000000,1,762.291341,369.805742,0.251081,0.263807,0.021073,0.022702,45,9,9,18,30,6,6,12,38705,15,15,25752,0.228412,0.019926,1.277262,0.221684
with_repeater,186.0,600.0,900.0,4000.0,120.0,500.0,1,53,1924,1924,2143,2143,2,2,1,1,4,4,500.000000,930.000000,2500.000000,1,232.877247,396.286471,0.251102,0.263579,0.021105,0.022714,45,9,9,24,40,8,8,21,38735,17,17,25767,0.312326,0.019146,1.280242,0.355056
blackout_only,186.0,600.0,900.0,4000.0,120.0,500.0,1,54,1924,1924,2143,2143,2,2,0,1,4,4,500.000000,930.000000,2500.000000,1,754.678533,369.057434,0.250863,0.262924,0.021051,0.022640,45,9,9,18,30,6,6,12,38705,15,15,25752,0.227759,0.019994,1.281692,0.220554
with_repeater,186.0,600.0,900.0,4000.0,120.0,500.0,1,54,1924,1924,2143,2143,2,2,1,1,4,4,500.000000,930.000000,2500.000000,1,208.550437,396.129490,0.250978,0.264284,0.021051,0.022608,45,9,9,24,40,8,8,21,38735,17,17,25767,0.313016,0.020825,1.281502,0.354326
blackout_only,186.0,600.0,900.0,4000.0,120.0,500.0,1,55,1924,1924,2143,2143,2,2,0,1,4,4,500.000000,930.000000,2500.000000,1,761.885828,369.050102,0.250740,0.263274,0.021055,0.022633,45,9,9,18,30,6,6,12,38705,15,15,25752,0.228468,0.019598,1.279803,0.220519
with_repeater,186.0,600.0,900.0,4000.0,120.0,500.0,1,55,1924,1924,2143,2143,2,2,1,1,4,4,500.000000,930.000000,2500.000000,1,213.370458,394.900239,0.250922,0.263767,0.021070,0.022643,45,9,9,24,40,8,8,21,38735,17,17,25767,0.314165,0.020213,1.280903,0.353680
blackout_only,186.0,600.0,900.0,4000.0,120.0,500.0,1,56,1924,1924,2143,2143,2,2,0,1,4,4,500.000000,930.000000,2500.000000,1,762.142358,369.909170,0.250990,0.263329,0.021086,0.022742,45,9,9,18,30,6,6,12,38705,15,15,25752,0.229031,0.020554,1.277685,0.220897
with_repeater,186.0,600.0,900.0,4000.0,120.0,500.0,1,56,1924,1924,2143,2143,2,2,1,1,4,4,500.000000,930.000000,2500.000000,1,208.220037,393.631033,0.250952,0.264125,0.021060,0.022593,45,9,9,24,40,8,8,21,38735,17,17,25767,0.313562,0.020667,1.279778,0.355054
blackout_only,186.0,600.0,900.0,4000.0,120.0,500.0,1,57,1924,1924,2143,2143,2,2,0,1,4,4,500.000000,930.000000,2500.000000,1,752.231795,368.623379,0.251017,0.263494,0.021055,0.022711,45,9,9,18,30,6,6,12,38705,15,15,25752,0.228460,0.020173,1.278952,0.219651
with_repeater,186.0,600.0,900.0,4000.0,120.0,500.0,1,57,1924,1924,2143,2143,2,2,1,1,4,4,500.000000,930.000000,2500.000000,1,211.123011,394.994971,0.250872,0.263784,0.021058,0.022650,45,9,9,24,40,8,8,21,38735,17,17,25767,0.313257,0.021002,1.280097,0.354650
blackout_only,186.0,600.0,900.0,4000.0,120.0,500.0,1,58,1924,1924,2143,2143,2,2,0,1,4,4,500.000000,930.000000,2500.000000,1,754.151916,368.573481,0.250892,0.263535,0.021082,0.022743,45,9,9,18,30,6,6,12,38705,15,15,25752,0.229073,0.019888,1.278814,0.220228
with_repeater,186.0,600.0,900.0,4000.0,120.0,500.0,1,58,1924,1924,2143,2143,2,2,1,1,4,4,500.000000,930.000000,2500.000000,1,214.561016,394.178215,0.250808,0.263689,0.021101,0.022687,45,9,9,24,40,8,8,21,38735,17,17,25767,0.314391,0.019305,1.283224,0.353635
blackout_only,186.0,600.0,900.0,4000.0,120.0,500.0,1,59,1924,1924,2143,2143,2,2,0,1,4,4,500.000000,930.000000,2500.000000,1,756.897837,368.888911,0.251056,0.263890,0.021065,0.022719,45,9,9,18,30,6,6,12,38705,15,15,25752,0.228386,0.020064,1.279549,0.220454
with_repeater,186.0,600.0,900.0,4000.0,120.0,500.0,1,59,1924,1924,2143,2143,2,2,1,1,4,4,500.000000,930.000000,2500.000000,1,211.448951,394.649270,0.250840,0.263837,0.021055,0.022640,45,9,9,24,40,8,8,21,38735,17,17,25767,0.314617,0.020556,1.279633,0.353581
blackout_only,186.0,600.0,900.0,4000.0,120.0,500.0,1,60,1924,1924,2143,2143,2,2,0,1,4,4,500.000000,930.000000,2500.000000,1,750.570355,368.148626,0.250919,0.263274,0.021035,0.022527,45,9,9,18,30,6,6,12,38705,15,15,25752,0.228380,0.021098,1.282203,0.220802
with_repeater,186.0,600.0,900.0,4000.0,120.0,500.0,1,60,1924,1924,2143,2143,2,2,1,1,4,4,500.000000,930.000000,2500.000000,1,186.595858,391.418345,0.251028,0.263580,0.021038,0.022558,45,9,9,24,40,8,8,21,38735,17,17,25767,0.313613,0.020996,1.281795,0.351790
blackout_only,186.0,600.0,900.0,4000.0,120.0,500.0,1,61,1924,1924,2143,2143,2,2,0,1,4,4,500.000000,930.000000,2500.000000,1,755.341619,368.585764,0.251122,0.263785,0.021026,0.022626,45,9,9,18,30,6,6,12,38705,15,15,25752,0.228689,0.019151,1.281069,0.221246
with_repeater,186.0,600.0,900.0,4000.0,120.0,500.0,1,61,1924,1924,2143,2143,2,2,1,1,4,4,500.000000,930.000000,2500.000000,1,225.001208,395.656060,0.250967,0.263263,0.021055,0.022675,45,9,9,24,40,8,8,21,38735,17,17,25767,0.312962,0.018842,1.278574,0.355581
blackout_only,186.0,600.0,900.0,4000.0,120.0,500.0,1,62,1924,1924,2143,2143,2,2,0,1,4,4,500.000000,930.000000,2500.000000,1,758.323055,368.553352,0.251188,0.263587,0.021048,0.022593,45,9,9,18,30,6,6,12,38705,15,15,25752,0.228839,0.019349,1.280378,0.220872
with_repeater,186.0,600.0,900.0,4000.0,120.0,500.0,1,62,1924,1924,2143,2143,2,2,1,1,4,4,500.000000,930.000000,2500.000000,1,214.361338,395.022226,0.251264,0.264403,0.021034,0.022593,45,9,9,24,40,8,8,21,38735,17,17,25767,0.313332,0.019352,1.280174,0.352706
blackout_only,186.0,600.0,900.0,4000.0,120.0,500.0,1,63,1924,1924,2143,2143,2,2,0,1,4,4,500.000000,930.000000,2500.000000,1,758.054497,368.681589,0.250899,0.264091,0.021043,0.022658,45,9,9,18,30,6,6,12,38705,15,15,25752,0.227726,0.020734,1.277806,0.220112
with_repeater,186.0,600.0,900.0,4000.0,120.0,500.0,1,63,1924,1924,2143,2143,2,2,1,1,4,4,500.000000,930.000000,2500.000000,1,215.056629,395.213621,0.250923,0.263855,0.021041,0.022720,45,9,9,24,40,8,8,21,38735,17,17,25767,0.312414,0.020095,1.280997,0.355059
blackout_only,186.0,600.0,900.0,4000.0,120.0,500.0,1,64,1924,1924,2143,2143,2,2,0,1,4,4,500.000000,930.000000,2500.000000,1,761.669637,369.846947,0.251432,0.263941,0.021048,0.022637,45,9,9,18,30,6,6,12,38705,15,15,25752,0.228897,0.019709,1.280011,0.220114
with_repeater,186.0,600.0,900.0,4000.0,120.0,500.0,1,64,1924,1924,2143,2143,2,2,1,1,4,4,500.000000,930.000000,2500.000000,1,205.121269,392.537973,0.251377,0.263925,0.021041,0.022616,45,9,9,24,40,8,8,21,38735,17,17,25767,0.312890,0.019563,1.280122,0.353917
blackout_only,186.0,600.0,900.0,4000.0,120.0,500.0,1,65,1924,1924,2143,2143,2,2,0,1,4,4,500.000000,930.000000,2500.000000,1,757.834465,369.589976,0.250766,0.263715,0.021097,0.022712,45,9,9,18,30,6,6,12,38705,15,15,25752,0.228381,0.020376,1.279745,0.221167
with_repeater,186.0,600.0,900.0,4000.0,120.0,500.0,1,65,1924,1924,2143,2143,2,2,1,1,4,4,500.000000,930.000000,2500.000000,1,219.773305,395.268887,0.250811,0.263526,0.021111,0.022748,45,9,9,24,40,8,8,21,38735,17,17,25767,0.312417,0.021031,1.280197,0.354761
blackout_only,186.0,600.0,900.0,4000.0,120.0,500.0,1,66,1924,1924,2143,2143,2,2,0,1,4,4,500.000000,930.000000,2500.000000,1,750.329028,367.975304,0.251005,0.263038,0.021085,0.022682,45,9,9,18,30,6,6,12,38705,15,15,25752,0.228362,0.020259,1.281297,0.220145
with_repeater,186.0,600.0,900.0,4000.0,120.0,500.0,1,66,1924,1924,2143,2143,2,2,1,1,4,4,500.000000,930.000000,2500.000000,1,197.630713,391.798536,0.250982,0.263295,0.021068,0.022720,45,9,9,24,40,8,8,21,38735,17,17,25767,0.312037,0.019990,1.282201,0.353372
blackout_only,186.0,600.0,900.0,4000.0,120.0,500.0,1,67,1924,1924,2143,2143,2,2,0,1,4,4,500.000000,930.000000,2500.000000,1,756.587907,368.268000,0.251104,0.264039,0.021081,0.022704,45,9,9,18,30,6,6,12,38705,15,15,25752,0.228663,0.019985,1.275705,0.220416
with_repeater,186.0,600.0,900.0,4000.0,120.0,500.0,1,67,1924,1924,2143,2143,2,2,1,1,4,4,500.000000,930.000000,2500.000000,1,216.605683,394.549665,0.250965,0.263512,0.021071,0.022684,45,9,9,24,40,8,8,21,38735,17,17,25767,0.313690,0.019226,1.280601,0.352724
blackout_only,186.0,600.0,900.0,4000.0,120.0,500.0,1,68,1924,1924,2143,2143,2,2,0,1,4,4,500.000000,930.000000,2500.000000,1,758.628668,368.755744,0.250674,0.263781,0.021054,0.022660,45,9,9,18,30,6,6,12,38705,15,15,25752,0.228425,0.020846,1.281381,0.221447
with_repeater,186.0,600.0,900.0,4000.0,120.0,500.0,1,68,1924,1924,2143,2143,2,2,1,1,4,4,500.000000,930.000000,2500.000000,1,214.653109,394.993780,0.250758,0.263790,0.021097,0.022703,45,9,9,24,40,8,8,21,38735,17,17,25767,0.313143,0.020410,1.279835,0.353465
blackout_only,186.0,600.0,900.0,4000.0,120.0,500.0,1,69,1924,1924,2143,2143,2,2,0,1,4,4,500.000000,930.000000,2500.000000,1,754.060682,368.530755,0.250946,0.264067,0.021035,0.022678,45,9,9,18,30,6,6,12,38705,15,15,25752,0.228657,0.019322,1.281058,0.220509
with_repeater,186.0,600.0,900.0,4000.0,120.0,500.0,1,69,1924,1924,2143,2143,2,2,1,1,4,4,500.000000,930.000000,2500.000000,1,214.037786,394.053660,0.250949,0.263603,0.021062,0.022755,45,9,9,24,40,8,8,21,38735,17,17,25767,0.312590,0.019026,1.280433,0.353906
blackout_only,186.0,600.0,900.0,4000.0,120.0,500.0,1,70,1924,1924,2143,2143,2,2,0,1,4,4,500.000000,930.000000,2500.000000,1,759.142014,368.417020,0.251089,0.264046,0.021028,0.022491,45,9,9,18,30,6,6,12,38705,15,15,25752,0.227946,0.018824,1.280913,0.220036
with_repeater,186.0,600.0,900.0,4000.0,120.0,500.0,1,70,1924,1924,2143,2143,2,2,1,1,4,4,500.000000,930.000000,2500.000000,1,206.586281,393.160922,0.250713,0.263452,0.021058,0.022689,45,9,9,24,40,8,8,21,38735,17,17,25767,0.313165,0.020599,1.280896,0.354026
blackout_only,186.0,600.0,900.0,4000.0,120.0,500.0,1,71,1924,1924,2143,2143,2,2,0,1,4,4,500.000000,930.000000,2500.000000,1,757.547520,368.051521,0.250992,0.263475,0.021056,0.022603,45,9,9,18,30,6,6,12,38705,15,15,25752,0.228626,0.019258,1.280785,0.220815
with_repeater,186.0,600.0,900.0,4000.0,120.0,500.0,1,71,1924,1924,2143,2143,2,2,1,1,4,4,500.000000,930.000000,2500.000000,1,224.933655,395.293901,0.250768,0.263609,0.021095,0.022650,45,9,9,24,40,8,8,21,38735,17,17,25767,0.313571,0.019538,1.279262,0.354311
blackout_only,186.0,600.0,900.0,4000.0,120.0,500.0,1,72,1924,1924,2143,2143,2,2,0,1,4,4,500.000000,930.000000,2500.000000,1,755.814957,369.231196,0.250714,0.263557,0.021099,0.022658,45,9,9,18,30,6,6,12,38705,15,15,25752,0.229135,0.020238,1.280916,0.220022
with_repeater,186.0,600.0,900.0,4000.0,120.0,500.0,1,72,1924,1924,2143,2143,2,2,1,1,4,4,500.000000,930.000000,2500.000000,1,202.630697,392.786508,0.250904,0.263327,0.021100,0.022633,45,9,9,24,40,8,8,21,38735,17,17,25767,0.313423,0.020318,1.281499,0.353585
blackout_only,186.0,600.0,900.0,4000.0,120.0,500.0,1,73,1924,1924,2143,2143,2,2,0,1,4,4,500.000000,930.000000,2500.000000,1,762.431153,370.634238,0.250842,0.263585,0.021018,0.022554,45,9,9,18,30,6,6,12,38705,15,15,25752,0.229114,0.019674,1.282455,0.221649
with_repeater,186.0,600.0,900.0,4000.0,120.0,500.0,1,73,1924,1924,2143,2143,2,2,1,1,4,4,500.000000,930.000000,2500.000000,1,209.019237,394.636513,0.250863,0.263848,0.021045,0.022681,45,9,9,24,40,8,8,21,38735,17,17,25767,0.313660,0.017994,1.281709,0.355227
blackout_only,186.0,600.0,900.0,4000.0,120.0,500.0,1,74,1924,1924,2143,2143,2,2,0,1,4,4,500.000000,930.000000,2500.000000,1,756.794562,368.118587,0.251014,0.263847,0.021075,0.022618,45,9,9,18,30,6,6,12,38705,15,15,25752,0.228831,0.019943,1.281356,0.220600
with_repeater,186.0,600.0,900.0,4000.0,120.0,500.0,1,74,1924,1924,2143,2143,2,2,1,1,4,4,500.000000,930.000000,2500.000000,1,210.710077,395.466263,0.250882,0.263939,0.021067,0.022698,45,9,9,24,40,8,8,21,38735,17,17,25767,0.312403,0.021466,1.282294,0.354272
blackout_only,186.0,600.0,900.0,4000.0,120.0,500.0,1,75,1924,1924,2143,2143,2,2,0,1,4,4,500.000000,930.000000,2500.000000,1,752.561642,368.300038,0.251046,0.263904,0.021050,0.022615,45,9,9,18,30,6,6,12,38705,15,15,25752,0.229194,0.019868,1.280713,0.220811
with_repeater,186.0,600.0,900.0,4000.0,120.0,500.0,1,75,1924,1924,2143,2143,2,2,1,1,4,4,500.000000,930.000000,2500.000000,1,219.918203,395.362007,0.251097,0.263767,0.021047,0.022662,45,9,9,24,40,8,8,21,38735,17,17,25767,0.314061,0.020057,1.280001,0.353725
blackout_only,186.0,600.0,900.0,4000.0,120.0,500.0,1,76,1924,1924,2143,2143,2,2,0,1,4,4,500.000000,930.000000,2500.000000,1,762.082538,369.415872,0.251268,0.264096,0.021061,0.022607,45,9,9,18,30,6,6,12,38705,15,15,25752,0.228880,0.019384,1.281263,0.220767
with_repeater,186.0,600.0,900.0,4000.0,120.0,500.0,1,76,1924,1924,2143,2143,2,2,1,1,4,4,500.000000,930.000000,2500.000000,1,216.435794,395.390850,0.251177,0.264015,0.021072,0.022595,45,9,9,24,40,8,8,21,38735,17,17,25767,0.312822,0.019947,1.278873,0.354928
blackout_only,186.0,600.0,900.0,4000.0,120.0,500.0,1,77,1924,1924,2143,2143,2,2,0,1,4,4,500.000000,930.000000,2500.000000,1,751.851254,367.479891,0.250792,0.263802,0.021073,0.022646,45,9,9,18,30,6,6,12,38705,15,15,25752,0.228633,0.019978,1.280036,0.220349
with_repeater,186.0,600.0,900.0,4000.0,120.0,500.0,1,77,1924,1924,2143,2143,2,2,1,1,4,4,500.000000,930.000000,2500.000000,1,187.149755,392.294639,0.250980,0.263987,0.021094,0.022753,45,9,9,24,40,8,8,21,38735,17,17,25767,0.313264,0.020102,1.280226,0.353483
blackout_only,186.0,600.0,900.0,4000.0,120.0,500.0,1,78,1924,1924,2143,2143,2,2,0,1,4,4,500.000000,930.000000,2500.000000,1,753.520816,368.153382,0.251043,0.263620,0.021083,0.022570,45,9,9,18,30,6,6,12,38705,15,15,25752,0.229249,0.019954,1.279035,0.219677
with_repeater,186.0,600.0,900.0,4000.0,120.0,500.0,1,78,1924,1924,2143,2143,2,2,1,1,4,4,500.000000,930.000000,2500.000000,1,215.917242,394.447235,0.251396,0.263782,0.021099,0.022678,45,9,9,24,40,8,8,21,38735,17,17,25767,0.312428,0.020624,1.280118,0.353678
blackout_only,186.0,600.0,900.0,4000.0,120.0,500.0,1,79,1924,1924,2143,2143,2,2,0,1,4,4,500.000000,930.000000,2500.000000,1,754.741331,367.406298,0.251145,0.263959,0.021084,0.022673,45,9,9,18,30,6,6,12,38705,15,15,25752,0.228887,0.020037,1.282582,0.219484
with_repeater,186.0,600.0,900.0,4000.0,120.0,500.0,1,79,1924,1924,2143,2143,2,2,1,1,4,4,500.000000,930.000000,2500.000000,1,203.630642,395.226411,0.251164,0.263975,0.021074,0.022624,45,9,9,24,40,8,8,21,38735,17,17,25767,0.313997,0.019774,1.279721,0.354499
blackout_only,186.0,600.0,900.0,4000.0,120.0,500.0,1,80,1924,1924,2143,2143,2,2,0,1,4,4,500.000000,930.000000,2500.000000,1,759.998869,369.684852,0.251146,0.263806,0.021071,0.022725,45,9,9,18,30,6,6,12,38705,15,15,25752,0.229016,0.021215,1.280703,0.221008
with_repeater,186.0,600.0,900.0,4000.0,120.0,500.0,1,80,1924,1924,2143,2143,2,2,1,1,4,4,500.000000,930.000000,2500.000000,1,207.906400,395.217702,0.250768,0.263430,0.021060,0.022649,45,9,9,24,40,8,8,21,38735,17,17,25767,0.312661,0.020494,1.280572,0.354751
blackout_only,186.0,600.0,900.0,4000.0,120.0,500.0,1,81,1924,1924,2143,2143,2,2,0,1,4,4,500.000000,930.000000,2500.000000,1,756.272831,367.814846,0.250617,0.263302,0.021075,0.022678,45,9,9,18,30,6,6,12,38705,15,15,25752,0.228692,0.019766,1.281704,0.221185
with_repeater,186.0,600.0,900.0,4000.0,120.0,500.0,1,81,1924,1924,2143,2143,2,2,1,1,4,4,500.000000,930.000000,2500.000000,1,209.709755,392.238652,0.250765,0.263348,0.021074,0.022636,45,9,9,24,40,8,8,21,38735,17,17,25767,0.311897,0.021147,1.281133,0.352389
blackout_only,186.0,600.0,900.0,4000.0,120.0,500.0,1,82,1924,1924,2143,2143,2,2,0,1,4,4,500.000000,930.000000,2500.000000,1,757.298536,367.999233,0.250896,0.263640,0.021064,0.022625,45,9,9,18,30,6,6,12,38705,15,15,25752,0.228801,0.020523,1.278955,0.220783
with_repeater,186.0,600.0,900.0,4000.0,120.0,500.0,1,82,1924,1924,2143,2143,2,2,1,1,4,4,500.000000,930.000000,2500.000000,1,214.901724,393.585269,0.251211,0.263870,0.021040,0.022609,45,9,9,24,40,8,8,21,38735,17,17,25767,0.312760,0.020897,1.280112,0.352834
blackout_only,186.0,600.0,900.0,4000.0,120.0,500.0,1,83,1924,1924,2143,2143,2,2,0,1,4,4,500.000000,930.000000,2500.000000,1,758.905839,368.344029,0.251019,0.263440,0.021091,0.022629,45,9,9,18,30,6,6,12,38705,15,15,25752,0.228934,0.019990,1.280628,0.220028
with_repeater,186.0,600.0,900.0,4000.0,120.0,500.0,1,83,1924,1924,2143,2143,2,2,1,1,4,4,500.000000,930.000000,2500.000000,1,204.806030,393.271807,0.250799,0.263301,0.021082,0.022658,45,9,9,24,40,8,8,21,38735,17,17,25767,0.311912,0.019067,1.280643,0.353092
blackout_only,186.0,600.0,900.0,4000.0,120.0,500.0,1,84,1924,1924,2143,2143,2,2,0,1,4,4,500.000000,930.000000,2500.000000,1,761.543632,369.405264,0.251289,0.264187,0.021059,0.022657,45,9,9,18,30,6,6,12,38705,15,15,25752,0.228569,0.019641,1.279420,0.220955
with_repeater,186.0,600.0,900.0,4000.0,120.0,500.0,1,84,1924,1924,2143,2143,2,2,1,1,4,4,500.000000,930.000000,2500.000000,1,216.140177,395.304763,0.250847,0.263499,0.021095,0.022633,45,9,9,24,40,8,8,21,38735,17,17,25767,0.314227,0.020410,1.279306,0.353182
blackout_only,186.0,600.0,900.0,4000.0,120.0,500.0,1,85,1924,1924,2143,2143,2,2,0,1,4,4,500.000000,930.000000,2500.000000,1,757.038263,368.301879,0.250784,0.263456,0.021080,0.022649,45,9,9,18,30,6,6,12,38705,15,15,25752,0.228341,0.020371,1.281509,0.220239
with_repeater,186.0,600.0,900.0,4000.0,120.0,500.0,1,85,1924,1924,2143,2143,2,2,1,1,4,4,500.000000,930.000000,2500.000000,1,207.905691,394.141152,0.250897,0.263983,0.021074,0.022623,45,9,9,24,40,8,8,21,38735,17,17,25767,0.313126,0.019030,1.277909,0.353322
blackout_only,186.0,600.0,900.0,4000.0,120.0,500.0,1,86,1924,1924,2143,2143,2,2,0,1,4,4,500.000000,930.000000,2500.000000,1,766.351141,371.232887,0.250962,0.263737,0.021056,0.022639,45,9,9,18,30,6,6,12,38705,15,15,25752,0.228933,0.019004,1.279037,0.221536
with_repeater,186.0,600.0,900.0,4000.0,120.0,500.0,1,86,1924,1924,2143,2143,2,2,1,1,4,4,500.000000,930.000000,2500.000000,1,213.048720,394.605455,0.251013,0.263250,0.021060,0.022619,45,9,9,24,40,8,8,21,38735,17,17,25767,0.312502,0.019608,1.279323,0.355447
blackout_only,186.0,600.0,900.0,4000.0,120.0,500.0,1,87,1924,1924,2143,2143,2,2,0,1,4,4,500.000000,930.000000,2500.000000,1,754.471991,367.092621,0.250779,0.263755,0.021058,0.022655,45,9,9,18,30,6,6,12,38705,15,15,25752,0.229089,0.019231,1.280051,0.220010
with_repeater,186.0,600.0,900.0,4000.0,120.0,500.0,1,87,1924,1924,2143,2143,2,2,1,1,4,4,500.000000,930.000000,2500.000000,1,204.814159,392.669929,0.250759,0.263354,0.021036,0.022626,45,9,9,24,40,8,8,21,38735,17,17,25767,0.311863,0.020507,1.281646,0.353305
blackout_only,186.0,600.0,900.0,4000.0,120.0,500.0,1,88,1924,1924,2143,2143,2,2,0,1,4,4,500.000000,930.000000,2500.000000,1,755.012891,369.589838,0.250845,0.263985,0.021060,0.022656,45,9,9,18,30,6,6,12,38705,15,15,25752,0.228389,0.020011,1.279705,0.220926
with_repeater,186.0,600.0,900.0,4000.0,120.0,500.0,1,88,1924,1924,2143,2143,2,2,1,1,4,4,500.000000,930.000000,2500.000000,1,214.145306,394.364913,0.251062,0.263967,0.021072,0.022671,45,9,9,24,40,8,8,21,38735,17,17,25767,0.313313,0.019401,1.281584,0.354979
blackout_only,186.0,600.0,900.0,4000.0,120.0,500.0,1,89,1924,1924,2143,2143,2,2,0,1,4,4,500.000000,930.000000,2500.000000,1,751.900402,368.054542,0.250737,0.263266,0.021067,0.022598,45,9,9,18,30,6,6,12,38705,15,15,25752,0.228573,0.019505,1.280702,0.220159
with_repeater,186.0,600.0,900.0,4000.0,120.0,500.0,1,89,1924,1924,2143,2143,2,2,1,1,4,4,500.000000,930.000000,2500.000000,1,209.219103,394.229072,0.250976,0.263244,0.021072,0.022647,45,9,9,24,40,8,8,21,38735,17,17,25767,0.313518,0.020602,1.280558,0.352685
blackout_only,186.0,600.0,1800.0,4000.0,120.0,500.0,1,40,1924,1924,2143,2143,2,2,0,3,3,3,500.000000,930.000000,1600.000000,1,472.897946,369.445329,0.250858,0.263738,0.021061,0.022633,45,9,9,15,25,5,5,9,38690,14,14,25743,0.185667,0.018943,1.280031,0.176760
with_repeater,186.0,600.0,1800.0,4000.0,120.0,500.0,1,40,1924,1924,2143,2143,2,2,3,3,3,3,500.000000,930.000000,1600.000000,1,386.921455,406.150180,0.250621,0.263343,0.021058,0.022652,45,9,9,24,40,8,8,21,38735,17,17,25764,0.311789,0.020432,1.280083,0.363882
blackout_only,186.0,600.0,1800.0,4000.0,120.0,500.0,1,41,1924,1924,2143,2143,2,2,0,3,3,3,500.000000,930.000000,1600.000000,1,473.574979,368.140114,0.251221,0.263898,0.021062,0.022600,45,9,9,15,25,5,5,9,38690,14,14,25743,0.185321,0.019309,1.278297,0.176008
with_repeater,186.0,600.0,1800.0,4000.0,120.0,500.0,1,41,1924,1924,2143,2143,2,2,3,3,3,3,500.000000,930.000000,1600.000000,1,391.117424,406.883782,0.250830,0.264114,0.021073,0.022620,45,9,9,24,40,8,8,21,38735,17,17,25764,0.310640,0.019741,1.279117,0.366137
blackout_only,186.0,600.0,1800.0,4000.0,120.0,500.0,1,42,1924,1924,2143,2143,2,2,0,3,3,3,500.000000,930.000000,1600.000000,1,473.811736,366.665549,0.250813,0.263483,0.021051,0.022622,45,9,9,15,25,5,5,9,38690,14,14,25743,0.185647,0.018748,1.280182,0.176168
with_repeater,186.0,600.0,1800.0,4000.0,120.0,500.0,1,42,1924,1924,2143,2143,2,2,3,3,3,3,500.000000,930.000000,1600.000000,1,390.640242,406.550595,0.251173,0.264065,0.021055,0.022704,45,9,9,24,40,8,8,21,38735,17,17,25764,0.312171,0.019419,1.281430,0.365953
blackout_only,186.0,600.0,1800.0,4000.0,120.0,500.0,1,43,1924,1924,2143,2143,2,2,0,3,3,3,500.000000,930.000000,1600.000000,1,469.132338,365.873546,0.251218,0.263601,0.021098,0.022679,45,9,9,15,25,5,5,9,38690,14,14,25743,0.184744,0.019319,1.281567,0.175904
with_repeater,186.0,600.0,1800.0,4000.0,120.0,500.0,1,43,1924,1924,2143,2143,2,2,3,3,3,3,500.000000,930.000000,1600.000000,1,381.885892,406.055364,0.250971,0.263561,0.021083,0.022662,45,9,9,24,40,8,8,21,38735,17,17,25764,0.311030,0.020140,1.277930,0.365770
blackout_only,186.0,600.0,1800.0,4000.0,120.0,500.0,1,44,1924,1924,2143,2143,2,2,0,3,3,3,500.000000,930.000000,1600.000000,1,471.358142,367.131835,0.250805,0.263656,0.021073,0.022728,45,9,9,15,25,5,5,9,38690,14,14,25743,0.185534,0.019409,1.282344,0.175122
with_repeater,186.0,600.0,1800.0,4000.0,120.0,500.0,1,44,1924,1924,2143,2143,2,2,3,3,3,3,500.000000,930.000000,1600.000000,1,396.968878,407.932412,0.251196,0.264585,0.021061,0.022736,45,9,9,24,40,8,8,21,38735,17,17,25764,0.311650,0.020920,1.279733,0.367515
blackout_only,186.0,600.0,1800.0,4000.0,120.0,500.0,1,45,1924,1924,2143,2143,2,2,0,3,3,3,500.000000,930.000000,1600.000000,1,474.127749,369.705664,0.250992,0.263531,0.021049,0.022606,45,9,9,15,25,5,5,9,38690,14,14,25743,0.185563,0.019367,1.279647,0.177189
with_repeater,186.0,600.0,1800.0,4000.0,120.0,500.0,1,45,1924,1924,2143,2143,2,2,3,3,3,3,500.000000,930.000000,1600.000000,1,381.433235,405.657340,0.251207,0.264022,0.021052,0.022571,45,9,9,24,40,8,8,21,38735,17,17,25764,0.309813,0.019933,1.277981,0.367360
blackout_only,186.0,600.0,1800.0,4000.0,120.0,500.0,1,46,1924,1924,2143,2143,2,2,0,3,3,3,500.000000,930.000000,1600.000000,1,472.087510,366.050169,0.250934,0.263115,0.021052,0.022669,45,9,9,15,25,5,5,9,38690,14,14,25743,0.185169,0.018991,1.278115,0.175795
with_repeater,186.0,600.0,1800.0,4000.0,120.0,500.0,1,46,1924,1924,2143,2143,2,2,3,3,3,3,500.000000,930.000000,1600.000000,1,394.668053,407.487609,0.250772,0.263549,0.021099,0.022693,45,9,9,24,40,8,8,21,38735,17,17,25764,0.311988,0.019917,1.278915,0.365299
blackout_only,186.0,600.0,1800.0,4000.0,120.0,500.0,1,47,1924,1924,2143,2143,2,2,0,3,3,3,500.000000,930.000000,1600.000000,1,477.652185,368.773261,0.251225,0.263953,0.021089,0.022649,45,9,9,15,25,5,5,9,38690,14,14,25743,0.185451,0.020000,1.283278,0.177671
with_repeater,186.0,600.0,1800.0,4000.0,120.0,500.0,1,47,1924,1924,2143,2143,2,2,3,3,3,3,500.000000,930.000000,1600.000000,1,391.501814,407.381068,0.251353,0.263941,0.021097,0.022654,45,9,9,24,40,8,8,21,38735,17,17,25764,0.310946,0.020345,1.281582,0.368813
blackout_only,186.0,600.0,1800.0,4000.0,120.0,500.0,1,48,1924,1924,2143,2143,2,2,0,3,3,3,500.000000,930.000000,1600.000000,1,469.979998,366.282623,0.251027,0.263390,0.021097,0.022657,45,9,9,15,25,5,5,9,38690,14,14,25743,0.184716,0.020853,1.282009,0.176748
with_repeater,186.0,600.0,1800.0,4000.0,120.0,500.0,1,48,1924,1924,2143,2143,2,2,3,3,3,3,500.000000,930.000000,1600.000000,1,380.597853,405.256214,0.251061,0.263558,0.021084,0.022635,45,9,9,24,40,8,8,21,38735,17,17,25764,0.311080,0.020940,1.279972,0.364362
blackout_only,186.0,600.0,1800.0,4000.0,120.0,500.0,1,49,1924,1924,2143,2143,2,2,0,3,3,3,500.000000,930.000000,1600.000000,1,475.930357,367.928754,0.251127,0.263656,0.021023,0.022536,45,9,9,15,25,5,5,9,38690,14,14,25743,0.185068,0.020513,1.279916,0.176659
with_repeater,186.0,600.0,1800.0,4000.0,120.0,500.0,1,49,1924,1924,2143,2143,2,2,3,3,3,3,500.000000,930.000000,1600.000000,1,372.495063,403.931504,0.250855,0.263659,0.021038,0.022499,45,9,9,24,40,8,8,21,38735,17,17,25764,0.309485,0.019077,1.279951,0.365648
blackout_only,186.0,600.0,1800.0,4000.0,120.0,500.0,1,50,1924,1924,2143,2143,2,2,0,3,3,3,500.000000,930.000000,1600.000000,1,470.835820,367.894151,0.251121,0.262952,0.021084,0.022710,45,9,9,15,25,5,5,9,38690,14,14,25743,0.185129,0.019977,1.281759,0.177701
with_repeater,186.0,600.0,1800.0,4000.0,120.0,500.0,1,50,1924,1924,2143,2143,2,2,3,3,3,3,500.000000,930.000000,1600.000000,1,382.529452,406.743521,0.251153,0.263776,0.021068,0.022674,45,9,9,24,40,8,8,21,38735,17,17,25764,0.311337,0.019558,1.282811,0.366877
blackout_only,186.0,600.0,1800.0,4000.0,120.0,500.0,1,51,1924,1924,2143,2143,2,2,0,3,3,3,500.000000,930.000000,1600.000000,1,477.708797,369.023785,0.251155,0.264008,0.021052,0.022615,45,9,9,15,25,5,5,9,38690,14,14,25743,0.185641,0.020151,1.279493,0.177123
with_repeater,186.0,600.0,1800.0,4000.0,120.0,500.0,1,51,1924,1924,2143,2143,2,2,3,3,3,3,500.000000,930.000000,1600.000000,1,395.846960,408.026733,0.251022,0.263744,0.021074,0.022638,45,9,9,24,40,8,8,21,38735,17,17,25764,0.310541,0.020643,1.282234,0.366402
blackout_only,186.0,600.0,1800.0,4000.0,120.0,500.0,1,52,1924,1924,2143,2143,2,2,0,3,3,3,500.000000,930.000000,1600.000000,1,469.422199,367.198237,0.250993,0.263812,0.021059,0.022667,45,9,9,15,25,5,5,9,38690,14,14,25743,0.185190,0.020185,1.282521,0.176253
with_repeater,186.0,600.0,1800.0,4000.0,120.0,500.0,1,52,1924,1924,2143,2143,2,2,3,3,3,3,500.000000,930.000000,1600.000000,1,401.661760,408.747488,0.250868,0.263975,0.021066,0.022642,45,9,9,24,40,8,8,21,38735,17,17,25764,0.311305,0.020662,1.281118,0.365366
blackout_only,186.0,600.0,1800.0,4000.0,120.0,500.0,1,53,1924,1924,2143,2143,2,2,0,3,3,3,500.000000,930.000000,1600.000000,1,479.878045,367.869939,0.251083,0.263372,0.021102,0.022646,45,9,9,15,25,5,5,9,38690,14,14,25743,0.184855,0.020300,1.277931,0.177961
with_repeater,186.0,600.0,1800.0,4000.0,120.0,500.0,1,53,1924,1924,2143,2143,2,2,3,3,3,3,500.000000,930.000000,1600.000000,1,407.621064,409.217205,0.250769,0.263521,0.021076,0.022672,45,9,9,24,40,8,8,21,38735,17,17,25764,0.311568,0.019395,1.278647,0.365685
blackout_only,186.0,600.0,1800.0,4000.0,120.0,500.0,1,54,1924,1924,2143,2143,2,2,0,3,3,3,500.000000,930.000000,1600.000000,1,476.094102,368.868595,0.250946,0.263196,0.021069,0.022666,45,9,9,15,25,5,5,9,38690,14,14,25743,0.185563,0.020191,1.281046,0.177243
with_repeater,186.0,600.0,1800.0,4000.0,120.0,500.0,1,54,1924,1924,2143,2143,2,2,3,3,3,3,500.000000,930.000000,1600.000000,1,379.398131,405.807301,0.251080,0.263574,0.021060,0.022623,45,9,9,24,40,8,8,21,38735,17,17,25764,0.310716,0.020423,1.281120,0.365721
blackout_only,186.0,600.0,1800.0,4000.0,120.0,500.0,1,55,1924,1924,2143,2143,2,2,0,3,3,3,500.000000,930.000000,1600.000000,1,477.278737,368.228959,0.250659,0.263671,0.021060,0.022616,45,9,9,15,25,5,5,9,38690,14,14,25743,0.185177,0.020089,1.280658,0.177230
with_repeater,186.0,600.0,1800.0,4000.0,120.0,500.0,1,55,1924,1924,2143,2143,2,2,3,3,3,3,500.000000,930.000000,1600.000000,1,399.946754,408.316144,0.250825,0.263408,0.021050,0.022640,45,9,9,24,40,8,8,21,38735,17,17,25764,0.312305,0.020362,1.280833,0.367536
blackout_only,186.0,600.0,1800.0,4000.0,120.0,500.0,1,56,1924,1924,2143,2143,2,2,0,3,3,3,500.000000,930.000000,1600.000000,1,479.184666,368.728212,0.251168,0.264140,0.021087,0.022682,45,9,9,15,25,5,5,9,38690,14,14,25743,0.185629,0.020185,1.278424,0.176995
with_repeater,186.0,600.0,1800.0,4000.0,120.0,500.0,1,56,1924,1924,2143,2143,2,2,3,3,3,3,500.000000,930.000000,1600.000000,1,393.272126,407.815016,0.250869,0.264176,0.021078,0.022650,45,9,9,24,40,8,8,21,38735,17,17,25764,0.311607,0.020076,1.282727,0.367569
blackout_only,186.0,600.0,1800.0,4000.0,120.0,500.0,1,57,1924,1924,2143,2143,2,2,0,3,3,3,500.000000,930.000000,1600.000000,1,477.003595,369.529309,0.250961,0.263597,0.021053,0.022630,45,9,9,15,25,5,5,9,38690,14,14,25743,0.185121,0.019954,1.277912,0.177229
with_repeater,186.0,600.0,1800.0,4000.0,120.0,500.0,1,57,1924,1924,2143,2143,2,2,3,3,3,3,500.000000,930.000000,1600.000000,1,390.580333,406.601719,0.250766,0.263410,0.021069,0.022690,45,9,9,24,40,8,8,21,38735,17,17,25764,0.311609,0.020039,1.281075,0.368142
blackout_only,186.0,600.0,1800.0,4000.0,120.0,500.0,1,58,1924,1924,2143,2143,2,2,0,3,3,3,500.000000,930.000000,1600.000000,1,472.526996,368.019270,0.250935,0.263665,0.021084,0.022703,45,9,9,15,25,5,5,9,38690,14,14,25743,0.185685,0.019835,1.280417,0.177347
with_repeater,186.0,600.0,1800.0,4000.0,120.0,500.0,1,58,1924,1924,2143,2143,2,2,3,3,3,3,500.000000,930.000000,1600.000000,1,399.798790,408.246761,0.250810,0.263318,0.021092,0.022695,45,9,9,24,40,8,8,21,38735,17,17,25764,0.313669,0.019136,1.283225,0.365354
blackout_only,186.0,600.0,1800.0,4000.0,120.0,500.0,1,59,1924,1924,2143,2143,2,2,0,3,3,3,500.000000,930.000000,1600.000000,1,478.454290,369.124395,0.251067,0.264108,0.021050,0.022639,45,9,9,15,25,5,5,9,38690,14,14,25743,0.185530,0.021002,1.281056,0.177415
with_repeater,186.0,600.0,1800.0,4000.0,120.0,500.0,1,59,1924,1924,2143,2143,2,2,3,3,3,3,500.000000,930.000000,1600.000000,1,387.009991,406.338026,0.250804,0.263629,0.021090,0.022684,45,9,9,24,40,8,8,21,38735,17,17,25764,0.312983,0.019246,1.279121,0.365175
blackout_only,186.0,600.0,1800.0,4000.0,120.0,500.0,1,60,1924,1924,2143,2143,2,2,0,3,3,3,500.000000,930.000000,1600.000000,1,471.802579,368.715872,0.250480,0.262933,0.021063,0.022535,45,9,9,15,25,5,5,9,38698,14,14,25743,0.185447,0.019651,1.278796,0.176505
with_repeater,186.0,600.0,1800.0,4000.0,120.0,500.0,1,60,1924,1924,2143,2143,2,2,3,3,3,3,500.000000,930.000000,1600.000000,1,390.965498,407.091792,0.251203,0.263948,0.021028,0.022561,45,9,9,24,40,8,8,21,38735,17,17,25764,0.310657,0.021631,1.280360,0.366394
blackout_only,186.0,600.0,1800.0,4000.0,120.0,500.0,1,61,1924,1924,2143,2143,2,2,0,3,3,3,500.000000,930.000000,1600.000000,1,468.770272,367.074356,0.251011,0.263563,0.021050,0.022704,45,9,9,15,25,5,5,9,38690,14,14,25743,0.185178,0.019372,1.279019,0.177824
with_repeater,186.0,600.0,1800.0,4000.0,120.0,500.0,1,61,1924,1924,2143,2143,2,2,3,3,3,3,500.000000,930.000000,1600.000000,1,406.159117,408.757548,0.250970,0.263680,0.021083,0.022658,45,9,9,24,40,8,8,21,38735,17,17,25764,0.311300,0.018606,1.279000,0.368061
blackout_only,186.0,600.0,1800.0,4000.0,120.0,500.0,1,62,1924,1924,2143,2143,2,2,0,3,3,3,500.000000,930.000000,1600.000000,1,476.641350,370.254636,0.251043,0.263570,0.021038,0.022581,45,9,9,15,25,5,5,9,38690,14,14,25743,0.185384,0.019685,1.280530,0.178055
with_repeater,186.0,600.0,1800.0,4000.0,120.0,500.0,1,62,1924,1924,2143,2143,2,2,3,3,3,3,500.000000,930.000000,1600.000000,1,385.032832,406.757896,0.251251,0.264084,0.021051,0.022593,45,9,9,24,40,8,8,21,38735,17,17,25764,0.310601,0.018835,1.278613,0.365677
blackout_only,186.0,600.0,1800.0,4000.0,120.0,500.0,1,63,1924,1924,2143,2143,2,2,0,3,3,3,500.000000,930.000000,1600.000000,1,472.969290,368.609488,0.250868,0.263546,0.021033,0.022689,45,9,9,15,25,5,5,9,38690,14,14,25743,0.185240,0.021331,1.280638,0.176716
with_repeater,186.0,600.0,1800.0,4000.0,120.0,500.0,1,63,1924,1924,2143,2143,2,2,3,3,3,3,500.000000,930.000000,1600.000000,1,399.725935,409.105420,0.251013,0.263959,0.021037,0.022714,45,9,9,24,40,8,8,21,38735,17,17,25764,0.310565,0.019330,1.280725,0.368828
blackout_only,186.0,600.0,1800.0,4000.0,120.0,500.0,1,64,1924,1924,2143,2143,2,2,0,3,3,3,500.000000,930.000000,1600.000000,1,483.504824,370.041011,0.251048,0.263612,0.021088,0.022657,45,9,9,15,25,5,5,9,38690,14,14,25743,0.185778,0.020280,1.280125,0.177295
with_repeater,186.0,600.0,1800.0,4000.0,120.0,500.0,1,64,1924,1924,2143,2143,2,2,3,3,3,3,500.000000,930.000000,1600.000000,1,387.859886,407.109003,0.251195,0.263783,0.021040,0.022615,45,9,9,24,40,8,8,21,38735,17,17,25764,0.311817,0.018826,1.280467,0.365183
blackout_only,186.0,600.0,1800.0,4000.0,120.0,500.0,1,65,1924,1924,2143,2143,2,2,0,3,3,3,500.000000,930.000000,1600.000000,1,483.164159,370.486223,0.250656,0.263386,0.021090,0.022675,45,9,9,15,25,5,5,9,38690,14,14,25743,0.185367,0.020617,1.279560,0.177689
with_repeater,186.0,600.0,1800.0,4000.0,120.0,500.0,1,65,1924,1924,2143,2143,2,2,3,3,3,3,500.000000,930.000000,1600.000000,1,404.672570,408.316853,0.250999,0.263712,0.021088,0.022694,45,9,9,24,40,8,8,21,38735,17,17,25764,0.311553,0.020096,1.281879,0.366931
blackout_only,186.0,600.0,1800.0,4000.0,120.0,500.0,1,66,1924,1924,2143,2143,2,2,0,3,3,3,500.000000,930.000000,1600.000000,1,469.814373,367.795817,0.250768,0.262764,0.021092,0.022712,45,9,9,15,25,5,5,9,38690,14,14,25743,0.184849,0.020216,1.279150,0.176820
with_repeater,186.0,600.0,1800.0,4000.0,120.0,500.0,1,66,1924,1924,2143,2143,2,2,3,3,3,3,500.000000,930.000000,1600.000000,1,386.375611,406.889059,0.251079,0.263423,0.021071,0.022643,45,9,9,24,40,8,8,21,38735,17,17,25764,0.310827,0.019763,1.280556,0.364848
blackout_only,186.0,600.0,1800.0,4000.0,120.0,500.0,1,67,1924,1924,2143,2143,2,2,0,3,3,3,500.000000,930.000000,1600.000000,1,476.245817,369.320449,0.251057,0.263711,0.021060,0.022681,45,9,9,15,25,5,5,9,38690,14,14,25743,0.185663,0.019514,1.276788,0.176788
with_repeater,186.0,600.0,1800.0,4000.0,120.0,500.0,1,67,1924,1924,2143,2143,2,2,3,3,3,3,500.000000,930.000000,1600.000000,1,386.676154,407.130238,0.251163,0.263600,0.021049,0.022627,45,9,9,24,40,8,8,21,38735,17,17,25764,0.311579,0.020106,1.279141,0.365887
blackout_only,186.0,600.0,1800.0,4000.0,120.0,500.0,1,68,1924,1924,2143,2143,2,2,0,3,3,3,500.000000,930.000000,1600.000000,1,475.058805,367.965887,0.250907,0.264468,0.021069,0.022657,45,9,9,15,25,5,5,9,38690,14,14,25743,0.185734,0.019813,1.282584,0.177229
with_repeater,186.0,600.0,1800.0,4000.0,120.0,500.0,1,68,1924,1924,2143,2143,2,2,3,3,3,3,500.000000,930.000000,1600.000000,1,395.304965,407.664127,0.250910,0.263333,0.021085,0.022645,45,9,9,24,40,8,8,21,38735,17,17,25764,0.310345,0.019253,1.280424,0.365437
blackout_only,186.0,600.0,1800.0,4000.0,120.0,500.0,1,69,1924,1924,2143,2143,2,2,0,3,3,3,500.000000,930.000000,1600.000000,1,470.966817,367.657951,0.250998,0.263698,0.021057,0.022679,45,9,9,15,25,5,5,9,38690,14,14,25743,0.184894,0.019990,1.283316,0.177626
with_repeater,186.0,600.0,1800.0,4000.0,120.0,500.0,1,69,1924,1924,2143,2143,2,2,3,3,3,3,500.000000,930.000000,1600.000000,1,392.086096,407.309532,0.250880,0.263824,0.021073,0.022731,45,9,9,24,40,8,8,21,38735,17,17,25764,0.310483,0.019212,1.280329,0.367363
blackout_only,186.0,600.0,1800.0,4000.0,120.0,500.0,1,70,1924,1924,2143,2143,2,2,0,3,3,3,500.000000,930.000000,1600.000000,1,473.703453,369.017440,0.250806,0.263674,0.021040,0.022600,45,9,9,15,25,5,5,9,38690,14,14,25743,0.185421,0.019635,1.278274,0.176801
with_repeater,186.0,600.0,1800.0,4000.0,120.0,500.0,1,70,1924,1924,2143,2143,2,2,3,3,3,3,500.000000,930.000000,1600.000000,1,382.507129,405.980937,0.250812,0.263683,0.021054,0.022645,45,9,9,24,40,8,8,21,38735,17,17,25764,0.311423,0.020031,1.279876,0.366636
blackout_only,186.0,600.0,1800.0,4000.0,120.0,500.0,1,71,1924,1924,2143,2143,2,2,0,3,3,3,500.000000,930.000000,1600.000000,1,477.335068,369.241613,0.250975,0.263987,0.021057,0.022648,45,9,9,15,25,5,5,9,38690,14,14,25743,0.185599,0.019350,1.279208,0.177466
with_repeater,186.0,600.0,1800.0,4000.0,120.0,500.0,1,71,1924,1924,2143,2143,2,2,3,3,3,3,500.000000,930.000000,1600.000000,1,403.017592,408.785326,0.250955,0.264128,0.021087,0.022630,45,9,9,24,40,8,8,21,38735,17,17,25764,0.311912,0.020372,1.279660,0.367585
blackout_only,186.0,600.0,1800.0,4000.0,120.0,500.0,1,72,1924,1924,2143,2143,2,2,0,3,3,3,500.000000,930.000000,1600.000000,1,470.925927,369.297498,0.251101,0.263862,0.021091,0.022616,45,9,9,15,25,5,5,9,38690,14,14,25743,0.185607,0.020366,1.279549,0.177340
with_repeater,186.0,600.0,1800.0,4000.0,120.0,500.0,1,72,1924,1924,2143,2143,2,2,3,3,3,3,500.000000,930.000000,1600.000000,1,390.690966,406.871564,0.250955,0.263680,0.021089,0.022642,45,9,9,24,40,8,8,21,38735,17,17,25764,0.311037,0.019517,1.279568,0.366819
blackout_only,186.0,600.0,1800.0,4000.0,120.0,500.0,1,73,1924,1924,2143,2143,2,2,0,3,3,3,500.000000,930.000000,1600.000000,1,477.594579,369.314667,0.251052,0.263399,0.021025,0.022607,45,9,9,15,25,5,5,9,38690,14,14,25743,0.185368,0.017936,1.281890,0.177733
with_repeater,186.0,600.0,1800.0,4000.0,120.0,500.0,1,73,1924,1924,2143,2143,2,2,3,3,3,3,500.000000,930.000000,1600.000000,1,385.282037,406.733990,0.251018,0.263782,0.021051,0.022697,45,9,9,24,40,8,8,21,38735,17,17,25764,0.311377,0.019399,1.279821,0.368061
blackout_only,186.0,600.0,1800.0,4000.0,120.0,500.0,1,74,1924,1924,2143,2143,2,2,0,3,3,3,500.000000,930.000000,1600.000000,1,478.155048,369.467325,0.251046,0.263664,0.021080,0.022642,45,9,9,15,25,5,5,9,38690,14,14,25743,0.186019,0.020078,1.280902,0.177254
with_repeater,186.0,600.0,1800.0,4000.0,120.0,500.0,1,74,1924,1924,2143,2143,2,2,3,3,3,3,500.000000,930.000000,1600.000000,1,398.255292,408.527630,0.251003,0.263724,0.021074,0.022772,45,9,9,24,40,8,8,21,38735,17,17,25764,0.310534,0.020525,1.281241,0.366688
blackout_only,186.0,600.0,1800.0,4000.0,120.0,500.0,1,75,1924,1924,2143,2143,2,2,0,3,3,3,500.000000,930.000000,1600.000000,1,478.861248,369.194265,0.251077,0.263772,0.021046,0.022625,45,9,9,15,25,5,5,9,38690,14,14,25743,0.185958,0.019733,1.279422,0.177343
with_repeater,186.0,600.0,1800.0,4000.0,120.0,500.0,1,75,1924,1924,2143,2143,2,2,3,3,3,3,500.000000,930.000000,1600.000000,1,389.947112,407.432873,0.250977,0.263439,0.021054,0.022652,45,9,9,24,40,8,8,21,38735,17,17,25764,0.312980,0.020116,1.281121,0.365801
blackout_only,186.0,600.0,1800.0,4000.0,120.0,500.0,1,76,1924,1924,2143,2143,2,2,0,3,3,3,500.000000,930.000000,1600.000000,1,481.834339,369.852222,0.251020,0.264029,0.021052,0.022563,45,9,9,15,25,5,5,9,38690,14,14,25743,0.185827,0.019537,1.278961,0.177735
with_repeater,186.0,600.0,1800.0,4000.0,120.0,500.0,1,76,1924,1924,2143,2143,2,2,3,3,3,3,500.000000,930.000000,1600.000000,1,411.281520,410.447249,0.251243,0.264070,0.021069,0.022606,45,9,9,24,40,8,8,21,38735,17,17,25764,0.311959,0.019743,1.280288,0.367236
blackout_only,186.0,600.0,1800.0,4000.0,120.0,500.0,1,77,1924,1924,2143,2143,2,2,0,3,3,3,500.000000,930.000000,1600.000000,1,472.177576,367.881678,0.250959,0.263913,0.021081,0.022623,45,9,9,15,25,5,5,9,38690,14,14,25743,0.185581,0.020263,1.279552,0.176698
with_repeater,186.0,600.0,1800.0,4000.0,120.0,500.0,1,77,1924,1924,2143,2143,2,2,3,3,3,3,500.000000,930.000000,1600.000000,1,374.323408,405.179760,0.250934,0.263487,0.021076,0.022680,45,9,9,24,40,8,8,21,38735,17,17,25764,0.312174,0.020048,1.282015,0.365631
blackout_only,186.0,600.0,1800.0,4000.0,120.0,500.0,1,78,1924,1924,2143,2143,2,2,0,3,3,3,500.000000,930.000000,1600.000000,1,471.752854,367.491416,0.251063,0.264028,0.021086,0.022639,45,9,9,15,25,5,5,9,38690,14,14,25743,0.184908,0.019635,1.280152,0.176764
with_repeater,186.0,600.0,1800.0,4000.0,120.0,500.0,1,78,1924,1924,2143,2143,2,2,3,3,3,3,500.000000,930.000000,1600.000000,1,390.744751,407.722634,0.251153,0.263768,0.021076,0.022631,45,9,9,24,40,8,8,21,38735,17,17,25764,0.310845,0.020844,1.280233,0.366205
blackout_only,186.0,600.0,1800.0,4000.0,120.0,500.0,1,79,1924,1924,2143,2143,2,2,0,3,3,3,500.000000,930.000000,1600.000000,1,471.828226,367.019888,0.251079,0.263454,0.021047,0.022675,45,9,9,15,25,5,5,9,38690,14,14,25743,0.185600,0.018997,1.279717,0.176648
with_repeater,186.0,600.0,1800.0,4000.0,120.0,500.0,1,79,1924,1924,2143,2143,2,2,3,3,3,3,500.000000,930.000000,1600.000000,1,387.018769,407.721362,0.251020,0.263928,0.021086,0.022624,45,9,9,24,40,8,8,21,38735,17,17,25764,0.312141,0.019580,1.280173,0.366871
blackout_only,186.0,600.0,1800.0,4000.0,120.0,500.0,1,80,1924,1924,2143,2143,2,2,0,3,3,3,500.000000,930.000000,1600.000000,1,471.632318,366.505777,0.251176,0.263647,0.021041,0.022672,45,9,9,15,25,5,5,9,38690,14,14,25743,0.186204,0.020794,1.280326,0.176855
with_repeater,186.0,600.0,1800.0,4000.0,120.0,500.0,1,80,1924,1924,2143,2143,2,2,3,3,3,3,500.000000,930.000000,1600.000000,1,404.982407,408.419308,0.251025,0.263623,0.021047,0.022634,45,9,9,24,40,8,8,21,38735,17,17,25764,0.312328,0.020753,1.279057,0.366327
blackout_only,186.0,600.0,1800.0,4000.0,120.0,500.0,1,81,1924,1924,2143,2143,2,2,0,3,3,3,500.000000,930.000000,1600.000000,1,478.112832,367.395441,0.250819,0.263514,0.021070,0.022678,45,9,9,15,25,5,5,9,38690,14,14,25743,0.184858,0.020367,1.282623,0.177585
with_repeater,186.0,600.0,1800.0,4000.0,120.0,500.0,1,81,1924,1924,2143,2143,2,2,3,3,3,3,500.000000,930.000000,1600.000000,1,382.811074,405.390961,0.250723,0.263370,0.021059,0.022632,45,9,9,24,40,8,8,21,38735,17,17,25764,0.310129,0.020564,1.281383,0.366253
blackout_only,186.0,600.0,1800.0,4000.0,120.0,500.0,1,82,1924,1924,2143,2143,2,2,0,3,3,3,500.000000,930.000000,1600.000000,1,481.704808,371.660391,0.251035,0.263483,0.021059,0.022613,45,9,9,15,25,5,5,9,38690,14,14,25743,0.185534,0.019964,1.279999,0.177957
with_repeater,186.0,600.0,1800.0,4000.0,120.0,500.0,1,82,1924,1924,2143,2143,2,2,3,3,3,3,500.000000,930.000000,1600.000000,1,396.639162,408.684751,0.250870,0.263665,0.021068,0.022681,45,9,9,24,40,8,8,21,38735,17,17,25764,0.311257,0.019383,1.280444,0.365678
blackout_only,186.0,600.0,1800.0,4000.0,120.0,500.0,1,83,1924,1924,2143,2143,2,2,0,3,3,3,500.000000,930.000000,1600.000000,1,481.291489,370.172045,0.251080,0.263301,0.021099,0.022652,45,9,9,15,25,5,5,9,38690,14,14,25743,0.185308,0.019334,1.281268,0.177878
with_repeater,186.0,600.0,1800.0,4000.0,120.0,500.0,1,83,1924,1924,2143,2143,2,2,3,3,3,3,500.000000,930.000000,1600.000000,1,397.092002,407.681967,0.250797,0.263143,0.021087,0.022640,45,9,9,24,40,8,8,21,38735,17,17,25764,0.310191,0.019129,1.278937,0.366708
blackout_only,186.0,600.0,1800.0,4000.0,120.0,500.0,1,84,1924,1924,2143,2143,2,2,0,3,3,3,500.000000,930.000000,1600.000000,1,473.662586,368.393569,0.250966,0.264019,0.021045,0.022636,45,9,9,15,25,5,5,9,38690,14,14,25743,0.185273,0.020044,1.280352,0.176847
with_repeater,186.0,600.0,1800.0,4000.0,120.0,500.0,1,84,1924,1924,2143,2143,2,2,3,3,3,3,500.000000,930.000000,1600.000000,1,404.095443,409.329721,0.250677,0.263499,0.021092,0.022621,45,9,9,24,40,8,8,21,38735,17,17,25764,0.311630,0.020968,1.277812,0.365517
blackout_only,186.0,600.0,1800.0,4000.0,120.0,500.0,1,85,1924,1924,2143,2143,2,2,0,3,3,3,500.000000,930.000000,1600.000000,1,472.628738,367.733826,0.250866,0.263733,0.021103,0.022674,45,9,9,15,25,5,5,9,38690,14,14,25743,0.185071,0.018566,1.279126,0.177084
with_repeater,186.0,600.0,1800.0,4000.0,120.0,500.0,1,85,1924,1924,2143,2143,2,2,3,3,3,3,500.000000,930.000000,1600.000000,1,393.066314,407.767060,0.250715,0.263617,0.021080,0.022672,45,9,9,24,40,8,8,21,38735,17,17,25764,0.310430,0.019121,1.278894,0.366425
blackout_only,186.0,600.0,1800.0,4000.0,120.0,500.0,1,86,1924,1924,2143,2143,2,2,0,3,3,3,500.000000,930.000000,1600.000000,1,478.768167,368.868323,0.251289,0.263798,0.021036,0.022594,45,9,9,15,25,5,5,9,38690,14,14,25743,0.185089,0.019991,1.279691,0.178550
with_repeater,186.0,600.0,1800.0,4000.0,120.0,500.0,1,86,1924,1924,2143,2143,2,2,3,3,3,3,500.000000,930.000000,1600.000000,1,393.860802,407.669373,0.251152,0.263269,0.021068,0.022665,45,9,9,24,40,8,8,21,38735,17,17,25764,0.310805,0.019769,1.279127,0.368996
blackout_only,186.0,600.0,1800.0,4000.0,120.0,500.0,1,87,1924,1924,2143,2143,2,2,0,3,3,3,500.000000,930.000000,1600.000000,1,478.532372,368.131398,0.250959,0.263566,0.021033,0.022614,45,9,9,15,25,5,5,9,38690,14,14,25743,0.185116,0.019706,1.281902,0.177477
with_repeater,186.0,600.0,1800.0,4000.0,120.0,500.0,1,87,1924,1924,2143,2143,2,2,3,3,3,3,500.000000,930.000000,1600.000000,1,376.416841,405.780719,0.250750,0.263387,0.021021,0.022562,45,9,9,24,40,8,8,21,38735,17,17,25764,0.310838,0.019778,1.280606,0.365205
blackout_only,186.0,600.0,1800.0,4000.0,120.0,500.0,1,88,1924,1924,2143,2143,2,2,0,3,3,3,500.000000,930.000000,1600.000000,1,474.818458,367.520369,0.250949,0.263701,0.021069,0.022677,45,9,9,15,25,5,5,9,38690,14,14,25743,0.184730,0.019526,1.280597,0.176984
with_repeater,186.0,600.0,1800.0,4000.0,120.0,500.0,1,88,1924,1924,2143,2143,2,2,3,3,3,3,500.000000,930.000000,1600.000000,1,392.290350,407.245853,0.250902,0.264076,0.021063,0.022686,45,9,9,24,40,8,8,21,38735,17,17,25764,0.310747,0.019734,1.281847,0.368268
blackout_only,186.0,600.0,1800.0,4000.0,120.0,500.0,1,89,1924,1924,2143,2143,2,2,0,3,3,3,500.000000,930.000000,1600.000000,1,480.514837,369.004670,0.250964,0.263570,0.021064,0.022569,45,9,9,15,25,5,5,9,38690,14,14,25743,0.185549,0.019183,1.279250,0.177207
with_repeater,186.0,600.0,1800.0,4000.0,120.0,500.0,1,89,1924,1924,2143,2143,2,2,3,3,3,3,500.000000,930.000000,1600.000000,1,392.972767,407.145410,0.251222,0.263856,0.021097,0.022656,45,9,9,24,40,8,8,21,38735,17,17,25764,0.311400,0.019512,1.278951,0.365469
blackout_only,750.0,600.0,300.0,4000.0,120.0,500.0,1,40,3530,3530,3932,3932,2,2,0,0,1,1,1875.000000,3750.000000,3895.000000,1,2679.024994,1498.004998,0.250876,0.263415,0.021055,0.022661,25,5,5,9,15,3,3,3,70720,8,8,47208,0.309773,0.022404,1.278158,0.194459
with_repeater,750.0,600.0,300.0,4000.0,120.0,500.0,1,40,3530,3530,3932,3932,2,2,0,0,2,2,1875.000000,3750.000000,3895.000000,1,162.427540,1393.229198,0.250946,0.263857,0.021069,0.022674,30,6,6,15,25,5,5,12,70765,11,11,47211,0.341485,0.020690,1.277741,0.368176
blackout_only,750.0,600.0,300.0,4000.0,120.0,500.0,1,41,3530,3530,3932,3932,2,2,0,0,1,1,1875.000000,3750.000000,3895.000000,1,2674.265111,1496.418370,0.251084,0.263851,0.021055,0.022650,25,5,5,9,15,3,3,3,70720,8,8,47208,0.309781,0.021070,1.280447,0.194113
with_repeater,750.0,600.0,300.0,4000.0,120.0,500.0,1,41,3530,3530,3932,3932,2,2,0,0,2,2,1875.000000,3750.000000,3895.000000,1,160.309216,1393.122523,0.251227,0.264177,0.021065,0.022617,30,6,6,15,25,5,5,12,70765,11,11,47211,0.341241,0.019693,1.279443,0.366982
blackout_only,750.0,600.0,300.0,4000.0,120.0,500.0,1,42,3530,3530,3932,3932,2,2,0,0,1,1,1875.000000,3750.000000,3895.000000,1,2669.764118,1494.918039,0.250969,0.263981,0.021076,0.022659,25,5,5,9,15,3,3,3,70720,8,8,47208,0.309590,0.019974,1.279005,0.194245
with_repeater,750.0,600.0,300.0,4000.0,120.0,500.0,1,42,3530,3530,3932,3932,2,2,0,0,2,2,1875.000000,3750.000000,3895.000000,1,177.426323,1396.784076,0.251032,0.263975,0.021093,0.022650,30,6,6,15,25,5,5,12,70765,11,11,47211,0.341399,0.019835,1.278945,0.367936
blackout_only,750.0,600.0,300.0,4000.0,120.0,500.0,1,43,3530,3530,3932,3932,2,2,0,0,1,1,1875.000000,3750.000000,3895.000000,1,2673.784738,1496.258246,0.251072,0.263703,0.021060,0.022707,25,5,5,9,15,3,3,3,70720,8,8,47208,0.309807,0.021652,1.281117,0.194473
with_repeater,750.0,600.0,300.0,4000.0,120.0,500.0,1,43,3530,3530,3932,3932,2,2,0,0,2,2,1875.000000,3750.000000,3895.000000,1,174.391390,1395.837121,0.251116,0.263847,0.021061,0.022699,30,6,6,15,25,5,5,12,70765,11,11,47211,0.341464,0.022137,1.282256,0.368173
blackout_only,750.0,600.0,300.0,4000.0,120.0,500.0,1,44,3530,3530,3932,3932,2,2,0,0,1,1,1875.000000,3750.000000,3895.000000,1,2673.769806,1496.253269,0.251221,0.263900,0.021084,0.022646,25,5,5,9,15,3,3,3,70720,8,8,47208,0.309641,0.019838,1.284034,0.194431
with_repeater,750.0,600.0,300.0,4000.0,120.0,500.0,1,44,3530,3530,3932,3932,2,2,0,0,2,2,1875.000000,3750.000000,3895.000000,1,166.246781,1393.383004,0.251250,0.263948,0.021082,0.022682,30,6,6,15,25,5,5,12,70765,11,11,47211,0.341332,0.020058,1.280774,0.367438
blackout_only,750.0,600.0,300.0,4000.0,120.0,500.0,1,45,3530,3530,3932,3932,2,2,0,0,1,1,1875.000000,3750.000000,3895.000000,1,2669.482453,1494.824151,0.250907,0.263451,0.021076,0.022620,25,5,5,9,15,3,3,3,70720,8,8,47208,0.309386,0.020790,1.280605,0.194310
with_repeater,750.0,600.0,300.0,4000.0,120.0,500.0,1,45,3530,3530,3932,3932,2,2,0,0,2,2,1875.000000,3750.000000,3895.000000,1,160.110283,1393.524972,0.250968,0.263655,0.021061,0.022608,30,6,6,15,25,5,5,12,70765,11,11,47211,0.341094,0.019205,1.278890,0.368075
blackout_only,750.0,600.0,300.0,4000.0,120.0,500.0,1,46,3530,3530,3932,3932,2,2,0,0,1,1,1875.000000,3750.000000,3895.000000,1,2684.963630,1499.984543,0.250805,0.263622,0.021059,0.022652,25,5,5,9,15,3,3,3,70720,8,8,47208,0.309693,0.022003,1.280029,0.194610
with_repeater,750.0,600.0,300.0,4000.0,120.0,500.0,1,46,3530,3530,3932,3932,2,2,0,0,2,2,1875.000000,3750.000000,3895.000000,1,171.729318,1395.860046,0.250698,0.263620,0.021068,0.022647,30,6,6,15,25,5,5,12,70771,11,11,47211,0.341396,0.021400,1.279882,0.368838
blackout_only,750.0,600.0,300.0,4000.0,120.0,500.0,1,47,3530,3530,3932,3932,2,2,0,0,1,1,1875.000000,3750.000000,3895.000000,1,2674.031310,1496.340437,0.251212,0.263921,0.021065,0.022697,25,5,5,9,15,3,3,3,70720,8,8,47208,0.309875,0.021271,1.278146,0.194658
with_repeater,750.0,600.0,300.0,4000.0,120.0,500.0,1,47,3530,3530,3932,3932,2,2,0,0,2,2,1875.000000,3750.000000,3895.000000,1,173.523292,1395.695923,0.251082,0.264101,0.021054,0.022682,30,6,6,15,25,5,5,12,70765,11,11,47211,0.341640,0.020257,1.280391,0.368092
blackout_only,750.0,600.0,300.0,4000.0,120.0,500.0,1,48,3530,3530,3932,3932,2,2,0,0,1,1,1875.000000,3750.000000,3895.000000,1,2683.061269,1499.350423,0.251024,0.264002,0.021075,0.022648,25,5,5,9,15,3,3,3,70720,8,8,47208,0.309501,0.018572,1.284182,0.195003
with_repeater,750.0,600.0,300.0,4000.0,120.0,500.0,1,48,3530,3530,3932,3932,2,2,0,0,2,2,1875.000000,3750.000000,3895.000000,1,172.504052,1395.697956,0.251195,0.263834,0.021065,0.022656,30,6,6,15,25,5,5,12,70765,11,11,47211,0.341266,0.020097,1.282826,0.367990
blackout_only,750.0,600.0,300.0,4000.0,120.0,500.0,1,49,3530,3530,3932,3932,2,2,0,0,1,1,1875.000000,3750.000000,3895.000000,1,2670.357796,1495.115932,0.250890,0.263348,0.021073,0.022735,25,5,5,9,15,3,3,3,70720,8,8,47208,0.309593,0.020927,1.281936,0.194301
with_repeater,750.0,600.0,300.0,4000.0,120.0,500.0,1,49,3530,3530,3932,3932,2,2,0,0,2,2,1875.000000,3750.000000,3895.000000,1,167.050236,1392.021646,0.250990,0.263654,0.021069,0.022694,30,6,6,15,25,5,5,12,70765,11,11,47211,0.341016,0.019904,1.280266,0.367885
blackout_only,750.0,600.0,300.0,4000.0,120.0,500.0,1,50,3530,3530,3932,3932,2,2,0,0,1,1,1875.000000,3750.000000,3895.000000,1,2682.028542,1499.006181,0.250969,0.263280,0.021056,0.022624,25,5,5,9,15,3,3,3,70720,8,8,47208,0.309924,0.021117,1.277360,0.194494
with_repeater,750.0,600.0,300.0,4000.0,120.0,500.0,1,50,3530,3530,3932,3932,2,2,0,0,2,2,1875.000000,3750.000000,3895.000000,1,179.301676,1395.706149,0.251029,0.263048,0.021056,0.022603,30,6,6,15,25,5,5,12,70765,11,11,47211,0.341809,0.022260,1.276812,0.368357
blackout_only,750.0,600.0,300.0,4000.0,120.0,500.0,1,51,3530,3530,3932,3932,2,2,0,0,1,1,1875.000000,3750.000000,3895.000000,1,2685.110467,1500.033489,0.250988,0.263845,0.021060,0.022622,25,5,5,9,15,3,3,3,70720,8,8,47208,0.310081,0.019978,1.283753,0.194330
with_repeater,750.0,600.0,300.0,4000.0,120.0,500.0,1,51,3530,3530,3932,3932,2,2,0,0,2,2,1875.000000,3750.000000,3895.000000,1,171.540745,1394.516922,0.251056,0.263681,0.021054,0.022660,30,6,6,15,25,5,5,12,70765,11,11,47211,0.341792,0.020411,1.280820,0.367789
blackout_only,750.0,600.0,300.0,4000.0,120.0,500.0,1,52,3530,3530,3932,3932,2,2,0,0,1,1,1875.000000,3750.000000,3895.000000,1,2664.248740,1493.079580,0.251006,0.263746,0.021069,0.022661,25,5,5,9,15,3,3,3,70720,8,8,47208,0.309581,0.018738,1.277405,0.194243
with_repeater,750.0,600.0,300.0,4000.0,120.0,500.0,1,52,3530,3530,3932,3932,2,2,0,0,2,2,1875.000000,3750.000000,3895.000000,1,159.783055,1393.419943,0.250956,0.263496,0.021061,0.022635,30,6,6,15,25,5,5,12,70765,11,11,47211,0.341515,0.018397,1.279656,0.368031
blackout_only,750.0,600.0,300.0,4000.0,120.0,500.0,1,53,3530,3530,3932,3932,2,2,0,0,1,1,1875.000000,3750.000000,3895.000000,1,2668.226130,1494.405377,0.251061,0.263602,0.021079,0.022638,25,5,5,9,15,3,3,3,70720,8,8,47208,0.309677,0.018515,1.275050,0.194341
with_repeater,750.0,600.0,300.0,4000.0,120.0,500.0,1,53,3530,3530,3932,3932,2,2,0,0,2,2,1875.000000,3750.000000,3895.000000,1,171.479995,1396.550753,0.250788,0.263496,0.021095,0.022733,30,6,6,15,25,5,5,12,70765,11,11,47211,0.341438,0.020033,1.277315,0.368680
blackout_only,750.0,600.0,300.0,4000.0,120.0,500.0,1,54,3530,3530,3932,3932,2,2,0,0,1,1,1875.000000,3750.000000,3895.000000,1,2675.438670,1496.809557,0.250925,0.263383,0.021037,0.022623,25,5,5,9,15,3,3,3,70720,8,8,47208,0.309859,0.022388,1.279716,0.194172
with_repeater,750.0,600.0,300.0,4000.0,120.0,500.0,1,54,3530,3530,3932,3932,2,2,0,0,2,2,1875.000000,3750.000000,3895.000000,1,158.822345,1392.074139,0.250784,0.263302,0.021052,0.022605,30,6,6,15,25,5,5,12,70765,11,11,47211,0.341653,0.020734,1.279785,0.367536
blackout_only,750.0,600.0,300.0,4000.0,120.0,500.0,1,55,3530,3530,3932,3932,2,2,0,0,1,1,1875.000000,3750.000000,3895.000000,1,2671.775088,1495.588363,0.250822,0.263246,0.021057,0.022647,25,5,5,9,15,3,3,3,70720,8,8,47208,0.309649,0.020530,1.280108,0.194365
with_repeater,750.0,600.0,300.0,4000.0,120.0,500.0,1,55,3530,3530,3932,3932,2,2,0,0,2,2,1875.000000,3750.000000,3895.000000,1,167.605071,1394.426984,0.250820,0.263418,0.021045,0.022608,30,6,6,15,25,5,5,12,70765,11,11,47211,0.341576,0.018859,1.280663,0.367163
blackout_only,750.0,600.0,300.0,4000.0,120.0,500.0,1,56,3530,3530,3932,3932,2,2,0,0,1,1,1875.000000,3750.000000,3895.000000,1,2673.732242,1496.240747,0.251076,0.263608,0.021074,0.022714,25,5,5,9,15,3,3,3,70720,8,8,47208,0.309656,0.021368,1.282988,0.194284
with_repeater,750.0,600.0,300.0,4000.0,120.0,500.0,1,56,3530,3530,3932,3932,2,2,0,0,2,2,1875.000000,3750.000000,3895.000000,1,161.110393,1393.177535,0.250925,0.263847,0.021084,0.022720,30,6,6,15,25,5,5,12,70765,11,11,47211,0.341556,0.021093,1.281773,0.367458
blackout_only,750.0,600.0,300.0,4000.0,120.0,500.0,1,57,3530,3530,3932,3932,2,2,0,0,1,1,1875.000000,3750.000000,3895.000000,1,2671.230358,1495.406786,0.250939,0.263330,0.021066,0.022656,25,5,5,9,15,3,3,3,70720,8,8,47208,0.310205,0.020822,1.279645,0.194119
with_repeater,750.0,600.0,300.0,4000.0,120.0,500.0,1,57,3530,3530,3932,3932,2,2,0,0,2,2,1875.000000,3750.000000,3895.000000,1,165.992225,1392.895613,0.250926,0.263250,0.021060,0.022631,30,6,6,15,25,5,5,12,70765,11,11,47211,0.341581,0.018976,1.278892,0.367010
blackout_only,750.0,600.0,300.0,4000.0,120.0,500.0,1,58,3530,3530,3932,3932,2,2,0,0,1,1,1875.000000,3750.000000,3895.000000,1,2674.304203,1496.431401,0.251161,0.263456,0.021079,0.022718,25,5,5,9,15,3,3,3,70720,8,8,47208,0.309736,0.018821,1.281597,0.194114
with_repeater,750.0,600.0,300.0,4000.0,120.0,500.0,1,58,3530,3530,3932,3932,2,2,0,0,2,2,1875.000000,3750.000000,3895.000000,1,168.084672,1394.477805,0.251156,0.263810,0.021074,0.022682,30,6,6,15,25,5,5,12,70765,11,11,47211,0.341664,0.020093,1.280924,0.367320
blackout_only,750.0,600.0,300.0,4000.0,120.0,500.0,1,59,3530,3530,3932,3932,2,2,0,0,1,1,1875.000000,3750.000000,3895.000000,1,2686.770195,1500.586732,0.250799,0.263635,0.021073,0.022686,25,5,5,9,15,3,3,3,70720,8,8,47208,0.310232,0.019640,1.279996,0.194374
with_repeater,750.0,600.0,300.0,4000.0,120.0,500.0,1,59,3530,3530,3932,3932,2,2,0,0,2,2,1875.000000,3750.000000,3895.000000,1,174.140047,1395.652788,0.250922,0.263514,0.021072,0.022699,30,6,6,15,25,5,5,12,70765,11,11,47211,0.341901,0.019788,1.281981,0.367858
blackout_only,750.0,600.0,300.0,4000.0,120.0,500.0,1,60,3530,3530,3932,3932,2,2,0,0,1,1,1875.000000,3750.000000,3895.000000,1,2671.119638,1495.369879,0.251059,0.263760,0.021069,0.022630,25,5,5,9,15,3,3,3,70720,8,8,47208,0.309808,0.017988,1.278253,0.194165
with_repeater,750.0,600.0,300.0,4000.0,120.0,500.0,1,60,3530,3530,3932,3932,2,2,0,0,2,2,1875.000000,3750.000000,3895.000000,1,161.044391,1393.925273,0.251124,0.263820,0.021085,0.022614,30,6,6,15,25,5,5,12,70765,11,11,47211,0.341496,0.018386,1.281366,0.367259
blackout_only,750.0,600.0,300.0,4000.0,120.0,500.0,1,61,3530,3530,3932,3932,2,2,0,0,1,1,1875.000000,3750.000000,3895.000000,1,2674.511287,1496.500429,0.251018,0.264401,0.021078,0.022668,25,5,5,9,15,3,3,3,70720,8,8,47208,0.309958,0.018643,1.279059,0.194325
with_repeater,750.0,600.0,300.0,4000.0,120.0,500.0,1,61,3530,3530,3932,3932,2,2,0,0,2,2,1875.000000,3750.000000,3895.000000,1,170.859279,1394.661646,0.250942,0.263944,0.021069,0.022664,30,6,6,15,25,5,5,12,70765,11,11,47211,0.341497,0.020111,1.279962,0.367521
blackout_only,750.0,600.0,300.0,4000.0,120.0,500.0,1,62,3530,3530,3932,3932,2,2,0,0,1,1,1875.000000,3750.000000,3895.000000,1,2676.397423,1497.129141,0.251026,0.263434,0.021069,0.022676,25,5,5,9,15,3,3,3,70720,8,8,47208,0.309813,0.019579,1.277707,0.194232
with_repeater,750.0,600.0,300.0,4000.0,120.0,500.0,1,62,3530,3530,3932,3932,2,2,0,0,2,2,1875.000000,3750.000000,3895.000000,1,166.334025,1393.636226,0.250908,0.263434,0.021065,0.022680,30,6,6,15,25,5,5,12,70765,11,11,47211,0.341468,0.018459,1.280370,0.367557
blackout_only,750.0,600.0,300.0,4000.0,120.0,500.0,1,63,3530,3530,3932,3932,2,2,0,0,1,1,1875.000000,3750.000000,3895.000000,1,2680.943512,1498.644504,0.251229,0.263976,0.021044,0.022630,25,5,5,9,15,3,3,3,70720,8,8,47208,0.310099,0.018476,1.278317,0.194456
with_repeater,750.0,600.0,300.0,4000.0,120.0,500.0,1,63,3530,3530,3932,3932,2,2,0,0,2,2,1875.000000,3750.000000,3895.000000,1,180.731013,1396.325306,0.251036,0.263996,0.021052,0.022625,30,6,6,15,25,5,5,12,70765,11,11,47211,0.341786,0.019684,1.277283,0.368064
blackout_only,750.0,600.0,300.0,4000.0,120.0,500.0,1,64,3530,3530,3932,3932,2,2,0,0,1,1,1875.000000,3750.000000,3895.000000,1,2674.141543,1496.377181,0.250971,0.263501,0.021099,0.022670,25,5,5,9,15,3,3,3,70720,8,8,47208,0.309569,0.019144,1.280168,0.194349
with_repeater,750.0,600.0,300.0,4000.0,120.0,500.0,1,64,3530,3530,3932,3932,2,2,0,0,2,2,1875.000000,3750.000000,3895.000000,1,165.707076,1395.055501,0.251155,0.263774,0.021091,0.022656,30,6,6,15,25,5,5,12,70765,11,11,47211,0.341515,0.018719,1.279098,0.368595
blackout_only,750.0,600.0,300.0,4000.0,120.0,500.0,1,65,3530,3530,3932,3932,2,2,0,0,1,1,1875.000000,3750.000000,3895.000000,1,2677.429132,1497.473044,0.251118,0.263953,0.021067,0.022646,25,5,5,9,15,3,3,3,70720,8,8,47208,0.309693,0.020416,1.280674,0.194526
with_repeater,750.0,600.0,300.0,4000.0,120.0,500.0,1,65,3530,3530,3932,3932,2,2,0,0,2,2,1875.000000,3750.000000,3895.000000,1,156.076823,1392.580951,0.251000,0.263791,0.021050,0.022623,30,6,6,15,25,5,5,12,70765,11,11,47211,0.341447,0.020288,1.276935,0.367927
blackout_only,750.0,600.0,300.0,4000.0,120.0,500.0,1,66,3530,3530,3932,3932,2,2,0,0,1,1,1875.000000,3750.000000,3895.000000,1,2673.163370,1496.051123,0.251036,0.264094,0.021091,0.022678,25,5,5,9,15,3,3,3,70720,8,8,47208,0.309627,0.019209,1.283175,0.194278
with_repeater,750.0,600.0,300.0,4000.0,120.0,500.0,1,66,3530,3530,3932,3932,2,2,0,0,2,2,1875.000000,3750.000000,3895.000000,1,164.130811,1393.369386,0.251028,0.264565,0.021073,0.022699,30,6,6,15,25,5,5,12,70765,11,11,47211,0.341094,0.020533,1.282545,0.367605
blackout_only,750.0,600.0,300.0,4000.0,120.0,500.0,1,67,3530,3530,3932,3932,2,2,0,0,1,1,1875.000000,3750.000000,3895.000000,1,2669.898509,1494.962836,0.250869,0.263591,0.021057,0.022676,25,5,5,9,15,3,3,3,70720,8,8,47208,0.309736,0.020216,1.281536,0.194538
with_repeater,750.0,600.0,300.0,4000.0,120.0,500.0,1,67,3530,3530,3932,3932,2,2,0,0,2,2,1875.000000,3750.000000,3895.000000,1,163.726324,1392.089193,0.251079,0.263917,0.021073,0.022663,30,6,6,15,25,5,5,12,70765,11,11,47211,0.341373,0.020256,1.281167,0.368173
blackout_only,750.0,600.0,300.0,4000.0,120.0,500.0,1,68,3530,3530,3932,3932,2,2,0,0,1,1,1875.000000,3750.000000,3895.000000,1,2673.836702,1496.275567,0.251099,0.263451,0.021088,0.022677,25,5,5,9,15,3,3,3,70720,8,8,47208,0.309709,0.020918,1.280850,0.194263
with_repeater,750.0,600.0,300.0,4000.0,120.0,500.0,1,68,3530,3530,3932,3932,2,2,0,0,2,2,1875.000000,3750.000000,3895.000000,1,164.485652,1393.955379,0.251026,0.263583,0.021074,0.022681,30,6,6,15,25,5,5,12,70765,11,11,47211,0.341216,0.021380,1.280946,0.368089
blackout_only,750.0,600.0,300.0,4000.0,120.0,500.0,1,69,3530,3530,3932,3932,2,2,0,0,1,1,1875.000000,3750.000000,3895.000000,1,2679.984569,1498.324856,0.250990,0.263697,0.021057,0.022685,25,5,5,9,15,3,3,3,70720,8,8,47208,0.309503,0.020856,1.279813,0.194406
with_repeater,750.0,600.0,300.0,4000.0,120.0,500.0,1,69,3530,3530,3932,3932,2,2,0,0,2,2,1875.000000,3750.000000,3895.000000,1,175.840643,1396.033346,0.250997,0.263490,0.021053,0.022649,30,6,6,15,25,5,5,12,70765,11,11,47211,0.341446,0.020655,1.280673,0.368239
blackout_only,750.0,600.0,300.0,4000.0,120.0,500.0,1,70,3530,3530,3932,3932,2,2,0,0,1,1,1875.000000,3750.000000,3895.000000,1,2671.436223,1495.475408,0.251129,0.263901,0.021041,0.022610,25,5,5,9,15,3,3,3,70720,8,8,47208,0.310170,0.020303,1.278656,0.194198
with_repeater,750.0,600.0,300.0,4000.0,120.0,500.0,1,70,3530,3530,3932,3932,2,2,0,0,2,2,1875.000000,3750.000000,3895.000000,1,168.512768,1393.060714,0.251252,0.263901,0.021066,0.022670,30,6,6,15,25,5,5,12,70765,11,11,47211,0.341409,0.018896,1.279146,0.367580
blackout_only,750.0,600.0,300.0,4000.0,120.0,500.0,1,71,3530,3530,3932,3932,2,2,0,0,1,1,1875.000000,3750.000000,3895.000000,1,2671.413243,1495.467748,0.250957,0.264077,0.021078,0.022638,25,5,5,9,15,3,3,3,70720,8,8,47208,0.309928,0.019887,1.283357,0.194642
with_repeater,750.0,600.0,300.0,4000.0,120.0,500.0,1,71,3530,3530,3932,3932,2,2,0,0,2,2,1875.000000,3750.000000,3895.000000,1,166.532228,1392.462660,0.250815,0.263436,0.021091,0.022671,30,6,6,15,25,5,5,12,70765,11,11,47211,0.341436,0.019568,1.280881,0.367716
blackout_only,750.0,600.0,300.0,4000.0,120.0,500.0,1,72,3530,3530,3932,3932,2,2,0,0,1,1,1875.000000,3750.000000,3895.000000,1,2682.074356,1499.021452,0.251111,0.263451,0.021069,0.022626,25,5,5,9,15,3,3,3,70720,8,8,47208,0.310196,0.017555,1.282785,0.194723
with_repeater,750.0,600.0,300.0,4000.0,120.0,500.0,1,72,3530,3530,3932,3932,2,2,0,0,2,2,1875.000000,3750.000000,3895.000000,1,180.621218,1397.574921,0.251186,0.263791,0.021065,0.022663,30,6,6,15,25,5,5,12,70765,11,11,47211,0.341690,0.018362,1.282784,0.368796
blackout_only,750.0,600.0,300.0,4000.0,120.0,500.0,1,73,3530,3530,3932,3932,2,2,0,0,1,1,1875.000000,3750.000000,3895.000000,1,2687.710947,1500.900316,0.250956,0.263646,0.021064,0.022625,25,5,5,9,15,3,3,3,70720,8,8,47208,0.309706,0.022070,1.281196,0.194262
with_repeater,750.0,600.0,300.0,4000.0,120.0,500.0,1,73,3530,3530,3932,3932,2,2,0,0,2,2,1875.000000,3750.000000,3895.000000,1,169.130871,1394.782658,0.251089,0.263621,0.021058,0.022597,30,6,6,15,25,5,5,12,70765,11,11,47211,0.341455,0.020817,1.281058,0.368153
blackout_only,750.0,600.0,300.0,4000.0,120.0,500.0,1,74,3530,3530,3932,3932,2,2,0,0,1,1,1875.000000,3750.000000,3895.000000,1,2679.458631,1498.149544,0.251096,0.263565,0.021062,0.022646,25,5,5,9,15,3,3,3,70720,8,8,47208,0.310018,0.021520,1.281754,0.194337
with_repeater,750.0,600.0,300.0,4000.0,120.0,500.0,1,74,3530,3530,3932,3932,2,2,0,0,2,2,1875.000000,3750.000000,3895.000000,1,165.383278,1393.372710,0.251037,0.263806,0.021054,0.022624,30,6,6,15,25,5,5,12,70765,11,11,47211,0.341499,0.021576,1.281720,0.367443
blackout_only,750.0,600.0,300.0,4000.0,120.0,500.0,1,75,3530,3530,3932,3932,2,2,0,0,1,1,1875.000000,3750.000000,3895.000000,1,2676.543505,1497.177835,0.251077,0.263587,0.021073,0.022660,25,5,5,9,15,3,3,3,70720,8,8,47208,0.309971,0.019634,1.278127,0.194263
with_repeater,750.0,600.0,300.0,4000.0,120.0,500.0,1,75,3530,3530,3932,3932,2,2,0,0,2,2,1875.000000,3750.000000,3895.000000,1,168.697059,1395.451460,0.251001,0.263230,0.021060,0.022635,30,6,6,15,25,5,5,12,70765,11,11,47211,0.341435,0.019604,1.281201,0.367563
blackout_only,750.0,600.0,300.0,4000.0,120.0,500.0,1,76,3530,3530,3932,3932,2,2,0,0,1,1,1875.000000,3750.000000,3895.000000,1,2673.161854,1496.050618,0.250960,0.264075,0.021087,0.022677,25,5,5,9,15,3,3,3,70720,8,8,47208,0.310004,0.022641,1.279011,0.194286
with_repeater,750.0,600.0,300.0,4000.0,120.0,500.0,1,76,3530,3530,3932,3932,2,2,0,0,2,2,1875.000000,3750.000000,3895.000000,1,168.618059,1394.150108,0.251042,0.264024,0.021066,0.022627,30,6,6,15,25,5,5,12,70765,11,11,47211,0.341426,0.020875,1.277621,0.367501
blackout_only,750.0,600.0,300.0,4000.0,120.0,500.0,1,77,3530,3530,3932,3932,2,2,0,0,1,1,1875.000000,3750.000000,3895.000000,1,2676.064269,1497.018090,0.250871,0.263757,0.021085,0.022639,25,5,5,9,15,3,3,3,70720,8,8,47208,0.310150,0.020954,1.280143,0.194401
with_repeater,750.0,600.0,300.0,4000.0,120.0,500.0,1,77,3530,3530,3932,3932,2,2,0,0,2,2,1875.000000,3750.000000,3895.000000,1,171.271386,1393.575613,0.251055,0.263717,0.021074,0.022631,30,6,6,15,25,5,5,12,70765,11,11,47211,0.341705,0.020010,1.282060,0.367609
blackout_only,750.0,600.0,300.0,4000.0,120.0,500.0,1,78,3530,3530,3932,3932,2,2,0,0,1,1,1875.000000,3750.000000,3895.000000,1,2679.971636,1498.320545,0.251002,0.263796,0.021082,0.022697,25,5,5,9,15,3,3,3,70720,8,8,47208,0.309790,0.020047,1.278651,0.194634
with_repeater,750.0,600.0,300.0,4000.0,120.0,500.0,1,78,3530,3530,3932,3932,2,2,0,0,2,2,1875.000000,3750.000000,3895.000000,1,172.797631,1394.153237,0.251226,0.263802,0.021058,0.022647,30,6,6,15,25,5,5,12,70765,11,11,47211,0.341523,0.019785,1.279228,0.368175
blackout_only,750.0,600.0,300.0,4000.0,120.0,500.0,1,79,3530,3530,3932,3932,2,2,0,0,1,1,1875.000000,3750.000000,3895.000000,1,2682.549701,1499.179900,0.250839,0.263626,0.021087,0.022671,25,5,5,9,15,3,3,3,70720,8,8,47208,0.309991,0.017859,1.278213,0.194888
with_repeater,750.0,600.0,300.0,4000.0,120.0,500.0,1,79,3530,3530,3932,3932,2,2,0,0,2,2,1875.000000,3750.000000,3895.000000,1,164.818607,1394.034995,0.250783,0.263549,0.021078,0.022652,30,6,6,15,25,5,5,12,70765,11,11,47211,0.341863,0.018793,1.279020,0.368167
blackout_only,750.0,600.0,300.0,4000.0,120.0,500.0,1,80,3530,3530,3932,3932,2,2,0,0,1,1,1875.000000,3750.000000,3895.000000,1,2674.624294,1496.538098,0.250841,0.263344,0.021075,0.022681,25,5,5,9,15,3,3,3,70720,8,8,47208,0.310081,0.021036,1.279928,0.194297
with_repeater,750.0,600.0,300.0,4000.0,120.0,500.0,1,80,3530,3530,3932,3932,2,2,0,0,2,2,1875.000000,3750.000000,3895.000000,1,175.200583,1394.662297,0.250935,0.263538,0.021068,0.022643,30,6,6,15,25,5,5,12,70765,11,11,47211,0.341232,0.020956,1.280315,0.368180
blackout_only,750.0,600.0,300.0,4000.0,120.0,500.0,1,81,3530,3530,3932,3932,2,2,0,0,1,1,1875.000000,3750.000000,3895.000000,1,2674.174489,1496.388163,0.251078,0.263590,0.021079,0.022681,25,5,5,9,15,3,3,3,70720,8,8,47208,0.309934,0.020613,1.282723,0.194439
with_repeater,750.0,600.0,300.0,4000.0,120.0,500.0,1,81,3530,3530,3932,3932,2,2,0,0,2,2,1875.000000,3750.000000,3895.000000,1,165.587330,1393.432632,0.251077,0.263735,0.021082,0.022651,30,6,6,15,25,5,5,12,70765,11,11,47211,0.341586,0.019580,1.281147,0.367475
blackout_only,750.0,600.0,300.0,4000.0,120.0,500.0,1,82,3530,3530,3932,3932,2,2,0,0,1,1,1875.000000,3750.000000,3895.000000,1,2684.384521,1499.791507,0.251178,0.263753,0.021064,0.022643,25,5,5,9,15,3,3,3,70720,8,8,47208,0.309755,0.020119,1.281325,0.194572
with_repeater,750.0,600.0,300.0,4000.0,120.0,500.0,1,82,3530,3530,3932,3932,2,2,0,0,2,2,1875.000000,3750.000000,3895.000000,1,170.371288,1394.235209,0.251086,0.263743,0.021080,0.022645,30,6,6,15,25,5,5,12,70765,11,11,47211,0.341334,0.018632,1.280589,0.367604
blackout_only,750.0,600.0,300.0,4000.0,120.0,500.0,1,83,3530,3530,3932,3932,2,2,0,0,1,1,1875.000000,3750.000000,3895.000000,1,2668.085143,1494.358381,0.251005,0.263712,0.021049,0.022639,25,5,5,9,15,3,3,3,70720,8,8,47208,0.309968,0.018741,1.279022,0.194400
with_repeater,750.0,600.0,300.0,4000.0,120.0,500.0,1,83,3530,3530,3932,3932,2,2,0,0,2,2,1875.000000,3750.000000,3895.000000,1,162.092382,1392.142754,0.251097,0.263728,0.021062,0.022664,30,6,6,15,25,5,5,12,70765,11,11,47211,0.341528,0.018588,1.275937,0.367663
blackout_only,750.0,600.0,300.0,4000.0,120.0,500.0,1,84,3529,3529,3932,3932,2,2,0,0,1,1,1875.000000,3750.000000,3895.000000,1,2681.409335,1498.799778,0.251349,0.263642,0.021080,0.022664,25,5,5,9,15,3,3,3,70700,8,8,47208,0.309927,0.020774,1.281207,0.194411
with_repeater,750.0,600.0,300.0,4000.0,120.0,500.0,1,84,3530,3530,3932,3932,2,2,0,0,2,2,1875.000000,3750.000000,3895.000000,1,170.129960,1395.966549,0.251254,0.263513,0.021067,0.022680,30,6,6,15,25,5,5,12,70765,11,11,47211,0.342094,0.019840,1.281222,0.367892
blackout_only,750.0,600.0,300.0,4000.0,120.0,500.0,1,85,3530,3530,3932,3932,2,2,0,0,1,1,1875.000000,3750.000000,3895.000000,1,2672.506728,1495.832243,0.250936,0.263917,0.021088,0.022625,25,5,5,9,15,3,3,3,70720,8,8,47208,0.309676,0.019652,1.282316,0.194256
with_repeater,750.0,600.0,300.0,4000.0,120.0,500.0,1,85,3530,3530,3932,3932,2,2,0,0,2,2,1875.000000,3750.000000,3895.000000,1,163.495517,1393.329020,0.251036,0.263904,0.021066,0.022598,30,6,6,15,25,5,5,12,70765,11,11,47211,0.341351,0.018873,1.281541,0.367023
blackout_only,750.0,600.0,300.0,4000.0,120.0,500.0,1,86,3529,3529,3932,3932,2,2,0,0,1,1,1875.000000,3750.000000,3895.000000,1,2681.495532,1498.828511,0.251426,0.264207,0.021080,0.022675,25,5,5,9,15,3,3,3,70700,8,8,47208,0.309818,0.020992,1.276645,0.194507
with_repeater,750.0,600.0,300.0,4000.0,120.0,500.0,1,86,3529,3529,3932,3932,2,2,0,0,2,2,1875.000000,3750.000000,3895.000000,1,165.836454,1394.086925,0.251314,0.264111,0.021077,0.022668,30,6,6,15,25,5,5,12,70755,11,11,47211,0.341508,0.019084,1.278647,0.368116
blackout_only,750.0,600.0,300.0,4000.0,120.0,500.0,1,87,3530,3530,3932,3932,2,2,0,0,1,1,1875.000000,3750.000000,3895.000000,1,2678.432937,1497.807646,0.250838,0.263458,0.021054,0.022632,25,5,5,9,15,3,3,3,70720,8,8,47208,0.309994,0.020670,1.278599,0.194315
with_repeater,750.0,600.0,300.0,4000.0,120.0,500.0,1,87,3530,3530,3932,3932,2,2,0,0,2,2,1875.000000,3750.000000,3895.000000,1,171.174615,1395.660419,0.250911,0.263458,0.021059,0.022624,30,6,6,15,25,5,5,12,70765,11,11,47211,0.341935,0.019850,1.280600,0.366877
blackout_only,750.0,600.0,300.0,4000.0,120.0,500.0,1,88,3530,3530,3932,3932,2,2,0,0,1,1,1875.000000,3750.000000,3895.000000,1,2674.295390,1496.428463,0.251005,0.263608,0.021069,0.022679,25,5,5,9,15,3,3,3,70720,8,8,47208,0.309618,0.019654,1.280579,0.194569
with_repeater,750.0,600.0,300.0,4000.0,120.0,500.0,1,88,3530,3530,3932,3932,2,2,0,0,2,2,1875.000000,3750.000000,3895.000000,1,164.748644,1392.776390,0.250885,0.263725,0.021079,0.022669,30,6,6,15,25,5,5,12,70765,11,11,47211,0.341315,0.020440,1.281012,0.367707
blackout_only,750.0,600.0,300.0,4000.0,120.0,500.0,1,89,3530,3530,3932,3932,2,2,0,0,1,1,1875.000000,3750.000000,3895.000000,1,2682.809035,1499.266345,0.250754,0.263260,0.021065,0.022639,25,5,5,9,15,3,3,3,70720,8,8,47208,0.309657,0.019294,1.278530,0.194500
with_repeater,750.0,600.0,300.0,4000.0,120.0,500.0,1,89,3530,3530,3932,3932,2,2,0,0,2,2,1875.000000,3750.000000,3895.000000,1,163.533849,1392.800837,0.250857,0.263012,0.021081,0.022657,30,6,6,15,25,5,5,12,70765,11,11,47211,0.341547,0.020257,1.279580,0.367774
blackout_only,750.0,600.0,900.0,4000.0,120.0,500.0,1,40,3797,3797,4228,4228,2,2,0,0,2,2,1875.000000,3750.000000,3895.000000,1,2079.024994,1498.351385,0.250897,0.263415,0.021056,0.022657,30,6,6,12,20,4,4,6,76090,10,10,50760,0.291853,0.022568,1.279470,0.269876
with_repeater,750.0,600.0,900.0,4000.0,120.0,500.0,1,40,3796,3796,4228,4228,2,2,0,0,2,2,1875.000000,3750.000000,3895.000000,1,145.799359,1237.665187,0.251081,0.264218,0.021055,0.022695,35,7,7,18,30,6,6,15,76115,13,13,50769,0.340041,0.021244,1.274904,0.371413
blackout_only,750.0,600.0,900.0,4000.0,120.0,500.0,1,41,3796,3796,4228,4228,2,2,0,0,2,2,1875.000000,3750.000000,3895.000000,1,2074.265111,1496.532200,0.251118,0.263898,0.021052,0.022649,30,6,6,12,20,4,4,6,76070,10,10,50760,0.291929,0.020385,1.280165,0.269367
with_repeater,750.0,600.0,900.0,4000.0,120.0,500.0,1,41,3796,3796,4228,4228,2,2,0,0,2,2,1875.000000,3750.000000,3895.000000,1,146.939274,1237.746579,0.251252,0.264067,0.021045,0.022608,35,7,7,18,30,6,6,15,76115,13,13,50781,0.339816,0.020570,1.283086,0.370231
blackout_only,750.0,600.0,900.0,4000.0,120.0,500.0,1,42,3796,3796,4228,4228,2,2,0,0,2,2,1875.000000,3750.000000,3895.000000,1,2069.764118,1494.695420,0.251013,0.264093,0.021074,0.022653,30,6,6,12,20,4,4,6,76086,10,10,50760,0.291717,0.019854,1.278332,0.269469
with_repeater,750.0,600.0,900.0,4000.0,120.0,500.0,1,42,3796,3796,4228,4228,2,2,0,0,2,2,1875.000000,3750.000000,3895.000000,1,176.007896,1243.077266,0.251091,0.264072,0.021075,0.022655,35,7,7,18,30,6,6,15,76115,13,13,50769,0.340715,0.019959,1.280479,0.370273
blackout_only,750.0,600.0,900.0,4000.0,120.0,500.0,1,43,3796,3796,4228,4228,2,2,0,0,2,2,1875.000000,3750.000000,3895.000000,1,2073.784738,1496.616428,0.251047,0.263683,0.021074,0.022718,30,6,6,12,20,4,4,6,76076,10,10,50760,0.291943,0.021245,1.279354,0.269709
with_repeater,750.0,600.0,900.0,4000.0,120.0,500.0,1,43,3796,3796,4228,4228,2,2,0,0,2,2,1875.000000,3750.000000,3895.000000,1,160.592101,1240.178685,0.251052,0.263663,0.021075,0.022720,35,7,7,18,30,6,6,15,76121,13,13,50769,0.340298,0.021464,1.281101,0.370661
blackout_only,750.0,600.0,900.0,4000.0,120.0,500.0,1,44,3796,3796,4228,4228,2,2,0,0,2,2,1875.000000,3750.000000,3895.000000,1,2073.769806,1495.379381,0.251217,0.263886,0.021083,0.022638,30,6,6,12,20,4,4,6,76070,10,10,50760,0.291796,0.020235,1.282246,0.269743
with_repeater,750.0,600.0,900.0,4000.0,120.0,500.0,1,44,3796,3796,4228,4228,2,2,0,0,2,2,1875.000000,3750.000000,3895.000000,1,147.108411,1237.691641,0.251190,0.263871,0.021068,0.022647,35,7,7,18,30,6,6,15,76115,13,13,50769,0.340257,0.020356,1.280862,0.369758
blackout_only,750.0,600.0,900.0,4000.0,120.0,500.0,1,45,3797,3797,4228,4228,2,2,0,0,2,2,1875.000000,3750.000000,3895.000000,1,2069.482453,1496.876156,0.250960,0.263521,0.021080,0.022627,30,6,6,12,20,4,4,6,76090,10,10,50760,0.291500,0.020474,1.279672,0.269579
with_repeater,750.0,600.0,900.0,4000.0,120.0,500.0,1,45,3796,3796,4228,4228,2,2,0,0,2,2,1875.000000,3750.000000,3895.000000,1,151.153153,1239.126208,0.251088,0.263684,0.021069,0.022622,35,7,7,18,30,6,6,15,76115,13,13,50769,0.339809,0.019483,1.281004,0.370645
blackout_only,750.0,600.0,900.0,4000.0,120.0,500.0,1,46,3797,3797,4228,4228,2,2,0,0,2,2,1875.000000,3750.000000,3895.000000,1,2084.963630,1498.850228,0.250757,0.263622,0.021059,0.022656,30,6,6,12,20,4,4,6,76090,10,10,50760,0.291782,0.022042,1.280822,0.270040
with_repeater,750.0,600.0,900.0,4000.0,120.0,500.0,1,46,3797,3797,4228,4228,2,2,0,0,2,2,1875.000000,3750.000000,3895.000000,1,155.407575,1238.910308,0.250736,0.263368,0.021058,0.022660,35,7,7,18,30,6,6,15,76135,13,13,50769,0.340021,0.021120,1.278638,0.370897
blackout_only,750.0,600.0,900.0,4000.0,120.0,500.0,1,47,3796,3796,4228,4228,2,2,0,0,2,2,1875.000000,3750.000000,3895.000000,1,2074.031310,1496.982388,0.251125,0.263859,0.021064,0.022691,30,6,6,12,20,4,4,6,76070,10,10,50760,0.292012,0.020310,1.278291,0.269944
with_repeater,750.0,600.0,900.0,4000.0,120.0,500.0,1,47,3796,3796,4228,4228,2,2,0,0,2,2,1875.000000,3750.000000,3895.000000,1,163.039792,1240.572662,0.251156,0.263820,0.021053,0.022682,35,7,7,18,30,6,6,15,76115,13,13,50769,0.340114,0.019927,1.277850,0.370806
blackout_only,750.0,600.0,900.0,4000.0,120.0,500.0,1,48,3796,3796,4228,4228,2,2,0,0,2,2,1875.000000,3750.000000,3895.000000,1,2083.061269,1497.186454,0.251082,0.264053,0.021072,0.022659,30,6,6,12,20,4,4,6,76070,10,10,50760,0.291665,0.018823,1.282321,0.270102
with_repeater,750.0,600.0,900.0,4000.0,120.0,500.0,1,48,3796,3796,4228,4228,2,2,0,0,2,2,1875.000000,3750.000000,3895.000000,1,157.968416,1241.223618,0.251136,0.263582,0.021061,0.022655,35,7,7,18,30,6,6,15,76115,13,13,50769,0.339997,0.019961,1.282076,0.370180
blackout_only,750.0,600.0,900.0,4000.0,120.0,500.0,1,49,3797,3797,4228,4228,2,2,0,0,2,2,1875.000000,3750.000000,3895.000000,1,2070.357796,1495.246603,0.250935,0.263457,0.021068,0.022728,30,6,6,12,20,4,4,6,76090,10,10,50760,0.291692,0.020694,1.281036,0.269582
with_repeater,750.0,600.0,900.0,4000.0,120.0,500.0,1,49,3797,3797,4228,4228,2,2,0,0,2,2,1875.000000,3750.000000,3895.000000,1,154.915007,1239.544457,0.250981,0.263572,0.021061,0.022636,35,7,7,18,30,6,6,15,76135,13,13,50769,0.339678,0.018467,1.280780,0.371084
blackout_only,750.0,600.0,900.0,4000.0,120.0,500.0,1,50,3797,3797,4228,4228,2,2,0,0,2,2,1875.000000,3750.000000,3895.000000,1,2082.028542,1497.787140,0.250981,0.263362,0.021050,0.022606,30,6,6,12,20,4,4,6,76090,10,10,50760,0.292007,0.020393,1.278659,0.269619
with_repeater,750.0,600.0,900.0,4000.0,120.0,500.0,1,50,3796,3796,4228,4228,2,2,0,0,2,2,1875.000000,3750.000000,3895.000000,1,156.995573,1239.571494,0.251202,0.263499,0.021067,0.022607,35,7,7,18,30,6,6,15,76115,13,13,50769,0.340395,0.021292,1.276411,0.371404
blackout_only,750.0,600.0,900.0,4000.0,120.0,500.0,1,51,3796,3796,4228,4228,2,2,0,0,2,2,1875.000000,3750.000000,3895.000000,1,2085.110467,1498.597906,0.250983,0.263865,0.021060,0.022623,30,6,6,12,20,4,4,6,76090,10,10,50760,0.292159,0.020710,1.283431,0.269552
with_repeater,750.0,600.0,900.0,4000.0,120.0,500.0,1,51,3797,3797,4228,4228,2,2,0,0,2,2,1875.000000,3750.000000,3895.000000,1,171.721541,1242.534212,0.250969,0.263894,0.021060,0.022684,35,7,7,18,30,6,6,15,76135,13,13,50769,0.340435,0.020367,1.281287,0.370928
blackout_only,750.0,600.0,900.0,4000.0,120.0,500.0,1,52,3796,3796,4228,4228,2,2,0,0,2,2,1875.000000,3750.000000,3895.000000,1,2064.248740,1493.440589,0.250992,0.263830,0.021071,0.022666,30,6,6,12,20,4,4,6,76089,10,10,50760,0.291695,0.019158,1.278117,0.269602
with_repeater,750.0,600.0,900.0,4000.0,120.0,500.0,1,52,3796,3796,4228,4228,2,2,0,0,2,2,1875.000000,3750.000000,3895.000000,1,157.716157,1239.418668,0.251046,0.263870,0.021060,0.022626,35,7,7,18,30,6,6,15,76121,13,13,50769,0.340130,0.018853,1.279958,0.370384
blackout_only,750.0,600.0,900.0,4000.0,120.0,500.0,1,53,3796,3796,4228,4228,2,2,0,0,2,2,1875.000000,3750.000000,3895.000000,1,2068.226130,1494.797287,0.251117,0.263761,0.021079,0.022638,30,6,6,12,20,4,4,6,76070,10,10,50760,0.291831,0.019077,1.275254,0.269808
with_repeater,750.0,600.0,900.0,4000.0,120.0,500.0,1,53,3797,3797,4228,4228,2,2,0,0,2,2,1875.000000,3750.000000,3895.000000,1,168.629594,1242.030524,0.250923,0.263768,0.021078,0.022708,35,7,7,18,30,6,6,15,76135,13,13,50769,0.339942,0.019469,1.279786,0.371256
blackout_only,750.0,600.0,900.0,4000.0,120.0,500.0,1,54,3797,3797,4229,4229,2,2,0,0,2,2,1875.000000,3750.000000,3895.000000,1,2075.438670,1497.115262,0.250936,0.263474,0.021045,0.022640,30,6,6,12,20,4,4,6,76090,10,10,50772,0.291934,0.021711,1.281640,0.269413
with_repeater,750.0,600.0,900.0,4000.0,120.0,500.0,1,54,3797,3797,4228,4228,2,2,0,0,2,2,1875.000000,3750.000000,3895.000000,1,158.456840,1240.737340,0.250810,0.263060,0.021046,0.022644,35,7,7,18,30,6,6,15,76135,13,13,50781,0.340545,0.020980,1.279638,0.370985
blackout_only,750.0,600.0,900.0,4000.0,120.0,500.0,1,55,3797,3797,4228,4228,2,2,0,0,2,2,1875.000000,3750.000000,3895.000000,1,2071.775088,1496.234251,0.250857,0.263275,0.021057,0.022649,30,6,6,12,20,4,4,6,76090,10,10,50760,0.291742,0.021283,1.280632,0.269658
with_repeater,750.0,600.0,900.0,4000.0,120.0,500.0,1,55,3797,3797,4228,4228,2,2,0,0,2,2,1875.000000,3750.000000,3895.000000,1,153.361737,1240.929594,0.250815,0.263615,0.021064,0.022637,35,7,7,18,30,6,6,15,76135,13,13,50769,0.340148,0.019913,1.278213,0.370242
blackout_only,750.0,600.0,900.0,4000.0,120.0,500.0,1,56,3796,3796,4228,4228,2,2,0,0,2,2,1875.000000,3750.000000,3895.000000,1,2073.732242,1495.864488,0.251055,0.263570,0.021071,0.022720,30,6,6,12,20,4,4,6,76070,10,10,50760,0.291813,0.020798,1.283790,0.269740
with_repeater,750.0,600.0,900.0,4000.0,120.0,500.0,1,56,3797,3797,4228,4228,2,2,0,0,2,2,1875.000000,3750.000000,3895.000000,1,156.784815,1239.624267,0.250950,0.263828,0.021089,0.022709,35,7,7,18,30,6,6,15,76135,13,13,50769,0.340398,0.020155,1.279302,0.370467
blackout_only,750.0,600.0,900.0,4000.0,120.0,500.0,1,57,3797,3797,4228,4228,2,2,0,0,2,2,1875.000000,3750.000000,3895.000000,1,2071.230358,1495.878628,0.250935,0.263365,0.021067,0.022654,30,6,6,12,20,4,4,6,76090,10,10,50760,0.292255,0.020939,1.279575,0.269415
with_repeater,750.0,600.0,900.0,4000.0,120.0,500.0,1,57,3797,3797,4228,4228,2,2,0,0,2,2,1875.000000,3750.000000,3895.000000,1,161.803919,1241.105196,0.250776,0.263445,0.021064,0.022668,35,7,7,18,30,6,6,15,76135,13,13,50769,0.340442,0.020811,1.278809,0.370453
blackout_only,750.0,600.0,900.0,4000.0,120.0,500.0,1,58,3796,3796,4228,4228,2,2,0,0,2,2,1875.000000,3750.000000,3895.000000,1,2074.304203,1497.121614,0.251128,0.263394,0.021078,0.022723,30,6,6,12,20,4,4,6,76070,10,10,50760,0.291886,0.019387,1.282427,0.269304
with_repeater,750.0,600.0,900.0,4000.0,120.0,500.0,1,58,3796,3796,4228,4228,2,2,0,0,2,2,1875.000000,3750.000000,3895.000000,1,146.740954,1239.198512,0.250996,0.263524,0.021084,0.022673,35,7,7,18,30,6,6,15,76132,13,13,50769,0.340291,0.019661,1.280307,0.369935
blackout_only,750.0,600.0,900.0,4000.0,120.0,500.0,1,59,3797,3797,4228,4228,2,2,0,0,2,2,1875.000000,3750.000000,3895.000000,1,2086.770195,1500.076253,0.250806,0.263674,0.021074,0.022679,30,6,6,12,20,4,4,6,76090,10,10,50760,0.292281,0.019478,1.281504,0.269642
with_repeater,750.0,600.0,900.0,4000.0,120.0,500.0,1,59,3796,3796,4228,4228,2,2,0,0,2,2,1875.000000,3750.000000,3895.000000,1,165.337519,1241.688580,0.251110,0.264061,0.021065,0.022664,35,7,7,18,30,6,6,15,76115,13,13,50769,0.340879,0.019825,1.281339,0.370547
blackout_only,750.0,600.0,900.0,4000.0,120.0,500.0,1,60,3796,3796,4228,4228,2,2,0,0,2,2,1875.000000,3750.000000,3895.000000,1,2071.119638,1495.554774,0.251038,0.263761,0.021070,0.022630,30,6,6,12,20,4,4,6,76078,10,10,50760,0.291937,0.018307,1.278736,0.269571
with_repeater,750.0,600.0,900.0,4000.0,120.0,500.0,1,60,3796,3796,4228,4228,2,2,0,0,2,2,1875.000000,3750.000000,3895.000000,1,156.625654,1241.246440,0.251239,0.263605,0.021053,0.022606,35,7,7,18,30,6,6,15,76115,13,13,50769,0.340248,0.018769,1.277985,0.370630
blackout_only,750.0,600.0,900.0,4000.0,120.0,500.0,1,61,3796,3796,4228,4228,2,2,0,0,2,2,1875.000000,3750.000000,3895.000000,1,2074.511287,1496.133239,0.251045,0.264314,0.021078,0.022665,30,6,6,12,20,4,4,6,76076,10,10,50760,0.292087,0.018048,1.279749,0.269573
with_repeater,750.0,600.0,900.0,4000.0,120.0,500.0,1,61,3796,3796,4228,4228,2,2,0,0,2,2,1875.000000,3750.000000,3895.000000,1,156.872601,1239.254754,0.251138,0.264399,0.021077,0.022664,35,7,7,18,30,6,6,15,76115,13,13,50769,0.340509,0.020130,1.281891,0.370626
blackout_only,750.0,600.0,900.0,4000.0,120.0,500.0,1,62,3796,3796,4228,4228,2,2,0,0,2,2,1875.000000,3750.000000,3895.000000,1,2076.397423,1496.758478,0.250988,0.263447,0.021068,0.022672,30,6,6,12,20,4,4,6,76090,10,10,50760,0.291900,0.019396,1.278190,0.269432
with_repeater,750.0,600.0,900.0,4000.0,120.0,500.0,1,62,3796,3796,4228,4228,2,2,0,0,2,2,1875.000000,3750.000000,3895.000000,1,147.271361,1238.110643,0.251009,0.263673,0.021068,0.022634,35,7,7,18,30,6,6,15,76131,13,13,50769,0.339971,0.019632,1.281088,0.370565
blackout_only,750.0,600.0,900.0,4000.0,120.0,500.0,1,63,3796,3796,4229,4229,2,2,0,0,2,2,1875.000000,3750.000000,3895.000000,1,2080.943512,1499.204151,0.251156,0.263869,0.021043,0.022624,30,6,6,12,20,4,4,6,76070,10,10,50772,0.292224,0.019167,1.278688,0.269813
with_repeater,750.0,600.0,900.0,4000.0,120.0,500.0,1,63,3797,3797,4228,4228,2,2,0,0,2,2,1875.000000,3750.000000,3895.000000,1,185.511145,1244.396953,0.250853,0.263748,0.021057,0.022646,35,7,7,18,30,6,6,15,76135,13,13,50769,0.340631,0.019821,1.279717,0.371282
blackout_only,750.0,600.0,900.0,4000.0,120.0,500.0,1,64,3797,3797,4228,4228,2,2,0,0,2,2,1875.000000,3750.000000,3895.000000,1,2074.141543,1495.516178,0.250967,0.263525,0.021098,0.022670,30,6,6,12,20,4,4,6,76090,10,10,50760,0.291674,0.019513,1.281634,0.269697
with_repeater,750.0,600.0,900.0,4000.0,120.0,500.0,1,64,3796,3796,4228,4228,2,2,0,0,2,2,1875.000000,3750.000000,3895.000000,1,160.006846,1241.495003,0.251098,0.263707,0.021103,0.022674,35,7,7,18,30,6,6,15,76115,13,13,50769,0.340599,0.019665,1.280296,0.370584
blackout_only,750.0,600.0,900.0,4000.0,120.0,500.0,1,65,3796,3796,4228,4228,2,2,0,0,2,2,1875.000000,3750.000000,3895.000000,1,2077.429132,1496.205507,0.251138,0.263892,0.021066,0.022649,30,6,6,12,20,4,4,6,76070,10,10,50760,0.291842,0.020427,1.281284,0.269779
with_repeater,750.0,600.0,900.0,4000.0,120.0,500.0,1,65,3796,3796,4228,4228,2,2,0,0,2,2,1875.000000,3750.000000,3895.000000,1,160.910684,1239.903863,0.251167,0.263877,0.021079,0.022652,35,7,7,18,30,6,6,15,76115,13,13,50769,0.340427,0.020610,1.280417,0.370700
blackout_only,750.0,600.0,900.0,4000.0,120.0,500.0,1,66,3796,3796,4228,4228,2,2,0,0,2,2,1875.000000,3750.000000,3895.000000,1,2073.163370,1497.204110,0.251037,0.264056,0.021090,0.022675,30,6,6,12,20,4,4,6,76078,10,10,50760,0.291768,0.018950,1.283485,0.269793
with_repeater,750.0,600.0,900.0,4000.0,120.0,500.0,1,66,3797,3797,4228,4228,2,2,0,0,2,2,1875.000000,3750.000000,3895.000000,1,152.169113,1240.489201,0.250883,0.264116,0.021101,0.022723,35,7,7,18,30,6,6,15,76135,13,13,50769,0.340077,0.020439,1.283101,0.370410
blackout_only,750.0,600.0,900.0,4000.0,120.0,500.0,1,67,3797,3797,4228,4228,2,2,0,0,2,2,1875.000000,3750.000000,3895.000000,1,2069.898509,1494.710626,0.250916,0.263637,0.021057,0.022673,30,6,6,12,20,4,4,6,76090,10,10,50760,0.291825,0.019553,1.280410,0.269773
with_repeater,750.0,600.0,900.0,4000.0,120.0,500.0,1,67,3796,3796,4228,4228,2,2,0,0,2,2,1875.000000,3750.000000,3895.000000,1,155.981625,1240.007274,0.251087,0.263850,0.021080,0.022735,35,7,7,18,30,6,6,15,76115,13,13,50769,0.339975,0.020753,1.280948,0.371514
blackout_only,750.0,600.0,900.0,4000.0,120.0,500.0,1,68,3796,3796,4228,4228,2,2,0,0,2,2,1875.000000,3750.000000,3895.000000,1,2073.836702,1495.975938,0.251145,0.263518,0.021086,0.022677,30,6,6,12,20,4,4,6,76070,10,10,50760,0.291867,0.020169,1.280930,0.269518
with_repeater,750.0,600.0,900.0,4000.0,120.0,500.0,1,68,3796,3796,4228,4228,2,2,0,0,2,2,1875.000000,3750.000000,3895.000000,1,156.366435,1240.089647,0.251025,0.263771,0.021069,0.022622,35,7,7,18,30,6,6,15,76125,13,13,50769,0.339775,0.021519,1.280793,0.371616
blackout_only,750.0,600.0,900.0,4000.0,120.0,500.0,1,69,3797,3797,4228,4228,2,2,0,0,2,2,1875.000000,3750.000000,3895.000000,1,2079.984569,1498.467217,0.250983,0.263709,0.021060,0.022683,30,6,6,12,20,4,4,6,76090,10,10,50760,0.291601,0.021288,1.279966,0.269614
with_repeater,750.0,600.0,900.0,4000.0,120.0,500.0,1,69,3797,3797,4228,4228,2,2,0,0,2,2,1875.000000,3750.000000,3895.000000,1,168.771590,1243.384067,0.250809,0.263693,0.021053,0.022656,35,7,7,18,30,6,6,15,76135,13,13,50769,0.340162,0.020094,1.283068,0.371296
blackout_only,750.0,600.0,900.0,4000.0,120.0,500.0,1,70,3796,3796,4229,4229,2,2,0,0,2,2,1875.000000,3750.000000,3895.000000,1,2071.436223,1497.257653,0.251135,0.263901,0.021044,0.022614,30,6,6,12,20,4,4,6,76070,10,10,50772,0.292287,0.020499,1.278057,0.269537
with_repeater,750.0,600.0,900.0,4000.0,120.0,500.0,1,70,3796,3796,4228,4228,2,2,0,0,2,2,1875.000000,3750.000000,3895.000000,1,159.184110,1240.448045,0.251029,0.263801,0.021072,0.022706,35,7,7,18,30,6,6,15,76125,13,13,50769,0.339895,0.019289,1.278512,0.369892
blackout_only,750.0,600.0,900.0,4000.0,120.0,500.0,1,71,3797,3797,4228,4228,2,2,0,0,2,2,1875.000000,3750.000000,3895.000000,1,2071.413243,1496.479395,0.250921,0.264066,0.021080,0.022624,30,6,6,12,20,4,4,6,76090,10,10,50760,0.291999,0.019608,1.281754,0.269954
with_repeater,750.0,600.0,900.0,4000.0,120.0,500.0,1,71,3796,3796,4228,4228,2,2,0,0,2,2,1875.000000,3750.000000,3895.000000,1,153.094130,1239.824177,0.251022,0.263622,0.021086,0.022656,35,7,7,18,30,6,6,15,76125,13,13,50769,0.340142,0.019582,1.283955,0.371188
blackout_only,750.0,600.0,900.0,4000.0,120.0,500.0,1,72,3796,3796,4228,4228,2,2,0,0,2,2,1875.000000,3750.000000,3895.000000,1,2082.074356,1497.855547,0.251097,0.263418,0.021066,0.022628,30,6,6,12,20,4,4,6,76070,10,10,50760,0.292316,0.018048,1.282557,0.269701
with_repeater,750.0,600.0,900.0,4000.0,120.0,500.0,1,72,3796,3796,4228,4228,2,2,0,0,2,2,1875.000000,3750.000000,3895.000000,1,167.173337,1242.840704,0.251193,0.263819,0.021072,0.022652,35,7,7,18,30,6,6,15,76115,13,13,50769,0.340533,0.018335,1.282147,0.372299
blackout_only,750.0,600.0,900.0,4000.0,120.0,500.0,1,73,3797,3797,4228,4228,2,2,0,0,2,2,1875.000000,3750.000000,3895.000000,1,2087.710947,1499.953446,0.250966,0.263646,0.021065,0.022630,30,6,6,12,20,4,4,6,76090,10,10,50760,0.291800,0.022228,1.281214,0.269533
with_repeater,750.0,600.0,900.0,4000.0,120.0,500.0,1,73,3797,3797,4228,4228,2,2,0,0,2,2,1875.000000,3750.000000,3895.000000,1,150.596581,1238.392120,0.250923,0.263316,0.021067,0.022644,35,7,7,18,30,6,6,15,76135,13,13,50769,0.340349,0.021341,1.281453,0.370655
blackout_only,750.0,600.0,900.0,4000.0,120.0,500.0,1,74,3796,3796,4228,4228,2,2,0,0,2,2,1875.000000,3750.000000,3895.000000,1,2079.458631,1498.628538,0.251048,0.263565,0.021063,0.022641,30,6,6,12,20,4,4,6,76076,10,10,50760,0.292139,0.021222,1.281812,0.269519
with_repeater,750.0,600.0,900.0,4000.0,120.0,500.0,1,74,3796,3796,4228,4228,2,2,0,0,2,2,1875.000000,3750.000000,3895.000000,1,150.139448,1238.145753,0.251239,0.263996,0.021082,0.022676,35,7,7,18,30,6,6,15,76115,13,13,50769,0.340084,0.020350,1.279871,0.369952
blackout_only,750.0,600.0,900.0,4000.0,120.0,500.0,1,75,3796,3796,4228,4228,2,2,0,0,2,2,1875.000000,3750.000000,3895.000000,1,2076.543505,1496.212510,0.251106,0.263610,0.021071,0.022646,30,6,6,12,20,4,4,6,76070,10,10,50760,0.292102,0.019628,1.280026,0.269562
with_repeater,750.0,600.0,900.0,4000.0,120.0,500.0,1,75,3796,3796,4228,4228,2,2,0,0,2,2,1875.000000,3750.000000,3895.000000,1,162.588806,1240.877026,0.251066,0.263580,0.021062,0.022615,35,7,7,18,30,6,6,15,76115,13,13,50769,0.339889,0.020026,1.280680,0.370697
blackout_only,750.0,600.0,900.0,4000.0,120.0,500.0,1,76,3796,3796,4228,4228,2,2,0,0,2,2,1875.000000,3750.000000,3895.000000,1,2073.161854,1496.631685,0.251002,0.264114,0.021089,0.022678,30,6,6,12,20,4,4,6,76087,10,10,50760,0.292100,0.022280,1.279224,0.269558
with_repeater,750.0,600.0,900.0,4000.0,120.0,500.0,1,76,3796,3796,4228,4228,2,2,0,0,2,2,1875.000000,3750.000000,3895.000000,1,164.784522,1241.265883,0.251164,0.264428,0.021083,0.022655,35,7,7,18,30,6,6,15,76115,13,13,50769,0.340060,0.020785,1.277411,0.370748
blackout_only,750.0,600.0,900.0,4000.0,120.0,500.0,1,77,3797,3797,4228,4228,2,2,0,0,2,2,1875.000000,3750.000000,3895.000000,1,2076.064269,1496.604074,0.250860,0.263710,0.021081,0.022638,30,6,6,12,20,4,4,6,76090,10,10,50760,0.292207,0.020854,1.280253,0.269570
with_repeater,750.0,600.0,900.0,4000.0,120.0,500.0,1,77,3797,3797,4228,4228,2,2,0,0,2,2,1875.000000,3750.000000,3895.000000,1,154.226983,1239.762814,0.250895,0.263575,0.021091,0.022677,35,7,7,18,30,6,6,15,76135,13,13,50769,0.340693,0.019957,1.281453,0.370019
blackout_only,750.0,600.0,900.0,4000.0,120.0,500.0,1,78,3796,3796,4228,4228,2,2,0,0,2,2,1875.000000,3750.000000,3895.000000,1,2079.971636,1498.091790,0.251010,0.263816,0.021074,0.022689,30,6,6,12,20,4,4,6,76086,10,10,50760,0.291902,0.019764,1.279145,0.269746
with_repeater,750.0,600.0,900.0,4000.0,120.0,500.0,1,78,3796,3796,4228,4228,2,2,0,0,2,2,1875.000000,3750.000000,3895.000000,1,164.553487,1241.222306,0.251098,0.263686,0.021058,0.022698,35,7,7,18,30,6,6,15,76115,13,13,50769,0.340220,0.019666,1.281096,0.370909
blackout_only,750.0,600.0,900.0,4000.0,120.0,500.0,1,79,3797,3797,4228,4228,2,2,0,0,2,2,1875.000000,3750.000000,3895.000000,1,2082.549701,1498.844128,0.250881,0.263597,0.021078,0.022671,30,6,6,12,20,4,4,6,76090,10,10,50760,0.292056,0.018344,1.277980,0.270061
with_repeater,750.0,600.0,900.0,4000.0,120.0,500.0,1,79,3797,3797,4228,4228,2,2,0,0,2,2,1875.000000,3750.000000,3895.000000,1,148.464215,1238.372840,0.250942,0.263556,0.021091,0.022668,35,7,7,18,30,6,6,15,76135,13,13,50769,0.340671,0.019589,1.280227,0.369615
blackout_only,750.0,600.0,900.0,4000.0,120.0,500.0,1,80,3797,3797,4228,4228,2,2,0,0,2,2,1875.000000,3750.000000,3895.000000,1,2074.624294,1495.989153,0.250878,0.263404,0.021081,0.022684,30,6,6,12,20,4,4,6,76090,10,10,50760,0.292143,0.020155,1.279451,0.269498
with_repeater,750.0,600.0,900.0,4000.0,120.0,500.0,1,80,3797,3797,4228,4228,2,2,0,0,2,2,1875.000000,3750.000000,3895.000000,1,167.474512,1242.545786,0.250899,0.263487,0.021060,0.022678,35,7,7,18,30,6,6,15,76135,13,13,50769,0.340010,0.020294,1.280392,0.371365
blackout_only,750.0,600.0,900.0,4000.0,120.0,500.0,1,81,3796,3796,4228,4228,2,2,0,0,2,2,1875.000000,3750.000000,3895.000000,1,2074.174489,1498.101816,0.251076,0.263590,0.021078,0.022670,30,6,6,12,20,4,4,6,76070,10,10,50760,0.292073,0.019863,1.281074,0.269779
with_repeater,750.0,600.0,900.0,4000.0,120.0,500.0,1,81,3796,3796,4228,4228,2,2,0,0,2,2,1875.000000,3750.000000,3895.000000,1,153.556997,1239.133696,0.251098,0.263974,0.021079,0.022671,35,7,7,18,30,6,6,15,76115,13,13,50769,0.340427,0.019442,1.281311,0.370116
blackout_only,750.0,600.0,900.0,4000.0,120.0,500.0,1,82,3796,3796,4228,4228,2,2,0,0,2,2,1875.000000,3750.000000,3895.000000,1,2084.384521,1498.087541,0.251161,0.263707,0.021067,0.022656,30,6,6,12,20,4,4,6,76070,10,10,50760,0.291898,0.019933,1.282084,0.269759
with_repeater,750.0,600.0,900.0,4000.0,120.0,500.0,1,82,3796,3796,4228,4228,2,2,0,0,2,2,1875.000000,3750.000000,3895.000000,1,164.286825,1240.234777,0.251001,0.263564,0.021055,0.022634,35,7,7,18,30,6,6,15,76131,13,13,50769,0.340324,0.019248,1.279423,0.369972
blackout_only,750.0,600.0,900.0,4000.0,120.0,500.0,1,83,3797,3797,4228,4228,2,2,0,0,2,2,1875.000000,3750.000000,3895.000000,1,2068.085143,1495.810247,0.250983,0.263698,0.021056,0.022646,30,6,6,12,20,4,4,6,76090,10,10,50760,0.292055,0.019266,1.278919,0.269711
with_repeater,750.0,600.0,900.0,4000.0,120.0,500.0,1,83,3796,3796,4228,4228,2,2,0,0,2,2,1875.000000,3750.000000,3895.000000,1,158.499615,1241.068154,0.251150,0.264141,0.021053,0.022642,35,7,7,18,30,6,6,15,76115,13,13,50769,0.340175,0.018490,1.278818,0.371761
blackout_only,750.0,600.0,900.0,4000.0,120.0,500.0,1,84,3796,3796,4228,4228,2,2,0,0,2,2,1875.000000,3750.000000,3895.000000,1,2081.409335,1497.377469,0.251313,0.263577,0.021079,0.022664,30,6,6,12,20,4,4,6,76070,10,10,50760,0.291992,0.020755,1.281129,0.269425
with_repeater,750.0,600.0,900.0,4000.0,120.0,500.0,1,84,3796,3796,4228,4228,2,2,0,0,2,2,1875.000000,3750.000000,3895.000000,1,169.229619,1242.591836,0.251191,0.263640,0.021068,0.022670,35,7,7,18,30,6,6,15,76115,13,13,50769,0.340920,0.020402,1.278477,0.370633
blackout_only,750.0,600.0,900.0,4000.0,120.0,500.0,1,85,3797,3797,4228,4228,2,2,0,0,2,2,1875.000000,3750.000000,3895.000000,1,2072.506728,1496.458652,0.250941,0.263904,0.021080,0.022614,30,6,6,12,20,4,4,6,76090,10,10,50760,0.291765,0.019597,1.281678,0.269673
with_repeater,750.0,600.0,900.0,4000.0,120.0,500.0,1,85,3796,3796,4228,4228,2,2,0,0,2,2,1875.000000,3750.000000,3895.000000,1,146.048286,1238.809143,0.251134,0.263784,0.021079,0.022621,35,7,7,18,30,6,6,15,76115,13,13,50769,0.340426,0.018564,1.280937,0.369164
blackout_only,750.0,600.0,900.0,4000.0,120.0,500.0,1,86,3796,3796,4228,4228,2,2,0,0,2,2,1875.000000,3750.000000,3895.000000,1,2081.495532,1498.003895,0.251421,0.264162,0.021086,0.022677,30,6,6,12,20,4,4,6,76070,10,10,50760,0.291897,0.020952,1.276543,0.269864
with_repeater,750.0,600.0,900.0,4000.0,120.0,500.0,1,86,3796,3796,4228,4228,2,2,0,0,2,2,1875.000000,3750.000000,3895.000000,1,151.030470,1239.268614,0.251282,0.264253,0.021075,0.022673,35,7,7,18,30,6,6,15,76115,13,13,50769,0.340341,0.020716,1.279854,0.370452
blackout_only,750.0,600.0,900.0,4000.0,120.0,500.0,1,87,3797,3797,4228,4228,2,2,0,0,2,2,1875.000000,3750.000000,3895.000000,1,2078.432937,1497.199766,0.250899,0.263560,0.021054,0.022636,30,6,6,12,20,4,4,6,76090,10,10,50760,0.292057,0.020532,1.278795,0.269470
with_repeater,750.0,600.0,900.0,4000.0,120.0,500.0,1,87,3797,3797,4228,4228,2,2,0,0,2,2,1875.000000,3750.000000,3895.000000,1,163.740016,1241.337630,0.250818,0.263620,0.021062,0.022653,35,7,7,18,30,6,6,15,76135,13,13,50769,0.340575,0.020471,1.280663,0.370265
blackout_only,750.0,600.0,900.0,4000.0,120.0,500.0,1,88,3797,3797,4228,4228,2,2,0,0,2,2,1875.000000,3750.000000,3895.000000,1,2074.295390,1497.223281,0.250971,0.263576,0.021070,0.022670,30,6,6,12,20,4,4,6,76090,10,10,50760,0.291713,0.018981,1.280068,0.269832
with_repeater,750.0,600.0,900.0,4000.0,120.0,500.0,1,88,3797,3797,4228,4228,2,2,0,0,2,2,1875.000000,3750.000000,3895.000000,1,151.996716,1239.202237,0.250931,0.263867,0.021072,0.022690,35,7,7,18,30,6,6,15,76135,13,13,50769,0.339851,0.018818,1.279717,0.370426
blackout_only,750.0,600.0,900.0,4000.0,120.0,500.0,1,89,3797,3797,4228,4228,2,2,0,0,2,2,1875.000000,3750.000000,3895.000000,1,2082.809035,1497.973236,0.250778,0.263227,0.021065,0.022634,30,6,6,12,20,4,4,6,76090,10,10,50760,0.291746,0.019122,1.279036,0.269504
with_repeater,750.0,600.0,900.0,4000.0,120.0,500.0,1,89,3797,3797,4228,4228,2,2,0,0,2,2,1875.000000,3750.000000,3895.000000,1,171.473184,1242.624740,0.250909,0.263260,0.021076,0.022650,35,7,7,18,30,6,6,15,76135,13,13,50769,0.340308,0.020833,1.278695,0.370581
blackout_only,750.0,600.0,1800.0,4000.0,120.0,500.0,1,40,4196,4196,4674,4674,2,2,0,0,1,1,1875.000000,3750.000000,3895.000000,1,3165.014086,1494.998029,0.250897,0.263520,0.021067,0.022690,30,6,6,9,15,3,3,3,84074,9,9,56106,0.215726,0.019848,1.276997,0.164116
with_repeater,750.0,600.0,1800.0,4000.0,120.0,500.0,1,40,4196,4196,4674,4674,2,2,2,2,1,1,1875.000000,3750.000000,3895.000000,1,937.036381,1055.676018,0.250995,0.263543,0.021053,0.022687,40,8,8,21,35,7,7,18,84145,15,15,56133,0.347589,0.021257,1.278786,0.361915
blackout_only,750.0,600.0,1800.0,4000.0,120.0,500.0,1,41,4196,4196,4674,4674,2,2,0,0,1,1,1875.000000,3750.000000,3895.000000,1,3171.127185,1497.035728,0.251041,0.263831,0.021030,0.022622,30,6,6,9,15,3,3,3,84055,9,9,56106,0.215786,0.021904,1.281060,0.163943
with_repeater,750.0,600.0,1800.0,4000.0,120.0,500.0,1,41,4196,4196,4674,4674,2,2,2,2,1,1,1875.000000,3750.000000,3895.000000,1,934.588482,1053.877192,0.251218,0.264196,0.021054,0.022633,40,8,8,21,35,7,7,18,84145,15,15,56133,0.346209,0.020498,1.279560,0.360857
blackout_only,750.0,600.0,1800.0,4000.0,120.0,500.0,1,42,4196,4196,4674,4674,2,2,0,0,1,1,1875.000000,3750.000000,3895.000000,1,3170.422928,1496.800976,0.251046,0.263886,0.021073,0.022621,30,6,6,9,15,3,3,3,84055,9,9,56106,0.215786,0.018825,1.279611,0.163928
with_repeater,750.0,600.0,1800.0,4000.0,120.0,500.0,1,42,4196,4196,4674,4674,2,2,2,2,1,1,1875.000000,3750.000000,3895.000000,1,982.699879,1061.939546,0.250992,0.264021,0.021076,0.022649,40,8,8,21,35,7,7,18,84145,15,15,56133,0.347747,0.020165,1.278426,0.361407
blackout_only,750.0,600.0,1800.0,4000.0,120.0,500.0,1,43,4196,4196,4674,4674,2,2,0,0,1,1,1875.000000,3750.000000,3895.000000,1,3165.749707,1495.243236,0.251127,0.264177,0.021064,0.022709,30,6,6,9,15,3,3,3,84055,9,9,56106,0.216081,0.022235,1.280816,0.164000
with_repeater,750.0,600.0,1800.0,4000.0,120.0,500.0,1,43,4196,4196,4674,4674,2,2,2,2,1,1,1875.000000,3750.000000,3895.000000,1,948.462448,1055.880850,0.251036,0.263727,0.021082,0.022715,40,8,8,21,35,7,7,18,84145,15,15,56133,0.347223,0.021203,1.280598,0.361101
blackout_only,750.0,600.0,1800.0,4000.0,120.0,500.0,1,44,4196,4196,4674,4674,2,2,0,0,1,1,1875.000000,3750.000000,3895.000000,1,3174.904623,1498.294874,0.250979,0.263716,0.021090,0.022672,30,6,6,9,15,3,3,3,84055,9,9,56106,0.215676,0.019724,1.283230,0.164393
with_repeater,750.0,600.0,1800.0,4000.0,120.0,500.0,1,44,4196,4196,4674,4674,2,2,2,2,1,1,1875.000000,3750.000000,3895.000000,1,931.359207,1053.675193,0.251225,0.263993,0.021092,0.022699,40,8,8,21,35,7,7,18,84145,15,15,56133,0.347508,0.019266,1.280010,0.360560
blackout_only,750.0,600.0,1800.0,4000.0,120.0,500.0,1,45,4196,4196,4674,4674,2,2,0,0,1,1,1875.000000,3750.000000,3895.000000,1,3166.794571,1495.591524,0.250940,0.263917,0.021066,0.022622,30,6,6,9,15,3,3,3,84063,9,9,56106,0.215628,0.019041,1.280711,0.164270
with_repeater,750.0,600.0,1800.0,4000.0,120.0,500.0,1,45,4196,4196,4674,4674,2,2,2,2,1,1,1875.000000,3750.000000,3895.000000,1,955.584041,1057.139803,0.250982,0.263512,0.021067,0.022669,40,8,8,21,35,7,7,18,84145,15,15,56133,0.346656,0.020450,1.279460,0.361266
blackout_only,750.0,600.0,1800.0,4000.0,120.0,500.0,1,46,4197,4197,4674,4674,2,2,0,0,1,1,1875.000000,3750.000000,3895.000000,1,3174.685460,1498.221820,0.250864,0.263577,0.021058,0.022597,30,6,6,9,15,3,3,3,84075,9,9,56106,0.215736,0.020855,1.282797,0.164249
with_repeater,750.0,600.0,1800.0,4000.0,120.0,500.0,1,46,4197,4197,4674,4674,2,2,2,2,1,1,1875.000000,3750.000000,3895.000000,1,940.817515,1055.628200,0.250664,0.263214,0.021067,0.022645,40,8,8,21,35,7,7,18,84165,15,15,56133,0.347148,0.020599,1.280487,0.360973
blackout_only,750.0,600.0,1800.0,4000.0,120.0,500.0,1,47,4196,4196,4674,4674,2,2,0,0,1,1,1875.000000,3750.000000,3895.000000,1,3173.524264,1497.834755,0.251216,0.263954,0.021078,0.022654,30,6,6,9,15,3,3,3,84055,9,9,56106,0.216045,0.019999,1.276891,0.164348
with_repeater,750.0,600.0,1800.0,4000.0,120.0,500.0,1,47,4196,4196,4674,4674,2,2,2,2,1,1,1875.000000,3750.000000,3895.000000,1,945.371141,1055.874389,0.251185,0.263898,0.021063,0.022671,40,8,8,21,35,7,7,18,84145,15,15,56133,0.346797,0.020070,1.280164,0.360949
blackout_only,750.0,600.0,1800.0,4000.0,120.0,500.0,1,48,4196,4196,4674,4674,2,2,0,0,1,1,1875.000000,3750.000000,3895.000000,1,3173.302545,1497.760848,0.251129,0.263941,0.021066,0.022661,30,6,6,9,15,3,3,3,84055,9,9,56106,0.215600,0.020884,1.283620,0.164509
with_repeater,750.0,600.0,1800.0,4000.0,120.0,500.0,1,48,4196,4196,4674,4674,2,2,2,2,1,1,1875.000000,3750.000000,3895.000000,1,958.252449,1058.185306,0.251156,0.263834,0.021078,0.022629,40,8,8,21,35,7,7,18,84145,15,15,56133,0.346919,0.021022,1.280418,0.360587
blackout_only,750.0,600.0,1800.0,4000.0,120.0,500.0,1,49,4196,4196,4674,4674,2,2,0,0,1,1,1875.000000,3750.000000,3895.000000,1,3161.359562,1493.779854,0.250895,0.263325,0.021071,0.022728,30,6,6,9,15,3,3,3,84074,9,9,56106,0.215656,0.021731,1.281648,0.163944
with_repeater,750.0,600.0,1800.0,4000.0,120.0,500.0,1,49,4196,4196,4674,4674,2,2,2,2,1,1,1875.000000,3750.000000,3895.000000,1,951.149613,1056.328520,0.250915,0.263626,0.021068,0.022633,40,8,8,21,35,7,7,18,84161,15,15,56133,0.346885,0.018637,1.280576,0.360903
blackout_only,750.0,600.0,1800.0,4000.0,120.0,500.0,1,50,4196,4196,4674,4674,2,2,0,0,1,1,1875.000000,3750.000000,3895.000000,1,3174.836724,1498.272241,0.251073,0.263619,0.021061,0.022645,30,6,6,9,15,3,3,3,84055,9,9,56106,0.216209,0.021021,1.279137,0.164102
with_repeater,750.0,600.0,1800.0,4000.0,120.0,500.0,1,50,4196,4196,4674,4674,2,2,2,2,1,1,1875.000000,3750.000000,3895.000000,1,957.979712,1057.766037,0.251073,0.263154,0.021057,0.022623,40,8,8,21,35,7,7,18,84145,15,15,56133,0.347356,0.021287,1.278303,0.362074
blackout_only,750.0,600.0,1800.0,4000.0,120.0,500.0,1,51,4196,4196,4674,4674,2,2,0,0,1,1,1875.000000,3750.000000,3895.000000,1,3178.488294,1499.489431,0.250952,0.263825,0.021071,0.022649,30,6,6,9,15,3,3,3,84061,9,9,56106,0.216279,0.020772,1.282313,0.164066
with_repeater,750.0,600.0,1800.0,4000.0,120.0,500.0,1,51,4196,4196,4674,4674,2,2,2,2,1,1,1875.000000,3750.000000,3895.000000,1,971.643073,1060.106458,0.251096,0.263805,0.021071,0.022619,40,8,8,21,35,7,7,18,84145,15,15,56133,0.347512,0.020414,1.281010,0.361017
blackout_only,750.0,600.0,1800.0,4000.0,120.0,500.0,1,52,4196,4196,4674,4674,2,2,0,0,1,1,1875.000000,3750.000000,3895.000000,1,3160.317527,1493.432509,0.251010,0.263464,0.021077,0.022635,30,6,6,9,15,3,3,3,84055,9,9,56106,0.215836,0.018304,1.276840,0.163926
with_repeater,750.0,600.0,1800.0,4000.0,120.0,500.0,1,52,4196,4196,4674,4674,2,2,2,2,1,1,1875.000000,3750.000000,3895.000000,1,942.758466,1056.057459,0.250986,0.263642,0.021066,0.022635,40,8,8,21,35,7,7,18,84145,15,15,56133,0.346857,0.018653,1.278453,0.361674
blackout_only,750.0,600.0,1800.0,4000.0,120.0,500.0,1,53,4196,4196,4674,4674,2,2,0,0,1,1,1875.000000,3750.000000,3895.000000,1,3161.094437,1493.691479,0.250907,0.263338,0.021068,0.022674,30,6,6,9,15,3,3,3,84071,9,9,56106,0.215744,0.019777,1.276748,0.164054
with_repeater,750.0,600.0,1800.0,4000.0,120.0,500.0,1,53,4196,4196,4674,4674,2,2,2,2,1,1,1875.000000,3750.000000,3895.000000,1,974.679298,1059.543473,0.250930,0.263608,0.021078,0.022710,40,8,8,21,35,7,7,18,84155,15,15,56133,0.347184,0.020123,1.279178,0.362541
blackout_only,750.0,600.0,1800.0,4000.0,120.0,500.0,1,54,4197,4197,4674,4674,2,2,0,0,1,1,1875.000000,3750.000000,3895.000000,1,3169.728312,1496.569437,0.250843,0.263329,0.021051,0.022611,30,6,6,9,15,3,3,3,84075,9,9,56106,0.215877,0.021491,1.279041,0.163994
with_repeater,750.0,600.0,1800.0,4000.0,120.0,500.0,1,54,4197,4197,4674,4674,2,2,2,2,1,1,1875.000000,3750.000000,3895.000000,1,953.639661,1057.448008,0.250805,0.263178,0.021040,0.022642,40,8,8,21,35,7,7,18,84165,15,15,56133,0.347610,0.021066,1.279123,0.361557
blackout_only,750.0,600.0,1800.0,4000.0,120.0,500.0,1,55,4197,4197,4674,4674,2,2,0,0,1,1,1875.000000,3750.000000,3895.000000,1,3166.362160,1495.447387,0.250858,0.263477,0.021059,0.022657,30,6,6,9,15,3,3,3,84075,9,9,56106,0.215798,0.020446,1.279419,0.164019
with_repeater,750.0,600.0,1800.0,4000.0,120.0,500.0,1,55,4197,4197,4674,4674,2,2,2,2,1,1,1875.000000,3750.000000,3895.000000,1,938.799713,1054.328139,0.250812,0.263615,0.021052,0.022651,40,8,8,21,35,7,7,18,84165,15,15,56133,0.347077,0.019315,1.278186,0.360132
blackout_only,750.0,600.0,1800.0,4000.0,120.0,500.0,1,56,4196,4196,4674,4674,2,2,0,0,1,1,1875.000000,3750.000000,3895.000000,1,3167.029665,1495.669888,0.251097,0.263950,0.021063,0.022654,30,6,6,9,15,3,3,3,84055,9,9,56106,0.215746,0.020917,1.280138,0.164003
with_repeater,750.0,600.0,1800.0,4000.0,120.0,500.0,1,56,4197,4197,4674,4674,2,2,2,2,1,1,1875.000000,3750.000000,3895.000000,1,940.692887,1055.143480,0.250884,0.263580,0.021097,0.022720,40,8,8,21,35,7,7,18,84165,15,15,56133,0.347454,0.020644,1.281875,0.360663
blackout_only,750.0,600.0,1800.0,4000.0,120.0,500.0,1,57,4197,4197,4674,4674,2,2,0,0,1,1,1875.000000,3750.000000,3895.000000,1,3167.491979,1495.823993,0.250843,0.263483,0.021055,0.022666,30,6,6,9,15,3,3,3,84075,9,9,56106,0.216045,0.021036,1.279253,0.163923
with_repeater,750.0,600.0,1800.0,4000.0,120.0,500.0,1,57,4197,4197,4674,4674,2,2,2,2,1,1,1875.000000,3750.000000,3895.000000,1,964.548317,1058.848304,0.250825,0.263401,0.021075,0.022675,40,8,8,21,35,7,7,18,84165,15,15,56133,0.347551,0.020810,1.280013,0.361249
blackout_only,750.0,600.0,1800.0,4000.0,120.0,500.0,1,58,4196,4196,4674,4674,2,2,0,0,1,1,1875.000000,3750.000000,3895.000000,1,3167.608663,1495.862888,0.250894,0.263502,0.021080,0.022708,30,6,6,9,15,3,3,3,84075,9,9,56106,0.215941,0.019211,1.279329,0.163752
with_repeater,750.0,600.0,1800.0,4000.0,120.0,500.0,1,58,4196,4196,4674,4674,2,2,2,2,1,1,1875.000000,3750.000000,3895.000000,1,931.782388,1054.374148,0.250979,0.263561,0.021080,0.022679,40,8,8,21,35,7,7,18,84145,15,15,56133,0.347420,0.020756,1.279276,0.360569
blackout_only,750.0,600.0,1800.0,4000.0,120.0,500.0,1,59,4196,4196,4674,4674,2,2,0,0,1,1,1875.000000,3750.000000,3895.000000,1,3178.387943,1499.455981,0.250914,0.264070,0.021068,0.022664,30,6,6,9,15,3,3,3,84071,9,9,56106,0.216152,0.020154,1.281468,0.164268
with_repeater,750.0,600.0,1800.0,4000.0,120.0,500.0,1,59,4196,4196,4674,4674,2,2,2,2,1,1,1875.000000,3750.000000,3895.000000,1,953.752400,1057.033001,0.251210,0.263846,0.021045,0.022693,40,8,8,21,35,7,7,18,84145,15,15,56133,0.347707,0.018771,1.280039,0.360993
blackout_only,750.0,600.0,1800.0,4000.0,120.0,500.0,1,60,4196,4196,4674,4674,2,2,0,0,1,1,1875.000000,3750.000000,3895.000000,1,3174.819080,1498.266360,0.251008,0.263818,0.021065,0.022614,30,6,6,9,15,3,3,3,84055,9,9,56106,0.215939,0.019333,1.278313,0.164036
with_repeater,750.0,600.0,1800.0,4000.0,120.0,500.0,1,60,4196,4196,4674,4674,2,2,2,2,1,1,1875.000000,3750.000000,3895.000000,1,939.801668,1055.368534,0.251162,0.263801,0.021065,0.022613,40,8,8,21,35,7,7,18,84145,15,15,56133,0.346996,0.018856,1.279871,0.360586
blackout_only,750.0,600.0,1800.0,4000.0,120.0,500.0,1,61,4196,4196,4674,4674,2,2,0,0,1,1,1875.000000,3750.000000,3895.000000,1,3165.823771,1495.267924,0.250946,0.264382,0.021076,0.022645,30,6,6,9,15,3,3,3,84061,9,9,56106,0.215950,0.019946,1.280001,0.163954
with_repeater,750.0,600.0,1800.0,4000.0,120.0,500.0,1,61,4196,4196,4674,4674,2,2,2,2,1,1,1875.000000,3750.000000,3895.000000,1,942.795561,1055.988136,0.250902,0.264509,0.021075,0.022649,40,8,8,21,35,7,7,18,84163,15,15,56133,0.346972,0.018589,1.281582,0.361023
blackout_only,750.0,600.0,1800.0,4000.0,120.0,500.0,1,62,4196,4196,4674,4674,2,2,0,0,1,1,1875.000000,3750.000000,3895.000000,1,3169.637642,1496.539214,0.251031,0.263720,0.021081,0.022699,30,6,6,9,15,3,3,3,84055,9,9,56106,0.215929,0.019866,1.280583,0.164012
with_repeater,750.0,600.0,1800.0,4000.0,120.0,500.0,1,62,4196,4196,4674,4674,2,2,2,2,1,1,1875.000000,3750.000000,3895.000000,1,935.795447,1055.111424,0.250998,0.263459,0.021054,0.022640,40,8,8,21,35,7,7,18,84145,15,15,56133,0.347176,0.019496,1.281969,0.361169
blackout_only,750.0,600.0,1800.0,4000.0,120.0,500.0,1,63,4196,4196,4674,4674,2,2,0,0,1,1,1875.000000,3750.000000,3895.000000,1,3173.461614,1497.813871,0.251071,0.263837,0.021053,0.022638,30,6,6,9,15,3,3,3,84055,9,9,56106,0.216081,0.018010,1.280183,0.164014
with_repeater,750.0,600.0,1800.0,4000.0,120.0,500.0,1,63,4196,4196,4674,4674,2,2,2,2,1,1,1875.000000,3750.000000,3895.000000,1,969.422375,1059.314108,0.250959,0.264129,0.021056,0.022625,40,8,8,21,35,7,7,18,84145,15,15,56133,0.347353,0.020418,1.279732,0.362370
blackout_only,750.0,600.0,1800.0,4000.0,120.0,500.0,1,64,4196,4196,4674,4674,2,2,0,0,1,1,1875.000000,3750.000000,3895.000000,1,3161.953744,1493.977915,0.251088,0.263858,0.021098,0.022660,30,6,6,9,15,3,3,3,84055,9,9,56106,0.215805,0.018905,1.281527,0.164053
with_repeater,750.0,600.0,1800.0,4000.0,120.0,500.0,1,64,4196,4196,4674,4674,2,2,2,2,1,1,1875.000000,3750.000000,3895.000000,1,957.260098,1057.346000,0.251121,0.263702,0.021094,0.022670,40,8,8,21,35,7,7,18,84145,15,15,56133,0.347347,0.019405,1.280516,0.361211
blackout_only,750.0,600.0,1800.0,4000.0,120.0,500.0,1,65,4196,4196,4674,4674,2,2,0,0,1,1,1875.000000,3750.000000,3895.000000,1,3169.965339,1496.648446,0.251015,0.263584,0.021079,0.022662,30,6,6,9,15,3,3,3,84055,9,9,56106,0.215875,0.020545,1.281473,0.164138
with_repeater,750.0,600.0,1800.0,4000.0,120.0,500.0,1,65,4196,4196,4674,4674,2,2,2,2,1,1,1875.000000,3750.000000,3895.000000,1,961.672423,1058.471427,0.251079,0.263813,0.021095,0.022691,40,8,8,21,35,7,7,18,84145,15,15,56133,0.347341,0.020920,1.280252,0.362166
blackout_only,750.0,600.0,1800.0,4000.0,120.0,500.0,1,66,4196,4196,4674,4674,2,2,0,0,1,1,1875.000000,3750.000000,3895.000000,1,3166.539563,1495.506521,0.250950,0.263572,0.021094,0.022652,30,6,6,9,15,3,3,3,84061,9,9,56106,0.215614,0.019402,1.282740,0.163992
with_repeater,750.0,600.0,1800.0,4000.0,120.0,500.0,1,66,4197,4197,4674,4674,2,2,2,2,1,1,1875.000000,3750.000000,3895.000000,1,964.483835,1058.886712,0.250891,0.264026,0.021075,0.022681,40,8,8,21,35,7,7,18,84165,15,15,56133,0.347208,0.019952,1.279342,0.361592
blackout_only,750.0,600.0,1800.0,4000.0,120.0,500.0,1,67,4196,4196,4674,4674,2,2,0,0,1,1,1875.000000,3750.000000,3895.000000,1,3161.852476,1493.944159,0.250941,0.263488,0.021069,0.022686,30,6,6,9,15,3,3,3,84062,9,9,56106,0.215869,0.021292,1.278623,0.164373
with_repeater,750.0,600.0,1800.0,4000.0,120.0,500.0,1,67,4196,4196,4674,4674,2,2,2,2,1,1,1875.000000,3750.000000,3895.000000,1,954.146140,1057.366639,0.251016,0.263795,0.021081,0.022698,40,8,8,21,35,7,7,18,84145,15,15,56133,0.347037,0.020853,1.279928,0.362370
blackout_only,750.0,600.0,1800.0,4000.0,120.0,500.0,1,68,4196,4196,4674,4674,2,2,0,0,1,1,1875.000000,3750.000000,3895.000000,1,3172.182675,1497.387558,0.251081,0.263493,0.021092,0.022691,30,6,6,9,15,3,3,3,84055,9,9,56106,0.215752,0.019887,1.280250,0.164078
with_repeater,750.0,600.0,1800.0,4000.0,120.0,500.0,1,68,4196,4196,4674,4674,2,2,2,2,1,1,1875.000000,3750.000000,3895.000000,1,950.751261,1056.763673,0.251023,0.263866,0.021070,0.022671,40,8,8,21,35,7,7,18,84145,15,15,56133,0.346851,0.020957,1.281487,0.362084
blackout_only,750.0,600.0,1800.0,4000.0,120.0,500.0,1,69,4196,4196,4674,4674,2,2,0,0,1,1,1875.000000,3750.000000,3895.000000,1,3169.305990,1496.428663,0.250914,0.264046,0.021042,0.022665,30,6,6,9,15,3,3,3,84071,9,9,56106,0.215473,0.020275,1.279514,0.164090
with_repeater,750.0,600.0,1800.0,4000.0,120.0,500.0,1,69,4196,4196,4674,4674,2,2,2,2,1,1,1875.000000,3750.000000,3895.000000,1,965.707675,1059.281687,0.250907,0.263636,0.021058,0.022646,40,8,8,21,35,7,7,18,84162,15,15,56133,0.346901,0.021108,1.282824,0.361639
blackout_only,750.0,600.0,1800.0,4000.0,120.0,500.0,1,70,4196,4196,4674,4674,2,2,0,0,1,1,1875.000000,3750.000000,3895.000000,1,3165.438843,1495.139614,0.251044,0.263906,0.021065,0.022627,30,6,6,9,15,3,3,3,84055,9,9,56106,0.215978,0.019441,1.281315,0.163946
with_repeater,750.0,600.0,1800.0,4000.0,120.0,500.0,1,70,4196,4196,4674,4674,2,2,2,2,1,1,1875.000000,3750.000000,3895.000000,1,957.954941,1058.480995,0.251064,0.264088,0.021052,0.022625,40,8,8,21,35,7,7,18,84145,15,15,56133,0.346786,0.020069,1.280248,0.361557
blackout_only,750.0,600.0,1800.0,4000.0,120.0,500.0,1,71,4196,4196,4674,4674,2,2,0,0,1,1,1875.000000,3750.000000,3895.000000,1,3164.909455,1494.963152,0.251077,0.263824,0.021069,0.022669,30,6,6,9,15,3,3,3,84055,9,9,56106,0.215906,0.019275,1.282375,0.164208
with_repeater,750.0,600.0,1800.0,4000.0,120.0,500.0,1,71,4196,4196,4674,4674,2,2,2,2,1,1,1875.000000,3750.000000,3895.000000,1,951.816703,1057.178216,0.250901,0.263464,0.021079,0.022643,40,8,8,21,35,7,7,18,84163,15,15,56133,0.347064,0.020284,1.282707,0.362192
blackout_only,750.0,600.0,1800.0,4000.0,120.0,500.0,1,72,4196,4196,4674,4674,2,2,0,0,1,1,1875.000000,3750.000000,3895.000000,1,3175.529152,1498.503051,0.251136,0.263587,0.021066,0.022644,30,6,6,9,15,3,3,3,84055,9,9,56106,0.216304,0.019086,1.284942,0.164250
with_repeater,750.0,600.0,1800.0,4000.0,120.0,500.0,1,72,4196,4196,4674,4674,2,2,2,2,1,1,1875.000000,3750.000000,3895.000000,1,968.762558,1058.567505,0.251189,0.263743,0.021074,0.022640,40,8,8,21,35,7,7,18,84145,15,15,56133,0.347703,0.019367,1.282056,0.363039
blackout_only,750.0,600.0,1800.0,4000.0,120.0,500.0,1,73,4196,4196,4674,4674,2,2,0,0,1,1,1875.000000,3750.000000,3895.000000,1,3180.577235,1500.185745,0.251006,0.263378,0.021062,0.022633,30,6,6,9,15,3,3,3,84055,9,9,56106,0.215787,0.021985,1.280175,0.164135
with_repeater,750.0,600.0,1800.0,4000.0,120.0,500.0,1,73,4196,4196,4674,4674,2,2,2,2,1,1,1875.000000,3750.000000,3895.000000,1,936.908902,1055.042833,0.251171,0.263698,0.021065,0.022647,40,8,8,21,35,7,7,18,84145,15,15,56133,0.347486,0.021185,1.279411,0.361193
blackout_only,750.0,600.0,1800.0,4000.0,120.0,500.0,1,74,4196,4196,4674,4674,2,2,0,0,1,1,1875.000000,3750.000000,3895.000000,1,3169.893607,1496.624536,0.251178,0.263762,0.021061,0.022662,30,6,6,9,15,3,3,3,84055,9,9,56106,0.215971,0.021099,1.281182,0.163921
with_repeater,750.0,600.0,1800.0,4000.0,120.0,500.0,1,74,4196,4196,4674,4674,2,2,2,2,1,1,1875.000000,3750.000000,3895.000000,1,936.891411,1055.270897,0.251153,0.263795,0.021080,0.022668,40,8,8,21,35,7,7,18,84145,15,15,56133,0.347036,0.020760,1.282048,0.360550
blackout_only,750.0,600.0,1800.0,4000.0,120.0,500.0,1,75,4196,4196,4674,4674,2,2,0,0,1,1,1875.000000,3750.000000,3895.000000,1,3167.544604,1495.841535,0.251152,0.263601,0.021058,0.022668,30,6,6,9,15,3,3,3,84055,9,9,56106,0.215975,0.018866,1.280426,0.163931
with_repeater,750.0,600.0,1800.0,4000.0,120.0,500.0,1,75,4196,4196,4674,4674,2,2,2,2,1,1,1875.000000,3750.000000,3895.000000,1,944.017339,1055.605708,0.251192,0.263736,0.021069,0.022633,40,8,8,21,35,7,7,18,84145,15,15,56133,0.346604,0.019385,1.281921,0.360920
blackout_only,750.0,600.0,1800.0,4000.0,120.0,500.0,1,76,4196,4196,4674,4674,2,2,0,0,1,1,1875.000000,3750.000000,3895.000000,1,3169.043648,1496.341216,0.251079,0.263857,0.021071,0.022665,30,6,6,9,15,3,3,3,84055,9,9,56106,0.216001,0.020180,1.279260,0.164043
with_repeater,750.0,600.0,1800.0,4000.0,120.0,500.0,1,76,4196,4196,4674,4674,2,2,2,2,1,1,1875.000000,3750.000000,3895.000000,1,951.784942,1056.694612,0.251092,0.264318,0.021060,0.022618,40,8,8,21,35,7,7,18,84145,15,15,56133,0.347019,0.020995,1.279182,0.360723
blackout_only,750.0,600.0,1800.0,4000.0,120.0,500.0,1,77,4196,4196,4674,4674,2,2,0,0,1,1,1875.000000,3750.000000,3895.000000,1,3168.343897,1496.107966,0.251123,0.263689,0.021078,0.022632,30,6,6,9,15,3,3,3,84055,9,9,56106,0.216160,0.019885,1.281444,0.164230
with_repeater,750.0,600.0,1800.0,4000.0,120.0,500.0,1,77,4196,4196,4674,4674,2,2,2,2,1,1,1875.000000,3750.000000,3895.000000,1,953.803191,1057.124225,0.251045,0.263804,0.021093,0.022665,40,8,8,21,35,7,7,18,84145,15,15,56133,0.347723,0.020557,1.279735,0.361394
blackout_only,750.0,600.0,1800.0,4000.0,120.0,500.0,1,78,4197,4197,4674,4674,2,2,0,0,1,1,1875.000000,3750.000000,3895.000000,1,3169.439568,1496.473189,0.250879,0.263729,0.021063,0.022654,30,6,6,9,15,3,3,3,84075,9,9,56106,0.215726,0.019373,1.276937,0.164379
with_repeater,750.0,600.0,1800.0,4000.0,120.0,500.0,1,78,4196,4196,4674,4674,2,2,2,2,1,1,1875.000000,3750.000000,3895.000000,1,947.080367,1055.598389,0.251012,0.263440,0.021052,0.022641,40,8,8,21,35,7,7,18,84145,15,15,56133,0.347031,0.019168,1.278638,0.361347
blackout_only,750.0,600.0,1800.0,4000.0,120.0,500.0,1,79,4197,4197,4674,4674,2,2,0,0,1,1,1875.000000,3750.000000,3895.000000,1,3171.743713,1497.241238,0.250779,0.263415,0.021094,0.022655,30,6,6,9,15,3,3,3,84075,9,9,56106,0.215977,0.017939,1.278777,0.164310
with_repeater,750.0,600.0,1800.0,4000.0,120.0,500.0,1,79,4196,4196,4674,4674,2,2,2,2,1,1,1875.000000,3750.000000,3895.000000,1,931.221261,1054.788901,0.250963,0.263606,0.021089,0.022682,40,8,8,21,35,7,7,18,84145,15,15,56133,0.347204,0.019169,1.279912,0.360262
blackout_only,750.0,600.0,1800.0,4000.0,120.0,500.0,1,80,4197,4197,4674,4674,2,2,0,0,1,1,1875.000000,3750.000000,3895.000000,1,3168.205177,1496.061726,0.250841,0.263188,0.021071,0.022696,30,6,6,9,15,3,3,3,84075,9,9,56106,0.215789,0.021906,1.278978,0.164005
with_repeater,750.0,600.0,1800.0,4000.0,120.0,500.0,1,80,4196,4196,4674,4674,2,2,2,2,1,1,1875.000000,3750.000000,3895.000000,1,960.841658,1057.966268,0.250958,0.263676,0.021069,0.022673,40,8,8,21,35,7,7,18,84145,15,15,56133,0.346719,0.020149,1.281669,0.361190
blackout_only,750.0,600.0,1800.0,4000.0,120.0,500.0,1,81,4196,4196,4674,4674,2,2,0,0,1,1,1875.000000,3750.000000,3895.000000,1,3170.862192,1496.947397,0.250948,0.263804,0.021075,0.022661,30,6,6,9,15,3,3,3,84061,9,9,56106,0.216015,0.019165,1.282733,0.164271
with_repeater,750.0,600.0,1800.0,4000.0,120.0,500.0,1,81,4196,4196,4674,4674,2,2,2,2,1,1,1875.000000,3750.000000,3895.000000,1,940.196614,1055.430368,0.251122,0.263834,0.021055,0.022622,40,8,8,21,35,7,7,18,84145,15,15,56133,0.347276,0.019865,1.281766,0.360356
blackout_only,750.0,600.0,1800.0,4000.0,120.0,500.0,1,82,4196,4196,4674,4674,2,2,0,0,1,1,1875.000000,3750.000000,3895.000000,1,3169.900423,1496.626808,0.251148,0.263831,0.021058,0.022648,30,6,6,9,15,3,3,3,84055,9,9,56106,0.215754,0.020985,1.280425,0.164098
with_repeater,750.0,600.0,1800.0,4000.0,120.0,500.0,1,82,4196,4196,4674,4674,2,2,2,2,1,1,1875.000000,3750.000000,3895.000000,1,953.408269,1057.487367,0.250933,0.263625,0.021071,0.022683,40,8,8,21,35,7,7,18,84154,15,15,56133,0.347153,0.019409,1.281487,0.360973
blackout_only,750.0,600.0,1800.0,4000.0,120.0,500.0,1,83,4196,4196,4674,4674,2,2,0,0,1,1,1875.000000,3750.000000,3895.000000,1,3166.246353,1495.408784,0.251141,0.263781,0.021047,0.022636,30,6,6,9,15,3,3,3,84055,9,9,56106,0.216031,0.019568,1.278328,0.164008
with_repeater,750.0,600.0,1800.0,4000.0,120.0,500.0,1,83,4196,4196,4674,4674,2,2,2,2,1,1,1875.000000,3750.000000,3895.000000,1,955.143155,1057.392524,0.251152,0.263763,0.021054,0.022644,40,8,8,21,35,7,7,18,84145,15,15,56133,0.347251,0.019623,1.279137,0.361820
blackout_only,750.0,600.0,1800.0,4000.0,120.0,500.0,1,84,4196,4196,4674,4674,2,2,0,0,1,1,1875.000000,3750.000000,3895.000000,1,3177.867289,1499.282430,0.251264,0.263674,0.021072,0.022649,30,6,6,9,15,3,3,3,84055,9,9,56106,0.216080,0.019676,1.279788,0.164052
with_repeater,750.0,600.0,1800.0,4000.0,120.0,500.0,1,84,4196,4196,4674,4674,2,2,2,2,1,1,1875.000000,3750.000000,3895.000000,1,961.158974,1058.717936,0.251109,0.263604,0.021070,0.022653,40,8,8,21,35,7,7,18,84145,15,15,56133,0.347761,0.019672,1.278778,0.361169
blackout_only,750.0,600.0,1800.0,4000.0,120.0,500.0,1,85,4196,4196,4674,4674,2,2,0,0,1,1,1875.000000,3750.000000,3895.000000,1,3161.776682,1493.918894,0.250939,0.263935,0.021070,0.022619,30,6,6,9,15,3,3,3,84062,9,9,56106,0.215902,0.019221,1.278194,0.163716
with_repeater,750.0,600.0,1800.0,4000.0,120.0,500.0,1,85,4196,4196,4674,4674,2,2,2,2,1,1,1875.000000,3750.000000,3895.000000,1,946.371993,1056.408756,0.250957,0.263917,0.021086,0.022638,40,8,8,21,35,7,7,18,84145,15,15,56133,0.347583,0.018833,1.280902,0.360582
blackout_only,750.0,600.0,1800.0,4000.0,120.0,500.0,1,86,4196,4196,4674,4674,2,2,0,0,1,1,1875.000000,3750.000000,3895.000000,1,3177.056078,1499.012026,0.251331,0.264098,0.021083,0.022709,30,6,6,9,15,3,3,3,84055,9,9,56106,0.215930,0.019924,1.278449,0.164230
with_repeater,750.0,600.0,1800.0,4000.0,120.0,500.0,1,86,4196,4196,4674,4674,2,2,2,2,1,1,1875.000000,3750.000000,3895.000000,1,949.666660,1056.353248,0.251153,0.263778,0.021088,0.022704,40,8,8,21,35,7,7,18,84145,15,15,56133,0.347822,0.020022,1.278288,0.360946
blackout_only,750.0,600.0,1800.0,4000.0,120.0,500.0,1,87,4196,4196,4674,4674,2,2,0,0,1,1,1875.000000,3750.000000,3895.000000,1,3172.702979,1497.560993,0.251029,0.263560,0.021053,0.022616,30,6,6,9,15,3,3,3,84055,9,9,56106,0.216014,0.021763,1.282013,0.164047
with_repeater,750.0,600.0,1800.0,4000.0,120.0,500.0,1,87,4197,4197,4674,4674,2,2,2,2,1,1,1875.000000,3750.000000,3895.000000,1,974.684471,1059.658389,0.250771,0.263578,0.021052,0.022617,40,8,8,21,35,7,7,18,84165,15,15,56133,0.347638,0.020004,1.279583,0.360580
blackout_only,750.0,600.0,1800.0,4000.0,120.0,500.0,1,88,4197,4197,4674,4674,2,2,0,0,1,1,1875.000000,3750.000000,3895.000000,1,3165.853606,1495.277869,0.250872,0.263721,0.021073,0.022682,30,6,6,9,15,3,3,3,84075,9,9,56106,0.215869,0.020036,1.282104,0.164151
with_repeater,750.0,600.0,1800.0,4000.0,120.0,500.0,1,88,4197,4197,4674,4674,2,2,2,2,1,1,1875.000000,3750.000000,3895.000000,1,938.950096,1054.695428,0.250849,0.263628,0.021079,0.022701,40,8,8,21,35,7,7,18,84165,15,15,56133,0.346322,0.019866,1.280102,0.361154
blackout_only,750.0,600.0,1800.0,4000.0,120.0,500.0,1,89,4197,4197,4674,4674,2,2,0,0,1,1,1875.000000,3750.000000,3895.000000,1,3174.722378,1498.234126,0.250743,0.263296,0.021066,0.022674,30,6,6,9,15,3,3,3,84075,9,9,56106,0.215797,0.021167,1.281310,0.164136
with_repeater,750.0,600.0,1800.0,4000.0,120.0,500.0,1,89,4196,4196,4674,4674,2,2,2,2,1,1,1875.000000,3750.000000,3895.000000,1,975.257261,1060.316428,0.250926,0.263395,0.021065,0.022643,40,8,8,21,35,7,7,18,84155,15,15,56133,0.347479,0.020825,1.280639,0.361001
blackout_only,1342.0,600.0,300.0,4000.0,120.0,500.0,1,40,6160,6160,6861,6861,2,2,0,0,1,1,3355.000000,6710.000000,6855.000000,1,4741.817286,2678.935762,0.250956,0.263880,0.021061,0.022628,25,5,5,9,15,3,3,3,123320,8,8,82356,0.316264,0.020427,1.279126,0.199143
with_repeater,1342.0,600.0,300.0,4000.0,120.0,500.0,1,40,6160,6160,6861,6861,2,2,0,0,2,2,3355.000000,6710.000000,6855.000000,1,159.175679,2458.648790,0.250939,0.263677,0.021080,0.022662,30,6,6,15,25,5,5,12,123365,11,11,82359,0.349057,0.020398,1.281146,0.363172
blackout_only,1342.0,600.0,300.0,4000.0,120.0,500.0,1,41,6160,6160,6861,6861,2,2,0,0,1,1,3355.000000,6710.000000,6855.000000,1,4748.186023,2681.058674,0.250963,0.263669,0.021044,0.022643,25,5,5,9,15,3,3,3,123320,8,8,82356,0.316309,0.020518,1.278848,0.199256
with_repeater,1342.0,600.0,300.0,4000.0,120.0,500.0,1,41,6160,6160,6861,6861,2,2,0,0,2,2,3355.000000,6710.000000,6855.000000,1,167.640860,2459.889707,0.250969,0.263809,0.021039,0.022654,30,6,6,15,25,5,5,12,123365,11,11,82359,0.348830,0.021069,1.280683,0.363303
blackout_only,1342.0,600.0,300.0,4000.0,120.0,500.0,1,42,6160,6160,6861,6861,2,2,0,0,1,1,3355.000000,6710.000000,6855.000000,1,4746.500634,2680.496878,0.250924,0.263588,0.021055,0.022646,25,5,5,9,15,3,3,3,123320,8,8,82356,0.316541,0.018579,1.279943,0.199347
with_repeater,1342.0,600.0,300.0,4000.0,120.0,500.0,1,42,6160,6160,6861,6861,2,2,0,0,2,2,3355.000000,6710.000000,6855.000000,1,165.432205,2459.159469,0.250959,0.263582,0.021076,0.022673,30,6,6,15,25,5,5,12,123365,11,11,82359,0.349044,0.018317,1.280372,0.364023
blackout_only,1342.0,600.0,300.0,4000.0,120.0,500.0,1,43,6160,6160,6861,6861,2,2,0,0,1,1,3355.000000,6710.000000,6855.000000,1,4746.699979,2680.563326,0.250990,0.263686,0.021067,0.022678,25,5,5,9,15,3,3,3,123320,8,8,82356,0.316556,0.021269,1.276640,0.199250
with_repeater,1342.0,600.0,300.0,4000.0,120.0,500.0,1,43,6160,6160,6861,6861,2,2,0,0,2,2,3355.000000,6710.000000,6855.000000,1,161.978758,2459.073028,0.250963,0.263714,0.021061,0.022669,30,6,6,15,25,5,5,12,123365,11,11,82359,0.349049,0.020243,1.280859,0.363490
blackout_only,1342.0,600.0,300.0,4000.0,120.0,500.0,1,44,6160,6160,6861,6861,2,2,0,0,1,1,3355.000000,6710.000000,6855.000000,1,4751.596155,2682.195385,0.251031,0.263760,0.021091,0.022677,25,5,5,9,15,3,3,3,123320,8,8,82356,0.316506,0.019316,1.279238,0.199220
with_repeater,1342.0,600.0,300.0,4000.0,120.0,500.0,1,44,6160,6160,6861,6861,2,2,0,0,2,2,3355.000000,6710.000000,6855.000000,1,168.446691,2458.545696,0.251071,0.263693,0.021099,0.022686,30,6,6,15,25,5,5,12,123365,11,11,82359,0.348913,0.019906,1.280707,0.363150
blackout_only,1342.0,600.0,300.0,4000.0,120.0,500.0,1,45,6160,6160,6861,6861,2,2,0,0,1,1,3355.000000,6710.000000,6855.000000,1,4745.902611,2680.297537,0.251004,0.263929,0.021080,0.022661,25,5,5,9,15,3,3,3,123320,8,8,82356,0.316351,0.019496,1.279460,0.199085
with_repeater,1342.0,600.0,300.0,4000.0,120.0,500.0,1,45,6160,6160,6861,6861,2,2,0,0,2,2,3355.000000,6710.000000,6855.000000,1,155.957450,2456.900351,0.250876,0.263732,0.021069,0.022672,30,6,6,15,25,5,5,12,123365,11,11,82359,0.348751,0.018633,1.280553,0.363047
blackout_only,1342.0,600.0,300.0,4000.0,120.0,500.0,1,46,6160,6160,6861,6861,2,2,0,0,1,1,3355.000000,6710.000000,6855.000000,1,4753.883089,2682.957696,0.250930,0.263638,0.021070,0.022645,25,5,5,9,15,3,3,3,123320,8,8,82356,0.316682,0.018922,1.277501,0.199242
with_repeater,1342.0,600.0,300.0,4000.0,120.0,500.0,1,46,6160,6160,6861,6861,2,2,0,0,2,2,3355.000000,6710.000000,6855.000000,1,161.900273,2460.232495,0.250853,0.263598,0.021076,0.022626,30,6,6,15,25,5,5,12,123365,11,11,82359,0.349173,0.020738,1.280580,0.363143
blackout_only,1342.0,600.0,300.0,4000.0,120.0,500.0,1,47,6160,6160,6861,6861,2,2,0,0,1,1,3355.000000,6710.000000,6855.000000,1,4747.601599,2680.863866,0.251021,0.263944,0.021070,0.022649,25,5,5,9,15,3,3,3,123320,8,8,82356,0.316422,0.019070,1.279968,0.199174
with_repeater,1342.0,600.0,300.0,4000.0,120.0,500.0,1,47,6160,6160,6861,6861,2,2,0,0,2,2,3355.000000,6710.000000,6855.000000,1,160.799577,2459.601283,0.250970,0.263724,0.021070,0.022656,30,6,6,15,25,5,5,12,123365,11,11,82359,0.348934,0.020804,1.279469,0.363005
blackout_only,1342.0,600.0,300.0,4000.0,120.0,500.0,1,48,6160,6160,6861,6861,2,2,0,0,1,1,3355.000000,6710.000000,6855.000000,1,4736.281807,2677.090602,0.251032,0.263759,0.021066,0.022654,25,5,5,9,15,3,3,3,123320,8,8,82356,0.316384,0.021480,1.278500,0.199021
with_repeater,1342.0,600.0,300.0,4000.0,120.0,500.0,1,48,6160,6160,6861,6861,2,2,0,0,2,2,3355.000000,6710.000000,6855.000000,1,157.259965,2458.485303,0.251070,0.263775,0.021071,0.022644,30,6,6,15,25,5,5,12,123365,11,11,82359,0.348845,0.020494,1.278031,0.362945
blackout_only,1342.0,600.0,300.0,4000.0,120.0,500.0,1,49,6160,6160,6861,6861,2,2,0,0,1,1,3355.000000,6710.000000,6855.000000,1,4748.102098,2681.030699,0.251070,0.263735,0.021057,0.022605,25,5,5,9,15,3,3,3,123320,8,8,82356,0.316470,0.019911,1.277686,0.199372
with_repeater,1342.0,600.0,300.0,4000.0,120.0,500.0,1,49,6159,6159,6861,6861,2,2,0,0,2,2,3355.000000,6710.000000,6855.000000,1,167.251439,2459.245630,0.251150,0.263565,0.021064,0.022634,30,6,6,15,25,5,5,12,123361,11,11,82359,0.349039,0.019411,1.278016,0.363423
blackout_only,1342.0,600.0,300.0,4000.0,120.0,500.0,1,50,6160,6160,6861,6861,2,2,0,0,1,1,3355.000000,6710.000000,6855.000000,1,4745.020191,2680.003397,0.250999,0.263667,0.021077,0.022666,25,5,5,9,15,3,3,3,123320,8,8,82356,0.316305,0.020261,1.282112,0.199056
with_repeater,1342.0,600.0,300.0,4000.0,120.0,500.0,1,50,6160,6160,6861,6861,2,2,0,0,2,2,3355.000000,6710.000000,6855.000000,1,170.307746,2460.238808,0.251055,0.263804,0.021078,0.022664,30,6,6,15,25,5,5,12,123365,11,11,82359,0.348965,0.021393,1.281421,0.363032
blackout_only,1342.0,600.0,300.0,4000.0,120.0,500.0,1,51,6160,6160,6861,6861,2,2,0,0,1,1,3355.000000,6710.000000,6855.000000,1,4745.894789,2680.294930,0.250998,0.264092,0.021071,0.022616,25,5,5,9,15,3,3,3,123320,8,8,82356,0.316411,0.020265,1.285341,0.199051
with_repeater,1342.0,600.0,300.0,4000.0,120.0,500.0,1,51,6160,6160,6861,6861,2,2,0,0,2,2,3355.000000,6710.000000,6855.000000,1,164.835164,2458.862100,0.251068,0.263893,0.021073,0.022628,30,6,6,15,25,5,5,12,123365,11,11,82359,0.348839,0.020354,1.282506,0.363168
blackout_only,1342.0,600.0,300.0,4000.0,120.0,500.0,1,52,6160,6160,6861,6861,2,2,0,0,1,1,3355.000000,6710.000000,6855.000000,1,4748.103116,2681.031039,0.251096,0.263802,0.021073,0.022631,25,5,5,9,15,3,3,3,123320,8,8,82356,0.316369,0.020535,1.280619,0.199409
with_repeater,1342.0,600.0,300.0,4000.0,120.0,500.0,1,52,6160,6160,6861,6861,2,2,0,0,2,2,3355.000000,6710.000000,6855.000000,1,166.174285,2458.928254,0.251126,0.263891,0.021071,0.022634,30,6,6,15,25,5,5,12,123365,11,11,82359,0.348800,0.021459,1.277977,0.363352
blackout_only,1342.0,600.0,300.0,4000.0,120.0,500.0,1,53,6160,6160,6861,6861,2,2,0,0,1,1,3355.000000,6710.000000,6855.000000,1,4742.827245,2679.272415,0.251043,0.263539,0.021060,0.022637,25,5,5,9,15,3,3,3,123320,8,8,82356,0.316548,0.020265,1.278123,0.199504
with_repeater,1342.0,600.0,300.0,4000.0,120.0,500.0,1,53,6160,6160,6861,6861,2,2,0,0,2,2,3355.000000,6710.000000,6855.000000,1,162.383981,2457.907981,0.250954,0.263339,0.021080,0.022670,30,6,6,15,25,5,5,12,123365,11,11,82359,0.349076,0.019177,1.280329,0.363526
blackout_only,1342.0,600.0,300.0,4000.0,120.0,500.0,1,54,6160,6160,6861,6861,2,2,0,0,1,1,3355.000000,6710.000000,6855.000000,1,4747.235040,2680.741680,0.250981,0.263342,0.021067,0.022643,25,5,5,9,15,3,3,3,123320,8,8,82356,0.316475,0.020606,1.280429,0.199370
with_repeater,1342.0,600.0,300.0,4000.0,120.0,500.0,1,54,6160,6160,6861,6861,2,2,0,0,2,2,3355.000000,6710.000000,6855.000000,1,162.821757,2460.046886,0.251006,0.263240,0.021055,0.022625,30,6,6,15,25,5,5,12,123365,11,11,82359,0.349052,0.020481,1.279317,0.363299
blackout_only,1342.0,600.0,300.0,4000.0,120.0,500.0,1,55,6160,6160,6861,6861,2,2,0,0,1,1,3355.000000,6710.000000,6855.000000,1,4749.718395,2681.569465,0.251074,0.263812,0.021072,0.022664,25,5,5,9,15,3,3,3,123320,8,8,82356,0.316403,0.021231,1.279850,0.199191
with_repeater,1342.0,600.0,300.0,4000.0,120.0,500.0,1,55,6159,6159,6861,6861,2,2,0,0,2,2,3355.000000,6710.000000,6855.000000,1,165.376291,2458.325607,0.251236,0.263981,0.021066,0.022660,30,6,6,15,25,5,5,12,123345,11,11,82359,0.349014,0.020755,1.280167,0.363125
blackout_only,1342.0,600.0,300.0,4000.0,120.0,500.0,1,56,6160,6160,6861,6861,2,2,0,0,1,1,3355.000000,6710.000000,6855.000000,1,4741.992512,2678.994171,0.251091,0.263856,0.021076,0.022681,25,5,5,9,15,3,3,3,123320,8,8,82356,0.316411,0.018975,1.284828,0.199303
with_repeater,1342.0,600.0,300.0,4000.0,120.0,500.0,1,56,6159,6159,6861,6861,2,2,0,0,2,2,3355.000000,6710.000000,6855.000000,1,153.301609,2456.730495,0.251230,0.263925,0.021077,0.022658,30,6,6,15,25,5,5,12,123345,11,11,82359,0.348875,0.018893,1.281066,0.363319
blackout_only,1342.0,600.0,300.0,4000.0,120.0,500.0,1,57,6160,6160,6861,6861,2,2,0,0,1,1,3355.000000,6710.000000,6855.000000,1,4752.403138,2682.464379,0.251037,0.263852,0.021074,0.022650,25,5,5,9,15,3,3,3,123320,8,8,82356,0.316616,0.020211,1.276686,0.199115
with_repeater,1342.0,600.0,300.0,4000.0,120.0,500.0,1,57,6160,6160,6861,6861,2,2,0,0,2,2,3355.000000,6710.000000,6855.000000,1,172.399425,2461.070757,0.250992,0.263534,0.021061,0.022597,30,6,6,15,25,5,5,12,123365,11,11,82359,0.349355,0.019207,1.275918,0.363197
blackout_only,1342.0,600.0,300.0,4000.0,120.0,500.0,1,58,6160,6160,6861,6861,2,2,0,0,1,1,3355.000000,6710.000000,6855.000000,1,4744.127524,2679.705841,0.251093,0.263757,0.021064,0.022676,25,5,5,9,15,3,3,3,123320,8,8,82356,0.316464,0.019475,1.278972,0.199153
with_repeater,1342.0,600.0,300.0,4000.0,120.0,500.0,1,58,6160,6160,6861,6861,2,2,0,0,2,2,3355.000000,6710.000000,6855.000000,1,160.517373,2457.816511,0.250999,0.263944,0.021070,0.022698,30,6,6,15,25,5,5,12,123365,11,11,82359,0.348812,0.019190,1.280036,0.363157
blackout_only,1342.0,600.0,300.0,4000.0,120.0,500.0,1,59,6160,6160,6861,6861,2,2,0,0,1,1,3355.000000,6710.000000,6855.000000,1,4753.396698,2682.795566,0.251002,0.263529,0.021042,0.022662,25,5,5,9,15,3,3,3,123320,8,8,82356,0.316659,0.021185,1.278075,0.199250
with_repeater,1342.0,600.0,300.0,4000.0,120.0,500.0,1,59,6160,6160,6861,6861,2,2,0,0,2,2,3355.000000,6710.000000,6855.000000,1,176.602376,2462.104671,0.250960,0.263582,0.021052,0.022667,30,6,6,15,25,5,5,12,123365,11,11,82359,0.349100,0.020121,1.279213,0.363543
blackout_only,1342.0,600.0,300.0,4000.0,120.0,500.0,1,60,6160,6160,6861,6861,2,2,0,0,1,1,3355.000000,6710.000000,6855.000000,1,4751.303848,2682.097949,0.250923,0.263456,0.021078,0.022651,25,5,5,9,15,3,3,3,123320,8,8,82356,0.316462,0.021163,1.276919,0.199354
with_repeater,1342.0,600.0,300.0,4000.0,120.0,500.0,1,60,6160,6160,6861,6861,2,2,0,0,2,2,3355.000000,6710.000000,6855.000000,1,171.069772,2460.401080,0.250814,0.263536,0.021066,0.022620,30,6,6,15,25,5,5,12,123365,11,11,82359,0.348956,0.019966,1.279220,0.363822
blackout_only,1342.0,600.0,300.0,4000.0,120.0,500.0,1,61,6160,6160,6861,6861,2,2,0,0,1,1,3355.000000,6710.000000,6855.000000,1,4756.681463,2683.890488,0.251024,0.263956,0.021077,0.022662,25,5,5,9,15,3,3,3,123320,8,8,82356,0.316363,0.022137,1.280083,0.199399
with_repeater,1342.0,600.0,300.0,4000.0,120.0,500.0,1,61,6160,6160,6861,6861,2,2,0,0,2,2,3355.000000,6710.000000,6855.000000,1,174.737201,2461.348790,0.250978,0.263579,0.021076,0.022689,30,6,6,15,25,5,5,12,123365,11,11,82359,0.349042,0.021852,1.281447,0.363269
blackout_only,1342.0,600.0,300.0,4000.0,120.0,500.0,1,62,6160,6160,6861,6861,2,2,0,0,1,1,3355.000000,6710.000000,6855.000000,1,4738.793827,2677.927942,0.250998,0.263832,0.021079,0.022658,25,5,5,9,15,3,3,3,123320,8,8,82356,0.316444,0.018960,1.277497,0.199145
with_repeater,1342.0,600.0,300.0,4000.0,120.0,500.0,1,62,6160,6160,6861,6861,2,2,0,0,2,2,3355.000000,6710.000000,6855.000000,1,159.393454,2458.713505,0.250823,0.263671,0.021078,0.022681,30,6,6,15,25,5,5,12,123365,11,11,82359,0.349085,0.020385,1.280410,0.363201
blackout_only,1342.0,600.0,300.0,4000.0,120.0,500.0,1,63,6160,6160,6861,6861,2,2,0,0,1,1,3355.000000,6710.000000,6855.000000,1,4753.319520,2682.769840,0.250881,0.263876,0.021057,0.022637,25,5,5,9,15,3,3,3,123320,8,8,82356,0.316469,0.021062,1.278405,0.199442
with_repeater,1342.0,600.0,300.0,4000.0,120.0,500.0,1,63,6160,6160,6861,6861,2,2,0,0,2,2,3355.000000,6710.000000,6855.000000,1,161.358663,2459.644735,0.250828,0.263763,0.021047,0.022634,30,6,6,15,25,5,5,12,123365,11,11,82359,0.349159,0.020312,1.278718,0.363470
blackout_only,1342.0,600.0,300.0,4000.0,120.0,500.0,1,64,6160,6160,6861,6861,2,2,0,0,1,1,3355.000000,6710.000000,6855.000000,1,4748.134683,2681.041561,0.250951,0.263536,0.021057,0.022600,25,5,5,9,15,3,3,3,123320,8,8,82356,0.316411,0.019741,1.277642,0.199274
with_repeater,1342.0,600.0,300.0,4000.0,120.0,500.0,1,64,6160,6160,6861,6861,2,2,0,0,2,2,3355.000000,6710.000000,6855.000000,1,159.484675,2457.793128,0.250963,0.263563,0.021062,0.022652,30,6,6,15,25,5,5,12,123365,11,11,82359,0.349006,0.020491,1.278388,0.363600
blackout_only,1342.0,600.0,300.0,4000.0,120.0,500.0,1,65,6160,6160,6861,6861,2,2,0,0,1,1,3355.000000,6710.000000,6855.000000,1,4745.858147,2680.282716,0.250985,0.263723,0.021066,0.022656,25,5,5,9,15,3,3,3,123320,8,8,82356,0.316323,0.020146,1.281416,0.199239
with_repeater,1342.0,600.0,300.0,4000.0,120.0,500.0,1,65,6160,6160,6861,6861,2,2,0,0,2,2,3355.000000,6710.000000,6855.000000,1,154.122030,2456.520745,0.250994,0.263716,0.021068,0.022665,30,6,6,15,25,5,5,12,123365,11,11,82359,0.348871,0.020233,1.281154,0.362597
blackout_only,1342.0,600.0,300.0,4000.0,120.0,500.0,1,66,6160,6160,6861,6861,2,2,0,0,1,1,3355.000000,6710.000000,6855.000000,1,4748.231823,2681.073941,0.250972,0.263480,0.021081,0.022659,25,5,5,9,15,3,3,3,123320,8,8,82356,0.316688,0.018588,1.278695,0.199003
with_repeater,1342.0,600.0,300.0,4000.0,120.0,500.0,1,66,6160,6160,6861,6861,2,2,0,0,2,2,3355.000000,6710.000000,6855.000000,1,166.316621,2459.150162,0.251112,0.263998,0.021084,0.022677,30,6,6,15,25,5,5,12,123365,11,11,82359,0.349343,0.019863,1.277556,0.363014
blackout_only,1342.0,600.0,300.0,4000.0,120.0,500.0,1,67,6160,6160,6861,6861,2,2,0,0,1,1,3355.000000,6710.000000,6855.000000,1,4748.962508,2681.317503,0.251107,0.263612,0.021074,0.022675,25,5,5,9,15,3,3,3,123320,8,8,82356,0.316453,0.021860,1.281611,0.199368
with_repeater,1342.0,600.0,300.0,4000.0,120.0,500.0,1,67,6159,6159,6861,6861,2,2,0,0,2,2,3355.000000,6710.000000,6855.000000,1,166.464388,2459.595697,0.251149,0.263636,0.021068,0.022675,30,6,6,15,25,5,5,12,123361,11,11,82359,0.349097,0.020796,1.283817,0.362760
blackout_only,1342.0,600.0,300.0,4000.0,120.0,500.0,1,68,6160,6160,6861,6861,2,2,0,0,1,1,3355.000000,6710.000000,6855.000000,1,4739.906567,2678.298856,0.250984,0.263824,0.021064,0.022643,25,5,5,9,15,3,3,3,123320,8,8,82356,0.316358,0.020929,1.278937,0.199087
with_repeater,1342.0,600.0,300.0,4000.0,120.0,500.0,1,68,6160,6160,6861,6861,2,2,0,0,2,2,3355.000000,6710.000000,6855.000000,1,165.306562,2459.389166,0.251108,0.264040,0.021064,0.022657,30,6,6,15,25,5,5,12,123365,11,11,82359,0.348902,0.020775,1.281211,0.362945
blackout_only,1342.0,600.0,300.0,4000.0,120.0,500.0,1,69,6160,6160,6861,6861,2,2,0,0,1,1,3355.000000,6710.000000,6855.000000,1,4741.049743,2678.679914,0.251042,0.263733,0.021071,0.022683,25,5,5,9,15,3,3,3,123320,8,8,82356,0.316568,0.020110,1.278617,0.199249
with_repeater,1342.0,600.0,300.0,4000.0,120.0,500.0,1,69,6160,6160,6861,6861,2,2,0,0,2,2,3355.000000,6710.000000,6855.000000,1,161.380930,2458.216951,0.251071,0.263685,0.021069,0.022677,30,6,6,15,25,5,5,12,123365,11,11,82359,0.349230,0.018331,1.280118,0.363066
blackout_only,1342.0,600.0,300.0,4000.0,120.0,500.0,1,70,6160,6160,6861,6861,2,2,0,0,1,1,3355.000000,6710.000000,6855.000000,1,4744.492707,2679.827569,0.251131,0.264110,0.021030,0.022617,25,5,5,9,15,3,3,3,123320,8,8,82356,0.316305,0.019325,1.283077,0.199105
with_repeater,1342.0,600.0,300.0,4000.0,120.0,500.0,1,70,6160,6160,6861,6861,2,2,0,0,2,2,3355.000000,6710.000000,6855.000000,1,160.873950,2457.948592,0.251092,0.264051,0.021046,0.022637,30,6,6,15,25,5,5,12,123365,11,11,82359,0.348924,0.019933,1.280864,0.363134
blackout_only,1342.0,600.0,300.0,4000.0,120.0,500.0,1,71,6160,6160,6861,6861,2,2,0,0,1,1,3355.000000,6710.000000,6855.000000,1,4749.666519,2681.552173,0.251085,0.263753,0.021051,0.022645,25,5,5,9,15,3,3,3,123320,8,8,82356,0.316487,0.020303,1.280619,0.199365
with_repeater,1342.0,600.0,300.0,4000.0,120.0,500.0,1,71,6160,6160,6861,6861,2,2,0,0,2,2,3355.000000,6710.000000,6855.000000,1,165.846786,2460.073005,0.251099,0.263573,0.021063,0.022654,30,6,6,15,25,5,5,12,123365,11,11,82359,0.349073,0.019418,1.279941,0.363528
blackout_only,1342.0,600.0,300.0,4000.0,120.0,500.0,1,72,6160,6160,6861,6861,2,2,0,0,1,1,3355.000000,6710.000000,6855.000000,1,4745.750097,2680.246699,0.250914,0.263850,0.021079,0.022661,25,5,5,9,15,3,3,3,123320,8,8,82356,0.316473,0.020760,1.280812,0.199275
with_repeater,1342.0,600.0,300.0,4000.0,120.0,500.0,1,72,6160,6160,6861,6861,2,2,0,0,2,2,3355.000000,6710.000000,6855.000000,1,164.614491,2459.744902,0.251027,0.263990,0.021062,0.022655,30,6,6,15,25,5,5,12,123365,11,11,82359,0.348905,0.019859,1.281534,0.363225
blackout_only,1342.0,600.0,300.0,4000.0,120.0,500.0,1,73,6160,6160,6861,6861,2,2,0,0,1,1,3355.000000,6710.000000,6855.000000,1,4760.274786,2685.088262,0.251054,0.263696,0.021045,0.022605,25,5,5,9,15,3,3,3,123320,8,8,82356,0.316767,0.019896,1.278833,0.199377
with_repeater,1342.0,600.0,300.0,4000.0,120.0,500.0,1,73,6160,6160,6861,6861,2,2,0,0,2,2,3355.000000,6710.000000,6855.000000,1,175.531073,2460.879908,0.250995,0.263914,0.021055,0.022623,30,6,6,15,25,5,5,12,123365,11,11,82359,0.349223,0.020602,1.278168,0.363471
blackout_only,1342.0,600.0,300.0,4000.0,120.0,500.0,1,74,6160,6160,6861,6861,2,2,0,0,1,1,3355.000000,6710.000000,6855.000000,1,4746.293676,2680.427892,0.251000,0.263655,0.021074,0.022681,25,5,5,9,15,3,3,3,123320,8,8,82356,0.316422,0.020262,1.282949,0.199159
with_repeater,1342.0,600.0,300.0,4000.0,120.0,500.0,1,74,6160,6160,6861,6861,2,2,0,0,2,2,3355.000000,6710.000000,6855.000000,1,186.294286,2463.063828,0.251036,0.263738,0.021078,0.022705,30,6,6,15,25,5,5,12,123365,11,11,82359,0.349003,0.020678,1.281460,0.363709
blackout_only,1342.0,600.0,300.0,4000.0,120.0,500.0,1,75,6160,6160,6861,6861,2,2,0,0,1,1,3355.000000,6710.000000,6855.000000,1,4748.417104,2681.135701,0.250915,0.263816,0.021069,0.022657,25,5,5,9,15,3,3,3,123320,8,8,82356,0.316503,0.020773,1.277743,0.199271
with_repeater,1342.0,600.0,300.0,4000.0,120.0,500.0,1,75,6159,6159,6861,6861,2,2,0,0,2,2,3355.000000,6710.000000,6855.000000,1,167.702530,2457.980720,0.251136,0.263824,0.021069,0.022651,30,6,6,15,25,5,5,12,123365,11,11,82359,0.349050,0.021238,1.278159,0.362808
blackout_only,1342.0,600.0,300.0,4000.0,120.0,500.0,1,76,6160,6160,6861,6861,2,2,0,0,1,1,3355.000000,6710.000000,6855.000000,1,4757.794028,2684.261343,0.251107,0.263725,0.021069,0.022679,25,5,5,9,15,3,3,3,123320,8,8,82356,0.316469,0.019935,1.278919,0.199474
with_repeater,1342.0,600.0,300.0,4000.0,120.0,500.0,1,76,6160,6160,6861,6861,2,2,0,0,2,2,3355.000000,6710.000000,6855.000000,1,174.175608,2460.505289,0.251070,0.263746,0.021074,0.022673,30,6,6,15,25,5,5,12,123365,11,11,82359,0.349074,0.020598,1.279358,0.363403
blackout_only,1342.0,600.0,300.0,4000.0,120.0,500.0,1,77,6160,6160,6861,6861,2,2,0,0,1,1,3355.000000,6710.000000,6855.000000,1,4747.036004,2680.675335,0.251096,0.264006,0.021083,0.022662,25,5,5,9,15,3,3,3,123320,8,8,82356,0.316403,0.019832,1.280509,0.199109
with_repeater,1342.0,600.0,300.0,4000.0,120.0,500.0,1,77,6160,6160,6861,6861,2,2,0,0,2,2,3355.000000,6710.000000,6855.000000,1,163.189823,2458.669061,0.251107,0.264063,0.021070,0.022662,30,6,6,15,25,5,5,12,123365,11,11,82359,0.349102,0.019360,1.281194,0.363351
blackout_only,1342.0,600.0,300.0,4000.0,120.0,500.0,1,78,6160,6160,6861,6861,2,2,0,0,1,1,3355.000000,6710.000000,6855.000000,1,4742.954579,2679.314860,0.251040,0.263779,0.021062,0.022672,25,5,5,9,15,3,3,3,123320,8,8,82356,0.316430,0.017856,1.278464,0.199174
with_repeater,1342.0,600.0,300.0,4000.0,120.0,500.0,1,78,6160,6160,6861,6861,2,2,0,0,2,2,3355.000000,6710.000000,6855.000000,1,163.527279,2458.653139,0.251017,0.263632,0.021068,0.022658,30,6,6,15,25,5,5,12,123365,11,11,82359,0.349106,0.020280,1.281538,0.363436
blackout_only,1342.0,600.0,300.0,4000.0,120.0,500.0,1,79,6160,6160,6861,6861,2,2,0,0,1,1,3355.000000,6710.000000,6855.000000,1,4747.115447,2680.701816,0.251063,0.263741,0.021077,0.022638,25,5,5,9,15,3,3,3,123320,8,8,82356,0.316439,0.018124,1.281103,0.199292
with_repeater,1342.0,600.0,300.0,4000.0,120.0,500.0,1,79,6160,6160,6861,6861,2,2,0,0,2,2,3355.000000,6710.000000,6855.000000,1,167.646085,2460.206430,0.251026,0.263524,0.021074,0.022647,30,6,6,15,25,5,5,12,123365,11,11,82359,0.349077,0.018773,1.282848,0.363272
blackout_only,1342.0,600.0,300.0,4000.0,120.0,500.0,1,80,6160,6160,6861,6861,2,2,0,0,1,1,3355.000000,6710.000000,6855.000000,1,4749.612305,2681.534102,0.250925,0.263651,0.021067,0.022650,25,5,5,9,15,3,3,3,123320,8,8,82356,0.316437,0.020440,1.280704,0.199384
with_repeater,1342.0,600.0,300.0,4000.0,120.0,500.0,1,80,6160,6160,6861,6861,2,2,0,0,2,2,3355.000000,6710.000000,6855.000000,1,170.603641,2460.162626,0.250912,0.263533,0.021079,0.022674,30,6,6,15,25,5,5,12,123365,11,11,82359,0.349002,0.019676,1.280762,0.363589
blackout_only,1342.0,600.0,300.0,4000.0,120.0,500.0,1,81,6160,6160,6861,6861,2,2,0,0,1,1,3355.000000,6710.000000,6855.000000,1,4749.263006,2681.417669,0.251083,0.264023,0.021076,0.022636,25,5,5,9,15,3,3,3,123320,8,8,82356,0.316630,0.019918,1.277985,0.199333
with_repeater,1342.0,600.0,300.0,4000.0,120.0,500.0,1,81,6160,6160,6861,6861,2,2,0,0,2,2,3355.000000,6710.000000,6855.000000,1,184.320418,2463.295830,0.251086,0.264030,0.021067,0.022659,30,6,6,15,25,5,5,12,123365,11,11,82359,0.349104,0.019275,1.281970,0.364071
blackout_only,1342.0,600.0,300.0,4000.0,120.0,500.0,1,82,6160,6160,6861,6861,2,2,0,0,1,1,3355.000000,6710.000000,6855.000000,1,4746.058771,2680.349590,0.251085,0.263589,0.021070,0.022646,25,5,5,9,15,3,3,3,123320,8,8,82356,0.316462,0.021902,1.283837,0.199255
with_repeater,1342.0,600.0,300.0,4000.0,120.0,500.0,1,82,6160,6160,6861,6861,2,2,0,0,2,2,3355.000000,6710.000000,6855.000000,1,163.423299,2458.776613,0.251091,0.263769,0.021073,0.022638,30,6,6,15,25,5,5,12,123365,11,11,82359,0.349021,0.021366,1.283284,0.363613
blackout_only,1342.0,600.0,300.0,4000.0,120.0,500.0,1,83,6160,6160,6861,6861,2,2,0,0,1,1,3355.000000,6710.000000,6855.000000,1,4742.015482,2679.001827,0.251005,0.263670,0.021074,0.022659,25,5,5,9,15,3,3,3,123320,8,8,82356,0.316451,0.020687,1.278612,0.199200
with_repeater,1342.0,600.0,300.0,4000.0,120.0,500.0,1,83,6160,6160,6861,6861,2,2,0,0,2,2,3355.000000,6710.000000,6855.000000,1,176.369532,2461.765755,0.250938,0.263922,0.021072,0.022668,30,6,6,15,25,5,5,12,123365,11,11,82359,0.349020,0.021361,1.278218,0.363354
blackout_only,1342.0,600.0,300.0,4000.0,120.0,500.0,1,84,6160,6160,6861,6861,2,2,0,0,1,1,3355.000000,6710.000000,6855.000000,1,4749.077736,2681.355912,0.250973,0.263636,0.021077,0.022661,25,5,5,9,15,3,3,3,123320,8,8,82356,0.316673,0.018733,1.278203,0.199228
with_repeater,1342.0,600.0,300.0,4000.0,120.0,500.0,1,84,6160,6160,6861,6861,2,2,0,0,2,2,3355.000000,6710.000000,6855.000000,1,162.046936,2458.969007,0.250985,0.263717,0.021081,0.022663,30,6,6,15,25,5,5,12,123365,11,11,82359,0.349161,0.019149,1.278990,0.363400
blackout_only,1342.0,600.0,300.0,4000.0,120.0,500.0,1,85,6160,6160,6861,6861,2,2,0,0,1,1,3355.000000,6710.000000,6855.000000,1,4736.196112,2677.062037,0.250935,0.263925,0.021060,0.022624,25,5,5,9,15,3,3,3,123320,8,8,82356,0.316480,0.019348,1.281770,0.199011
with_repeater,1342.0,600.0,300.0,4000.0,120.0,500.0,1,85,6160,6160,6861,6861,2,2,0,0,2,2,3355.000000,6710.000000,6855.000000,1,155.006496,2457.494650,0.251028,0.263915,0.021067,0.022642,30,6,6,15,25,5,5,12,123365,11,11,82359,0.349152,0.019073,1.282672,0.363361
blackout_only,1342.0,600.0,300.0,4000.0,120.0,500.0,1,86,6160,6160,6861,6861,2,2,0,0,1,1,3355.000000,6710.000000,6855.000000,1,4749.402168,2681.464056,0.251127,0.263624,0.021085,0.022655,25,5,5,9,15,3,3,3,123320,8,8,82356,0.316384,0.020617,1.277643,0.199406
with_repeater,1342.0,600.0,300.0,4000.0,120.0,500.0,1,86,6160,6160,6861,6861,2,2,0,0,2,2,3355.000000,6710.000000,6855.000000,1,169.585728,2460.107913,0.251120,0.263676,0.021087,0.022639,30,6,6,15,25,5,5,12,123365,11,11,82359,0.349009,0.019548,1.276275,0.363633
blackout_only,1342.0,600.0,300.0,4000.0,120.0,500.0,1,87,6160,6160,6861,6861,2,2,0,0,1,1,3355.000000,6710.000000,6855.000000,1,4747.376369,2680.788790,0.250957,0.263786,0.021047,0.022627,25,5,5,9,15,3,3,3,123320,8,8,82356,0.316251,0.020029,1.279435,0.199462
with_repeater,1342.0,600.0,300.0,4000.0,120.0,500.0,1,87,6160,6160,6861,6861,2,2,0,0,2,2,3355.000000,6710.000000,6855.000000,1,162.146587,2457.928552,0.251041,0.264040,0.021051,0.022626,30,6,6,15,25,5,5,12,123365,11,11,82359,0.348908,0.020159,1.277227,0.362910
blackout_only,1342.0,600.0,300.0,4000.0,120.0,500.0,1,88,6160,6160,6861,6861,2,2,0,0,1,1,3355.000000,6710.000000,6855.000000,1,4742.172668,2679.054223,0.251050,0.263785,0.021068,0.022686,25,5,5,9,15,3,3,3,123320,8,8,82356,0.316433,0.021534,1.280661,0.199284
with_repeater,1342.0,600.0,300.0,4000.0,120.0,500.0,1,88,6160,6160,6861,6861,2,2,0,0,2,2,3355.000000,6710.000000,6855.000000,1,164.812943,2459.759300,0.251075,0.263833,0.021055,0.022675,30,6,6,15,25,5,5,12,123365,11,11,82359,0.349072,0.020910,1.279099,0.363245
blackout_only,1342.0,600.0,300.0,4000.0,120.0,500.0,1,89,6160,6160,6861,6861,2,2,0,0,1,1,3355.000000,6710.000000,6855.000000,1,4741.985928,2678.991976,0.250797,0.263534,0.021064,0.022653,25,5,5,9,15,3,3,3,123330,8,8,82356,0.316403,0.020716,1.280287,0.199093
with_repeater,1342.0,600.0,300.0,4000.0,120.0,500.0,1,89,6160,6160,6861,6861,2,2,0,0,2,2,3355.000000,6710.000000,6855.000000,1,161.194599,2458.801516,0.250872,0.263683,0.021056,0.022611,30,6,6,15,25,5,5,12,123365,11,11,82359,0.349134,0.019823,1.280796,0.363145
blackout_only,1342.0,600.0,900.0,4000.0,120.0,500.0,1,40,6427,6427,7158,7158,2,2,0,0,1,1,3355.000000,6710.000000,6855.000000,1,4141.817286,2678.935762,0.250942,0.263853,0.021066,0.022637,25,5,5,9,15,3,3,6,128660,8,8,85920,0.305430,0.020427,1.279126,0.237870
with_repeater,1342.0,600.0,900.0,4000.0,120.0,500.0,1,40,6427,6427,7158,7158,2,2,0,0,2,2,3355.000000,6710.000000,6855.000000,1,159.644548,2128.743596,0.250915,0.263480,0.021077,0.022663,35,7,7,18,30,6,6,15,128735,13,13,85929,0.348086,0.019500,1.281426,0.365202
blackout_only,1342.0,600.0,900.0,4000.0,120.0,500.0,1,41,6426,6426,7158,7158,2,2,0,0,1,1,3355.000000,6710.000000,6855.000000,1,4148.186023,2681.058674,0.250985,0.263674,0.021043,0.022651,25,5,5,9,15,3,3,6,128656,8,8,85920,0.305486,0.020518,1.278848,0.237945
with_repeater,1342.0,600.0,900.0,4000.0,120.0,500.0,1,41,6426,6426,7158,7158,2,2,0,0,2,2,3355.000000,6710.000000,6855.000000,1,147.643948,2126.952594,0.250973,0.263784,0.021039,0.022628,35,7,7,18,30,6,6,15,128735,13,13,85929,0.347798,0.019882,1.281073,0.365458
blackout_only,1342.0,600.0,900.0,4000.0,120.0,500.0,1,42,6427,6427,7158,7158,2,2,0,0,1,1,3355.000000,6710.000000,6855.000000,1,4146.500634,2680.496878,0.250939,0.263608,0.021057,0.022640,25,5,5,9,15,3,3,6,128660,8,8,85920,0.305693,0.018579,1.279943,0.237994
with_repeater,1342.0,600.0,900.0,4000.0,120.0,500.0,1,42,6426,6426,7158,7158,2,2,0,0,2,2,3355.000000,6710.000000,6855.000000,1,159.265574,2128.283644,0.250980,0.263505,0.021066,0.022651,35,7,7,18,30,6,6,15,128732,13,13,85929,0.348039,0.020307,1.278455,0.365555
blackout_only,1342.0,600.0,900.0,4000.0,120.0,500.0,1,43,6426,6426,7158,7158,2,2,0,0,1,1,3355.000000,6710.000000,6855.000000,1,4146.699979,2680.563326,0.251010,0.263806,0.021071,0.022680,25,5,5,9,15,3,3,6,128646,8,8,85920,0.305746,0.021269,1.276640,0.237973
with_repeater,1342.0,600.0,900.0,4000.0,120.0,500.0,1,43,6426,6426,7158,7158,2,2,0,0,2,2,3355.000000,6710.000000,6855.000000,1,154.978282,2127.549329,0.251007,0.263862,0.021074,0.022663,35,7,7,18,30,6,6,15,128721,13,13,85929,0.348094,0.020292,1.278785,0.365104
blackout_only,1342.0,600.0,900.0,4000.0,120.0,500.0,1,44,6426,6426,7158,7158,2,2,0,0,1,1,3355.000000,6710.000000,6855.000000,1,4151.596155,2682.195385,0.251028,0.263760,0.021090,0.022674,25,5,5,9,15,3,3,6,128640,8,8,85920,0.305704,0.019316,1.279238,0.238001
with_repeater,1342.0,600.0,900.0,4000.0,120.0,500.0,1,44,6426,6426,7158,7158,2,2,0,0,2,2,3355.000000,6710.000000,6855.000000,1,166.141376,2129.985767,0.251134,0.263586,0.021093,0.022702,35,7,7,18,30,6,6,15,128715,13,13,85929,0.347833,0.020252,1.280819,0.365040
blackout_only,1342.0,600.0,900.0,4000.0,120.0,500.0,1,45,6426,6426,7158,7158,2,2,0,0,1,1,3355.000000,6710.000000,6855.000000,1,4145.902611,2680.297537,0.250997,0.263927,0.021080,0.022663,25,5,5,9,15,3,3,6,128649,8,8,85920,0.305536,0.019496,1.279460,0.237853
with_repeater,1342.0,600.0,900.0,4000.0,120.0,500.0,1,45,6427,6427,7158,7158,2,2,0,0,2,2,3355.000000,6710.000000,6855.000000,1,155.121387,2128.765064,0.250839,0.263629,0.021067,0.022663,35,7,7,18,30,6,6,15,128735,13,13,85929,0.348007,0.019567,1.278021,0.364703
blackout_only,1342.0,600.0,900.0,4000.0,120.0,500.0,1,46,6427,6427,7158,7158,2,2,0,0,1,1,3355.000000,6710.000000,6855.000000,1,4153.883089,2682.957696,0.250935,0.263565,0.021067,0.022655,25,5,5,9,15,3,3,6,128660,8,8,85920,0.305831,0.018922,1.277501,0.238042
with_repeater,1342.0,600.0,900.0,4000.0,120.0,500.0,1,46,6426,6426,7158,7158,2,2,0,0,2,2,3355.000000,6710.000000,6855.000000,1,161.700307,2128.399450,0.251025,0.263899,0.021073,0.022634,35,7,7,18,30,6,6,15,128715,13,13,85929,0.348202,0.018792,1.280824,0.364630
blackout_only,1342.0,600.0,900.0,4000.0,120.0,500.0,1,47,6426,6426,7158,7158,2,2,0,0,1,1,3355.000000,6710.000000,6855.000000,1,4147.601599,2680.863866,0.250981,0.263939,0.021072,0.022656,25,5,5,9,15,3,3,6,128656,8,8,85920,0.305589,0.019070,1.279968,0.237923
with_repeater,1342.0,600.0,900.0,4000.0,120.0,500.0,1,47,6427,6427,7158,7158,2,2,0,0,2,2,3355.000000,6710.000000,6855.000000,1,151.244029,2126.434019,0.250918,0.263628,0.021052,0.022611,35,7,7,18,30,6,6,15,128735,13,13,85929,0.347878,0.021358,1.277551,0.364635
blackout_only,1342.0,600.0,900.0,4000.0,120.0,500.0,1,48,6426,6426,7158,7158,2,2,0,0,1,1,3355.000000,6710.000000,6855.000000,1,4136.281807,2677.090602,0.251024,0.263736,0.021071,0.022651,25,5,5,9,15,3,3,6,128640,8,8,85920,0.305580,0.021480,1.278500,0.237806
with_repeater,1342.0,600.0,900.0,4000.0,120.0,500.0,1,48,6426,6426,7158,7158,2,2,0,0,2,2,3355.000000,6710.000000,6855.000000,1,151.906812,2127.068633,0.251006,0.263935,0.021070,0.022679,35,7,7,18,30,6,6,15,128721,13,13,85929,0.347805,0.021400,1.279608,0.364848
blackout_only,1342.0,600.0,900.0,4000.0,120.0,500.0,1,49,6426,6426,7158,7158,2,2,0,0,1,1,3355.000000,6710.000000,6855.000000,1,4148.102098,2681.030699,0.251069,0.263753,0.021054,0.022610,25,5,5,9,15,3,3,6,128640,8,8,85920,0.305666,0.019911,1.277686,0.238039
with_repeater,1342.0,600.0,900.0,4000.0,120.0,500.0,1,49,6426,6426,7158,7158,2,2,0,0,2,2,3355.000000,6710.000000,6855.000000,1,162.912300,2129.388498,0.251083,0.263955,0.021058,0.022613,35,7,7,18,30,6,6,15,128715,13,13,85929,0.347913,0.020630,1.278174,0.365244
blackout_only,1342.0,600.0,900.0,4000.0,120.0,500.0,1,50,6426,6426,7158,7158,2,2,0,0,1,1,3355.000000,6710.000000,6855.000000,1,4145.020191,2680.003397,0.251023,0.263658,0.021081,0.022666,25,5,5,9,15,3,3,6,128640,8,8,85920,0.305507,0.020261,1.282112,0.237792
with_repeater,1342.0,600.0,900.0,4000.0,120.0,500.0,1,50,6426,6426,7158,7158,2,2,0,0,2,2,3355.000000,6710.000000,6855.000000,1,176.133038,2132.136219,0.251101,0.263810,0.021075,0.022651,35,7,7,18,30,6,6,15,128715,13,13,85929,0.347854,0.020614,1.280317,0.365328
blackout_only,1342.0,600.0,900.0,4000.0,120.0,500.0,1,51,6427,6427,7158,7158,2,2,0,0,1,1,3355.000000,6710.000000,6855.000000,1,4145.894789,2680.294930,0.250966,0.264057,0.021071,0.022627,25,5,5,9,15,3,3,6,128660,8,8,85920,0.305568,0.020265,1.285341,0.237799
with_repeater,1342.0,600.0,900.0,4000.0,120.0,500.0,1,51,6426,6426,7158,7158,2,2,0,0,2,2,3355.000000,6710.000000,6855.000000,1,147.445619,2125.551162,0.251104,0.263807,0.021076,0.022619,35,7,7,18,30,6,6,15,128715,13,13,85929,0.347823,0.019060,1.282406,0.364996
blackout_only,1342.0,600.0,900.0,4000.0,120.0,500.0,1,52,6426,6426,7158,7158,2,2,0,0,1,1,3355.000000,6710.000000,6855.000000,1,4148.103116,2681.031039,0.251092,0.263843,0.021068,0.022631,25,5,5,9,15,3,3,6,128640,8,8,85920,0.305569,0.020535,1.280619,0.238102
with_repeater,1342.0,600.0,900.0,4000.0,120.0,500.0,1,52,6426,6426,7158,7158,2,2,0,0,2,2,3355.000000,6710.000000,6855.000000,1,156.916593,2128.016898,0.251156,0.263983,0.021068,0.022633,35,7,7,18,30,6,6,15,128715,13,13,85929,0.347858,0.020723,1.281522,0.365569
blackout_only,1342.0,600.0,900.0,4000.0,120.0,500.0,1,53,6426,6426,7158,7158,2,2,0,0,1,1,3355.000000,6710.000000,6855.000000,1,4142.827245,2679.272415,0.251024,0.263510,0.021056,0.022635,25,5,5,9,15,3,3,6,128640,8,8,85920,0.305740,0.020265,1.278123,0.238223
with_repeater,1342.0,600.0,900.0,4000.0,120.0,500.0,1,53,6426,6426,7158,7158,2,2,0,0,2,2,3355.000000,6710.000000,6855.000000,1,147.333872,2126.356860,0.251022,0.263656,0.021073,0.022663,35,7,7,18,30,6,6,15,128715,13,13,85929,0.347952,0.019602,1.279650,0.365200
blackout_only,1342.0,600.0,900.0,4000.0,120.0,500.0,1,54,6427,6427,7158,7158,2,2,0,0,1,1,3355.000000,6710.000000,6855.000000,1,4147.235040,2680.741680,0.250963,0.263292,0.021064,0.022643,25,5,5,9,15,3,3,6,128660,8,8,85920,0.305629,0.020606,1.280429,0.238111
with_repeater,1342.0,600.0,900.0,4000.0,120.0,500.0,1,54,6426,6426,7158,7158,2,2,0,0,2,2,3355.000000,6710.000000,6855.000000,1,150.536856,2125.926880,0.251130,0.263452,0.021046,0.022620,35,7,7,18,30,6,6,15,128715,13,13,85929,0.348009,0.020069,1.280324,0.364781
blackout_only,1342.0,600.0,900.0,4000.0,120.0,500.0,1,55,6426,6426,7158,7158,2,2,0,0,1,1,3355.000000,6710.000000,6855.000000,1,4149.718395,2681.569465,0.251081,0.263806,0.021074,0.022659,25,5,5,9,15,3,3,6,128640,8,8,85920,0.305607,0.021231,1.279850,0.237926
with_repeater,1342.0,600.0,900.0,4000.0,120.0,500.0,1,55,6426,6426,7158,7158,2,2,0,0,2,2,3355.000000,6710.000000,6855.000000,1,145.880441,2128.105143,0.251119,0.263901,0.021069,0.022655,35,7,7,18,30,6,6,15,128715,13,13,85929,0.348002,0.020339,1.279820,0.365076
blackout_only,1342.0,600.0,900.0,4000.0,120.0,500.0,1,56,6426,6426,7158,7158,2,2,0,0,1,1,3355.000000,6710.000000,6855.000000,1,4141.992512,2678.994171,0.251082,0.263881,0.021079,0.022684,25,5,5,9,15,3,3,6,128640,8,8,85920,0.305608,0.018975,1.284828,0.238058
with_repeater,1342.0,600.0,900.0,4000.0,120.0,500.0,1,56,6426,6426,7158,7158,2,2,0,0,2,2,3355.000000,6710.000000,6855.000000,1,152.481847,2126.291792,0.251096,0.263749,0.021075,0.022672,35,7,7,18,30,6,6,15,128715,13,13,85929,0.347938,0.018869,1.282076,0.365533
blackout_only,1342.0,600.0,900.0,4000.0,120.0,500.0,1,57,6426,6426,7158,7158,2,2,0,0,1,1,3355.000000,6710.000000,6855.000000,1,4152.403138,2682.464379,0.250991,0.263733,0.021072,0.022659,25,5,5,9,15,3,3,6,128650,8,8,85920,0.305786,0.020211,1.276686,0.237804
with_repeater,1342.0,600.0,900.0,4000.0,120.0,500.0,1,57,6427,6427,7158,7158,2,2,0,0,2,2,3355.000000,6710.000000,6855.000000,1,165.608191,2128.513618,0.250948,0.263687,0.021067,0.022624,35,7,7,18,30,6,6,15,128735,13,13,85929,0.348389,0.019911,1.278028,0.364666
blackout_only,1342.0,600.0,900.0,4000.0,120.0,500.0,1,58,6426,6426,7158,7158,2,2,0,0,1,1,3355.000000,6710.000000,6855.000000,1,4144.127524,2679.705841,0.251114,0.263798,0.021069,0.022679,25,5,5,9,15,3,3,6,128640,8,8,85920,0.305660,0.019475,1.278972,0.237856
with_repeater,1342.0,600.0,900.0,4000.0,120.0,500.0,1,58,6426,6426,7158,7158,2,2,0,0,2,2,3355.000000,6710.000000,6855.000000,1,149.484094,2126.454099,0.250989,0.263896,0.021072,0.022683,35,7,7,18,30,6,6,15,128731,13,13,85929,0.347762,0.020439,1.282033,0.365313
blackout_only,1342.0,600.0,900.0,4000.0,120.0,500.0,1,59,6426,6426,7158,7158,2,2,0,0,1,1,3355.000000,6710.000000,6855.000000,1,4153.396698,2682.795566,0.250999,0.263478,0.021043,0.022653,25,5,5,9,15,3,3,6,128649,8,8,85920,0.305837,0.021185,1.278075,0.238044
with_repeater,1342.0,600.0,900.0,4000.0,120.0,500.0,1,59,6427,6427,7158,7158,2,2,0,0,2,2,3355.000000,6710.000000,6855.000000,1,170.484303,2131.246114,0.250916,0.263601,0.021063,0.022678,35,7,7,18,30,6,6,15,128735,13,13,85929,0.348277,0.021426,1.281480,0.364990
blackout_only,1342.0,600.0,900.0,4000.0,120.0,500.0,1,60,6427,6427,7158,7158,2,2,0,0,1,1,3355.000000,6710.000000,6855.000000,1,4151.303848,2682.097949,0.250966,0.263499,0.021077,0.022649,25,5,5,9,15,3,3,6,128660,8,8,85920,0.305625,0.021163,1.276919,0.238078
with_repeater,1342.0,600.0,900.0,4000.0,120.0,500.0,1,60,6426,6426,7158,7158,2,2,0,0,2,2,3355.000000,6710.000000,6855.000000,1,165.267465,2130.226326,0.250978,0.263571,0.021080,0.022656,35,7,7,18,30,6,6,15,128733,13,13,85929,0.347813,0.020252,1.278483,0.365777
blackout_only,1342.0,600.0,900.0,4000.0,120.0,500.0,1,61,6426,6426,7158,7158,2,2,0,0,1,1,3355.000000,6710.000000,6855.000000,1,4156.681463,2683.890488,0.251030,0.263919,0.021077,0.022666,25,5,5,9,15,3,3,6,128640,8,8,85920,0.305561,0.022137,1.280083,0.238144
with_repeater,1342.0,600.0,900.0,4000.0,120.0,500.0,1,61,6427,6427,7158,7158,2,2,0,0,2,2,3355.000000,6710.000000,6855.000000,1,160.855610,2129.651403,0.250904,0.263749,0.021079,0.022673,35,7,7,18,30,6,6,15,128735,13,13,85929,0.347956,0.021495,1.282777,0.365031
blackout_only,1342.0,600.0,900.0,4000.0,120.0,500.0,1,62,6426,6426,7158,7158,2,2,0,0,1,1,3355.000000,6710.000000,6855.000000,1,4138.793827,2677.927942,0.250997,0.263813,0.021080,0.022660,25,5,5,9,15,3,3,6,128650,8,8,85920,0.305629,0.018960,1.277497,0.237832
with_repeater,1342.0,600.0,900.0,4000.0,120.0,500.0,1,62,6427,6427,7158,7158,2,2,0,0,2,2,3355.000000,6710.000000,6855.000000,1,153.741884,2128.386640,0.250955,0.263635,0.021083,0.022668,35,7,7,18,30,6,6,15,128735,13,13,85929,0.348128,0.019893,1.280091,0.364775
blackout_only,1342.0,600.0,900.0,4000.0,120.0,500.0,1,63,6427,6427,7158,7158,2,2,0,0,1,1,3355.000000,6710.000000,6855.000000,1,4153.319520,2682.769840,0.250892,0.263859,0.021056,0.022636,25,5,5,9,15,3,3,6,128660,8,8,85920,0.305623,0.021062,1.278405,0.238148
with_repeater,1342.0,600.0,900.0,4000.0,120.0,500.0,1,63,6427,6427,7158,7158,2,2,0,0,2,2,3355.000000,6710.000000,6855.000000,1,156.366191,2129.279507,0.250833,0.263686,0.021037,0.022623,35,7,7,18,30,6,6,15,128735,13,13,85929,0.348144,0.020405,1.278708,0.365529
blackout_only,1342.0,600.0,900.0,4000.0,120.0,500.0,1,64,6427,6427,7158,7158,2,2,0,0,1,1,3355.000000,6710.000000,6855.000000,1,4148.134683,2681.041561,0.250924,0.263516,0.021058,0.022600,25,5,5,9,15,3,3,6,128660,8,8,85920,0.305568,0.019741,1.277642,0.238015
with_repeater,1342.0,600.0,900.0,4000.0,120.0,500.0,1,64,6426,6426,7158,7158,2,2,0,0,2,2,3355.000000,6710.000000,6855.000000,1,155.864385,2127.811014,0.251103,0.263715,0.021064,0.022638,35,7,7,18,30,6,6,15,128715,13,13,85929,0.347949,0.020683,1.281195,0.365401
blackout_only,1342.0,600.0,900.0,4000.0,120.0,500.0,1,65,6426,6426,7158,7158,2,2,0,0,1,1,3355.000000,6710.000000,6855.000000,1,4145.858147,2680.282716,0.250983,0.263715,0.021069,0.022650,25,5,5,9,15,3,3,6,128656,8,8,85920,0.305504,0.020146,1.281416,0.237938
with_repeater,1342.0,600.0,900.0,4000.0,120.0,500.0,1,65,6426,6426,7158,7158,2,2,0,0,2,2,3355.000000,6710.000000,6855.000000,1,147.426899,2126.376144,0.250988,0.263714,0.021079,0.022653,35,7,7,18,30,6,6,15,128731,13,13,85929,0.347609,0.020437,1.280683,0.364755
blackout_only,1342.0,600.0,900.0,4000.0,120.0,500.0,1,66,6427,6427,7158,7158,2,2,0,0,1,1,3355.000000,6710.000000,6855.000000,1,4148.231823,2681.073941,0.250960,0.263467,0.021082,0.022662,25,5,5,9,15,3,3,6,128660,8,8,85920,0.305838,0.018588,1.278695,0.237773
with_repeater,1342.0,600.0,900.0,4000.0,120.0,500.0,1,66,6426,6426,7158,7158,2,2,0,0,2,2,3355.000000,6710.000000,6855.000000,1,165.352127,2129.044786,0.251091,0.263960,0.021081,0.022675,35,7,7,18,30,6,6,15,128715,13,13,85929,0.348371,0.019740,1.277039,0.365168
blackout_only,1342.0,600.0,900.0,4000.0,120.0,500.0,1,67,6426,6426,7158,7158,2,2,0,0,1,1,3355.000000,6710.000000,6855.000000,1,4148.962508,2681.317503,0.251079,0.263586,0.021073,0.022677,25,5,5,9,15,3,3,6,128640,8,8,85920,0.305650,0.021860,1.281611,0.238024
with_repeater,1342.0,600.0,900.0,4000.0,120.0,500.0,1,67,6426,6426,7158,7158,2,2,0,0,2,2,3355.000000,6710.000000,6855.000000,1,165.628765,2130.195936,0.251092,0.263648,0.021063,0.022669,35,7,7,18,30,6,6,15,128715,13,13,85929,0.348351,0.021107,1.280508,0.364869
blackout_only,1342.0,600.0,900.0,4000.0,120.0,500.0,1,68,6426,6426,7158,7158,2,2,0,0,1,1,3355.000000,6710.000000,6855.000000,1,4139.906567,2678.298856,0.251025,0.263824,0.021064,0.022637,25,5,5,9,15,3,3,6,128640,8,8,85920,0.305560,0.020929,1.278937,0.237776
with_repeater,1342.0,600.0,900.0,4000.0,120.0,500.0,1,68,6426,6426,7158,7158,2,2,0,0,2,2,3355.000000,6710.000000,6855.000000,1,148.696295,2127.154331,0.251104,0.263965,0.021055,0.022623,35,7,7,18,30,6,6,15,128715,13,13,85929,0.348159,0.019982,1.281708,0.365105
blackout_only,1342.0,600.0,900.0,4000.0,120.0,500.0,1,69,6426,6426,7158,7158,2,2,0,0,1,1,3355.000000,6710.000000,6855.000000,1,4141.049743,2678.679914,0.251056,0.263722,0.021068,0.022679,25,5,5,9,15,3,3,6,128640,8,8,85920,0.305762,0.020110,1.278617,0.237991
with_repeater,1342.0,600.0,900.0,4000.0,120.0,500.0,1,69,6426,6426,7158,7158,2,2,0,0,2,2,3355.000000,6710.000000,6855.000000,1,148.213849,2127.278164,0.251173,0.263815,0.021059,0.022645,35,7,7,18,30,6,6,15,128715,13,13,85929,0.348265,0.019460,1.281039,0.365107
blackout_only,1342.0,600.0,900.0,4000.0,120.0,500.0,1,70,6426,6426,7158,7158,2,2,0,0,1,1,3355.000000,6710.000000,6855.000000,1,4144.492707,2679.827569,0.251125,0.264173,0.021031,0.022617,25,5,5,9,15,3,3,6,128640,8,8,85920,0.305506,0.019325,1.283077,0.237941
with_repeater,1342.0,600.0,900.0,4000.0,120.0,500.0,1,70,6427,6427,7158,7158,2,2,0,0,2,2,3355.000000,6710.000000,6855.000000,1,154.444554,2127.741017,0.250958,0.264064,0.021056,0.022668,35,7,7,18,30,6,6,15,128735,13,13,85929,0.347783,0.019295,1.281994,0.365196
blackout_only,1342.0,600.0,900.0,4000.0,120.0,500.0,1,71,6426,6426,7158,7158,2,2,0,0,1,1,3355.000000,6710.000000,6855.000000,1,4149.666519,2681.552173,0.251049,0.263732,0.021049,0.022646,25,5,5,9,15,3,3,6,128640,8,8,85920,0.305681,0.020303,1.280619,0.238139
with_repeater,1342.0,600.0,900.0,4000.0,120.0,500.0,1,71,6426,6426,7158,7158,2,2,0,0,2,2,3355.000000,6710.000000,6855.000000,1,149.516503,2126.386395,0.251128,0.263484,0.021057,0.022640,35,7,7,18,30,6,6,15,128715,13,13,85929,0.347816,0.019942,1.281046,0.365314
blackout_only,1342.0,600.0,900.0,4000.0,120.0,500.0,1,72,6427,6427,7158,7158,2,2,0,0,1,1,3355.000000,6710.000000,6855.000000,1,4145.750097,2680.246699,0.250921,0.263824,0.021079,0.022663,25,5,5,9,15,3,3,6,128660,8,8,85920,0.305629,0.020760,1.280812,0.238075
with_repeater,1342.0,600.0,900.0,4000.0,120.0,500.0,1,72,6426,6426,7158,7158,2,2,0,0,2,2,3355.000000,6710.000000,6855.000000,1,162.967550,2128.320644,0.251012,0.263990,0.021072,0.022662,35,7,7,18,30,6,6,15,128715,13,13,85929,0.347928,0.020626,1.280010,0.365138
blackout_only,1342.0,600.0,900.0,4000.0,120.0,500.0,1,73,6426,6426,7158,7158,2,2,0,0,1,1,3355.000000,6710.000000,6855.000000,1,4160.274786,2685.088262,0.251004,0.263657,0.021049,0.022606,25,5,5,9,15,3,3,6,128647,8,8,85920,0.305940,0.019896,1.278833,0.238110
with_repeater,1342.0,600.0,900.0,4000.0,120.0,500.0,1,73,6426,6426,7158,7158,2,2,0,0,2,2,3355.000000,6710.000000,6855.000000,1,161.428882,2129.134414,0.251015,0.263944,0.021052,0.022617,35,7,7,18,30,6,6,15,128715,13,13,85929,0.348063,0.020262,1.279481,0.365072
blackout_only,1342.0,600.0,900.0,4000.0,120.0,500.0,1,74,6426,6426,7158,7158,2,2,0,0,1,1,3355.000000,6710.000000,6855.000000,1,4146.293676,2680.427892,0.250980,0.263613,0.021074,0.022680,25,5,5,9,15,3,3,6,128657,8,8,85920,0.305591,0.020262,1.282949,0.237906
with_repeater,1342.0,600.0,900.0,4000.0,120.0,500.0,1,74,6426,6426,7158,7158,2,2,0,0,2,2,3355.000000,6710.000000,6855.000000,1,183.105771,2132.002141,0.251091,0.263587,0.021066,0.022649,35,7,7,18,30,6,6,15,128715,13,13,85929,0.348012,0.020720,1.281926,0.365598
blackout_only,1342.0,600.0,900.0,4000.0,120.0,500.0,1,75,6427,6427,7158,7158,2,2,0,0,1,1,3355.000000,6710.000000,6855.000000,1,4148.417104,2681.135701,0.250890,0.263725,0.021069,0.022651,25,5,5,9,15,3,3,6,128660,8,8,85920,0.305658,0.020773,1.277743,0.238067
with_repeater,1342.0,600.0,900.0,4000.0,120.0,500.0,1,75,6426,6426,7158,7158,2,2,0,0,2,2,3355.000000,6710.000000,6855.000000,1,146.172331,2126.367336,0.251103,0.263524,0.021064,0.022646,35,7,7,18,30,6,6,15,128715,13,13,85929,0.347848,0.019903,1.276832,0.364850
blackout_only,1342.0,600.0,900.0,4000.0,120.0,500.0,1,76,6426,6426,7158,7158,2,2,0,0,1,1,3355.000000,6710.000000,6855.000000,1,4157.794028,2684.261343,0.251131,0.263700,0.021068,0.022682,25,5,5,9,15,3,3,6,128640,8,8,85920,0.305668,0.019935,1.278919,0.238159
with_repeater,1342.0,600.0,900.0,4000.0,120.0,500.0,1,76,6426,6426,7158,7158,2,2,0,0,2,2,3355.000000,6710.000000,6855.000000,1,154.083111,2127.876197,0.251118,0.263546,0.021091,0.022715,35,7,7,18,30,6,6,15,128715,13,13,85929,0.348320,0.020458,1.277424,0.364705
blackout_only,1342.0,600.0,900.0,4000.0,120.0,500.0,1,77,6426,6426,7158,7158,2,2,0,0,1,1,3355.000000,6710.000000,6855.000000,1,4147.036004,2680.675335,0.251122,0.263963,0.021080,0.022661,25,5,5,9,15,3,3,6,128640,8,8,85920,0.305602,0.019832,1.280509,0.237933
with_repeater,1342.0,600.0,900.0,4000.0,120.0,500.0,1,77,6426,6426,7158,7158,2,2,0,0,2,2,3355.000000,6710.000000,6855.000000,1,168.724429,2130.379226,0.250975,0.264006,0.021078,0.022680,35,7,7,18,30,6,6,15,128735,13,13,85929,0.348083,0.020269,1.280657,0.365498
blackout_only,1342.0,600.0,900.0,4000.0,120.0,500.0,1,78,6426,6426,7158,7158,2,2,0,0,1,1,3355.000000,6710.000000,6855.000000,1,4142.954579,2679.314860,0.251052,0.263793,0.021062,0.022661,25,5,5,9,15,3,3,6,128640,8,8,85920,0.305628,0.017856,1.278464,0.237818
with_repeater,1342.0,600.0,900.0,4000.0,120.0,500.0,1,78,6427,6427,7158,7158,2,2,0,0,2,2,3355.000000,6710.000000,6855.000000,1,161.118566,2128.587609,0.250964,0.263677,0.021061,0.022622,35,7,7,18,30,6,6,15,128735,13,13,85929,0.347771,0.019180,1.282976,0.365495
blackout_only,1342.0,600.0,900.0,4000.0,120.0,500.0,1,79,6426,6426,7158,7158,2,2,0,0,1,1,3355.000000,6710.000000,6855.000000,1,4147.115447,2680.701816,0.251086,0.263740,0.021076,0.022635,25,5,5,9,15,3,3,6,128640,8,8,85920,0.305640,0.018124,1.281103,0.238004
with_repeater,1342.0,600.0,900.0,4000.0,120.0,500.0,1,79,6426,6426,7158,7158,2,2,0,0,2,2,3355.000000,6710.000000,6855.000000,1,168.424956,2130.343231,0.251134,0.263670,0.021073,0.022635,35,7,7,18,30,6,6,15,128715,13,13,85929,0.348056,0.018295,1.280179,0.365577
blackout_only,1342.0,600.0,900.0,4000.0,120.0,500.0,1,80,6427,6427,7158,7158,2,2,0,0,1,1,3355.000000,6710.000000,6855.000000,1,4149.612305,2681.534102,0.250930,0.263661,0.021068,0.022650,25,5,5,9,15,3,3,6,128660,8,8,85920,0.305597,0.020440,1.280704,0.238190
with_repeater,1342.0,600.0,900.0,4000.0,120.0,500.0,1,80,6426,6426,7158,7158,2,2,0,0,2,2,3355.000000,6710.000000,6855.000000,1,169.769590,2131.247964,0.251021,0.263625,0.021070,0.022678,35,7,7,18,30,6,6,15,128715,13,13,85929,0.347940,0.020780,1.279470,0.365532
blackout_only,1342.0,600.0,900.0,4000.0,120.0,500.0,1,81,6426,6426,7158,7158,2,2,0,0,1,1,3355.000000,6710.000000,6855.000000,1,4149.263006,2681.417669,0.251109,0.264041,0.021077,0.022644,25,5,5,9,15,3,3,6,128640,8,8,85920,0.305820,0.019918,1.277985,0.238034
with_repeater,1342.0,600.0,900.0,4000.0,120.0,500.0,1,81,6426,6426,7158,7158,2,2,0,0,2,2,3355.000000,6710.000000,6855.000000,1,175.387316,2130.560159,0.251019,0.263942,0.021087,0.022674,35,7,7,18,30,6,6,15,128715,13,13,85929,0.348060,0.020077,1.279011,0.365545
blackout_only,1342.0,600.0,900.0,4000.0,120.0,500.0,1,82,6426,6426,7158,7158,2,2,0,0,1,1,3355.000000,6710.000000,6855.000000,1,4146.058771,2680.349590,0.251064,0.263598,0.021069,0.022644,25,5,5,9,15,3,3,6,128640,8,8,85920,0.305658,0.021902,1.283837,0.237939
with_repeater,1342.0,600.0,900.0,4000.0,120.0,500.0,1,82,6426,6426,7158,7158,2,2,0,0,2,2,3355.000000,6710.000000,6855.000000,1,153.133150,2127.464618,0.250975,0.263596,0.021073,0.022599,35,7,7,18,30,6,6,15,128733,13,13,85929,0.347910,0.020190,1.279984,0.365482
blackout_only,1342.0,600.0,900.0,4000.0,120.0,500.0,1,83,6426,6426,7158,7158,2,2,0,0,1,1,3355.000000,6710.000000,6855.000000,1,4142.015482,2679.001827,0.250995,0.263728,0.021073,0.022661,25,5,5,9,15,3,3,6,128650,8,8,85920,0.305629,0.020687,1.278612,0.237842
with_repeater,1342.0,600.0,900.0,4000.0,120.0,500.0,1,83,6426,6426,7158,7158,2,2,0,0,2,2,3355.000000,6710.000000,6855.000000,1,171.303740,2130.274783,0.250990,0.263728,0.021081,0.022658,35,7,7,18,30,6,6,15,128725,13,13,85929,0.348037,0.020897,1.278525,0.364902
blackout_only,1342.0,600.0,900.0,4000.0,120.0,500.0,1,84,6426,6426,7158,7158,2,2,0,0,1,1,3355.000000,6710.000000,6855.000000,1,4149.077736,2681.355912,0.250972,0.263651,0.021076,0.022661,25,5,5,9,15,3,3,6,128660,8,8,85920,0.305828,0.018733,1.278203,0.237959
with_repeater,1342.0,600.0,900.0,4000.0,120.0,500.0,1,84,6427,6427,7158,7158,2,2,0,0,2,2,3355.000000,6710.000000,6855.000000,1,160.501762,2129.582187,0.250906,0.263636,0.021075,0.022675,35,7,7,18,30,6,6,15,128735,13,13,85929,0.348072,0.018659,1.279669,0.365376
blackout_only,1342.0,600.0,900.0,4000.0,120.0,500.0,1,85,6427,6427,7158,7158,2,2,0,0,1,1,3355.000000,6710.000000,6855.000000,1,4136.196112,2677.062037,0.250950,0.263844,0.021057,0.022624,25,5,5,9,15,3,3,6,128660,8,8,85920,0.305638,0.019348,1.281770,0.237698
with_repeater,1342.0,600.0,900.0,4000.0,120.0,500.0,1,85,6427,6427,7158,7158,2,2,0,0,2,2,3355.000000,6710.000000,6855.000000,1,142.617159,2125.982032,0.250912,0.263604,0.021058,0.022619,35,7,7,18,30,6,6,15,128735,13,13,85929,0.348083,0.018724,1.282588,0.365402
blackout_only,1342.0,600.0,900.0,4000.0,120.0,500.0,1,86,6426,6426,7158,7158,2,2,0,0,1,1,3355.000000,6710.000000,6855.000000,1,4149.402168,2681.464056,0.251125,0.263581,0.021084,0.022657,25,5,5,9,15,3,3,6,128640,8,8,85920,0.305579,0.020617,1.277643,0.238042
with_repeater,1342.0,600.0,900.0,4000.0,120.0,500.0,1,86,6426,6426,7158,7158,2,2,0,0,2,2,3355.000000,6710.000000,6855.000000,1,158.883030,2128.256929,0.251106,0.263545,0.021085,0.022669,35,7,7,18,30,6,6,15,128715,13,13,85929,0.347979,0.020163,1.279811,0.365536
blackout_only,1342.0,600.0,900.0,4000.0,120.0,500.0,1,87,6426,6426,7158,7158,2,2,0,0,1,1,3355.000000,6710.000000,6855.000000,1,4147.376369,2680.788790,0.250981,0.263796,0.021049,0.022629,25,5,5,9,15,3,3,6,128656,8,8,85920,0.305434,0.020029,1.279435,0.238146
with_repeater,1342.0,600.0,900.0,4000.0,120.0,500.0,1,87,6426,6426,7158,7158,2,2,0,0,2,2,3355.000000,6710.000000,6855.000000,1,142.691670,2126.177084,0.251111,0.264018,0.021052,0.022639,35,7,7,18,30,6,6,15,128715,13,13,85929,0.348029,0.019670,1.279680,0.364837
blackout_only,1342.0,600.0,900.0,4000.0,120.0,500.0,1,88,6426,6426,7158,7158,2,2,0,0,1,1,3355.000000,6710.000000,6855.000000,1,4142.172668,2679.054223,0.251042,0.263808,0.021067,0.022683,25,5,5,9,15,3,3,6,128640,8,8,85920,0.305630,0.021534,1.280661,0.238014
with_repeater,1342.0,600.0,900.0,4000.0,120.0,500.0,1,88,6426,6426,7158,7158,2,2,0,0,2,2,3355.000000,6710.000000,6855.000000,1,160.280283,2128.118507,0.251003,0.263624,0.021074,0.022665,35,7,7,18,30,6,6,15,128722,13,13,85929,0.348032,0.020682,1.279198,0.365049
blackout_only,1342.0,600.0,900.0,4000.0,120.0,500.0,1,89,6427,6427,7158,7158,2,2,0,0,1,1,3355.000000,6710.000000,6855.000000,1,4141.985928,2678.991976,0.250777,0.263524,0.021065,0.022653,25,5,5,9,15,3,3,6,128660,8,8,85920,0.305573,0.020716,1.280287,0.237843
with_repeater,1342.0,600.0,900.0,4000.0,120.0,500.0,1,89,6427,6427,7158,7158,2,2,0,0,2,2,3355.000000,6710.000000,6855.000000,1,151.890062,2127.640775,0.250708,0.263386,0.021071,0.022645,35,7,7,18,30,6,6,15,128735,13,13,85929,0.348110,0.019585,1.281153,0.365104
blackout_only,1342.0,600.0,1800.0,4000.0,120.0,500.0,1,40,6826,6826,7603,7603,2,2,0,0,2,2,3355.000000,6710.000000,6855.000000,1,3241.817286,2679.833837,0.250955,0.263846,0.021066,0.022648,30,6,6,12,20,4,4,6,136670,10,10,91260,0.290791,0.020404,1.280322,0.268300
with_repeater,1342.0,600.0,1800.0,4000.0,120.0,500.0,1,40,6826,6826,7603,7603,2,2,2,2,1,1,3355.000000,6710.000000,6855.000000,1,1553.174606,1734.804381,0.250919,0.263757,0.021080,0.022663,40,8,8,21,35,7,7,18,136764,15,15,91281,0.352008,0.020121,1.280393,0.359998
blackout_only,1342.0,600.0,1800.0,4000.0,120.0,500.0,1,41,6826,6826,7603,7603,2,2,0,0,2,2,3355.000000,6710.000000,6855.000000,1,3248.186023,2680.837432,0.250986,0.263659,0.021044,0.022656,30,6,6,12,20,4,4,6,136670,10,10,91260,0.290832,0.020218,1.279925,0.268409
with_repeater,1342.0,600.0,1800.0,4000.0,120.0,500.0,1,41,6826,6826,7603,7603,2,2,2,2,1,1,3355.000000,6710.000000,6855.000000,1,1540.036551,1732.411505,0.251005,0.263883,0.021047,0.022635,40,8,8,21,35,7,7,18,136745,15,15,91281,0.351683,0.019633,1.280153,0.359900
blackout_only,1342.0,600.0,1800.0,4000.0,120.0,500.0,1,42,6826,6826,7603,7603,2,2,0,0,2,2,3355.000000,6710.000000,6855.000000,1,3246.500634,2681.509266,0.250936,0.263588,0.021061,0.022640,30,6,6,12,20,4,4,6,136680,10,10,91260,0.291026,0.018533,1.280111,0.268430
with_repeater,1342.0,600.0,1800.0,4000.0,120.0,500.0,1,42,6826,6826,7603,7603,2,2,2,2,1,1,3355.000000,6710.000000,6855.000000,1,1538.797368,1732.764347,0.250976,0.263569,0.021061,0.022664,40,8,8,21,35,7,7,18,136745,15,15,91281,0.351646,0.019860,1.281035,0.360026
blackout_only,1342.0,600.0,1800.0,4000.0,120.0,500.0,1,43,6826,6826,7603,7603,2,2,0,0,2,2,3355.000000,6710.000000,6855.000000,1,3246.699979,2680.270712,0.251004,0.263734,0.021069,0.022680,30,6,6,12,20,4,4,6,136670,10,10,91260,0.291060,0.020971,1.276719,0.268336
with_repeater,1342.0,600.0,1800.0,4000.0,120.0,500.0,1,43,6826,6826,7603,7603,2,2,2,2,1,1,3355.000000,6710.000000,6855.000000,1,1546.833203,1733.645673,0.250922,0.263734,0.021084,0.022678,40,8,8,21,35,7,7,18,136762,15,15,91281,0.351972,0.020072,1.279306,0.359831
blackout_only,1342.0,600.0,1800.0,4000.0,120.0,500.0,1,44,6826,6826,7603,7603,2,2,0,0,2,2,3355.000000,6710.000000,6855.000000,1,3251.596155,2681.961055,0.251039,0.263752,0.021090,0.022684,30,6,6,12,20,4,4,6,136670,10,10,91260,0.291015,0.019869,1.278758,0.268425
with_repeater,1342.0,600.0,1800.0,4000.0,120.0,500.0,1,44,6826,6826,7603,7603,2,2,2,2,1,1,3355.000000,6710.000000,6855.000000,1,1557.280349,1735.201922,0.251001,0.263517,0.021097,0.022666,40,8,8,21,35,7,7,18,136745,15,15,91281,0.351773,0.020364,1.279710,0.359626
blackout_only,1342.0,600.0,1800.0,4000.0,120.0,500.0,1,45,6826,6826,7603,7603,2,2,0,0,2,2,3355.000000,6710.000000,6855.000000,1,3245.902611,2679.301363,0.251033,0.263929,0.021082,0.022671,30,6,6,12,20,4,4,6,136670,10,10,91260,0.290868,0.018992,1.281108,0.268202
with_repeater,1342.0,600.0,1800.0,4000.0,120.0,500.0,1,45,6827,6827,7603,7603,2,2,2,2,1,1,3355.000000,6710.000000,6855.000000,1,1541.889078,1733.309966,0.250839,0.263635,0.021082,0.022679,40,8,8,21,35,7,7,18,136765,15,15,91281,0.351703,0.018499,1.278970,0.359544
blackout_only,1342.0,600.0,1800.0,4000.0,120.0,500.0,1,46,6826,6826,7603,7603,2,2,0,0,2,2,3355.000000,6710.000000,6855.000000,1,3253.883089,2683.183011,0.250974,0.263675,0.021066,0.022641,30,6,6,12,20,4,4,6,136670,10,10,91260,0.291172,0.018851,1.277325,0.268507
with_repeater,1342.0,600.0,1800.0,4000.0,120.0,500.0,1,46,6826,6826,7603,7603,2,2,2,2,1,1,3355.000000,6710.000000,6855.000000,1,1560.602340,1735.651888,0.251095,0.263790,0.021065,0.022619,40,8,8,21,35,7,7,18,136745,15,15,91281,0.351799,0.020239,1.281056,0.359445
blackout_only,1342.0,600.0,1800.0,4000.0,120.0,500.0,1,47,6826,6826,7603,7603,2,2,0,0,2,2,3355.000000,6710.000000,6855.000000,1,3247.601599,2682.024888,0.251005,0.264018,0.021072,0.022654,30,6,6,12,20,4,4,6,136670,10,10,91260,0.290930,0.018603,1.281087,0.268400
with_repeater,1342.0,600.0,1800.0,4000.0,120.0,500.0,1,47,6827,6827,7603,7603,2,2,2,2,1,1,3355.000000,6710.000000,6855.000000,1,1535.762434,1732.256358,0.250913,0.263851,0.021061,0.022626,40,8,8,21,35,7,7,18,136765,15,15,91281,0.351817,0.019896,1.277809,0.359177
blackout_only,1342.0,600.0,1800.0,4000.0,120.0,500.0,1,48,6826,6826,7603,7603,2,2,0,0,2,2,3355.000000,6710.000000,6855.000000,1,3236.281807,2678.112543,0.251017,0.263754,0.021069,0.022649,30,6,6,12,20,4,4,6,136670,10,10,91260,0.290898,0.020752,1.277771,0.268202
with_repeater,1342.0,600.0,1800.0,4000.0,120.0,500.0,1,48,6826,6826,7603,7603,2,2,2,2,1,1,3355.000000,6710.000000,6855.000000,1,1549.751901,1734.456270,0.251082,0.263759,0.021074,0.022656,40,8,8,21,35,7,7,18,136745,15,15,91281,0.351581,0.021224,1.278984,0.359584
blackout_only,1342.0,600.0,1800.0,4000.0,120.0,500.0,1,49,6826,6826,7603,7603,2,2,0,0,2,2,3355.000000,6710.000000,6855.000000,1,3248.102098,2680.386209,0.251086,0.263771,0.021053,0.022606,30,6,6,12,20,4,4,6,136670,10,10,91260,0.290982,0.020356,1.276407,0.268395
with_repeater,1342.0,600.0,1800.0,4000.0,120.0,500.0,1,49,6826,6826,7603,7603,2,2,2,2,1,1,3355.000000,6710.000000,6855.000000,1,1550.809310,1734.421638,0.251062,0.263976,0.021051,0.022642,40,8,8,21,35,7,7,18,136745,15,15,91281,0.351779,0.020383,1.277970,0.359931
blackout_only,1342.0,600.0,1800.0,4000.0,120.0,500.0,1,50,6826,6826,7603,7603,2,2,0,0,2,2,3355.000000,6710.000000,6855.000000,1,3245.020191,2679.189881,0.251029,0.263667,0.021078,0.022656,30,6,6,12,20,4,4,6,136670,10,10,91260,0.290829,0.020495,1.282784,0.268245
with_repeater,1342.0,600.0,1800.0,4000.0,120.0,500.0,1,50,6826,6826,7603,7603,2,2,2,2,2,2,3355.000000,6710.000000,6855.000000,1,2682.224887,1896.231504,0.251214,0.263808,0.021059,0.022650,40,8,8,21,35,7,7,18,136745,15,15,91278,0.346509,0.020913,1.281827,0.360275
blackout_only,1342.0,600.0,1800.0,4000.0,120.0,500.0,1,51,6826,6826,7603,7603,2,2,0,0,2,2,3355.000000,6710.000000,6855.000000,1,3245.894789,2679.883306,0.250953,0.264057,0.021070,0.022630,30,6,6,12,20,4,4,6,136670,10,10,91260,0.290921,0.019259,1.284425,0.268170
with_repeater,1342.0,600.0,1800.0,4000.0,120.0,500.0,1,51,6826,6826,7603,7603,2,2,2,2,1,1,3355.000000,6710.000000,6855.000000,1,1524.210699,1730.968676,0.250960,0.263662,0.021065,0.022607,40,8,8,21,35,7,7,18,136745,15,15,91281,0.351765,0.019352,1.281687,0.359565
blackout_only,1342.0,600.0,1800.0,4000.0,120.0,500.0,1,52,6826,6826,7603,7603,2,2,0,0,2,2,3355.000000,6710.000000,6855.000000,1,3248.103116,2680.635870,0.251100,0.263978,0.021066,0.022631,30,6,6,12,20,4,4,6,136670,10,10,91260,0.290887,0.021008,1.280842,0.268475
with_repeater,1342.0,600.0,1800.0,4000.0,120.0,500.0,1,52,6826,6826,7603,7603,2,2,2,2,1,1,3355.000000,6710.000000,6855.000000,1,1555.286555,1735.392760,0.251059,0.263838,0.021073,0.022630,40,8,8,21,35,7,7,18,136745,15,15,91281,0.351672,0.020927,1.279287,0.360025
blackout_only,1342.0,600.0,1800.0,4000.0,120.0,500.0,1,53,6826,6826,7603,7603,2,2,0,0,2,2,3355.000000,6710.000000,6855.000000,1,3242.827245,2680.158642,0.251013,0.263539,0.021056,0.022625,30,6,6,12,20,4,4,6,136670,10,10,91260,0.291048,0.020951,1.278185,0.268603
with_repeater,1342.0,600.0,1800.0,4000.0,120.0,500.0,1,53,6826,6826,7603,7603,2,2,2,2,1,1,3355.000000,6710.000000,6855.000000,1,1545.781527,1734.396905,0.251062,0.263644,0.021054,0.022642,40,8,8,21,35,7,7,18,136745,15,15,91281,0.351937,0.019993,1.279849,0.359531
blackout_only,1342.0,600.0,1800.0,4000.0,120.0,500.0,1,54,6826,6826,7603,7603,2,2,0,0,2,2,3355.000000,6710.000000,6855.000000,1,3247.235040,2680.256991,0.250944,0.263342,0.021065,0.022650,30,6,6,12,20,4,4,6,136677,10,10,91260,0.290972,0.019872,1.280610,0.268522
with_repeater,1342.0,600.0,1800.0,4000.0,120.0,500.0,1,54,6826,6826,7603,7603,2,2,2,2,1,1,3355.000000,6710.000000,6855.000000,1,1516.409915,1730.183542,0.251082,0.263452,0.021062,0.022625,40,8,8,21,35,7,7,18,136745,15,15,91281,0.351675,0.020607,1.280559,0.359328
blackout_only,1342.0,600.0,1800.0,4000.0,120.0,500.0,1,55,6826,6826,7603,7603,2,2,0,0,2,2,3355.000000,6710.000000,6855.000000,1,3249.718395,2680.710648,0.251082,0.263781,0.021072,0.022646,30,6,6,12,20,4,4,6,136670,10,10,91260,0.290922,0.020757,1.280464,0.268306
with_repeater,1342.0,600.0,1800.0,4000.0,120.0,500.0,1,55,6826,6826,7603,7603,2,2,2,2,1,1,3355.000000,6710.000000,6855.000000,1,1527.912609,1730.377790,0.250997,0.263743,0.021078,0.022684,40,8,8,21,35,7,7,18,136745,15,15,91281,0.351865,0.020193,1.280427,0.359026
blackout_only,1342.0,600.0,1800.0,4000.0,120.0,500.0,1,56,6826,6826,7603,7603,2,2,0,0,2,2,3355.000000,6710.000000,6855.000000,1,3241.992512,2680.457015,0.251092,0.263925,0.021080,0.022684,30,6,6,12,20,4,4,6,136670,10,10,91260,0.290928,0.019066,1.284661,0.268513
with_repeater,1342.0,600.0,1800.0,4000.0,120.0,500.0,1,56,6826,6826,7603,7603,2,2,2,2,1,1,3355.000000,6710.000000,6855.000000,1,1533.409719,1732.257729,0.251080,0.263836,0.021080,0.022668,40,8,8,21,35,7,7,18,136745,15,15,91281,0.351784,0.019208,1.279563,0.359794
blackout_only,1342.0,600.0,1800.0,4000.0,120.0,500.0,1,57,6826,6826,7603,7603,2,2,0,0,2,2,3355.000000,6710.000000,6855.000000,1,3252.403138,2681.670941,0.250992,0.263732,0.021073,0.022656,30,6,6,12,20,4,4,6,136670,10,10,91260,0.291108,0.020328,1.277944,0.268156
with_repeater,1342.0,600.0,1800.0,4000.0,120.0,500.0,1,57,6826,6826,7603,7603,2,2,2,2,1,1,3355.000000,6710.000000,6855.000000,1,1558.516725,1735.454003,0.251003,0.263619,0.021076,0.022641,40,8,8,21,35,7,7,18,136745,15,15,91281,0.352721,0.021035,1.277920,0.359668
blackout_only,1342.0,600.0,1800.0,4000.0,120.0,500.0,1,58,6826,6826,7603,7603,2,2,0,0,2,2,3355.000000,6710.000000,6855.000000,1,3244.127524,2681.728492,0.251112,0.263798,0.021070,0.022676,30,6,6,12,20,4,4,6,136670,10,10,91260,0.290973,0.020536,1.279815,0.268344
with_repeater,1342.0,600.0,1800.0,4000.0,120.0,500.0,1,58,6826,6826,7603,7603,2,2,2,2,1,1,3355.000000,6710.000000,6855.000000,1,1522.151723,1730.909080,0.250937,0.263675,0.021086,0.022679,40,8,8,21,35,7,7,18,136755,15,15,91281,0.351649,0.019984,1.282001,0.359878
blackout_only,1342.0,600.0,1800.0,4000.0,120.0,500.0,1,59,6826,6826,7603,7603,2,2,0,0,2,2,3355.000000,6710.000000,6855.000000,1,3253.396698,2681.205293,0.250971,0.263478,0.021042,0.022653,30,6,6,12,20,4,4,6,136670,10,10,91260,0.291144,0.020921,1.277926,0.268405
with_repeater,1342.0,600.0,1800.0,4000.0,120.0,500.0,1,59,6826,6826,7603,7603,2,2,2,2,1,1,3355.000000,6710.000000,6855.000000,1,1558.348805,1735.865933,0.250920,0.263642,0.021058,0.022660,40,8,8,21,35,7,7,18,136763,15,15,91281,0.352103,0.019986,1.279285,0.359687
blackout_only,1342.0,600.0,1800.0,4000.0,120.0,500.0,1,60,6826,6826,7603,7603,2,2,0,0,2,2,3355.000000,6710.000000,6855.000000,1,3251.303848,2681.861083,0.250969,0.263585,0.021079,0.022654,30,6,6,12,20,4,4,6,136670,10,10,91260,0.290972,0.021133,1.278510,0.268509
with_repeater,1342.0,600.0,1800.0,4000.0,120.0,500.0,1,60,6826,6826,7603,7603,2,2,2,2,1,1,3355.000000,6710.000000,6855.000000,1,1545.925100,1734.135205,0.250917,0.263897,0.021079,0.022666,40,8,8,21,35,7,7,18,136764,15,15,91281,0.351450,0.020290,1.278805,0.360201
blackout_only,1342.0,600.0,1800.0,4000.0,120.0,500.0,1,61,6826,6826,7603,7603,2,2,0,0,2,2,3355.000000,6710.000000,6855.000000,1,3256.681463,2683.011373,0.251002,0.263946,0.021078,0.022671,30,6,6,12,20,4,4,6,136670,10,10,91260,0.290875,0.021799,1.278974,0.268490
with_repeater,1342.0,600.0,1800.0,4000.0,120.0,500.0,1,61,6826,6826,7603,7603,2,2,2,2,1,1,3355.000000,6710.000000,6855.000000,1,1543.745037,1733.929647,0.250988,0.263846,0.021067,0.022635,40,8,8,21,35,7,7,18,136745,15,15,91281,0.351726,0.020592,1.281267,0.359550
blackout_only,1342.0,600.0,1800.0,4000.0,120.0,500.0,1,62,6826,6826,7603,7603,2,2,0,0,2,2,3355.000000,6710.000000,6855.000000,1,3238.793827,2678.908018,0.251003,0.263829,0.021082,0.022664,30,6,6,12,20,4,4,6,136670,10,10,91260,0.290951,0.019803,1.278060,0.268239
with_repeater,1342.0,600.0,1800.0,4000.0,120.0,500.0,1,62,6827,6827,7603,7603,2,2,2,2,1,1,3355.000000,6710.000000,6855.000000,1,1551.327434,1733.792712,0.250822,0.263494,0.021073,0.022639,40,8,8,21,35,7,7,18,136765,15,15,91281,0.351615,0.019387,1.280711,0.359394
blackout_only,1342.0,600.0,1800.0,4000.0,120.0,500.0,1,63,6826,6826,7603,7603,2,2,0,0,2,2,3355.000000,6710.000000,6855.000000,1,3253.319520,2682.185819,0.250930,0.263864,0.021057,0.022633,30,6,6,12,20,4,4,6,136680,10,10,91260,0.290963,0.021492,1.279116,0.268505
with_repeater,1342.0,600.0,1800.0,4000.0,120.0,500.0,1,63,6827,6827,7603,7603,2,2,2,2,1,1,3355.000000,6710.000000,6855.000000,1,1540.052142,1733.380457,0.250894,0.263835,0.021048,0.022621,40,8,8,21,35,7,7,18,136765,15,15,91281,0.352267,0.020565,1.280457,0.359807
blackout_only,1342.0,600.0,1800.0,4000.0,120.0,500.0,1,64,6826,6826,7603,7603,2,2,0,0,2,2,3355.000000,6710.000000,6855.000000,1,3248.134683,2679.886325,0.250943,0.263575,0.021055,0.022600,30,6,6,12,20,4,4,6,136678,10,10,91260,0.290919,0.019686,1.278705,0.268334
with_repeater,1342.0,600.0,1800.0,4000.0,120.0,500.0,1,64,6826,6826,7603,7603,2,2,2,2,1,1,3355.000000,6710.000000,6855.000000,1,1550.598500,1734.611113,0.250990,0.263862,0.021069,0.022633,40,8,8,21,35,7,7,18,136745,15,15,91281,0.351783,0.019821,1.280643,0.360004
blackout_only,1342.0,600.0,1800.0,4000.0,120.0,500.0,1,65,6826,6826,7603,7603,2,2,0,0,2,2,3355.000000,6710.000000,6855.000000,1,3245.858147,2680.296495,0.250992,0.263739,0.021075,0.022650,30,6,6,12,20,4,4,6,136670,10,10,91260,0.290847,0.020231,1.280674,0.268340
with_repeater,1342.0,600.0,1800.0,4000.0,120.0,500.0,1,65,6826,6826,7603,7603,2,2,2,2,1,1,3355.000000,6710.000000,6855.000000,1,1540.727053,1732.939583,0.251078,0.263765,0.021070,0.022647,40,8,8,21,35,7,7,18,136745,15,15,91281,0.351710,0.019681,1.280860,0.359395
blackout_only,1342.0,600.0,1800.0,4000.0,120.0,500.0,1,66,6826,6826,7603,7603,2,2,0,0,2,2,3355.000000,6710.000000,6855.000000,1,3248.231823,2680.919702,0.250945,0.263416,0.021083,0.022657,30,6,6,12,20,4,4,6,136676,10,10,91260,0.291170,0.018847,1.277809,0.268118
with_repeater,1342.0,600.0,1800.0,4000.0,120.0,500.0,1,66,6826,6826,7603,7603,2,2,2,2,1,1,3355.000000,6710.000000,6855.000000,1,1551.260195,1734.156191,0.251158,0.263794,0.021080,0.022666,40,8,8,21,35,7,7,18,136745,15,15,91281,0.352431,0.019447,1.279306,0.359555
blackout_only,1342.0,600.0,1800.0,4000.0,120.0,500.0,1,67,6826,6826,7603,7603,2,2,0,0,2,2,3355.000000,6710.000000,6855.000000,1,3248.962508,2680.622698,0.251081,0.263572,0.021073,0.022678,30,6,6,12,20,4,4,6,136670,10,10,91260,0.290962,0.022078,1.280701,0.268468
with_repeater,1342.0,600.0,1800.0,4000.0,120.0,500.0,1,67,6826,6826,7603,7603,2,2,2,2,1,1,3355.000000,6710.000000,6855.000000,1,1556.685042,1735.389722,0.251048,0.263847,0.021096,0.022704,40,8,8,21,35,7,7,18,136745,15,15,91281,0.352060,0.020722,1.282099,0.358959
blackout_only,1342.0,600.0,1800.0,4000.0,120.0,500.0,1,68,6826,6826,7603,7603,2,2,0,0,2,2,3355.000000,6710.000000,6855.000000,1,3239.906567,2679.758508,0.251004,0.263784,0.021061,0.022629,30,6,6,12,20,4,4,6,136670,10,10,91260,0.290875,0.020307,1.278506,0.268187
with_repeater,1342.0,600.0,1800.0,4000.0,120.0,500.0,1,68,6826,6826,7603,7603,2,2,2,2,1,1,3355.000000,6710.000000,6855.000000,1,1544.887683,1733.100671,0.251123,0.263855,0.021050,0.022652,40,8,8,21,35,7,7,18,136745,15,15,91281,0.351981,0.019769,1.280123,0.359389
blackout_only,1342.0,600.0,1800.0,4000.0,120.0,500.0,1,69,6826,6826,7603,7603,2,2,0,0,2,2,3355.000000,6710.000000,6855.000000,1,3241.049743,2678.815792,0.251047,0.263711,0.021071,0.022683,30,6,6,12,20,4,4,6,136670,10,10,91260,0.291065,0.019957,1.279186,0.268376
with_repeater,1342.0,600.0,1800.0,4000.0,120.0,500.0,1,69,6826,6826,7603,7603,2,2,2,2,1,1,3355.000000,6710.000000,6855.000000,1,1546.835361,1734.241718,0.250986,0.263710,0.021072,0.022640,40,8,8,21,35,7,7,18,136745,15,15,91281,0.352141,0.019346,1.279201,0.359893
blackout_only,1342.0,600.0,1800.0,4000.0,120.0,500.0,1,70,6826,6826,7603,7603,2,2,0,0,2,2,3355.000000,6710.000000,6855.000000,1,3244.492707,2680.521576,0.251117,0.264173,0.021035,0.022619,30,6,6,12,20,4,4,6,136670,10,10,91260,0.290826,0.019650,1.282007,0.268386
with_repeater,1342.0,600.0,1800.0,4000.0,120.0,500.0,1,70,6826,6826,7603,7603,2,2,2,2,1,1,3355.000000,6710.000000,6855.000000,1,1529.540273,1730.845435,0.250919,0.263894,0.021052,0.022637,40,8,8,21,35,7,7,18,136763,15,15,91281,0.351657,0.019657,1.279298,0.359620
blackout_only,1342.0,600.0,1800.0,4000.0,120.0,500.0,1,71,6826,6826,7603,7603,2,2,0,0,2,2,3355.000000,6710.000000,6855.000000,1,3249.666519,2681.222166,0.251038,0.263693,0.021052,0.022649,30,6,6,12,20,4,4,6,136670,10,10,91260,0.290992,0.020082,1.281076,0.268542
with_repeater,1342.0,600.0,1800.0,4000.0,120.0,500.0,1,71,6826,6826,7603,7603,2,2,2,2,1,1,3355.000000,6710.000000,6855.000000,1,1527.370892,1731.344834,0.251003,0.263572,0.021066,0.022681,40,8,8,21,35,7,7,18,136745,15,15,91281,0.351661,0.019897,1.279720,0.359830
blackout_only,1342.0,600.0,1800.0,4000.0,120.0,500.0,1,72,6826,6826,7603,7603,2,2,0,0,2,2,3355.000000,6710.000000,6855.000000,1,3245.750097,2679.749687,0.250954,0.263848,0.021075,0.022658,30,6,6,12,20,4,4,6,136670,10,10,91260,0.290982,0.020560,1.281145,0.268378
with_repeater,1342.0,600.0,1800.0,4000.0,120.0,500.0,1,72,6826,6826,7603,7603,2,2,2,2,1,1,3355.000000,6710.000000,6855.000000,1,1558.553455,1735.128333,0.251052,0.264018,0.021075,0.022655,40,8,8,21,35,7,7,18,136745,15,15,91281,0.351741,0.020371,1.281245,0.359828
blackout_only,1342.0,600.0,1800.0,4000.0,120.0,500.0,1,73,6826,6826,7603,7603,2,2,0,0,2,2,3355.000000,6710.000000,6855.000000,1,3260.274786,2684.909781,0.250999,0.263552,0.021046,0.022607,30,6,6,12,20,4,4,6,136670,10,10,91260,0.291242,0.020677,1.279558,0.268497
with_repeater,1342.0,600.0,1800.0,4000.0,120.0,500.0,1,73,6827,6827,7603,7603,2,2,2,2,1,1,3355.000000,6710.000000,6855.000000,1,1545.513761,1733.602980,0.250871,0.263787,0.021058,0.022632,40,8,8,21,35,7,7,18,136765,15,15,91281,0.352160,0.021304,1.279567,0.359578
blackout_only,1342.0,600.0,1800.0,4000.0,120.0,500.0,1,74,6826,6826,7603,7603,2,2,0,0,2,2,3355.000000,6710.000000,6855.000000,1,3246.293676,2679.482585,0.250977,0.263585,0.021073,0.022670,30,6,6,12,20,4,4,6,136670,10,10,91260,0.290929,0.020021,1.281228,0.268296
with_repeater,1342.0,600.0,1800.0,4000.0,120.0,500.0,1,74,6827,6827,7603,7603,2,2,2,2,1,1,3355.000000,6710.000000,6855.000000,1,1566.018503,1736.990167,0.250901,0.263497,0.021070,0.022658,40,8,8,21,35,7,7,18,136765,15,15,91281,0.351938,0.020470,1.281824,0.360297
blackout_only,1342.0,600.0,1800.0,4000.0,120.0,500.0,1,75,6827,6827,7603,7603,2,2,0,0,2,2,3355.000000,6710.000000,6855.000000,1,3248.417104,2681.523386,0.250892,0.263823,0.021068,0.022651,30,6,6,12,20,4,4,6,136690,10,10,91260,0.290968,0.020842,1.278673,0.268499
with_repeater,1342.0,600.0,1800.0,4000.0,120.0,500.0,1,75,6826,6826,7603,7603,2,2,2,2,1,1,3355.000000,6710.000000,6855.000000,1,1542.934622,1733.210781,0.251117,0.263706,0.021066,0.022638,40,8,8,21,35,7,7,18,136745,15,15,91281,0.351646,0.020238,1.276978,0.360061
blackout_only,1342.0,600.0,1800.0,4000.0,120.0,500.0,1,76,6826,6826,7603,7603,2,2,0,0,2,2,3355.000000,6710.000000,6855.000000,1,3257.794028,2684.761518,0.251105,0.263668,0.021066,0.022684,30,6,6,12,20,4,4,6,136670,10,10,91260,0.290982,0.020362,1.280059,0.268597
with_repeater,1342.0,600.0,1800.0,4000.0,120.0,500.0,1,76,6826,6826,7603,7603,2,2,2,2,1,1,3355.000000,6710.000000,6855.000000,1,1548.133177,1733.766646,0.251099,0.263725,0.021078,0.022672,40,8,8,21,35,7,7,18,136745,15,15,91281,0.352189,0.020650,1.277218,0.359488
blackout_only,1342.0,600.0,1800.0,4000.0,120.0,500.0,1,77,6826,6826,7603,7603,2,2,0,0,2,2,3355.000000,6710.000000,6855.000000,1,3247.036004,2682.391398,0.251142,0.263915,0.021084,0.022661,30,6,6,12,20,4,4,6,136670,10,10,91260,0.290916,0.020293,1.281018,0.268369
with_repeater,1342.0,600.0,1800.0,4000.0,120.0,500.0,1,77,6826,6826,7603,7603,2,2,2,2,1,1,3355.000000,6710.000000,6855.000000,1,1573.432493,1737.322632,0.251021,0.263812,0.021078,0.022663,40,8,8,21,35,7,7,18,136745,15,15,91281,0.352210,0.020635,1.280259,0.360131
blackout_only,1342.0,600.0,1800.0,4000.0,120.0,500.0,1,78,6826,6826,7603,7603,2,2,0,0,2,2,3355.000000,6710.000000,6855.000000,1,3242.954579,2678.421587,0.251052,0.263754,0.021060,0.022669,30,6,6,12,20,4,4,6,136670,10,10,91260,0.290940,0.017890,1.278100,0.268096
with_repeater,1342.0,600.0,1800.0,4000.0,120.0,500.0,1,78,6826,6826,7603,7603,2,2,2,2,1,1,3355.000000,6710.000000,6855.000000,1,1555.938994,1735.011635,0.251080,0.263686,0.021077,0.022646,40,8,8,21,35,7,7,18,136745,15,15,91281,0.351532,0.019759,1.281286,0.360521
blackout_only,1342.0,600.0,1800.0,4000.0,120.0,500.0,1,79,6826,6826,7603,7603,2,2,0,0,2,2,3355.000000,6710.000000,6855.000000,1,3247.115447,2680.394044,0.251112,0.263764,0.021079,0.022640,30,6,6,12,20,4,4,6,136670,10,10,91260,0.290956,0.018420,1.280756,0.268340
with_repeater,1342.0,600.0,1800.0,4000.0,120.0,500.0,1,79,6826,6826,7603,7603,2,2,2,2,1,1,3355.000000,6710.000000,6855.000000,1,1555.521963,1734.975625,0.250974,0.263674,0.021093,0.022636,40,8,8,21,35,7,7,18,136745,15,15,91281,0.351725,0.018020,1.282046,0.360098
blackout_only,1342.0,600.0,1800.0,4000.0,120.0,500.0,1,80,6827,6827,7603,7603,2,2,0,0,2,2,3355.000000,6710.000000,6855.000000,1,3249.612305,2681.036417,0.250891,0.263661,0.021064,0.022650,30,6,6,12,20,4,4,6,136690,10,10,91260,0.290912,0.020882,1.280884,0.268609
with_repeater,1342.0,600.0,1800.0,4000.0,120.0,500.0,1,80,6826,6826,7603,7603,2,2,2,2,1,1,3355.000000,6710.000000,6855.000000,1,1560.625132,1735.814649,0.250930,0.263586,0.021074,0.022671,40,8,8,21,35,7,7,18,136761,15,15,91281,0.351726,0.020136,1.279843,0.359725
blackout_only,1342.0,600.0,1800.0,4000.0,120.0,500.0,1,81,6826,6826,7603,7603,2,2,0,0,2,2,3355.000000,6710.000000,6855.000000,1,3249.263006,2682.277131,0.251099,0.264044,0.021073,0.022644,30,6,6,12,20,4,4,6,136670,10,10,91260,0.291126,0.020200,1.279243,0.268518
with_repeater,1342.0,600.0,1800.0,4000.0,120.0,500.0,1,81,6826,6826,7603,7603,2,2,2,2,1,1,3355.000000,6710.000000,6855.000000,1,1573.028318,1737.625816,0.251122,0.263986,0.021069,0.022642,40,8,8,21,35,7,7,18,136745,15,15,91281,0.352319,0.019338,1.278560,0.360377
blackout_only,1342.0,600.0,1800.0,4000.0,120.0,500.0,1,82,6826,6826,7603,7603,2,2,0,0,2,2,3355.000000,6710.000000,6855.000000,1,3246.058771,2681.219710,0.251081,0.263592,0.021067,0.022641,30,6,6,12,20,4,4,6,136670,10,10,91260,0.290976,0.021619,1.282288,0.268300
with_repeater,1342.0,600.0,1800.0,4000.0,120.0,500.0,1,82,6826,6826,7603,7603,2,2,2,2,1,1,3355.000000,6710.000000,6855.000000,1,1533.007973,1732.021286,0.251198,0.263727,0.021071,0.022662,40,8,8,21,35,7,7,18,136745,15,15,91281,0.352028,0.021223,1.281398,0.359581
blackout_only,1342.0,600.0,1800.0,4000.0,120.0,500.0,1,83,6826,6826,7603,7603,2,2,0,0,2,2,3355.000000,6710.000000,6855.000000,1,3242.015482,2679.092401,0.250997,0.263694,0.021074,0.022666,30,6,6,12,20,4,4,6,136670,10,10,91260,0.290959,0.020563,1.279078,0.268213
with_repeater,1342.0,600.0,1800.0,4000.0,120.0,500.0,1,83,6826,6826,7603,7603,2,2,2,2,1,1,3355.000000,6710.000000,6855.000000,1,1547.793156,1734.444724,0.250949,0.263720,0.021080,0.022688,40,8,8,21,35,7,7,18,136751,15,15,91281,0.351949,0.020970,1.277670,0.359293
blackout_only,1342.0,600.0,1800.0,4000.0,120.0,500.0,1,84,6826,6826,7603,7603,2,2,0,0,2,2,3355.000000,6710.000000,6855.000000,1,3249.077736,2680.502431,0.251016,0.263684,0.021082,0.022679,30,6,6,12,20,4,4,6,136670,10,10,91260,0.291161,0.018940,1.277357,0.268362
with_repeater,1342.0,600.0,1800.0,4000.0,120.0,500.0,1,84,6826,6826,7603,7603,2,2,2,2,1,1,3355.000000,6710.000000,6855.000000,1,1551.112283,1734.567063,0.250968,0.263821,0.021074,0.022702,40,8,8,21,35,7,7,18,136745,15,15,91281,0.351800,0.019086,1.279423,0.360184
blackout_only,1342.0,600.0,1800.0,4000.0,120.0,500.0,1,85,6826,6826,7603,7603,2,2,0,0,2,2,3355.000000,6710.000000,6855.000000,1,3236.196112,2679.007121,0.250937,0.263925,0.021054,0.022620,30,6,6,12,20,4,4,6,136680,10,10,91260,0.290975,0.018561,1.280468,0.268237
with_repeater,1342.0,600.0,1800.0,4000.0,120.0,500.0,1,85,6826,6826,7603,7603,2,2,2,2,1,1,3355.000000,6710.000000,6855.000000,1,1513.435632,1729.794546,0.251021,0.264006,0.021070,0.022622,40,8,8,21,35,7,7,18,136745,15,15,91281,0.352053,0.020429,1.280590,0.359646
blackout_only,1342.0,600.0,1800.0,4000.0,120.0,500.0,1,86,6826,6826,7603,7603,2,2,0,0,2,2,3355.000000,6710.000000,6855.000000,1,3249.402168,2680.804628,0.251116,0.263581,0.021081,0.022662,30,6,6,12,20,4,4,6,136670,10,10,91260,0.290895,0.020811,1.279482,0.268447
with_repeater,1342.0,600.0,1800.0,4000.0,120.0,500.0,1,86,6826,6826,7603,7603,2,2,2,2,1,1,3355.000000,6710.000000,6855.000000,1,1538.584546,1733.530770,0.251116,0.263715,0.021086,0.022692,40,8,8,21,35,7,7,18,136745,15,15,91281,0.351701,0.019389,1.280667,0.360052
blackout_only,1342.0,600.0,1800.0,4000.0,120.0,500.0,1,87,6826,6826,7603,7603,2,2,0,0,2,2,3355.000000,6710.000000,6855.000000,1,3247.376369,2681.229861,0.251003,0.263796,0.021047,0.022618,30,6,6,12,20,4,4,6,136670,10,10,91260,0.290780,0.019646,1.281327,0.268617
with_repeater,1342.0,600.0,1800.0,4000.0,120.0,500.0,1,87,6826,6826,7603,7603,2,2,2,2,1,1,3355.000000,6710.000000,6855.000000,1,1537.725630,1733.693836,0.251205,0.263964,0.021052,0.022632,40,8,8,21,35,7,7,18,136745,15,15,91281,0.352165,0.018712,1.278213,0.359391
blackout_only,1342.0,600.0,1800.0,4000.0,120.0,500.0,1,88,6826,6826,7603,7603,2,2,0,0,2,2,3355.000000,6710.000000,6855.000000,1,3242.172668,2681.461671,0.251036,0.263833,0.021068,0.022681,30,6,6,12,20,4,4,6,136670,10,10,91260,0.290944,0.021327,1.279723,0.268485
with_repeater,1342.0,600.0,1800.0,4000.0,120.0,500.0,1,88,6826,6826,7603,7603,2,2,2,2,1,1,3355.000000,6710.000000,6855.000000,1,1568.912680,1736.526073,0.250992,0.263797,0.021063,0.022664,40,8,8,21,35,7,7,18,136745,15,15,91281,0.351919,0.020409,1.282359,0.359653
blackout_only,1342.0,600.0,1800.0,4000.0,120.0,500.0,1,89,6827,6827,7603,7603,2,2,0,0,2,2,3355.000000,6710.000000,6855.000000,1,3241.985928,2679.723560,0.250774,0.263520,0.021065,0.022650,30,6,6,12,20,4,4,6,136690,10,10,91260,0.290891,0.020512,1.281352,0.268259
with_repeater,1342.0,600.0,1800.0,4000.0,120.0,500.0,1,89,6827,6827,7603,7603,2,2,2,2,1,1,3355.000000,6710.000000,6855.000000,1,1556.973672,1734.631952,0.250828,0.263566,0.021060,0.022639,40,8,8,21,35,7,7,18,136765,15,15,91281,0.352084,0.020660,1.282591,0.359520
