scenario,mars_base_latency_s,blackout_start_s,blackout_duration_s,sim_end_s,reconcile_interval_s,global_timeout_s,global_max_rounds,seed,earth_success,earth_total,mars_success,mars_total,global_pre_success,global_pre_total,global_during_success,global_during_total,global_post_success,global_post_total,first_success_after_blackout_s,avg_global_latency_s,earth_local_avg_latency_s,earth_local_p95_latency_s,mars_local_avg_latency_s,mars_local_p95_latency_s,global_phase1_responses_earth,global_phase1_responses_leo,global_phase1_responses_moon,global_phase1_responses_mars,global_phase2_responses_earth,global_phase2_responses_leo,global_phase2_responses_moon,global_phase2_responses_mars,network_src_sent_earth,network_src_sent_leo,network_src_sent_moon,network_src_sent_mars,network_src_avg_oneway_s_earth,network_src_avg_oneway_s_leo,network_src_avg_oneway_s_moon,network_src_avg_oneway_s_mars
blackout_only,186.0,600.0,300.0,4000.0,120.0,500.0,1,40,1777,1777,1980,1980,5,5,3,3,26,26,61.671637,0.182681,0.250849,0.263639,0.021063,0.022686,137,19,17,41,170,34,34,81,36579,68,68,23934,0.942646,0.020361,1.279197,1.260902
with_repeater,186.0,600.0,300.0,4000.0,120.0,500.0,1,40,1778,1778,1980,1980,5,5,3,3,26,26,61.659557,0.180260,0.250691,0.263263,0.021071,0.022709,122,28,19,49,170,34,34,93,36580,68,68,23952,1.061932,0.019617,1.281180,1.473948
blackout_only,186.0,600.0,300.0,4000.0,120.0,500.0,1,41,1777,1777,1980,1980,5,5,3,3,26,26,61.658164,0.181673,0.251062,0.263705,0.021043,0.022563,125,24,21,36,170,34,34,81,36560,68,68,23934,0.943419,0.019604,1.279895,1.264982
with_repeater,186.0,600.0,300.0,4000.0,120.0,500.0,1,41,1777,1777,1980,1980,5,5,3,3,26,26,61.638957,0.182527,0.250940,0.263845,0.021058,0.022608,118,25,22,49,170,34,34,93,36569,68,68,23952,1.059753,0.020132,1.280020,1.473666
blackout_only,186.0,600.0,300.0,4000.0,120.0,500.0,1,42,1777,1777,1980,1980,5,5,3,3,26,26,61.644914,0.183946,0.250956,0.263897,0.021050,0.022589,130,23,24,41,170,34,34,81,36567,68,68,23934,0.944448,0.020173,1.280241,1.261051
with_repeater,186.0,600.0,300.0,4000.0,120.0,500.0,1,42,1777,1777,1980,1980,5,5,3,3,26,26,61.630061,0.182909,0.251160,0.263669,0.021054,0.022693,128,27,23,47,170,34,34,93,36560,68,68,23952,1.064466,0.019689,1.279756,1.473644
blackout_only,186.0,600.0,300.0,4000.0,120.0,500.0,1,43,1778,1778,1980,1980,5,5,3,3,26,26,61.663944,0.183625,0.250773,0.263835,0.021049,0.022578,126,20,25,40,170,34,34,81,36580,68,68,23934,0.943319,0.019726,1.279242,1.263201
with_repeater,186.0,600.0,300.0,4000.0,120.0,500.0,1,43,1777,1777,1980,1980,5,5,3,3,26,26,61.666843,0.182905,0.250918,0.263388,0.021077,0.022690,126,27,17,47,170,34,34,93,36570,68,68,23952,1.059935,0.020189,1.279650,1.475068
blackout_only,186.0,600.0,300.0,4000.0,120.0,500.0,1,44,1777,1777,1980,1980,5,5,3,3,26,26,61.638188,0.182916,0.250872,0.263753,0.021101,0.022664,120,26,19,43,170,34,34,81,36576,68,68,23934,0.941583,0.020185,1.279796,1.259713
with_repeater,186.0,600.0,300.0,4000.0,120.0,500.0,1,44,1777,1777,1980,1980,5,5,3,3,26,26,61.638726,0.183399,0.251022,0.263875,0.021105,0.022687,121,21,18,47,170,34,34,93,36560,68,68,23952,1.057333,0.020196,1.279019,1.475137
blackout_only,186.0,600.0,300.0,4000.0,120.0,500.0,1,45,1777,1777,1980,1980,5,5,3,3,26,26,61.617321,0.182864,0.250848,0.263320,0.021067,0.022617,116,24,24,37,170,34,34,81,36579,68,68,23934,0.944212,0.020333,1.281428,1.263395
with_repeater,186.0,600.0,300.0,4000.0,120.0,500.0,1,45,1777,1777,1980,1980,5,5,3,3,26,26,61.634831,0.182568,0.251158,0.264021,0.021059,0.022627,131,29,20,53,170,34,34,93,36560,68,68,23952,1.060165,0.020094,1.279201,1.475154
blackout_only,186.0,600.0,300.0,4000.0,120.0,500.0,1,46,1777,1777,1980,1980,5,5,3,3,26,26,61.634363,0.181100,0.250856,0.262928,0.021077,0.022621,126,25,18,36,170,34,34,81,36579,68,68,23934,0.942219,0.020005,1.279482,1.263535
with_repeater,186.0,600.0,300.0,4000.0,120.0,500.0,1,46,1777,1777,1980,1980,5,5,3,3,26,26,61.644729,0.184278,0.250946,0.263018,0.021040,0.022619,130,26,22,43,170,34,34,93,36568,68,68,23952,1.060673,0.019900,1.280087,1.474237
blackout_only,186.0,600.0,300.0,4000.0,120.0,500.0,1,47,1777,1777,1980,1980,5,5,3,3,26,26,61.676998,0.184279,0.251607,0.264662,0.021104,0.022630,126,29,22,41,170,34,34,81,36560,68,68,23934,0.942712,0.019639,1.280272,1.261234
with_repeater,186.0,600.0,300.0,4000.0,120.0,500.0,1,47,1778,1778,1980,1980,5,5,3,3,26,26,61.652014,0.181754,0.250690,0.263173,0.021082,0.022606,130,23,23,49,170,34,34,93,36580,68,68,23952,1.059945,0.019775,1.280608,1.473724
blackout_only,186.0,600.0,300.0,4000.0,120.0,500.0,1,48,1777,1777,1980,1980,5,5,3,3,26,26,61.586468,0.182311,0.251202,0.263973,0.021084,0.022636,122,21,21,40,170,34,34,81,36560,68,68,23934,0.943915,0.019965,1.280271,1.261351
with_repeater,186.0,600.0,300.0,4000.0,120.0,500.0,1,48,1777,1777,1980,1980,5,5,3,3,26,26,61.629406,0.182485,0.251169,0.263883,0.021054,0.022649,132,29,18,58,170,34,34,93,36560,68,68,23952,1.059850,0.019629,1.279554,1.473207
blackout_only,186.0,600.0,300.0,4000.0,120.0,500.0,1,49,1777,1777,1980,1980,5,5,3,3,26,26,61.682517,0.183300,0.251090,0.263526,0.021063,0.022652,119,26,24,31,170,34,34,81,36560,68,68,23934,0.942972,0.019903,1.281324,1.262921
with_repeater,186.0,600.0,300.0,4000.0,120.0,500.0,1,49,1777,1777,1980,1980,5,5,3,3,26,26,61.652028,0.180947,0.250852,0.263574,0.021077,0.022609,125,26,17,51,170,34,34,93,36580,68,68,23952,1.059440,0.020456,1.279812,1.474839
blackout_only,186.0,600.0,300.0,4000.0,120.0,500.0,1,50,1777,1777,1980,1980,5,5,3,3,26,26,61.657237,0.184365,0.251149,0.263952,0.021066,0.022660,125,25,20,39,170,34,34,81,36560,68,68,23934,0.943400,0.020449,1.279670,1.260863
with_repeater,186.0,600.0,300.0,4000.0,120.0,500.0,1,50,1777,1777,1980,1980,5,5,3,3,26,26,61.640723,0.183049,0.251184,0.263531,0.021079,0.022728,131,27,23,51,170,34,34,93,36560,68,68,23952,1.062191,0.020227,1.280012,1.474051
blackout_only,186.0,600.0,300.0,4000.0,120.0,500.0,1,51,1777,1777,1980,1980,5,5,3,3,26,26,61.645321,0.182718,0.251194,0.263937,0.021104,0.022716,119,27,25,32,170,34,34,81,36560,68,68,23934,0.942708,0.020367,1.279752,1.265984
with_repeater,186.0,600.0,300.0,4000.0,120.0,500.0,1,51,1777,1777,1980,1980,5,5,3,3,26,26,61.673346,0.184363,0.251230,0.264424,0.021097,0.022714,121,27,20,58,170,34,34,93,36560,68,68,23952,1.061650,0.019999,1.280232,1.475672
blackout_only,186.0,600.0,300.0,4000.0,120.0,500.0,1,52,1778,1778,1980,1980,5,5,3,3,26,26,61.714564,0.183778,0.250688,0.262576,0.021067,0.022699,122,26,21,46,170,34,34,81,36580,68,68,23934,0.942744,0.020679,1.280638,1.261166
with_repeater,186.0,600.0,300.0,4000.0,120.0,500.0,1,52,1777,1777,1980,1980,5,5,3,3,26,26,61.668471,0.184983,0.251156,0.263315,0.021027,0.022652,132,24,24,57,170,34,34,93,36560,68,68,23952,1.062662,0.019993,1.281393,1.473471
blackout_only,186.0,600.0,300.0,4000.0,120.0,500.0,1,53,1777,1777,1980,1980,5,5,3,3,26,26,61.666454,0.184036,0.250933,0.264320,0.021073,0.022660,127,28,20,49,170,34,34,81,36570,68,68,23934,0.942873,0.020127,1.280550,1.262594
with_repeater,186.0,600.0,300.0,4000.0,120.0,500.0,1,53,1777,1777,1980,1980,5,5,3,3,26,26,61.637037,0.181103,0.250970,0.264097,0.021078,0.022680,116,23,19,46,170,34,34,93,36566,68,68,23952,1.059672,0.020101,1.280173,1.479200
blackout_only,186.0,600.0,300.0,4000.0,120.0,500.0,1,54,1777,1777,1980,1980,5,5,3,3,26,26,61.667800,0.184611,0.250853,0.263304,0.021085,0.022708,123,25,18,31,170,34,34,81,36579,68,68,23934,0.944738,0.020234,1.281122,1.263507
with_repeater,186.0,600.0,300.0,4000.0,120.0,500.0,1,54,1777,1777,1980,1980,5,5,3,3,26,26,61.656313,0.183365,0.251049,0.263842,0.021061,0.022674,124,23,24,40,170,34,34,93,36560,68,68,23952,1.061923,0.020217,1.280179,1.479854
blackout_only,186.0,600.0,300.0,4000.0,120.0,500.0,1,55,1778,1778,1980,1980,5,5,3,3,26,26,61.662322,0.184156,0.250840,0.263978,0.021049,0.022665,128,24,16,41,170,34,34,81,36580,68,68,23934,0.942590,0.020179,1.279965,1.261311
with_repeater,186.0,600.0,300.0,4000.0,120.0,500.0,1,55,1777,1777,1980,1980,5,5,3,3,26,26,61.647483,0.182251,0.250912,0.263357,0.021016,0.022643,123,27,18,44,170,34,34,93,36570,68,68,23952,1.061725,0.020277,1.281292,1.475752
blackout_only,186.0,600.0,300.0,4000.0,120.0,500.0,1,56,1777,1777,1980,1980,5,5,3,3,26,26,61.638568,0.181329,0.251183,0.264323,0.021093,0.022692,125,26,23,37,170,34,34,81,36560,68,68,23934,0.943597,0.020272,1.279241,1.261369
with_repeater,186.0,600.0,300.0,4000.0,120.0,500.0,1,56,1777,1777,1980,1980,5,5,3,3,26,26,61.669239,0.183918,0.251112,0.264134,0.021060,0.022668,124,25,23,57,170,34,34,93,36560,68,68,23952,1.062322,0.020079,1.279483,1.477202
blackout_only,186.0,600.0,300.0,4000.0,120.0,500.0,1,57,1777,1777,1980,1980,5,5,3,3,26,26,61.606700,0.180696,0.250951,0.263751,0.021059,0.022624,126,24,20,32,170,34,34,81,36568,68,68,23934,0.942543,0.018820,1.280165,1.265425
with_repeater,186.0,600.0,300.0,4000.0,120.0,500.0,1,57,1777,1777,1980,1980,5,5,3,3,26,26,61.645815,0.181981,0.251175,0.263860,0.021039,0.022552,127,25,16,37,170,34,34,93,36560,68,68,23952,1.060338,0.020417,1.280219,1.474611
blackout_only,186.0,600.0,300.0,4000.0,120.0,500.0,1,58,1777,1777,1980,1980,5,5,3,3,26,26,61.645667,0.183261,0.250964,0.264324,0.021076,0.022744,123,29,22,37,170,34,34,81,36566,68,68,23934,0.943998,0.020324,1.279599,1.266375
with_repeater,186.0,600.0,300.0,4000.0,120.0,500.0,1,58,1777,1777,1980,1980,5,5,3,3,26,26,61.631817,0.184701,0.250995,0.263838,0.021078,0.022718,115,27,19,40,170,34,34,93,36560,68,68,23952,1.062922,0.020589,1.278807,1.476639
blackout_only,186.0,600.0,300.0,4000.0,120.0,500.0,1,59,1777,1777,1980,1980,5,5,3,3,26,26,61.630242,0.181886,0.250891,0.263520,0.021062,0.022639,131,27,19,35,170,34,34,81,36576,68,68,23934,0.942687,0.019980,1.279867,1.261843
with_repeater,186.0,600.0,300.0,4000.0,120.0,500.0,1,59,1777,1777,1980,1980,5,5,3,3,26,26,61.610966,0.182189,0.250942,0.263662,0.021071,0.022661,125,30,20,35,170,34,34,93,36569,68,68,23952,1.061145,0.020152,1.280773,1.474365
blackout_only,186.0,600.0,300.0,4000.0,120.0,500.0,1,60,1777,1777,1980,1980,5,5,3,3,26,26,61.687298,0.183680,0.250978,0.263696,0.021040,0.022652,127,24,17,39,170,34,34,81,36566,68,68,23934,0.940943,0.020581,1.280125,1.262593
with_repeater,186.0,600.0,300.0,4000.0,120.0,500.0,1,60,1777,1777,1980,1980,5,5,3,3,26,26,61.640640,0.181036,0.251251,0.263620,0.021068,0.022652,117,23,21,45,170,34,34,93,36560,68,68,23952,1.060174,0.019908,1.280609,1.471613
blackout_only,186.0,600.0,300.0,4000.0,120.0,500.0,1,61,1778,1778,1980,1980,5,5,3,3,26,26,61.683404,0.184990,0.250744,0.263246,0.021074,0.022689,128,26,17,41,170,34,34,81,36580,68,68,23934,0.942276,0.020204,1.279856,1.264333
with_repeater,186.0,600.0,300.0,4000.0,120.0,500.0,1,61,1777,1777,1980,1980,5,5,3,3,26,26,61.712687,0.185168,0.250975,0.263523,0.021022,0.022604,130,25,18,47,170,34,34,93,36566,68,68,23952,1.060105,0.020648,1.280299,1.475529
blackout_only,186.0,600.0,300.0,4000.0,120.0,500.0,1,62,1778,1778,1980,1980,5,5,3,3,26,26,61.638860,0.182258,0.250789,0.263534,0.021098,0.022639,130,29,19,32,170,34,34,81,36580,68,68,23934,0.941454,0.019918,1.279979,1.266220
with_repeater,186.0,600.0,300.0,4000.0,120.0,500.0,1,62,1777,1777,1980,1980,5,5,3,3,26,26,61.616999,0.182532,0.251021,0.263684,0.021074,0.022663,123,25,18,53,170,34,34,93,36560,68,68,23952,1.059855,0.019611,1.281400,1.479366
blackout_only,186.0,600.0,300.0,4000.0,120.0,500.0,1,63,1777,1777,1980,1980,5,5,3,3,26,26,61.680068,0.184151,0.250953,0.263320,0.021055,0.022662,135,22,24,30,170,34,34,81,36568,68,68,23934,0.941715,0.020189,1.279773,1.265446
with_repeater,186.0,600.0,300.0,4000.0,120.0,500.0,1,63,1778,1778,1980,1980,5,5,3,3,26,26,61.652198,0.184664,0.250832,0.263188,0.021047,0.022597,132,25,20,39,170,34,34,93,36580,68,68,23952,1.059531,0.020071,1.279183,1.475391
blackout_only,186.0,600.0,300.0,4000.0,120.0,500.0,1,64,1777,1777,1980,1980,5,5,3,3,26,26,61.684226,0.184655,0.251462,0.264168,0.021081,0.022587,123,26,26,41,170,34,34,81,36560,68,68,23934,0.943974,0.019160,1.279725,1.262169
with_repeater,186.0,600.0,300.0,4000.0,120.0,500.0,1,64,1777,1777,1980,1980,5,5,3,3,26,26,61.667887,0.184199,0.250848,0.263399,0.021060,0.022618,124,22,19,58,170,34,34,93,36580,68,68,23952,1.058649,0.019530,1.280714,1.476446
blackout_only,186.0,600.0,300.0,4000.0,120.0,500.0,1,65,1777,1777,1980,1980,5,5,3,3,26,26,61.662567,0.183800,0.251027,0.263864,0.021059,0.022587,128,19,24,43,170,34,34,81,36560,68,68,23934,0.942566,0.019557,1.279575,1.261196
with_repeater,186.0,600.0,300.0,4000.0,120.0,500.0,1,65,1777,1777,1980,1980,5,5,3,3,26,26,61.663040,0.182112,0.250963,0.263520,0.021068,0.022592,115,25,22,53,170,34,34,93,36566,68,68,23952,1.060702,0.020012,1.280765,1.475460
blackout_only,186.0,600.0,300.0,4000.0,120.0,500.0,1,66,1777,1777,1980,1980,5,5,3,3,26,26,61.655606,0.183576,0.250914,0.263434,0.021068,0.022703,128,24,22,46,170,34,34,81,36570,68,68,23934,0.943395,0.019476,1.279822,1.265056
with_repeater,186.0,600.0,300.0,4000.0,120.0,500.0,1,66,1778,1778,1980,1980,5,5,3,3,26,26,61.638078,0.185524,0.250783,0.262979,0.021063,0.022668,125,24,18,58,170,34,34,93,36580,68,68,23952,1.059521,0.019914,1.280266,1.472482
blackout_only,186.0,600.0,300.0,4000.0,120.0,500.0,1,67,1777,1777,1980,1980,5,5,3,3,26,26,61.636622,0.183820,0.250890,0.263427,0.021043,0.022583,121,24,17,48,170,34,34,81,36576,68,68,23934,0.943437,0.019982,1.278808,1.263693
with_repeater,186.0,600.0,300.0,4000.0,120.0,500.0,1,67,1777,1777,1980,1980,5,5,3,3,26,26,61.614215,0.181519,0.251024,0.263504,0.021078,0.022621,128,30,23,46,170,34,34,93,36560,68,68,23952,1.062335,0.020140,1.279888,1.475254
blackout_only,186.0,600.0,300.0,4000.0,120.0,500.0,1,68,1778,1778,1980,1980,5,5,3,3,26,26,61.657926,0.184090,0.250666,0.263647,0.021050,0.022647,129,25,22,37,170,34,34,81,36580,68,68,23934,0.943446,0.019847,1.281243,1.262000
with_repeater,186.0,600.0,300.0,4000.0,120.0,500.0,1,68,1777,1777,1980,1980,5,5,3,3,26,26,61.635490,0.182021,0.250951,0.263526,0.021037,0.022646,122,28,21,50,170,34,34,93,36567,68,68,23952,1.061194,0.020323,1.280909,1.478196
blackout_only,186.0,600.0,300.0,4000.0,120.0,500.0,1,69,1778,1778,1980,1980,5,5,3,3,26,26,61.670676,0.182767,0.250794,0.263389,0.021090,0.022643,122,24,26,38,170,34,34,81,36580,68,68,23934,0.941980,0.020191,1.279530,1.263126
with_repeater,186.0,600.0,300.0,4000.0,120.0,500.0,1,69,1777,1777,1980,1980,5,5,3,3,26,26,61.672925,0.185301,0.251036,0.263848,0.021065,0.022661,132,16,18,44,170,34,34,93,36560,68,68,23952,1.062060,0.020512,1.279456,1.475177
blackout_only,186.0,600.0,300.0,4000.0,120.0,500.0,1,70,1777,1777,1980,1980,5,5,3,3,26,26,61.694549,0.183118,0.250952,0.264432,0.021033,0.022652,122,21,22,39,170,34,34,81,36568,68,68,23934,0.940396,0.019949,1.280843,1.261637
with_repeater,186.0,600.0,300.0,4000.0,120.0,500.0,1,70,1777,1777,1980,1980,5,5,3,3,26,26,61.680958,0.184116,0.251006,0.263285,0.021038,0.022623,126,25,23,50,170,34,34,93,36560,68,68,23952,1.062026,0.020192,1.280702,1.474614
blackout_only,186.0,600.0,300.0,4000.0,120.0,500.0,1,71,1778,1778,1980,1980,5,5,3,3,26,26,61.677816,0.182040,0.250787,0.263170,0.021097,0.022578,122,25,26,35,170,34,34,81,36580,68,68,23934,0.942205,0.019941,1.280391,1.264657
with_repeater,186.0,600.0,300.0,4000.0,120.0,500.0,1,71,1777,1777,1980,1980,5,5,3,3,26,26,61.670685,0.184394,0.251161,0.263688,0.021051,0.022579,124,27,24,42,170,34,34,93,36560,68,68,23952,1.060455,0.019423,1.279591,1.477112
blackout_only,186.0,600.0,300.0,4000.0,120.0,500.0,1,72,1777,1777,1980,1980,5,5,3,3,26,26,61.640195,0.183086,0.251112,0.264073,0.021123,0.022708,135,24,16,41,170,34,34,81,36560,68,68,23934,0.944076,0.019533,1.279114,1.265024
with_repeater,186.0,600.0,300.0,4000.0,120.0,500.0,1,72,1777,1777,1980,1980,5,5,3,3,26,26,61.667000,0.186023,0.251027,0.263427,0.021082,0.022565,122,22,19,41,170,34,34,93,36560,68,68,23952,1.061194,0.019972,1.279766,1.478516
blackout_only,186.0,600.0,300.0,4000.0,120.0,500.0,1,73,1778,1778,1980,1980,5,5,3,3,26,26,61.657798,0.182856,0.250779,0.263308,0.021036,0.022696,129,29,23,38,170,34,34,81,36580,68,68,23934,0.941319,0.020238,1.280098,1.262254
with_repeater,186.0,600.0,300.0,4000.0,120.0,500.0,1,73,1777,1777,1980,1980,5,5,3,3,26,26,61.648520,0.184247,0.250909,0.263337,0.021061,0.022679,124,28,20,44,170,34,34,93,36570,68,68,23952,1.059854,0.020376,1.277740,1.471226
blackout_only,186.0,600.0,300.0,4000.0,120.0,500.0,1,74,1777,1777,1980,1980,5,5,3,3,26,26,61.689779,0.184317,0.251037,0.264026,0.021049,0.022599,120,28,20,38,170,34,34,81,36560,68,68,23934,0.943865,0.020214,1.279387,1.262741
with_repeater,186.0,600.0,300.0,4000.0,120.0,500.0,1,74,1777,1777,1980,1980,5,5,3,3,26,26,61.663608,0.183289,0.251157,0.264057,0.021102,0.022688,119,25,17,47,170,34,34,93,36560,68,68,23952,1.059950,0.019367,1.280226,1.474474
blackout_only,186.0,600.0,300.0,4000.0,120.0,500.0,1,75,1778,1778,1980,1980,5,5,3,3,26,26,61.650488,0.183006,0.250787,0.263725,0.021043,0.022619,119,21,21,33,170,34,34,81,36580,68,68,23934,0.943537,0.020134,1.279848,1.260455
with_repeater,186.0,600.0,300.0,4000.0,120.0,500.0,1,75,1777,1777,1980,1980,5,5,3,3,26,26,61.649980,0.181233,0.250897,0.263165,0.021037,0.022598,125,23,21,46,170,34,34,93,36570,68,68,23952,1.060320,0.019791,1.280377,1.478296
blackout_only,186.0,600.0,300.0,4000.0,120.0,500.0,1,76,1777,1777,1980,1980,5,5,3,3,26,26,61.659861,0.182251,0.251057,0.263258,0.021068,0.022589,130,26,15,47,170,34,34,81,36560,68,68,23934,0.941985,0.020276,1.278426,1.262505
with_repeater,186.0,600.0,300.0,4000.0,120.0,500.0,1,76,1777,1777,1980,1980,5,5,3,3,26,26,61.669595,0.185238,0.250956,0.263917,0.021102,0.022717,133,25,22,54,170,34,34,93,36567,68,68,23952,1.058344,0.020238,1.280380,1.476672
blackout_only,186.0,600.0,300.0,4000.0,120.0,500.0,1,77,1777,1777,1980,1980,5,5,3,3,26,26,61.653030,0.183404,0.251336,0.264035,0.021141,0.022751,108,23,23,46,170,34,34,81,36560,68,68,23934,0.944733,0.020187,1.279834,1.262536
with_repeater,186.0,600.0,300.0,4000.0,120.0,500.0,1,77,1777,1777,1980,1980,5,5,3,3,26,26,61.662236,0.184638,0.250994,0.263823,0.021095,0.022711,123,25,22,47,170,34,34,93,36560,68,68,23952,1.061959,0.019302,1.280992,1.474766
blackout_only,186.0,600.0,300.0,4000.0,120.0,500.0,1,78,1777,1777,1980,1980,5,5,3,3,26,26,61.648782,0.184061,0.251333,0.263775,0.021057,0.022589,125,23,21,38,170,34,34,81,36560,68,68,23934,0.941895,0.020339,1.281037,1.261374
with_repeater,186.0,600.0,300.0,4000.0,120.0,500.0,1,78,1777,1777,1980,1980,5,5,3,3,26,26,61.665988,0.184383,0.251316,0.264028,0.021078,0.022638,128,25,20,50,170,34,34,93,36560,68,68,23952,1.061469,0.020075,1.280660,1.474409
blackout_only,186.0,600.0,300.0,4000.0,120.0,500.0,1,79,1777,1777,1980,1980,5,5,3,3,26,26,61.597870,0.179755,0.251055,0.263948,0.021068,0.022655,118,24,27,37,170,34,34,81,36560,68,68,23934,0.942447,0.020016,1.279407,1.264543
with_repeater,186.0,600.0,300.0,4000.0,120.0,500.0,1,79,1777,1777,1980,1980,5,5,3,3,26,26,61.591585,0.180248,0.251389,0.263753,0.021056,0.022659,111,26,18,47,170,34,34,93,36560,68,68,23952,1.059843,0.019796,1.281259,1.476309
blackout_only,186.0,600.0,300.0,4000.0,120.0,500.0,1,80,1777,1777,1980,1980,5,5,3,3,26,26,61.627996,0.181407,0.251223,0.263830,0.021027,0.022650,126,21,24,37,170,34,34,81,36560,68,68,23934,0.942296,0.019500,1.280150,1.260154
with_repeater,186.0,600.0,300.0,4000.0,120.0,500.0,1,80,1778,1778,1980,1980,5,5,3,3,26,26,61.626589,0.185389,0.250821,0.262908,0.021068,0.022667,129,23,28,52,170,34,34,93,36580,68,68,23952,1.060783,0.020093,1.280373,1.475772
blackout_only,186.0,600.0,300.0,4000.0,120.0,500.0,1,81,1777,1777,1980,1980,5,5,3,3,26,26,61.645233,0.184600,0.251022,0.263483,0.021037,0.022648,126,20,23,42,170,34,34,81,36560,68,68,23934,0.943312,0.019355,1.279758,1.266536
with_repeater,186.0,600.0,300.0,4000.0,120.0,500.0,1,81,1777,1777,1980,1980,5,5,3,3,26,26,61.635976,0.180793,0.251258,0.264764,0.021087,0.022701,130,28,23,45,170,34,34,93,36560,68,68,23952,1.060569,0.019793,1.280991,1.476882
blackout_only,186.0,600.0,300.0,4000.0,120.0,500.0,1,82,1778,1778,1980,1980,5,5,3,3,26,26,61.631293,0.182478,0.250758,0.263536,0.021078,0.022651,120,28,25,36,170,34,34,81,36580,68,68,23934,0.942106,0.020312,1.279542,1.266273
with_repeater,186.0,600.0,300.0,4000.0,120.0,500.0,1,82,1777,1777,1980,1980,5,5,3,3,26,26,61.650747,0.180505,0.251160,0.264300,0.021041,0.022703,125,18,24,43,170,34,34,93,36560,68,68,23952,1.060011,0.019504,1.280840,1.476439
blackout_only,186.0,600.0,300.0,4000.0,120.0,500.0,1,83,1778,1778,1980,1980,5,5,3,3,26,26,61.653199,0.181724,0.250728,0.263587,0.021094,0.022683,131,24,18,50,170,34,34,81,36580,68,68,23934,0.942154,0.019842,1.279750,1.262217
with_repeater,186.0,600.0,300.0,4000.0,120.0,500.0,1,83,1778,1778,1980,1980,5,5,3,3,26,26,61.649688,0.183936,0.250701,0.263770,0.021071,0.022728,133,31,25,46,170,34,34,93,36580,68,68,23952,1.059971,0.019444,1.279696,1.475900
blackout_only,186.0,600.0,300.0,4000.0,120.0,500.0,1,84,1777,1777,1980,1980,5,5,3,3,26,26,61.668793,0.182349,0.251037,0.264122,0.021093,0.022655,124,25,17,35,170,34,34,81,36560,68,68,23934,0.945436,0.020186,1.280021,1.260807
with_repeater,186.0,600.0,300.0,4000.0,120.0,500.0,1,84,1777,1777,1980,1980,5,5,3,3,26,26,61.653646,0.183071,0.251229,0.263972,0.021095,0.022689,133,24,22,53,170,34,34,93,36560,68,68,23952,1.061362,0.020658,1.280270,1.477220
blackout_only,186.0,600.0,300.0,4000.0,120.0,500.0,1,85,1777,1777,1980,1980,5,5,3,3,26,26,61.649772,0.185462,0.251006,0.263901,0.021068,0.022659,124,26,21,36,170,34,34,81,36560,68,68,23934,0.943276,0.019627,1.278591,1.263056
with_repeater,186.0,600.0,300.0,4000.0,120.0,500.0,1,85,1777,1777,1980,1980,5,5,3,3,26,26,61.653898,0.183711,0.250980,0.263456,0.021091,0.022657,133,28,21,39,170,34,34,93,36566,68,68,23952,1.059820,0.019581,1.278944,1.477744
blackout_only,186.0,600.0,300.0,4000.0,120.0,500.0,1,86,1777,1777,1980,1980,5,5,3,3,26,26,61.641664,0.181629,0.250868,0.263832,0.021093,0.022644,129,25,17,43,170,34,34,81,36578,68,68,23934,0.944621,0.019506,1.280277,1.263123
with_repeater,186.0,600.0,300.0,4000.0,120.0,500.0,1,86,1777,1777,1980,1980,5,5,3,3,26,26,61.673532,0.184139,0.251067,0.264782,0.021065,0.022647,119,26,20,46,170,34,34,93,36560,68,68,23952,1.062451,0.019799,1.279939,1.475417
blackout_only,186.0,600.0,300.0,4000.0,120.0,500.0,1,87,1777,1777,1980,1980,5,5,3,3,26,26,61.675672,0.184623,0.251016,0.263960,0.021061,0.022597,129,26,17,40,170,34,34,81,36560,68,68,23934,0.943647,0.019990,1.280552,1.265748
with_repeater,186.0,600.0,300.0,4000.0,120.0,500.0,1,87,1777,1777,1980,1980,5,5,3,3,26,26,61.652501,0.185587,0.250907,0.263508,0.021033,0.022623,147,22,20,47,170,34,34,93,36570,68,68,23952,1.059251,0.020585,1.280679,1.476871
blackout_only,186.0,600.0,300.0,4000.0,120.0,500.0,1,88,1777,1777,1980,1980,5,5,3,3,26,26,61.655034,0.181892,0.251195,0.263862,0.021096,0.022702,126,27,20,45,170,34,34,81,36560,68,68,23934,0.943893,0.019737,1.280165,1.264405
with_repeater,186.0,600.0,300.0,4000.0,120.0,500.0,1,88,1777,1777,1980,1980,5,5,3,3,26,26,61.661871,0.183131,0.251279,0.263968,0.021081,0.022595,126,23,21,47,170,34,34,93,36560,68,68,23952,1.060379,0.019567,1.280159,1.473574
blackout_only,186.0,600.0,300.0,4000.0,120.0,500.0,1,89,1777,1777,1980,1980,5,5,3,3,26,26,61.661685,0.182207,0.250995,0.263764,0.021065,0.022590,119,25,12,36,170,34,34,81,36560,68,68,23934,0.943471,0.020203,1.279169,1.262644
with_repeater,186.0,600.0,300.0,4000.0,120.0,500.0,1,89,1777,1777,1980,1980,5,5,3,3,26,26,61.653406,0.182067,0.251093,0.263341,0.021092,0.022614,129,27,14,46,170,34,34,93,36560,68,68,23952,1.061279,0.020181,1.279448,1.475564
blackout_only,186.0,600.0,900.0,4000.0,120.0,500.0,1,40,1778,1778,1980,1980,5,5,8,8,21,21,62.625137,0.182841,0.250759,0.263651,0.021080,0.022725,130,24,24,26,170,34,34,66,36580,68,68,23904,0.788843,0.019480,1.279367,1.030298
with_repeater,186.0,600.0,900.0,4000.0,120.0,500.0,1,40,1778,1778,1980,1980,5,5,8,8,21,21,62.561123,0.183027,0.250731,0.263505,0.021078,0.022723,128,27,19,49,170,34,34,93,36580,68,68,23952,1.103262,0.019720,1.281102,1.542392
blackout_only,186.0,600.0,900.0,4000.0,120.0,500.0,1,41,1777,1777,1980,1980,5,5,8,8,21,21,62.590758,0.185924,0.251010,0.263664,0.021057,0.022596,125,28,18,35,170,34,34,66,36560,68,68,23904,0.791532,0.020045,1.279867,1.034338
with_repeater,186.0,600.0,900.0,4000.0,120.0,500.0,1,41,1777,1777,1980,1980,5,5,8,8,21,21,62.566105,0.182593,0.250963,0.263655,0.021044,0.022606,119,24,23,48,170,34,34,93,36566,68,68,23952,1.105554,0.020040,1.280403,1.538498
blackout_only,186.0,600.0,900.0,4000.0,120.0,500.0,1,42,1777,1777,1980,1980,5,5,8,8,21,21,62.548207,0.184348,0.251051,0.263776,0.021048,0.022611,111,25,19,39,170,34,34,66,36560,68,68,23904,0.794029,0.019924,1.280357,1.032462
with_repeater,186.0,600.0,900.0,4000.0,120.0,500.0,1,42,1777,1777,1980,1980,5,5,8,8,21,21,62.562120,0.182034,0.250946,0.263106,0.021065,0.022701,130,25,22,44,170,34,34,93,36568,68,68,23952,1.109001,0.019436,1.279456,1.543566
blackout_only,186.0,600.0,900.0,4000.0,120.0,500.0,1,43,1777,1777,1980,1980,5,5,8,8,21,21,62.575585,0.182442,0.250974,0.263044,0.021097,0.022630,131,30,27,33,170,34,34,66,36566,68,68,23904,0.790959,0.020216,1.279034,1.032771
with_repeater,186.0,600.0,900.0,4000.0,120.0,500.0,1,43,1777,1777,1980,1980,5,5,8,8,21,21,62.568334,0.182572,0.250897,0.263543,0.021080,0.022726,125,24,17,45,170,34,34,93,36570,68,68,23952,1.104115,0.020481,1.279088,1.541685
blackout_only,186.0,600.0,900.0,4000.0,120.0,500.0,1,44,1777,1777,1980,1980,5,5,8,8,21,21,62.566697,0.182778,0.251149,0.263494,0.021111,0.022753,131,20,15,35,170,34,34,66,36560,68,68,23904,0.790011,0.019954,1.279982,1.029192
with_repeater,186.0,600.0,900.0,4000.0,120.0,500.0,1,44,1777,1777,1980,1980,5,5,8,8,21,21,62.549783,0.183653,0.251006,0.264098,0.021105,0.022687,122,22,17,45,170,34,34,93,36560,68,68,23952,1.100629,0.020287,1.279104,1.541877
blackout_only,186.0,600.0,900.0,4000.0,120.0,500.0,1,45,1777,1777,1980,1980,5,5,8,8,21,21,62.524791,0.180993,0.250966,0.263773,0.021045,0.022658,121,24,18,34,170,34,34,66,36566,68,68,23904,0.790328,0.020048,1.280100,1.032281
with_repeater,186.0,600.0,900.0,4000.0,120.0,500.0,1,45,1777,1777,1980,1980,5,5,8,8,21,21,62.570753,0.182996,0.251132,0.264503,0.021043,0.022639,130,29,20,46,170,34,34,93,36560,68,68,23952,1.104496,0.020216,1.279305,1.542244
blackout_only,186.0,600.0,900.0,4000.0,120.0,500.0,1,46,1777,1777,1980,1980,5,5,8,8,21,21,62.489228,0.181696,0.250853,0.263676,0.021034,0.022727,126,29,18,30,170,34,34,66,36578,68,68,23904,0.790610,0.020454,1.279815,1.029818
with_repeater,186.0,600.0,900.0,4000.0,120.0,500.0,1,46,1777,1777,1980,1980,5,5,8,8,21,21,62.566069,0.184075,0.250935,0.262974,0.021035,0.022608,133,26,22,45,170,34,34,93,36569,68,68,23952,1.104844,0.020223,1.280377,1.538347
blackout_only,186.0,600.0,900.0,4000.0,120.0,500.0,1,47,1777,1777,1980,1980,5,5,8,8,21,21,62.616698,0.184974,0.250947,0.263722,0.021093,0.022648,126,24,21,33,170,34,34,66,36568,68,68,23904,0.790332,0.020316,1.280292,1.030952
with_repeater,186.0,600.0,900.0,4000.0,120.0,500.0,1,47,1778,1778,1980,1980,5,5,8,8,21,21,62.550415,0.182606,0.250703,0.263358,0.021072,0.022679,128,23,25,53,170,34,34,93,36580,68,68,23952,1.103437,0.019812,1.280674,1.539235
blackout_only,186.0,600.0,900.0,4000.0,120.0,500.0,1,48,1777,1777,1980,1980,5,5,8,8,21,21,62.524387,0.182405,0.251055,0.263795,0.021072,0.022608,117,22,16,37,170,34,34,66,36560,68,68,23904,0.790273,0.020525,1.278752,1.029910
with_repeater,186.0,600.0,900.0,4000.0,120.0,500.0,1,48,1777,1777,1980,1980,5,5,8,8,21,21,62.530310,0.182176,0.251177,0.263926,0.021059,0.022647,130,32,21,57,170,34,34,93,36560,68,68,23952,1.104083,0.019632,1.279561,1.540069
blackout_only,186.0,600.0,900.0,4000.0,120.0,500.0,1,49,1777,1777,1980,1980,5,5,8,8,21,21,62.601856,0.184333,0.250903,0.263504,0.021047,0.022661,123,25,19,32,170,34,34,66,36570,68,68,23904,0.789398,0.019786,1.280829,1.029050
with_repeater,186.0,600.0,900.0,4000.0,120.0,500.0,1,49,1778,1778,1980,1980,5,5,8,8,21,21,62.549286,0.181699,0.250629,0.262968,0.021096,0.022656,125,25,17,52,170,34,34,93,36580,68,68,23952,1.105347,0.019764,1.279162,1.544518
blackout_only,186.0,600.0,900.0,4000.0,120.0,500.0,1,50,1777,1777,1980,1980,5,5,8,8,21,21,62.572829,0.184049,0.250991,0.263377,0.021082,0.022775,126,26,20,38,170,34,34,66,36560,68,68,23904,0.791577,0.019858,1.280504,1.030283
with_repeater,186.0,600.0,900.0,4000.0,120.0,500.0,1,50,1777,1777,1980,1980,5,5,8,8,21,21,62.566051,0.183665,0.251163,0.263531,0.021061,0.022679,133,28,23,47,170,34,34,93,36560,68,68,23952,1.106187,0.020045,1.280684,1.543260
blackout_only,186.0,600.0,900.0,4000.0,120.0,500.0,1,51,1777,1777,1980,1980,5,5,8,8,21,21,62.544631,0.182889,0.251067,0.264480,0.021068,0.022733,126,27,19,33,170,34,34,66,36560,68,68,23904,0.791712,0.020603,1.280107,1.032617
with_repeater,186.0,600.0,900.0,4000.0,120.0,500.0,1,51,1777,1777,1980,1980,5,5,8,8,21,21,62.591561,0.185686,0.251221,0.264540,0.021089,0.022704,117,29,18,55,170,34,34,93,36560,68,68,23952,1.106390,0.019898,1.280239,1.544858
blackout_only,186.0,600.0,900.0,4000.0,120.0,500.0,1,52,1777,1777,1980,1980,5,5,8,8,21,21,62.621496,0.184646,0.250928,0.263549,0.021032,0.022583,127,24,19,37,170,34,34,66,36570,68,68,23904,0.792101,0.020613,1.281180,1.031496
with_repeater,186.0,600.0,900.0,4000.0,120.0,500.0,1,52,1777,1777,1980,1980,5,5,8,8,21,21,62.574352,0.184521,0.251030,0.263337,0.021033,0.022652,135,26,23,55,170,34,34,93,36560,68,68,23952,1.107201,0.020039,1.281194,1.542256
blackout_only,186.0,600.0,900.0,4000.0,120.0,500.0,1,53,1777,1777,1980,1980,5,5,8,8,21,21,62.615021,0.183629,0.250976,0.264121,0.021055,0.022710,125,27,15,30,170,34,34,66,36566,68,68,23904,0.790858,0.019734,1.279698,1.032232
with_repeater,186.0,600.0,900.0,4000.0,120.0,500.0,1,53,1777,1777,1980,1980,5,5,8,8,21,21,62.539745,0.181218,0.250969,0.264052,0.021085,0.022680,117,23,18,53,170,34,34,93,36566,68,68,23952,1.102731,0.019899,1.279477,1.543510
blackout_only,186.0,600.0,900.0,4000.0,120.0,500.0,1,54,1777,1777,1980,1980,5,5,8,8,21,21,62.556620,0.184289,0.251095,0.263971,0.021049,0.022619,126,21,20,37,170,34,34,66,36560,68,68,23904,0.789623,0.020333,1.279937,1.030667
with_repeater,186.0,600.0,900.0,4000.0,120.0,500.0,1,54,1777,1777,1980,1980,5,5,8,8,21,21,62.578317,0.183960,0.251136,0.263925,0.021069,0.022652,123,20,20,42,170,34,34,93,36560,68,68,23952,1.107660,0.020030,1.279833,1.542577
blackout_only,186.0,600.0,900.0,4000.0,120.0,500.0,1,55,1778,1778,1980,1980,5,5,8,8,21,21,62.553380,0.183686,0.250737,0.263155,0.021059,0.022647,119,24,23,33,170,34,34,66,36580,68,68,23904,0.790270,0.020528,1.279493,1.030891
with_repeater,186.0,600.0,900.0,4000.0,120.0,500.0,1,55,1777,1777,1980,1980,5,5,8,8,21,21,62.557639,0.182254,0.250917,0.263491,0.021011,0.022601,126,27,18,45,170,34,34,93,36570,68,68,23952,1.105989,0.020016,1.280570,1.546740
blackout_only,186.0,600.0,900.0,4000.0,120.0,500.0,1,56,1777,1777,1980,1980,5,5,8,8,21,21,62.589142,0.183296,0.251047,0.264151,0.021086,0.022695,126,26,20,26,170,34,34,66,36560,68,68,23904,0.790264,0.020465,1.278570,1.032508
with_repeater,186.0,600.0,900.0,4000.0,120.0,500.0,1,56,1777,1777,1980,1980,5,5,8,8,21,21,62.567021,0.182517,0.251018,0.264160,0.021066,0.022668,124,24,23,50,170,34,34,93,36560,68,68,23952,1.108760,0.020079,1.279715,1.545562
blackout_only,186.0,600.0,900.0,4000.0,120.0,500.0,1,57,1777,1777,1980,1980,5,5,8,8,21,21,62.506279,0.183794,0.251479,0.264183,0.021031,0.022539,128,27,19,29,170,34,34,66,36560,68,68,23904,0.792233,0.020194,1.279247,1.029514
with_repeater,186.0,600.0,900.0,4000.0,120.0,500.0,1,57,1777,1777,1980,1980,5,5,8,8,21,21,62.530789,0.181202,0.251170,0.263632,0.021038,0.022534,123,26,17,41,170,34,34,93,36560,68,68,23952,1.103867,0.020375,1.280736,1.543490
blackout_only,186.0,600.0,900.0,4000.0,120.0,500.0,1,58,1777,1777,1980,1980,5,5,8,8,21,21,62.521057,0.180667,0.251390,0.263977,0.021065,0.022710,117,26,25,30,170,34,34,66,36560,68,68,23904,0.791915,0.019356,1.278877,1.032642
with_repeater,186.0,600.0,900.0,4000.0,120.0,500.0,1,58,1777,1777,1980,1980,5,5,8,8,21,21,62.550799,0.184838,0.251093,0.263826,0.021090,0.022748,113,29,20,41,170,34,34,93,36560,68,68,23952,1.106747,0.020336,1.278667,1.549074
blackout_only,186.0,600.0,900.0,4000.0,120.0,500.0,1,59,1777,1777,1980,1980,5,5,8,8,21,21,62.542909,0.181821,0.251085,0.263748,0.021040,0.022700,126,26,17,32,170,34,34,66,36560,68,68,23904,0.791514,0.019392,1.281047,1.031899
with_repeater,186.0,600.0,900.0,4000.0,120.0,500.0,1,59,1777,1777,1980,1980,5,5,8,8,21,21,62.520165,0.181469,0.251023,0.263686,0.021060,0.022664,127,31,20,35,170,34,34,93,36560,68,68,23952,1.107478,0.020299,1.280660,1.543579
blackout_only,186.0,600.0,900.0,4000.0,120.0,500.0,1,60,1777,1777,1980,1980,5,5,8,8,21,21,62.636790,0.185168,0.251007,0.263269,0.021046,0.022654,125,23,17,40,170,34,34,66,36560,68,68,23904,0.789577,0.020118,1.279307,1.032132
with_repeater,186.0,600.0,900.0,4000.0,120.0,500.0,1,60,1777,1777,1980,1980,5,5,8,8,21,21,62.562692,0.180383,0.251141,0.263440,0.021061,0.022677,121,23,21,47,170,34,34,93,36560,68,68,23952,1.104105,0.019540,1.280756,1.538644
blackout_only,186.0,600.0,900.0,4000.0,120.0,500.0,1,61,1777,1777,1980,1980,5,5,8,8,21,21,62.609073,0.183784,0.251178,0.263341,0.021058,0.022565,135,27,23,36,170,34,34,66,36560,68,68,23904,0.790333,0.019639,1.279928,1.031738
with_repeater,186.0,600.0,900.0,4000.0,120.0,500.0,1,61,1777,1777,1980,1980,5,5,8,8,21,21,62.598608,0.185326,0.250931,0.263299,0.021024,0.022602,130,22,18,42,170,34,34,93,36570,68,68,23952,1.104549,0.020743,1.280472,1.543332
blackout_only,186.0,600.0,900.0,4000.0,120.0,500.0,1,62,1777,1777,1980,1980,5,5,8,8,21,21,62.579435,0.183177,0.251141,0.264230,0.021063,0.022671,126,29,25,36,170,34,34,66,36560,68,68,23904,0.790411,0.020274,1.280314,1.032985
with_repeater,186.0,600.0,900.0,4000.0,120.0,500.0,1,62,1777,1777,1980,1980,5,5,8,8,21,21,62.531967,0.182098,0.251125,0.263569,0.021089,0.022684,126,26,21,50,170,34,34,93,36560,68,68,23952,1.103830,0.019989,1.281309,1.547441
blackout_only,186.0,600.0,900.0,4000.0,120.0,500.0,1,63,1777,1777,1980,1980,5,5,8,8,21,21,62.570620,0.181843,0.250910,0.263634,0.021042,0.022637,123,27,23,28,170,34,34,66,36570,68,68,23904,0.789591,0.020331,1.278608,1.033306
with_repeater,186.0,600.0,900.0,4000.0,120.0,500.0,1,63,1778,1778,1980,1980,5,5,8,8,21,21,62.586355,0.183962,0.250723,0.263416,0.021063,0.022668,129,26,25,47,170,34,34,93,36580,68,68,23952,1.103774,0.020076,1.279223,1.540267
blackout_only,186.0,600.0,900.0,4000.0,120.0,500.0,1,64,1778,1778,1980,1980,5,5,8,8,21,21,62.590104,0.184227,0.250827,0.263124,0.021090,0.022686,126,26,23,38,170,34,34,66,36580,68,68,23904,0.788794,0.020069,1.280721,1.032543
with_repeater,186.0,600.0,900.0,4000.0,120.0,500.0,1,64,1777,1777,1980,1980,5,5,8,8,21,21,62.569900,0.183050,0.250896,0.263467,0.021069,0.022609,123,22,17,52,170,34,34,93,36576,68,68,23952,1.101650,0.019780,1.280027,1.545257
blackout_only,186.0,600.0,900.0,4000.0,120.0,500.0,1,65,1777,1777,1980,1980,5,5,8,8,21,21,62.579831,0.182516,0.250883,0.263519,0.021061,0.022671,123,25,18,35,170,34,34,66,36576,68,68,23904,0.789712,0.020020,1.280255,1.029984
with_repeater,186.0,600.0,900.0,4000.0,120.0,500.0,1,65,1778,1778,1980,1980,5,5,8,8,21,21,62.585063,0.183717,0.250808,0.263615,0.021072,0.022589,115,27,18,53,170,34,34,93,36580,68,68,23952,1.103757,0.019783,1.280606,1.540748
blackout_only,186.0,600.0,900.0,4000.0,120.0,500.0,1,66,1777,1777,1980,1980,5,5,8,8,21,21,62.567391,0.183013,0.250875,0.263404,0.021055,0.022632,125,23,13,35,170,34,34,66,36576,68,68,23904,0.789997,0.019857,1.279299,1.031671
with_repeater,186.0,600.0,900.0,4000.0,120.0,500.0,1,66,1777,1777,1980,1980,5,5,8,8,21,21,62.553045,0.184195,0.250857,0.263175,0.021065,0.022658,129,25,20,55,170,34,34,93,36579,68,68,23952,1.104388,0.019801,1.280376,1.542165
blackout_only,186.0,600.0,900.0,4000.0,120.0,500.0,1,67,1777,1777,1980,1980,5,5,8,8,21,21,62.560675,0.183168,0.251013,0.263158,0.021064,0.022724,132,23,22,25,170,34,34,66,36560,68,68,23904,0.792326,0.019889,1.279248,1.029330
with_repeater,186.0,600.0,900.0,4000.0,120.0,500.0,1,67,1777,1777,1980,1980,5,5,8,8,21,21,62.543110,0.181694,0.250971,0.263594,0.021080,0.022621,124,29,23,46,170,34,34,93,36566,68,68,23952,1.106082,0.020324,1.280102,1.542885
blackout_only,186.0,600.0,900.0,4000.0,120.0,500.0,1,68,1777,1777,1980,1980,5,5,8,8,21,21,62.613367,0.185434,0.250867,0.263377,0.021062,0.022656,134,31,22,30,170,34,34,66,36577,68,68,23904,0.790003,0.019959,1.280336,1.029909
with_repeater,186.0,600.0,900.0,4000.0,120.0,500.0,1,68,1777,1777,1980,1980,5,5,8,8,21,21,62.535693,0.180850,0.250942,0.263801,0.021034,0.022682,124,27,20,51,170,34,34,93,36569,68,68,23952,1.106800,0.020311,1.279851,1.545136
blackout_only,186.0,600.0,900.0,4000.0,120.0,500.0,1,69,1777,1777,1980,1980,5,5,8,8,21,21,62.612811,0.183444,0.250854,0.264033,0.021088,0.022666,129,27,21,38,170,34,34,66,36579,68,68,23904,0.790522,0.019933,1.279448,1.030965
with_repeater,186.0,600.0,900.0,4000.0,120.0,500.0,1,69,1777,1777,1980,1980,5,5,8,8,21,21,62.592494,0.185144,0.251078,0.263848,0.021070,0.022616,133,19,16,50,170,34,34,93,36560,68,68,23952,1.108239,0.020382,1.279378,1.544389
blackout_only,186.0,600.0,900.0,4000.0,120.0,500.0,1,70,1777,1777,1980,1980,5,5,8,8,21,21,62.627392,0.184291,0.250953,0.264325,0.021026,0.022659,121,25,23,26,170,34,34,66,36567,68,68,23904,0.790556,0.019454,1.279914,1.030958
with_repeater,186.0,600.0,900.0,4000.0,120.0,500.0,1,70,1777,1777,1980,1980,5,5,8,8,21,21,62.596108,0.184597,0.250915,0.263330,0.021049,0.022637,123,25,21,45,170,34,34,93,36570,68,68,23952,1.106108,0.020494,1.280346,1.545875
blackout_only,186.0,600.0,900.0,4000.0,120.0,500.0,1,71,1777,1777,1980,1980,5,5,8,8,21,21,62.580424,0.184068,0.251219,0.264025,0.021041,0.022578,128,25,21,30,170,34,34,66,36560,68,68,23904,0.790140,0.020230,1.280418,1.031997
with_repeater,186.0,600.0,900.0,4000.0,120.0,500.0,1,71,1777,1777,1980,1980,5,5,8,8,21,21,62.589919,0.183557,0.251170,0.263688,0.021056,0.022645,124,28,24,46,170,34,34,93,36560,68,68,23952,1.104942,0.019265,1.279153,1.546009
blackout_only,186.0,600.0,900.0,4000.0,120.0,500.0,1,72,1777,1777,1980,1980,5,5,8,8,21,21,62.514217,0.182065,0.250890,0.263832,0.021103,0.022627,117,23,19,25,170,34,34,66,36576,68,68,23904,0.792274,0.020743,1.279231,1.031352
with_repeater,186.0,600.0,900.0,4000.0,120.0,500.0,1,72,1777,1777,1980,1980,5,5,8,8,21,21,62.582571,0.184909,0.251017,0.263410,0.021076,0.022590,121,22,21,45,170,34,34,93,36560,68,68,23952,1.104965,0.019978,1.279699,1.545789
blackout_only,186.0,600.0,900.0,4000.0,120.0,500.0,1,73,1778,1778,1980,1980,5,5,8,8,21,21,62.559128,0.183295,0.250800,0.263267,0.021031,0.022717,122,27,20,37,170,34,34,66,36580,68,68,23904,0.791855,0.020089,1.280403,1.031204
with_repeater,186.0,600.0,900.0,4000.0,120.0,500.0,1,73,1777,1777,1980,1980,5,5,8,8,21,21,62.555231,0.183437,0.250903,0.263332,0.021062,0.022679,121,27,20,43,170,34,34,93,36570,68,68,23952,1.105101,0.020546,1.278419,1.539757
blackout_only,186.0,600.0,900.0,4000.0,120.0,500.0,1,74,1777,1777,1980,1980,5,5,8,8,21,21,62.557532,0.184209,0.251214,0.264341,0.021092,0.022698,127,29,20,32,170,34,34,66,36560,68,68,23904,0.792065,0.019918,1.279751,1.030279
with_repeater,186.0,600.0,900.0,4000.0,120.0,500.0,1,74,1777,1777,1980,1980,5,5,8,8,21,21,62.559459,0.183154,0.251142,0.264063,0.021094,0.022670,118,23,16,52,170,34,34,93,36560,68,68,23952,1.104638,0.019382,1.280070,1.538517
blackout_only,186.0,600.0,900.0,4000.0,120.0,500.0,1,75,1777,1777,1980,1980,5,5,8,8,21,21,62.547497,0.182916,0.251030,0.263867,0.021048,0.022546,122,21,22,42,170,34,34,66,36560,68,68,23904,0.789383,0.020359,1.279869,1.029708
with_repeater,186.0,600.0,900.0,4000.0,120.0,500.0,1,75,1777,1777,1980,1980,5,5,8,8,21,21,62.577058,0.181071,0.250859,0.263081,0.021045,0.022614,127,22,21,43,170,34,34,93,36578,68,68,23952,1.102780,0.019912,1.280317,1.544641
blackout_only,186.0,600.0,900.0,4000.0,120.0,500.0,1,76,1777,1777,1980,1980,5,5,8,8,21,21,62.591440,0.182688,0.251111,0.263741,0.021071,0.022678,134,30,16,32,170,34,34,66,36560,68,68,23904,0.793421,0.019895,1.278670,1.028139
with_repeater,186.0,600.0,900.0,4000.0,120.0,500.0,1,76,1777,1777,1980,1980,5,5,8,8,21,21,62.572301,0.184972,0.250883,0.263894,0.021100,0.022717,142,23,20,53,170,34,34,93,36576,68,68,23952,1.101715,0.020161,1.280308,1.543828
blackout_only,186.0,600.0,900.0,4000.0,120.0,500.0,1,77,1777,1777,1980,1980,5,5,8,8,21,21,62.570436,0.181380,0.251002,0.264186,0.021128,0.022678,116,24,18,32,170,34,34,66,36560,68,68,23904,0.790951,0.019350,1.279877,1.032267
with_repeater,186.0,600.0,900.0,4000.0,120.0,500.0,1,77,1777,1777,1980,1980,5,5,8,8,21,21,62.627084,0.185088,0.250997,0.263827,0.021099,0.022736,125,21,22,46,170,34,34,93,36560,68,68,23952,1.104461,0.019412,1.281171,1.544497
blackout_only,186.0,600.0,900.0,4000.0,120.0,500.0,1,78,1777,1777,1980,1980,5,5,8,8,21,21,62.591716,0.184225,0.251285,0.263586,0.021076,0.022605,122,25,25,30,170,34,34,66,36560,68,68,23904,0.791031,0.020384,1.279290,1.031004
with_repeater,186.0,600.0,900.0,4000.0,120.0,500.0,1,78,1777,1777,1980,1980,5,5,8,8,21,21,62.611766,0.186171,0.251260,0.263981,0.021092,0.022649,128,22,23,50,170,34,34,93,36560,68,68,23952,1.106317,0.020224,1.279416,1.541012
blackout_only,186.0,600.0,900.0,4000.0,120.0,500.0,1,79,1777,1777,1980,1980,5,5,8,8,21,21,62.517516,0.183832,0.251222,0.264738,0.021051,0.022603,126,24,20,28,170,34,34,66,36560,68,68,23904,0.791373,0.019630,1.279964,1.033820
with_repeater,186.0,600.0,900.0,4000.0,120.0,500.0,1,79,1777,1777,1980,1980,5,5,8,8,21,21,62.490156,0.179578,0.251455,0.263948,0.021056,0.022653,110,27,18,45,170,34,34,93,36560,68,68,23952,1.103507,0.019674,1.280770,1.544556
blackout_only,186.0,600.0,900.0,4000.0,120.0,500.0,1,80,1777,1777,1980,1980,5,5,8,8,21,21,62.536131,0.182076,0.251011,0.263310,0.021056,0.022714,132,25,21,33,170,34,34,66,36560,68,68,23904,0.790370,0.020735,1.279787,1.029923
with_repeater,186.0,600.0,900.0,4000.0,120.0,500.0,1,80,1778,1778,1980,1980,5,5,8,8,21,21,62.536220,0.183647,0.250786,0.263296,0.021069,0.022650,129,24,27,51,170,34,34,93,36580,68,68,23952,1.105390,0.020538,1.280404,1.541706
blackout_only,186.0,600.0,900.0,4000.0,120.0,500.0,1,81,1778,1778,1980,1980,5,5,8,8,21,21,62.549551,0.182656,0.250775,0.263780,0.021091,0.022711,125,24,21,37,170,34,34,66,36580,68,68,23904,0.790155,0.019894,1.280853,1.032084
with_repeater,186.0,600.0,900.0,4000.0,120.0,500.0,1,81,1777,1777,1980,1980,5,5,8,8,21,21,62.542023,0.181369,0.251215,0.264831,0.021086,0.022697,133,27,20,49,170,34,34,93,36560,68,68,23952,1.106636,0.020216,1.280555,1.547712
blackout_only,186.0,600.0,900.0,4000.0,120.0,500.0,1,82,1777,1777,1980,1980,5,5,8,8,21,21,62.557586,0.183918,0.250980,0.263600,0.021044,0.022624,122,27,25,34,170,34,34,66,36566,68,68,23904,0.788741,0.019639,1.280494,1.032438
with_repeater,186.0,600.0,900.0,4000.0,120.0,500.0,1,82,1777,1777,1980,1980,5,5,8,8,21,21,62.592987,0.182863,0.251149,0.264300,0.021039,0.022719,128,17,22,43,170,34,34,93,36560,68,68,23952,1.104899,0.019829,1.280753,1.546510
blackout_only,186.0,600.0,900.0,4000.0,120.0,500.0,1,83,1777,1777,1980,1980,5,5,8,8,21,21,62.548144,0.184277,0.250896,0.264173,0.021079,0.022678,130,27,20,33,170,34,34,66,36576,68,68,23904,0.789448,0.019938,1.279760,1.030117
with_repeater,186.0,600.0,900.0,4000.0,120.0,500.0,1,83,1778,1778,1980,1980,5,5,8,8,21,21,62.573454,0.184541,0.250586,0.263527,0.021083,0.022714,130,29,23,47,170,34,34,93,36580,68,68,23952,1.105570,0.019310,1.279668,1.542893
blackout_only,186.0,600.0,900.0,4000.0,120.0,500.0,1,84,1777,1777,1980,1980,5,5,8,8,21,21,62.615830,0.183923,0.251241,0.264289,0.021100,0.022715,124,21,20,29,170,34,34,66,36560,68,68,23904,0.789075,0.020240,1.280068,1.032624
with_repeater,186.0,600.0,900.0,4000.0,120.0,500.0,1,84,1777,1777,1980,1980,5,5,8,8,21,21,62.541100,0.182741,0.251032,0.263590,0.021108,0.022711,127,25,24,55,170,34,34,93,36560,68,68,23952,1.105289,0.020664,1.279777,1.546692
blackout_only,186.0,600.0,900.0,4000.0,120.0,500.0,1,85,1777,1777,1980,1980,5,5,8,8,21,21,62.538794,0.183688,0.250891,0.263452,0.021060,0.022657,133,27,21,26,170,34,34,66,36576,68,68,23904,0.790713,0.019687,1.279640,1.031754
with_repeater,186.0,600.0,900.0,4000.0,120.0,500.0,1,85,1777,1777,1980,1980,5,5,8,8,21,21,62.531264,0.182555,0.250965,0.263574,0.021071,0.022638,135,26,22,37,170,34,34,93,36566,68,68,23952,1.104219,0.019765,1.279064,1.548137
blackout_only,186.0,600.0,900.0,4000.0,120.0,500.0,1,86,1777,1777,1980,1980,5,5,8,8,21,21,62.608905,0.183026,0.251207,0.264145,0.021063,0.022594,133,19,22,28,170,34,34,66,36560,68,68,23904,0.791836,0.019534,1.281169,1.028923
with_repeater,186.0,600.0,900.0,4000.0,120.0,500.0,1,86,1777,1777,1980,1980,5,5,8,8,21,21,62.573132,0.183452,0.251025,0.264531,0.021067,0.022609,120,26,20,47,170,34,34,93,36560,68,68,23952,1.106412,0.019503,1.280215,1.544355
blackout_only,186.0,600.0,900.0,4000.0,120.0,500.0,1,87,1777,1777,1980,1980,5,5,8,8,21,21,62.619533,0.182996,0.251005,0.263325,0.021090,0.022637,123,24,23,32,170,34,34,66,36560,68,68,23904,0.791741,0.019585,1.279529,1.029456
with_repeater,186.0,600.0,900.0,4000.0,120.0,500.0,1,87,1777,1777,1980,1980,5,5,8,8,21,21,62.558093,0.184627,0.250900,0.263323,0.021037,0.022598,137,23,23,49,170,34,34,93,36576,68,68,23952,1.103121,0.020004,1.280965,1.548396
blackout_only,186.0,600.0,900.0,4000.0,120.0,500.0,1,88,1777,1777,1980,1980,5,5,8,8,21,21,62.543258,0.183470,0.251152,0.263743,0.021092,0.022682,118,28,18,39,170,34,34,66,36560,68,68,23904,0.791560,0.019304,1.280189,1.035262
with_repeater,186.0,600.0,900.0,4000.0,120.0,500.0,1,88,1777,1777,1980,1980,5,5,8,8,21,21,62.607199,0.182765,0.251279,0.263968,0.021075,0.022588,125,24,21,45,170,34,34,93,36560,68,68,23952,1.103984,0.019552,1.279442,1.540268
blackout_only,186.0,600.0,900.0,4000.0,120.0,500.0,1,89,1777,1777,1980,1980,5,5,8,8,21,21,62.559852,0.181232,0.251196,0.263754,0.021086,0.022606,123,27,21,32,170,34,34,66,36560,68,68,23904,0.792577,0.020163,1.279295,1.029689
with_repeater,186.0,600.0,900.0,4000.0,120.0,500.0,1,89,1777,1777,1980,1980,5,5,8,8,21,21,62.591177,0.182487,0.251087,0.263575,0.021090,0.022607,129,27,17,49,170,34,34,93,36560,68,68,23952,1.106613,0.020432,1.279537,1.543132
blackout_only,186.0,600.0,1800.0,4000.0,120.0,500.0,1,40,1778,1778,1980,1980,5,5,15,15,14,14,3.915216,0.184257,0.250586,0.263450,0.021118,0.022732,134,24,19,16,170,34,34,45,36580,68,68,23862,0.577398,0.019932,1.279002,0.704639
with_repeater,186.0,600.0,1800.0,4000.0,120.0,500.0,1,40,1778,1778,1980,1980,5,5,15,15,14,14,3.825830,0.181408,0.250784,0.263650,0.021077,0.022709,125,27,22,50,170,34,34,93,36580,68,68,23952,1.164806,0.019804,1.280872,1.641322
blackout_only,186.0,600.0,1800.0,4000.0,120.0,500.0,1,41,1777,1777,1980,1980,5,5,15,15,14,14,3.872743,0.183390,0.250939,0.263183,0.021042,0.022609,115,27,23,20,170,34,34,45,36569,68,68,23862,0.577186,0.019787,1.280563,0.706704
with_repeater,186.0,600.0,1800.0,4000.0,120.0,500.0,1,41,1777,1777,1980,1980,5,5,15,15,14,14,3.867062,0.183397,0.251015,0.263806,0.021034,0.022601,124,27,22,49,170,34,34,93,36560,68,68,23952,1.168748,0.019773,1.280108,1.637547
blackout_only,186.0,600.0,1800.0,4000.0,120.0,500.0,1,42,1777,1777,1980,1980,5,5,15,15,14,14,3.819086,0.182382,0.250994,0.263067,0.021060,0.022743,120,26,16,30,170,34,34,45,36560,68,68,23862,0.578066,0.019716,1.280572,0.704602
with_repeater,186.0,600.0,1800.0,4000.0,120.0,500.0,1,42,1777,1777,1980,1980,5,5,15,15,14,14,3.836247,0.182625,0.250859,0.263286,0.021047,0.022718,130,25,20,44,170,34,34,93,36578,68,68,23952,1.171404,0.020009,1.280264,1.645190
blackout_only,186.0,600.0,1800.0,4000.0,120.0,500.0,1,43,1777,1777,1980,1980,5,5,15,15,14,14,3.884050,0.183294,0.251277,0.263590,0.021063,0.022656,126,24,19,24,170,34,34,45,36560,68,68,23862,0.576795,0.020076,1.280034,0.705117
with_repeater,186.0,600.0,1800.0,4000.0,120.0,500.0,1,43,1777,1777,1980,1980,5,5,15,15,14,14,3.877115,0.183366,0.250918,0.263388,0.021088,0.022712,127,24,18,44,170,34,34,93,36570,68,68,23952,1.165675,0.020733,1.279771,1.638032
blackout_only,186.0,600.0,1800.0,4000.0,120.0,500.0,1,44,1777,1777,1980,1980,5,5,15,15,14,14,3.833616,0.183348,0.251020,0.263918,0.021123,0.022726,122,24,15,21,170,34,34,45,36560,68,68,23862,0.578460,0.019828,1.279249,0.704133
with_repeater,186.0,600.0,1800.0,4000.0,120.0,500.0,1,44,1777,1777,1980,1980,5,5,15,15,14,14,3.832050,0.183143,0.251001,0.263858,0.021101,0.022687,124,23,17,47,170,34,34,93,36560,68,68,23952,1.163735,0.020011,1.279372,1.644983
blackout_only,186.0,600.0,1800.0,4000.0,120.0,500.0,1,45,1777,1777,1980,1980,5,5,15,15,14,14,3.804428,0.182132,0.250923,0.263431,0.021089,0.022673,114,25,21,23,170,34,34,45,36570,68,68,23862,0.577905,0.020070,1.280768,0.704825
with_repeater,186.0,600.0,1800.0,4000.0,120.0,500.0,1,45,1777,1777,1980,1980,5,5,15,15,14,14,3.863885,0.183182,0.251135,0.264494,0.021049,0.022607,132,27,20,47,170,34,34,93,36560,68,68,23952,1.166381,0.020064,1.279053,1.638820
blackout_only,186.0,600.0,1800.0,4000.0,120.0,500.0,1,46,1777,1777,1980,1980,5,5,15,15,14,14,3.802603,0.182758,0.251104,0.263860,0.021017,0.022555,127,24,19,21,170,34,34,45,36560,68,68,23862,0.578287,0.020104,1.279555,0.705315
with_repeater,186.0,600.0,1800.0,4000.0,120.0,500.0,1,46,1778,1778,1980,1980,5,5,15,15,14,14,3.877467,0.184696,0.250752,0.263176,0.021045,0.022619,128,26,23,45,170,34,34,93,36580,68,68,23952,1.165421,0.019956,1.280796,1.641472
blackout_only,186.0,600.0,1800.0,4000.0,120.0,500.0,1,47,1777,1777,1980,1980,5,5,15,15,14,14,3.910885,0.185060,0.251080,0.263901,0.021098,0.022690,129,29,20,23,170,34,34,45,36560,68,68,23862,0.576087,0.020119,1.280370,0.703977
with_repeater,186.0,600.0,1800.0,4000.0,120.0,500.0,1,47,1778,1778,1980,1980,5,5,15,15,14,14,3.877571,0.184598,0.250785,0.263556,0.021089,0.022682,125,23,24,53,170,34,34,93,36580,68,68,23952,1.165824,0.020023,1.281041,1.636682
blackout_only,186.0,600.0,1800.0,4000.0,120.0,500.0,1,48,1777,1777,1980,1980,5,5,15,15,14,14,3.757188,0.181115,0.251113,0.264115,0.021077,0.022632,118,27,15,18,170,34,34,45,36560,68,68,23862,0.576117,0.019936,1.278413,0.706124
with_repeater,186.0,600.0,1800.0,4000.0,120.0,500.0,1,48,1777,1777,1980,1980,5,5,15,15,14,14,3.819845,0.181354,0.251034,0.263927,0.021061,0.022649,130,29,21,57,170,34,34,93,36560,68,68,23952,1.166775,0.019803,1.280252,1.640564
blackout_only,186.0,600.0,1800.0,4000.0,120.0,500.0,1,49,1778,1778,1980,1980,5,5,15,15,14,14,3.859901,0.182766,0.250566,0.263461,0.021027,0.022646,125,30,22,19,170,34,34,45,36580,68,68,23862,0.576982,0.019792,1.280556,0.705227
with_repeater,186.0,600.0,1800.0,4000.0,120.0,500.0,1,49,1778,1778,1980,1980,5,5,15,15,14,14,3.809755,0.181645,0.250654,0.262968,0.021098,0.022660,124,26,19,55,170,34,34,93,36580,68,68,23952,1.167690,0.019925,1.279592,1.638859
blackout_only,186.0,600.0,1800.0,4000.0,120.0,500.0,1,50,1777,1777,1980,1980,5,5,15,15,14,14,3.835882,0.182268,0.251019,0.263674,0.021100,0.022752,122,25,21,25,170,34,34,45,36560,68,68,23862,0.580482,0.020098,1.281017,0.706157
with_repeater,186.0,600.0,1800.0,4000.0,120.0,500.0,1,50,1777,1777,1980,1980,5,5,15,15,14,14,3.850328,0.182582,0.251241,0.263480,0.021059,0.022684,130,27,23,55,170,34,34,93,36560,68,68,23952,1.169849,0.020061,1.281150,1.646908
blackout_only,186.0,600.0,1800.0,4000.0,120.0,500.0,1,51,1777,1777,1980,1980,5,5,15,15,14,14,3.837625,0.183516,0.251201,0.263158,0.021062,0.022731,125,29,21,19,170,34,34,45,36560,68,68,23862,0.578873,0.020748,1.280997,0.705958
with_repeater,186.0,600.0,1800.0,4000.0,120.0,500.0,1,51,1777,1777,1980,1980,5,5,15,15,14,14,3.915722,0.186136,0.251146,0.264655,0.021097,0.022711,121,26,21,55,170,34,34,93,36560,68,68,23952,1.168746,0.020155,1.279854,1.644112
blackout_only,186.0,600.0,1800.0,4000.0,120.0,500.0,1,52,1777,1777,1980,1980,5,5,15,15,14,14,3.873218,0.181960,0.251064,0.263245,0.021041,0.022591,124,25,21,21,170,34,34,45,36560,68,68,23862,0.575590,0.020098,1.280045,0.704988
with_repeater,186.0,600.0,1800.0,4000.0,120.0,500.0,1,52,1777,1777,1980,1980,5,5,15,15,14,14,3.846751,0.183901,0.251082,0.263315,0.021028,0.022633,126,24,22,57,170,34,34,93,36560,68,68,23952,1.168387,0.020037,1.281629,1.644296
blackout_only,186.0,600.0,1800.0,4000.0,120.0,500.0,1,53,1777,1777,1980,1980,5,5,15,15,14,14,3.877354,0.184817,0.251179,0.264211,0.021055,0.022672,122,30,14,21,170,34,34,45,36560,68,68,23862,0.577153,0.019563,1.280784,0.704764
with_repeater,186.0,600.0,1800.0,4000.0,120.0,500.0,1,53,1777,1777,1980,1980,5,5,15,15,14,14,3.834232,0.182718,0.251205,0.264052,0.021071,0.022648,119,22,15,46,170,34,34,93,36560,68,68,23952,1.164923,0.019793,1.279141,1.642475
blackout_only,186.0,600.0,1800.0,4000.0,120.0,500.0,1,54,1777,1777,1980,1980,5,5,15,15,14,14,3.834252,0.182623,0.251063,0.262958,0.021052,0.022631,124,23,19,18,170,34,34,45,36560,68,68,23862,0.578506,0.020399,1.279594,0.703796
with_repeater,186.0,600.0,1800.0,4000.0,120.0,500.0,1,54,1777,1777,1980,1980,5,5,15,15,14,14,3.865053,0.184354,0.251105,0.263925,0.021077,0.022667,123,20,20,40,170,34,34,93,36560,68,68,23952,1.167654,0.020395,1.280225,1.640463
blackout_only,186.0,600.0,1800.0,4000.0,120.0,500.0,1,55,1778,1778,1980,1980,5,5,15,15,14,14,3.795296,0.181067,0.250765,0.263422,0.021084,0.022628,124,22,23,24,170,34,34,45,36580,68,68,23862,0.577869,0.020156,1.279053,0.703981
with_repeater,186.0,600.0,1800.0,4000.0,120.0,500.0,1,55,1777,1777,1980,1980,5,5,15,15,14,14,3.835292,0.183367,0.250982,0.263976,0.021024,0.022655,133,24,19,43,170,34,34,93,36566,68,68,23952,1.166203,0.020190,1.280070,1.650961
blackout_only,186.0,600.0,1800.0,4000.0,120.0,500.0,1,56,1777,1777,1980,1980,5,5,15,15,14,14,3.868238,0.183474,0.251173,0.264021,0.021056,0.022638,131,27,20,21,170,34,34,45,36560,68,68,23862,0.578123,0.020057,1.278753,0.705431
with_repeater,186.0,600.0,1800.0,4000.0,120.0,500.0,1,56,1777,1777,1980,1980,5,5,15,15,14,14,3.869929,0.183031,0.251020,0.264677,0.021068,0.022701,120,24,25,48,170,34,34,93,36560,68,68,23952,1.169062,0.020148,1.279826,1.646667
blackout_only,186.0,600.0,1800.0,4000.0,120.0,500.0,1,57,1777,1777,1980,1980,5,5,15,15,14,14,3.807724,0.184351,0.251594,0.263581,0.021037,0.022584,128,25,20,25,170,34,34,45,36560,68,68,23862,0.578141,0.020184,1.279847,0.705994
with_repeater,186.0,600.0,1800.0,4000.0,120.0,500.0,1,57,1777,1777,1980,1980,5,5,15,15,14,14,3.820038,0.181306,0.251168,0.263717,0.021036,0.022602,125,24,16,43,170,34,34,93,36560,68,68,23952,1.165139,0.019952,1.280555,1.643750
blackout_only,186.0,600.0,1800.0,4000.0,120.0,500.0,1,58,1777,1777,1980,1980,5,5,15,15,14,14,3.855835,0.183511,0.251338,0.264305,0.021063,0.022657,115,29,23,21,170,34,34,45,36560,68,68,23862,0.577390,0.019411,1.278902,0.706309
with_repeater,186.0,600.0,1800.0,4000.0,120.0,500.0,1,58,1777,1777,1980,1980,5,5,15,15,14,14,3.829841,0.183598,0.250966,0.263369,0.021096,0.022713,117,26,23,44,170,34,34,93,36566,68,68,23952,1.167349,0.020189,1.279488,1.655624
blackout_only,186.0,600.0,1800.0,4000.0,120.0,500.0,1,59,1777,1777,1980,1980,5,5,15,15,14,14,3.825099,0.181801,0.251158,0.263452,0.021065,0.022719,125,27,27,29,170,34,34,45,36560,68,68,23862,0.577063,0.019748,1.280216,0.705696
with_repeater,186.0,600.0,1800.0,4000.0,120.0,500.0,1,59,1777,1777,1980,1980,5,5,15,15,14,14,3.773876,0.181236,0.251173,0.264129,0.021067,0.022672,131,27,20,40,170,34,34,93,36560,68,68,23952,1.169035,0.020131,1.280486,1.643183
blackout_only,186.0,600.0,1800.0,4000.0,120.0,500.0,1,60,1777,1777,1980,1980,5,5,15,15,14,14,3.918496,0.186634,0.250919,0.263715,0.021045,0.022570,129,28,24,26,170,34,34,45,36570,68,68,23862,0.575968,0.020030,1.279767,0.707860
with_repeater,186.0,600.0,1800.0,4000.0,120.0,500.0,1,60,1777,1777,1980,1980,5,5,15,15,14,14,3.817592,0.180589,0.251349,0.263626,0.021056,0.022648,121,21,23,47,170,34,34,93,36560,68,68,23952,1.164323,0.019754,1.280390,1.638611
blackout_only,186.0,600.0,1800.0,4000.0,120.0,500.0,1,61,1777,1777,1980,1980,5,5,15,15,14,14,3.906098,0.184402,0.250926,0.263341,0.021070,0.022614,133,26,23,28,170,34,34,45,36570,68,68,23862,0.577774,0.020109,1.279025,0.704164
with_repeater,186.0,600.0,1800.0,4000.0,120.0,500.0,1,61,1777,1777,1980,1980,5,5,15,15,14,14,3.881094,0.184880,0.250994,0.263299,0.021030,0.022578,130,20,17,49,170,34,34,93,36560,68,68,23952,1.166610,0.020762,1.280534,1.642803
blackout_only,186.0,600.0,1800.0,4000.0,120.0,500.0,1,62,1777,1777,1980,1980,5,5,15,15,14,14,3.854037,0.184442,0.251237,0.263869,0.021059,0.022663,124,25,19,24,170,34,34,45,36560,68,68,23862,0.577283,0.020344,1.279849,0.706961
with_repeater,186.0,600.0,1800.0,4000.0,120.0,500.0,1,62,1777,1777,1980,1980,5,5,15,15,14,14,3.762177,0.180955,0.251084,0.263960,0.021076,0.022678,122,25,22,49,170,34,34,93,36560,68,68,23952,1.167715,0.019846,1.280451,1.643185
blackout_only,186.0,600.0,1800.0,4000.0,120.0,500.0,1,63,1778,1778,1980,1980,5,5,15,15,14,14,3.844975,0.183935,0.250670,0.263405,0.021053,0.022645,122,24,18,17,170,34,34,45,36580,68,68,23862,0.576836,0.019364,1.279272,0.705539
with_repeater,186.0,600.0,1800.0,4000.0,120.0,500.0,1,63,1777,1777,1980,1980,5,5,15,15,14,14,3.868430,0.184241,0.250854,0.263504,0.021060,0.022656,136,27,25,45,170,34,34,93,36580,68,68,23952,1.164376,0.020277,1.279236,1.637688
blackout_only,186.0,600.0,1800.0,4000.0,120.0,500.0,1,64,1777,1777,1980,1980,5,5,15,15,14,14,3.881588,0.185336,0.250897,0.262963,0.021083,0.022686,125,27,24,20,170,34,34,45,36576,68,68,23862,0.576711,0.020039,1.279451,0.704676
with_repeater,186.0,600.0,1800.0,4000.0,120.0,500.0,1,64,1777,1777,1980,1980,5,5,15,15,14,14,3.814122,0.182598,0.250925,0.263204,0.021078,0.022611,120,25,21,49,170,34,34,93,36570,68,68,23952,1.165850,0.019745,1.279399,1.645142
blackout_only,186.0,600.0,1800.0,4000.0,120.0,500.0,1,65,1777,1777,1980,1980,5,5,15,15,14,14,3.838550,0.182831,0.250918,0.263986,0.021075,0.022707,125,27,22,25,170,34,34,45,36570,68,68,23862,0.576799,0.020274,1.280130,0.705244
with_repeater,186.0,600.0,1800.0,4000.0,120.0,500.0,1,65,1777,1777,1980,1980,5,5,15,15,14,14,3.850597,0.182444,0.251006,0.263824,0.021082,0.022614,118,24,18,52,170,34,34,93,36560,68,68,23952,1.167244,0.019612,1.280583,1.639652
blackout_only,186.0,600.0,1800.0,4000.0,120.0,500.0,1,66,1778,1778,1980,1980,5,5,15,15,14,14,3.873530,0.183593,0.250681,0.263806,0.021061,0.022617,136,17,17,21,170,34,34,45,36580,68,68,23862,0.576584,0.019866,1.279747,0.704318
with_repeater,186.0,600.0,1800.0,4000.0,120.0,500.0,1,66,1777,1777,1980,1980,5,5,15,15,14,14,3.860406,0.183850,0.250960,0.263347,0.021049,0.022645,131,22,20,53,170,34,34,93,36566,68,68,23952,1.167014,0.019668,1.281012,1.641898
blackout_only,186.0,600.0,1800.0,4000.0,120.0,500.0,1,67,1777,1777,1980,1980,5,5,15,15,14,14,3.837985,0.182992,0.251284,0.263560,0.021027,0.022693,125,26,18,22,170,34,34,45,36560,68,68,23862,0.578733,0.019733,1.279996,0.706389
with_repeater,186.0,600.0,1800.0,4000.0,120.0,500.0,1,67,1778,1778,1980,1980,5,5,15,15,14,14,3.841480,0.182715,0.250819,0.263674,0.021071,0.022620,126,30,20,45,170,34,34,93,36580,68,68,23952,1.167369,0.020150,1.280510,1.646030
blackout_only,186.0,600.0,1800.0,4000.0,120.0,500.0,1,68,1777,1777,1980,1980,5,5,15,15,14,14,3.886686,0.182715,0.250935,0.263526,0.021080,0.022656,134,24,26,30,170,34,34,45,36569,68,68,23862,0.577221,0.020203,1.279472,0.705831
with_repeater,186.0,600.0,1800.0,4000.0,120.0,500.0,1,68,1777,1777,1980,1980,5,5,15,15,14,14,3.805326,0.181344,0.250986,0.263900,0.021034,0.022691,127,28,21,47,170,34,34,93,36560,68,68,23952,1.169855,0.020524,1.279086,1.638664
blackout_only,186.0,600.0,1800.0,4000.0,120.0,500.0,1,69,1777,1777,1980,1980,5,5,15,15,14,14,3.889866,0.184072,0.251149,0.263847,0.021077,0.022747,125,25,20,25,170,34,34,45,36560,68,68,23862,0.578095,0.019697,1.280137,0.706745
with_repeater,186.0,600.0,1800.0,4000.0,120.0,500.0,1,69,1777,1777,1980,1980,5,5,15,15,14,14,3.887857,0.184163,0.251042,0.263931,0.021071,0.022645,131,20,14,47,170,34,34,93,36560,68,68,23952,1.172948,0.020254,1.279252,1.651306
blackout_only,186.0,600.0,1800.0,4000.0,120.0,500.0,1,70,1778,1778,1980,1980,5,5,15,15,14,14,3.912406,0.183817,0.250785,0.263811,0.021021,0.022608,123,28,25,20,170,34,34,45,36580,68,68,23862,0.576559,0.019340,1.280908,0.705402
with_repeater,186.0,600.0,1800.0,4000.0,120.0,500.0,1,70,1777,1777,1980,1980,5,5,15,15,14,14,3.855993,0.183584,0.250886,0.263428,0.021047,0.022630,122,27,23,43,170,34,34,93,36576,68,68,23952,1.167083,0.020543,1.280959,1.645078
blackout_only,186.0,600.0,1800.0,4000.0,120.0,500.0,1,71,1777,1777,1980,1980,5,5,15,15,14,14,3.834301,0.181367,0.251062,0.263044,0.021042,0.022610,129,27,27,23,170,34,34,45,36560,68,68,23862,0.577904,0.019909,1.279692,0.704800
with_repeater,186.0,600.0,1800.0,4000.0,120.0,500.0,1,71,1777,1777,1980,1980,5,5,15,15,14,14,3.864314,0.184172,0.251225,0.263606,0.021042,0.022570,127,30,24,46,170,34,34,93,36560,68,68,23952,1.165976,0.019248,1.279060,1.641248
blackout_only,186.0,600.0,1800.0,4000.0,120.0,500.0,1,72,1777,1777,1980,1980,5,5,15,15,14,14,3.775073,0.181353,0.251051,0.263909,0.021098,0.022670,118,25,16,23,170,34,34,45,36560,68,68,23862,0.578356,0.020366,1.280066,0.704783
with_repeater,186.0,600.0,1800.0,4000.0,120.0,500.0,1,72,1777,1777,1980,1980,5,5,15,15,14,14,3.843661,0.183159,0.251030,0.263410,0.021086,0.022590,120,22,19,46,170,34,34,93,36560,68,68,23952,1.167124,0.019873,1.279445,1.644334
blackout_only,186.0,600.0,1800.0,4000.0,120.0,500.0,1,73,1777,1777,1980,1980,5,5,15,15,14,14,3.861032,0.183485,0.250893,0.262927,0.021044,0.022617,125,27,20,20,170,34,34,45,36576,68,68,23862,0.576870,0.019736,1.280167,0.704006
with_repeater,186.0,600.0,1800.0,4000.0,120.0,500.0,1,73,1777,1777,1980,1980,5,5,15,15,14,14,3.803812,0.182772,0.250890,0.263485,0.021062,0.022673,126,25,19,47,170,34,34,93,36576,68,68,23952,1.166561,0.020239,1.278398,1.640671
blackout_only,186.0,600.0,1800.0,4000.0,120.0,500.0,1,74,1778,1778,1980,1980,5,5,15,15,14,14,3.825414,0.180770,0.250841,0.264023,0.021080,0.022711,125,28,25,25,170,34,34,45,36580,68,68,23862,0.576780,0.020302,1.279382,0.704820
with_repeater,186.0,600.0,1800.0,4000.0,120.0,500.0,1,74,1777,1777,1980,1980,5,5,15,15,14,14,3.854228,0.184181,0.251201,0.264023,0.021103,0.022684,120,22,15,48,170,34,34,93,36560,68,68,23952,1.163996,0.019795,1.279781,1.646543
blackout_only,186.0,600.0,1800.0,4000.0,120.0,500.0,1,75,1777,1777,1980,1980,5,5,15,15,14,14,3.853154,0.183370,0.250885,0.263722,0.021058,0.022596,121,22,20,25,170,34,34,45,36576,68,68,23862,0.578203,0.020250,1.280043,0.707250
with_repeater,186.0,600.0,1800.0,4000.0,120.0,500.0,1,75,1778,1778,1980,1980,5,5,15,15,14,14,3.863453,0.182435,0.250834,0.263081,0.021048,0.022632,123,21,17,46,170,34,34,93,36580,68,68,23952,1.164979,0.020367,1.280176,1.644702
blackout_only,186.0,600.0,1800.0,4000.0,120.0,500.0,1,76,1777,1777,1980,1980,5,5,15,15,14,14,3.838196,0.184036,0.251043,0.263397,0.021081,0.022767,131,27,19,21,170,34,34,45,36560,68,68,23862,0.577654,0.020589,1.279063,0.706387
with_repeater,186.0,600.0,1800.0,4000.0,120.0,500.0,1,76,1777,1777,1980,1980,5,5,15,15,14,14,3.854653,0.184159,0.251049,0.264087,0.021115,0.022739,137,24,21,53,170,34,34,93,36560,68,68,23952,1.165703,0.020222,1.280123,1.644696
blackout_only,186.0,600.0,1800.0,4000.0,120.0,500.0,1,77,1777,1777,1980,1980,5,5,15,15,14,14,3.851084,0.183158,0.250867,0.263652,0.021099,0.022711,116,22,17,27,170,34,34,45,36578,68,68,23862,0.577492,0.020187,1.279238,0.706183
with_repeater,186.0,600.0,1800.0,4000.0,120.0,500.0,1,77,1777,1777,1980,1980,5,5,15,15,14,14,3.884836,0.184142,0.251051,0.263847,0.021100,0.022736,123,21,23,44,170,34,34,93,36560,68,68,23952,1.166578,0.019816,1.280640,1.645325
blackout_only,186.0,600.0,1800.0,4000.0,120.0,500.0,1,78,1777,1777,1980,1980,5,5,15,15,14,14,3.836961,0.181081,0.251214,0.264259,0.021096,0.022643,122,25,23,24,170,34,34,45,36560,68,68,23862,0.575929,0.020362,1.280347,0.704894
with_repeater,186.0,600.0,1800.0,4000.0,120.0,500.0,1,78,1777,1777,1980,1980,5,5,15,15,14,14,3.900433,0.185772,0.251284,0.264011,0.021085,0.022632,131,22,22,47,170,34,34,93,36560,68,68,23952,1.168607,0.020333,1.280209,1.638315
blackout_only,186.0,600.0,1800.0,4000.0,120.0,500.0,1,79,1777,1777,1980,1980,5,5,15,15,14,14,3.817467,0.181424,0.251273,0.264266,0.021026,0.022568,113,27,25,23,170,34,34,45,36560,68,68,23862,0.577784,0.019652,1.279316,0.706256
with_repeater,186.0,600.0,1800.0,4000.0,120.0,500.0,1,79,1777,1777,1980,1980,5,5,15,15,14,14,3.778258,0.181532,0.251519,0.264491,0.021062,0.022653,114,24,19,46,170,34,34,93,36560,68,68,23952,1.164675,0.019971,1.281475,1.644882
blackout_only,186.0,600.0,1800.0,4000.0,120.0,500.0,1,80,1778,1778,1980,1980,5,5,15,15,14,14,3.831522,0.181778,0.250820,0.263094,0.021069,0.022633,129,26,25,25,170,34,34,45,36580,68,68,23862,0.577699,0.020227,1.279779,0.704382
with_repeater,186.0,600.0,1800.0,4000.0,120.0,500.0,1,80,1777,1777,1980,1980,5,5,15,15,14,14,3.868016,0.184348,0.250865,0.263210,0.021046,0.022633,128,24,24,54,170,34,34,93,36578,68,68,23952,1.166490,0.020491,1.280569,1.641122
blackout_only,186.0,600.0,1800.0,4000.0,120.0,500.0,1,81,1777,1777,1980,1980,5,5,15,15,14,14,3.845052,0.183031,0.250962,0.263840,0.021080,0.022737,127,25,21,24,170,34,34,45,36566,68,68,23862,0.578422,0.019980,1.280515,0.705420
with_repeater,186.0,600.0,1800.0,4000.0,120.0,500.0,1,81,1777,1777,1980,1980,5,5,15,15,14,14,3.811885,0.181811,0.251124,0.264334,0.021082,0.022713,127,24,19,52,170,34,34,93,36560,68,68,23952,1.167565,0.019976,1.280550,1.646923
blackout_only,186.0,600.0,1800.0,4000.0,120.0,500.0,1,82,1777,1777,1980,1980,5,5,15,15,14,14,3.832294,0.182319,0.250999,0.263613,0.021066,0.022652,118,22,21,27,170,34,34,45,36560,68,68,23862,0.576551,0.019501,1.279653,0.708539
with_repeater,186.0,600.0,1800.0,4000.0,120.0,500.0,1,82,1777,1777,1980,1980,5,5,15,15,14,14,3.886568,0.183738,0.251274,0.264307,0.021043,0.022694,128,19,22,45,170,34,34,93,36560,68,68,23952,1.165825,0.019908,1.280854,1.645591
blackout_only,186.0,600.0,1800.0,4000.0,120.0,500.0,1,83,1777,1777,1980,1980,5,5,15,15,14,14,3.815902,0.183233,0.250919,0.263695,0.021114,0.022681,130,26,23,22,170,34,34,45,36570,68,68,23862,0.577937,0.020017,1.279778,0.706361
with_repeater,186.0,600.0,1800.0,4000.0,120.0,500.0,1,83,1778,1778,1980,1980,5,5,15,15,14,14,3.894116,0.184861,0.250798,0.263582,0.021086,0.022714,128,29,25,45,170,34,34,93,36580,68,68,23952,1.168243,0.019401,1.279152,1.643832
blackout_only,186.0,600.0,1800.0,4000.0,120.0,500.0,1,84,1777,1777,1980,1980,5,5,15,15,14,14,3.926130,0.184789,0.251262,0.264243,0.021085,0.022667,130,27,22,25,170,34,34,45,36560,68,68,23862,0.576630,0.020169,1.280360,0.705873
with_repeater,186.0,600.0,1800.0,4000.0,120.0,500.0,1,84,1777,1777,1980,1980,5,5,15,15,14,14,3.808688,0.181991,0.251020,0.263483,0.021097,0.022696,124,25,22,57,170,34,34,93,36560,68,68,23952,1.166584,0.020665,1.280025,1.641925
blackout_only,186.0,600.0,1800.0,4000.0,120.0,500.0,1,85,1777,1777,1980,1980,5,5,15,15,14,14,3.806280,0.181794,0.251009,0.263639,0.021079,0.022657,126,27,20,24,170,34,34,45,36560,68,68,23862,0.576641,0.019632,1.279792,0.705585
with_repeater,186.0,600.0,1800.0,4000.0,120.0,500.0,1,85,1777,1777,1980,1980,5,5,15,15,14,14,3.809543,0.182283,0.250894,0.263457,0.021058,0.022638,135,21,21,40,170,34,34,93,36576,68,68,23952,1.166519,0.019634,1.279963,1.649899
blackout_only,186.0,600.0,1800.0,4000.0,120.0,500.0,1,86,1777,1777,1980,1980,5,5,15,15,14,14,3.867586,0.182532,0.251496,0.264320,0.021076,0.022687,126,22,18,24,170,34,34,45,36560,68,68,23862,0.580061,0.019441,1.281450,0.707033
with_repeater,186.0,600.0,1800.0,4000.0,120.0,500.0,1,86,1777,1777,1980,1980,5,5,15,15,14,14,3.849377,0.182058,0.250941,0.264284,0.021078,0.022652,120,28,23,49,170,34,34,93,36569,68,68,23952,1.167807,0.019574,1.280369,1.644180
blackout_only,186.0,600.0,1800.0,4000.0,120.0,500.0,1,87,1778,1778,1980,1980,5,5,15,15,14,14,3.897098,0.185425,0.250695,0.263061,0.021071,0.022641,124,19,19,22,170,34,34,45,36580,68,68,23862,0.577999,0.019758,1.279705,0.706704
with_repeater,186.0,600.0,1800.0,4000.0,120.0,500.0,1,87,1777,1777,1980,1980,5,5,15,15,14,14,3.861925,0.185294,0.250944,0.263721,0.021040,0.022587,137,26,22,46,170,34,34,93,36569,68,68,23952,1.166820,0.020109,1.280633,1.644399
blackout_only,186.0,600.0,1800.0,4000.0,120.0,500.0,1,88,1777,1777,1980,1980,5,5,15,15,14,14,3.805559,0.181066,0.251349,0.263968,0.021089,0.022677,129,25,21,26,170,34,34,45,36560,68,68,23862,0.578394,0.020153,1.280440,0.705603
with_repeater,186.0,600.0,1800.0,4000.0,120.0,500.0,1,88,1777,1777,1980,1980,5,5,15,15,14,14,3.868720,0.184016,0.251121,0.263884,0.021082,0.022595,134,24,16,43,170,34,34,93,36560,68,68,23952,1.163295,0.019806,1.278589,1.644248
blackout_only,186.0,600.0,1800.0,4000.0,120.0,500.0,1,89,1777,1777,1980,1980,5,5,15,15,14,14,3.846340,0.183450,0.251158,0.263552,0.021071,0.022637,129,27,19,18,170,34,34,45,36560,68,68,23862,0.578768,0.020243,1.280834,0.704215
with_repeater,186.0,600.0,1800.0,4000.0,120.0,500.0,1,89,1777,1777,1980,1980,5,5,15,15,14,14,3.885548,0.182106,0.251092,0.263362,0.021081,0.022585,129,28,22,47,170,34,34,93,36560,68,68,23952,1.169940,0.020491,1.279425,1.637962
blackout_only,750.0,600.0,300.0,4000.0,120.0,500.0,1,40,1777,1777,1980,1980,5,5,3,3,26,26,61.590194,0.182870,0.250967,0.263770,0.021061,0.022629,127,21,26,16,170,34,34,48,36566,68,68,23910,3.139445,0.020133,1.280459,3.021148
with_repeater,750.0,600.0,300.0,4000.0,120.0,500.0,1,40,1777,1777,1980,1980,5,5,3,3,26,26,61.616819,0.181783,0.250936,0.264080,0.021070,0.022674,128,25,25,27,170,34,34,63,36570,68,68,23928,3.255530,0.018845,1.279865,3.572266
blackout_only,750.0,600.0,300.0,4000.0,120.0,500.0,1,41,1777,1777,1980,1980,5,5,3,3,26,26,61.648439,0.181644,0.251121,0.263610,0.021068,0.022566,122,25,17,26,170,34,34,48,36560,68,68,23910,3.139524,0.020334,1.279178,3.022905
with_repeater,750.0,600.0,300.0,4000.0,120.0,500.0,1,41,1777,1777,1980,1980,5,5,3,3,26,26,61.657739,0.184186,0.251395,0.264114,0.021065,0.022683,122,24,26,33,170,34,34,63,36560,68,68,23928,3.256724,0.020126,1.279840,3.574796
blackout_only,750.0,600.0,300.0,4000.0,120.0,500.0,1,42,1777,1777,1980,1980,5,5,3,3,26,26,61.668788,0.183958,0.251055,0.263761,0.021095,0.022695,126,25,22,26,170,34,34,48,36560,68,68,23910,3.139300,0.019328,1.279745,3.022614
with_repeater,750.0,600.0,300.0,4000.0,120.0,500.0,1,42,1777,1777,1980,1980,5,5,3,3,26,26,61.633983,0.183090,0.250995,0.263533,0.021069,0.022749,122,24,21,30,170,34,34,63,36560,68,68,23928,3.256670,0.020307,1.279310,3.574912
blackout_only,750.0,600.0,300.0,4000.0,120.0,500.0,1,43,1777,1777,1980,1980,5,5,3,3,26,26,61.656981,0.182855,0.250858,0.264030,0.021096,0.022706,128,24,18,20,170,34,34,48,36578,68,68,23910,3.137587,0.019923,1.279105,3.023050
with_repeater,750.0,600.0,300.0,4000.0,120.0,500.0,1,43,1777,1777,1980,1980,5,5,3,3,26,26,61.619661,0.182391,0.251017,0.263409,0.021066,0.022665,129,19,21,32,170,34,34,63,36560,68,68,23928,3.256951,0.019805,1.279128,3.572404
blackout_only,750.0,600.0,300.0,4000.0,120.0,500.0,1,44,1777,1777,1980,1980,5,5,3,3,26,26,61.584254,0.181257,0.250994,0.263957,0.021052,0.022578,124,28,23,26,170,34,34,48,36560,68,68,23910,3.137636,0.020191,1.280187,3.020634
with_repeater,750.0,600.0,300.0,4000.0,120.0,500.0,1,44,1777,1777,1980,1980,5,5,3,3,26,26,61.635736,0.183843,0.251216,0.263984,0.021059,0.022640,125,26,20,33,170,34,34,63,36560,68,68,23928,3.256469,0.020170,1.280001,3.575788
blackout_only,750.0,600.0,300.0,4000.0,120.0,500.0,1,45,1777,1777,1980,1980,5,5,3,3,26,26,61.659191,0.184160,0.251187,0.263985,0.021047,0.022561,124,24,18,24,170,34,34,48,36560,68,68,23910,3.139996,0.019889,1.281368,3.021426
with_repeater,750.0,600.0,300.0,4000.0,120.0,500.0,1,45,1777,1777,1980,1980,5,5,3,3,26,26,61.658763,0.185025,0.251023,0.263320,0.021061,0.022604,128,29,18,31,170,34,34,63,36560,68,68,23928,3.256945,0.020007,1.279707,3.576505
blackout_only,750.0,600.0,300.0,4000.0,120.0,500.0,1,46,1777,1777,1980,1980,5,5,3,3,26,26,61.654285,0.184613,0.250959,0.264225,0.021025,0.022546,121,26,22,18,170,34,34,48,36566,68,68,23910,3.137907,0.019399,1.278771,3.019336
with_repeater,750.0,600.0,300.0,4000.0,120.0,500.0,1,46,1777,1777,1980,1980,5,5,3,3,26,26,61.638220,0.183144,0.250984,0.263673,0.021071,0.022639,123,23,20,31,170,34,34,63,36565,68,68,23928,3.257143,0.019524,1.280210,3.577448
blackout_only,750.0,600.0,300.0,4000.0,120.0,500.0,1,47,1777,1777,1980,1980,5,5,3,3,26,26,61.648651,0.183202,0.251287,0.264121,0.021059,0.022649,122,25,19,23,170,34,34,48,36560,68,68,23910,3.138690,0.019989,1.280188,3.020798
with_repeater,750.0,600.0,300.0,4000.0,120.0,500.0,1,47,1777,1777,1980,1980,5,5,3,3,26,26,61.639578,0.181850,0.251273,0.263937,0.021072,0.022699,123,26,17,37,170,34,34,63,36560,68,68,23928,3.254405,0.020328,1.279794,3.574601
blackout_only,750.0,600.0,300.0,4000.0,120.0,500.0,1,48,1777,1777,1980,1980,5,5,3,3,26,26,61.671492,0.181880,0.251319,0.263919,0.021071,0.022635,122,25,20,27,170,34,34,48,36560,68,68,23910,3.138790,0.019797,1.280713,3.021799
with_repeater,750.0,600.0,300.0,4000.0,120.0,500.0,1,48,1777,1777,1980,1980,5,5,3,3,26,26,61.648309,0.183467,0.251132,0.263919,0.021052,0.022609,131,27,21,34,170,34,34,63,36560,68,68,23928,3.255416,0.019799,1.282015,3.576974
blackout_only,750.0,600.0,300.0,4000.0,120.0,500.0,1,49,1777,1777,1980,1980,5,5,3,3,26,26,61.632595,0.182957,0.251041,0.263799,0.021047,0.022622,125,23,16,29,170,34,34,48,36560,68,68,23910,3.137797,0.019959,1.278880,3.021691
with_repeater,750.0,600.0,300.0,4000.0,120.0,500.0,1,49,1777,1777,1980,1980,5,5,3,3,26,26,61.674530,0.186713,0.250955,0.263553,0.021044,0.022645,127,20,20,34,170,34,34,63,36566,68,68,23928,3.253467,0.020046,1.280077,3.577003
blackout_only,750.0,600.0,300.0,4000.0,120.0,500.0,1,50,1777,1777,1980,1980,5,5,3,3,26,26,61.669674,0.185354,0.251197,0.264399,0.021039,0.022606,132,27,18,24,170,34,34,48,36560,68,68,23910,3.139587,0.019829,1.279671,3.019981
with_repeater,750.0,600.0,300.0,4000.0,120.0,500.0,1,50,1777,1777,1980,1980,5,5,3,3,26,26,61.667114,0.182253,0.251305,0.264285,0.021102,0.022724,124,25,23,25,170,34,34,63,36560,68,68,23928,3.256387,0.020138,1.280743,3.577357
blackout_only,750.0,600.0,300.0,4000.0,120.0,500.0,1,51,1777,1777,1980,1980,5,5,3,3,26,26,61.661468,0.184028,0.251312,0.263822,0.021099,0.022708,117,28,20,17,170,34,34,48,36560,68,68,23910,3.139369,0.020627,1.280428,3.022008
with_repeater,750.0,600.0,300.0,4000.0,120.0,500.0,1,51,1777,1777,1980,1980,5,5,3,3,26,26,61.615212,0.182957,0.251333,0.264027,0.021083,0.022707,122,19,23,34,170,34,34,63,36560,68,68,23928,3.255848,0.020515,1.280388,3.575438
blackout_only,750.0,600.0,300.0,4000.0,120.0,500.0,1,52,1777,1777,1980,1980,5,5,3,3,26,26,61.696147,0.186474,0.250984,0.264110,0.021084,0.022668,132,28,20,17,170,34,34,48,36566,68,68,23910,3.140268,0.019039,1.279664,3.021491
with_repeater,750.0,600.0,300.0,4000.0,120.0,500.0,1,52,1777,1777,1980,1980,5,5,3,3,26,26,61.681425,0.183402,0.251016,0.263732,0.021085,0.022638,132,25,17,37,170,34,34,63,36560,68,68,23928,3.256024,0.019942,1.279499,3.573520
blackout_only,750.0,600.0,300.0,4000.0,120.0,500.0,1,53,1777,1777,1980,1980,5,5,3,3,26,26,61.605288,0.178936,0.251118,0.264177,0.021064,0.022697,116,24,25,27,170,34,34,48,36560,68,68,23910,3.139347,0.019276,1.280117,3.023080
with_repeater,750.0,600.0,300.0,4000.0,120.0,500.0,1,53,1777,1777,1980,1980,5,5,3,3,26,26,61.587553,0.180438,0.251111,0.264283,0.021074,0.022691,116,23,24,28,170,34,34,63,36560,68,68,23928,3.255837,0.019558,1.279536,3.574823
blackout_only,750.0,600.0,300.0,4000.0,120.0,500.0,1,54,1777,1777,1980,1980,5,5,3,3,26,26,61.673681,0.181428,0.250984,0.263658,0.021066,0.022688,122,25,17,24,170,34,34,48,36565,68,68,23910,3.139219,0.019977,1.280016,3.019966
with_repeater,750.0,600.0,300.0,4000.0,120.0,500.0,1,54,1778,1778,1980,1980,5,5,3,3,26,26,61.681039,0.183412,0.250580,0.263662,0.021066,0.022661,124,19,21,29,170,34,34,63,36580,68,68,23928,3.256508,0.020452,1.279885,3.575449
blackout_only,750.0,600.0,300.0,4000.0,120.0,500.0,1,55,1777,1777,1980,1980,5,5,3,3,26,26,61.588823,0.179566,0.250932,0.264418,0.021054,0.022567,118,23,20,22,170,34,34,48,36570,68,68,23910,3.137464,0.020529,1.280034,3.021436
with_repeater,750.0,600.0,300.0,4000.0,120.0,500.0,1,55,1777,1777,1980,1980,5,5,3,3,26,26,61.641524,0.183032,0.250853,0.264085,0.021075,0.022655,120,23,19,32,170,34,34,63,36579,68,68,23928,3.253280,0.020328,1.278557,3.573650
blackout_only,750.0,600.0,300.0,4000.0,120.0,500.0,1,56,1777,1777,1980,1980,5,5,3,3,26,26,61.622236,0.183146,0.251012,0.264041,0.021055,0.022690,135,27,16,22,170,34,34,48,36560,68,68,23910,3.138377,0.019633,1.279571,3.021851
with_repeater,750.0,600.0,300.0,4000.0,120.0,500.0,1,56,1777,1777,1980,1980,5,5,3,3,26,26,61.635357,0.184105,0.251067,0.263710,0.021088,0.022715,133,24,24,29,170,34,34,63,36560,68,68,23928,3.254638,0.020353,1.280365,3.571842
blackout_only,750.0,600.0,300.0,4000.0,120.0,500.0,1,57,1777,1777,1980,1980,5,5,3,3,26,26,61.689398,0.184190,0.251187,0.263714,0.021069,0.022584,126,27,26,22,170,34,34,48,36560,68,68,23910,3.141136,0.020357,1.279380,3.023110
with_repeater,750.0,600.0,300.0,4000.0,120.0,500.0,1,57,1778,1778,1980,1980,5,5,3,3,26,26,61.678800,0.183224,0.250765,0.263888,0.021080,0.022651,124,23,23,28,170,34,34,63,36580,68,68,23928,3.254072,0.019835,1.279723,3.574500
blackout_only,750.0,600.0,300.0,4000.0,120.0,500.0,1,58,1777,1777,1980,1980,5,5,3,3,26,26,61.686983,0.184160,0.251279,0.263777,0.021069,0.022658,117,23,26,30,170,34,34,48,36560,68,68,23910,3.138131,0.020470,1.280410,3.021480
with_repeater,750.0,600.0,300.0,4000.0,120.0,500.0,1,58,1777,1777,1980,1980,5,5,3,3,26,26,61.671291,0.185267,0.251356,0.264274,0.021084,0.022726,126,24,22,34,170,34,34,63,36560,68,68,23928,3.256629,0.020026,1.279855,3.578726
blackout_only,750.0,600.0,300.0,4000.0,120.0,500.0,1,59,1777,1777,1980,1980,5,5,3,3,26,26,61.628613,0.180870,0.251222,0.263363,0.021070,0.022672,115,27,17,27,170,34,34,48,36560,68,68,23910,3.136161,0.019840,1.280471,3.019847
with_repeater,750.0,600.0,300.0,4000.0,120.0,500.0,1,59,1778,1778,1980,1980,5,5,3,3,26,26,61.635966,0.183274,0.250781,0.263694,0.021074,0.022618,113,25,21,30,170,34,34,63,36580,68,68,23928,3.254076,0.020433,1.280876,3.573309
blackout_only,750.0,600.0,300.0,4000.0,120.0,500.0,1,60,1777,1777,1980,1980,5,5,3,3,26,26,61.655899,0.185254,0.251055,0.263827,0.021081,0.022680,132,25,18,15,170,34,34,48,36560,68,68,23910,3.138557,0.019989,1.280297,3.021236
with_repeater,750.0,600.0,300.0,4000.0,120.0,500.0,1,60,1777,1777,1980,1980,5,5,3,3,26,26,61.656351,0.182858,0.251055,0.264131,0.021080,0.022700,122,22,15,26,170,34,34,63,36560,68,68,23928,3.255496,0.020350,1.279445,3.579644
blackout_only,750.0,600.0,300.0,4000.0,120.0,500.0,1,61,1777,1777,1980,1980,5,5,3,3,26,26,61.695712,0.184773,0.251252,0.263914,0.021062,0.022638,137,29,20,27,170,34,34,48,36560,68,68,23910,3.139108,0.020443,1.279132,3.022067
with_repeater,750.0,600.0,300.0,4000.0,120.0,500.0,1,61,1777,1777,1980,1980,5,5,3,3,26,26,61.679842,0.184420,0.251020,0.263352,0.021067,0.022604,123,29,17,36,170,34,34,63,36560,68,68,23928,3.254968,0.020120,1.279271,3.576667
blackout_only,750.0,600.0,300.0,4000.0,120.0,500.0,1,62,1777,1777,1980,1980,5,5,3,3,26,26,61.680076,0.183311,0.251200,0.263831,0.021092,0.022676,132,22,21,23,170,34,34,48,36560,68,68,23910,3.138203,0.020122,1.279672,3.023019
with_repeater,750.0,600.0,300.0,4000.0,120.0,500.0,1,62,1777,1777,1980,1980,5,5,3,3,26,26,61.668241,0.186015,0.251173,0.263988,0.021066,0.022618,127,25,24,32,170,34,34,63,36560,68,68,23928,3.255207,0.020132,1.279841,3.579083
blackout_only,750.0,600.0,300.0,4000.0,120.0,500.0,1,63,1777,1777,1980,1980,5,5,3,3,26,26,61.621584,0.182027,0.251026,0.263612,0.021064,0.022691,117,27,22,20,170,34,34,48,36560,68,68,23910,3.138016,0.020002,1.280353,3.024014
with_repeater,750.0,600.0,300.0,4000.0,120.0,500.0,1,63,1777,1777,1980,1980,5,5,3,3,26,26,61.619540,0.180854,0.250960,0.263317,0.021063,0.022668,130,24,23,28,170,34,34,63,36566,68,68,23928,3.256304,0.019777,1.281639,3.574904
blackout_only,750.0,600.0,300.0,4000.0,120.0,500.0,1,64,1777,1777,1980,1980,5,5,3,3,26,26,61.634385,0.184431,0.251165,0.263979,0.021101,0.022709,126,26,26,21,170,34,34,48,36560,68,68,23910,3.140237,0.019708,1.280887,3.021001
with_repeater,750.0,600.0,300.0,4000.0,120.0,500.0,1,64,1777,1777,1980,1980,5,5,3,3,26,26,61.639981,0.182426,0.251064,0.263525,0.021084,0.022641,124,23,18,32,170,34,34,63,36560,68,68,23928,3.255742,0.019694,1.280461,3.578765
blackout_only,750.0,600.0,300.0,4000.0,120.0,500.0,1,65,1777,1777,1980,1980,5,5,3,3,26,26,61.672641,0.181772,0.251121,0.263918,0.021071,0.022661,119,24,21,20,170,34,34,48,36560,68,68,23910,3.139340,0.020469,1.280598,3.023499
with_repeater,750.0,600.0,300.0,4000.0,120.0,500.0,1,65,1777,1777,1980,1980,5,5,3,3,26,26,61.662623,0.185261,0.250967,0.264011,0.021108,0.022715,122,27,20,26,170,34,34,63,36566,68,68,23928,3.255798,0.020441,1.279756,3.573965
blackout_only,750.0,600.0,300.0,4000.0,120.0,500.0,1,66,1777,1777,1980,1980,5,5,3,3,26,26,61.635577,0.184053,0.250941,0.263672,0.021066,0.022623,127,21,19,21,170,34,34,48,36568,68,68,23910,3.138544,0.019656,1.280306,3.021840
with_repeater,750.0,600.0,300.0,4000.0,120.0,500.0,1,66,1777,1777,1980,1980,5,5,3,3,26,26,61.644553,0.183719,0.250944,0.263530,0.021091,0.022654,126,17,26,36,170,34,34,63,36568,68,68,23928,3.256474,0.020011,1.281146,3.575904
blackout_only,750.0,600.0,300.0,4000.0,120.0,500.0,1,67,1777,1777,1980,1980,5,5,3,3,26,26,61.642711,0.181501,0.251187,0.264340,0.021062,0.022699,116,23,27,22,170,34,34,48,36560,68,68,23910,3.139995,0.020313,1.280385,3.023433
with_repeater,750.0,600.0,300.0,4000.0,120.0,500.0,1,67,1778,1778,1980,1980,5,5,3,3,26,26,61.634811,0.181971,0.250775,0.263111,0.021075,0.022698,122,23,18,29,170,34,34,63,36580,68,68,23928,3.256328,0.019296,1.280540,3.572009
blackout_only,750.0,600.0,300.0,4000.0,120.0,500.0,1,68,1777,1777,1980,1980,5,5,3,3,26,26,61.638698,0.179933,0.251176,0.263911,0.021086,0.022626,126,23,21,28,170,34,34,48,36560,68,68,23910,3.138965,0.019639,1.280930,3.020816
with_repeater,750.0,600.0,300.0,4000.0,120.0,500.0,1,68,1777,1777,1980,1980,5,5,3,3,26,26,61.627818,0.183102,0.250855,0.263717,0.021079,0.022691,130,28,21,37,170,34,34,63,36579,68,68,23928,3.254022,0.020144,1.280209,3.572842
blackout_only,750.0,600.0,300.0,4000.0,120.0,500.0,1,69,1778,1778,1980,1980,5,5,3,3,26,26,61.639795,0.183589,0.250812,0.263832,0.021070,0.022752,135,24,24,30,170,34,34,48,36580,68,68,23910,3.138184,0.019835,1.279085,3.021601
with_repeater,750.0,600.0,300.0,4000.0,120.0,500.0,1,69,1777,1777,1980,1980,5,5,3,3,26,26,61.639217,0.181597,0.250943,0.263667,0.021086,0.022654,126,20,16,36,170,34,34,63,36568,68,68,23928,3.253264,0.020505,1.280142,3.578608
blackout_only,750.0,600.0,300.0,4000.0,120.0,500.0,1,70,1778,1778,1980,1980,5,5,3,3,26,26,61.656732,0.184336,0.250743,0.263474,0.021023,0.022653,126,29,19,25,170,34,34,48,36580,68,68,23910,3.137318,0.019823,1.279480,3.022177
with_repeater,750.0,600.0,300.0,4000.0,120.0,500.0,1,70,1778,1778,1980,1980,5,5,3,3,26,26,61.647051,0.184307,0.250742,0.263025,0.021025,0.022671,120,26,22,32,170,34,34,63,36580,68,68,23928,3.250957,0.019815,1.279640,3.578007
blackout_only,750.0,600.0,300.0,4000.0,120.0,500.0,1,71,1777,1777,1980,1980,5,5,3,3,26,26,61.657940,0.183733,0.250961,0.263488,0.021088,0.022622,123,25,21,27,170,34,34,48,36566,68,68,23910,3.138173,0.020425,1.278475,3.022698
with_repeater,750.0,600.0,300.0,4000.0,120.0,500.0,1,71,1777,1777,1980,1980,5,5,3,3,26,26,61.617882,0.181832,0.251057,0.263938,0.021053,0.022661,128,26,18,32,170,34,34,63,36560,68,68,23928,3.254443,0.020061,1.279545,3.574813
blackout_only,750.0,600.0,300.0,4000.0,120.0,500.0,1,72,1777,1777,1980,1980,5,5,3,3,26,26,61.658644,0.183044,0.251030,0.263328,0.021117,0.022687,122,25,24,27,170,34,34,48,36560,68,68,23910,3.138479,0.020464,1.280668,3.023171
with_repeater,750.0,600.0,300.0,4000.0,120.0,500.0,1,72,1777,1777,1980,1980,5,5,3,3,26,26,61.632715,0.181783,0.251076,0.263699,0.021075,0.022712,120,29,20,36,170,34,34,63,36560,68,68,23928,3.255863,0.020434,1.278847,3.576349
blackout_only,750.0,600.0,300.0,4000.0,120.0,500.0,1,73,1777,1777,1980,1980,5,5,3,3,26,26,61.661747,0.182397,0.250991,0.264303,0.021042,0.022653,126,23,22,27,170,34,34,48,36560,68,68,23910,3.139574,0.019927,1.279534,3.023773
with_repeater,750.0,600.0,300.0,4000.0,120.0,500.0,1,73,1777,1777,1980,1980,5,5,3,3,26,26,61.676052,0.185094,0.250856,0.263561,0.021065,0.022653,129,23,18,34,170,34,34,63,36579,68,68,23928,3.255255,0.020008,1.280826,3.577401
blackout_only,750.0,600.0,300.0,4000.0,120.0,500.0,1,74,1778,1778,1980,1980,5,5,3,3,26,26,61.664475,0.184754,0.250636,0.263282,0.021067,0.022647,130,27,21,23,170,34,34,48,36580,68,68,23910,3.137093,0.020190,1.280612,3.022631
with_repeater,750.0,600.0,300.0,4000.0,120.0,500.0,1,74,1778,1778,1980,1980,5,5,3,3,26,26,61.661712,0.184268,0.250687,0.263300,0.021039,0.022600,129,22,20,29,170,34,34,63,36580,68,68,23928,3.253793,0.019606,1.280082,3.577432
blackout_only,750.0,600.0,300.0,4000.0,120.0,500.0,1,75,1777,1777,1980,1980,5,5,3,3,26,26,61.617929,0.183904,0.251009,0.263508,0.021038,0.022615,115,21,24,30,170,34,34,48,36560,68,68,23910,3.138577,0.020260,1.280141,3.020820
with_repeater,750.0,600.0,300.0,4000.0,120.0,500.0,1,75,1777,1777,1980,1980,5,5,3,3,26,26,61.619361,0.180851,0.250935,0.263821,0.021016,0.022662,119,20,21,35,170,34,34,63,36570,68,68,23928,3.256419,0.020803,1.279981,3.575133
blackout_only,750.0,600.0,300.0,4000.0,120.0,500.0,1,76,1777,1777,1980,1980,5,5,3,3,26,26,61.667340,0.184020,0.250989,0.263859,0.021072,0.022661,129,28,16,18,170,34,34,48,36560,68,68,23910,3.137572,0.019362,1.280843,3.020186
with_repeater,750.0,600.0,300.0,4000.0,120.0,500.0,1,76,1777,1777,1980,1980,5,5,3,3,26,26,61.656717,0.183081,0.251073,0.263929,0.021079,0.022597,129,28,20,30,170,34,34,63,36560,68,68,23928,3.255752,0.019112,1.279206,3.576360
blackout_only,750.0,600.0,300.0,4000.0,120.0,500.0,1,77,1777,1777,1980,1980,5,5,3,3,26,26,61.685627,0.184186,0.250968,0.263900,0.021091,0.022694,131,25,27,34,170,34,34,48,36566,68,68,23910,3.138236,0.019681,1.280411,3.021487
with_repeater,750.0,600.0,300.0,4000.0,120.0,500.0,1,77,1777,1777,1980,1980,5,5,3,3,26,26,61.634189,0.182419,0.251141,0.263996,0.021090,0.022764,121,25,21,30,170,34,34,63,36560,68,68,23928,3.258273,0.019745,1.280887,3.576778
blackout_only,750.0,600.0,300.0,4000.0,120.0,500.0,1,78,1777,1777,1980,1980,5,5,3,3,26,26,61.634557,0.180820,0.251031,0.263948,0.021087,0.022680,127,27,19,28,170,34,34,48,36560,68,68,23910,3.137882,0.019857,1.278654,3.021047
with_repeater,750.0,600.0,300.0,4000.0,120.0,500.0,1,78,1777,1777,1980,1980,5,5,3,3,26,26,61.626565,0.182446,0.251446,0.263981,0.021084,0.022639,126,26,19,28,170,34,34,63,36560,68,68,23928,3.256778,0.020040,1.281925,3.578707
blackout_only,750.0,600.0,300.0,4000.0,120.0,500.0,1,79,1777,1777,1980,1980,5,5,3,3,26,26,61.623874,0.183225,0.251056,0.264142,0.021085,0.022652,120,26,22,23,170,34,34,48,36560,68,68,23910,3.140214,0.019945,1.279376,3.020963
with_repeater,750.0,600.0,300.0,4000.0,120.0,500.0,1,79,1777,1777,1980,1980,5,5,3,3,26,26,61.655714,0.184581,0.251267,0.263402,0.021080,0.022651,113,27,20,36,170,34,34,63,36560,68,68,23928,3.257624,0.019796,1.279557,3.574827
blackout_only,750.0,600.0,300.0,4000.0,120.0,500.0,1,80,1777,1777,1980,1980,5,5,3,3,26,26,61.636027,0.180205,0.250890,0.263547,0.021045,0.022616,127,20,20,23,170,34,34,48,36576,68,68,23910,3.137457,0.020283,1.280689,3.024712
with_repeater,750.0,600.0,300.0,4000.0,120.0,500.0,1,80,1777,1777,1980,1980,5,5,3,3,26,26,61.585898,0.182228,0.250895,0.263364,0.021093,0.022659,120,24,25,31,170,34,34,63,36570,68,68,23928,3.252562,0.020327,1.281740,3.575393
blackout_only,750.0,600.0,300.0,4000.0,120.0,500.0,1,81,1778,1778,1980,1980,5,5,3,3,26,26,61.675097,0.184893,0.250605,0.263211,0.021096,0.022727,131,25,17,22,170,34,34,48,36580,68,68,23910,3.136518,0.020341,1.279720,3.021470
with_repeater,750.0,600.0,300.0,4000.0,120.0,500.0,1,81,1777,1777,1980,1980,5,5,3,3,26,26,61.654331,0.183191,0.251096,0.263677,0.021051,0.022612,124,25,19,34,170,34,34,63,36560,68,68,23928,3.257300,0.020408,1.280547,3.574825
blackout_only,750.0,600.0,300.0,4000.0,120.0,500.0,1,82,1777,1777,1980,1980,5,5,3,3,26,26,61.584431,0.182030,0.251127,0.263661,0.021078,0.022687,128,20,22,21,170,34,34,48,36560,68,68,23910,3.138692,0.020217,1.280018,3.020869
with_repeater,750.0,600.0,300.0,4000.0,120.0,500.0,1,82,1777,1777,1980,1980,5,5,3,3,26,26,61.575492,0.181934,0.251078,0.263765,0.021039,0.022626,125,26,20,33,170,34,34,63,36560,68,68,23928,3.256622,0.020797,1.278755,3.573706
blackout_only,750.0,600.0,300.0,4000.0,120.0,500.0,1,83,1777,1777,1980,1980,5,5,3,3,26,26,61.633365,0.182816,0.250967,0.263184,0.021074,0.022598,115,25,18,15,170,34,34,48,36566,68,68,23910,3.140735,0.019439,1.280410,3.020086
with_repeater,750.0,600.0,300.0,4000.0,120.0,500.0,1,83,1777,1777,1980,1980,5,5,3,3,26,26,61.625631,0.184110,0.251115,0.263900,0.021073,0.022653,127,28,22,29,170,34,34,63,36560,68,68,23928,3.255911,0.019475,1.279399,3.572964
blackout_only,750.0,600.0,300.0,4000.0,120.0,500.0,1,84,1777,1777,1980,1980,5,5,3,3,26,26,61.693368,0.186429,0.251099,0.263481,0.021058,0.022681,132,24,19,23,170,34,34,48,36560,68,68,23910,3.139760,0.019796,1.279345,3.021629
with_repeater,750.0,600.0,300.0,4000.0,120.0,500.0,1,84,1777,1777,1980,1980,5,5,3,3,26,26,61.658334,0.184071,0.251251,0.263991,0.021017,0.022557,129,20,20,31,170,34,34,63,36560,68,68,23928,3.256458,0.020101,1.279684,3.575039
blackout_only,750.0,600.0,300.0,4000.0,120.0,500.0,1,85,1777,1777,1980,1980,5,5,3,3,26,26,61.665546,0.181484,0.251256,0.263936,0.021037,0.022644,120,26,20,23,170,34,34,48,36560,68,68,23910,3.137877,0.019530,1.280282,3.023886
with_repeater,750.0,600.0,300.0,4000.0,120.0,500.0,1,85,1777,1777,1980,1980,5,5,3,3,26,26,61.608956,0.180006,0.251012,0.263836,0.021066,0.022675,118,23,23,26,170,34,34,63,36560,68,68,23928,3.256730,0.019867,1.279493,3.573796
blackout_only,750.0,600.0,300.0,4000.0,120.0,500.0,1,86,1777,1777,1980,1980,5,5,3,3,26,26,61.680077,0.181406,0.251303,0.263790,0.021112,0.022676,125,28,21,18,170,34,34,48,36560,68,68,23910,3.137698,0.020752,1.279648,3.023111
with_repeater,750.0,600.0,300.0,4000.0,120.0,500.0,1,86,1777,1777,1980,1980,5,5,3,3,26,26,61.654024,0.182745,0.251073,0.264084,0.021104,0.022727,129,28,19,27,170,34,34,63,36560,68,68,23928,3.255041,0.020266,1.278745,3.576693
blackout_only,750.0,600.0,300.0,4000.0,120.0,500.0,1,87,1778,1778,1980,1980,5,5,3,3,26,26,61.630889,0.182180,0.250802,0.263505,0.021036,0.022635,128,24,25,24,170,34,34,48,36580,68,68,23910,3.136561,0.020611,1.279480,3.022541
with_repeater,750.0,600.0,300.0,4000.0,120.0,500.0,1,87,1777,1777,1980,1980,5,5,3,3,26,26,61.683476,0.184959,0.250907,0.263165,0.021057,0.022608,123,26,21,35,170,34,34,63,36570,68,68,23928,3.255797,0.019567,1.279239,3.572830
blackout_only,750.0,600.0,300.0,4000.0,120.0,500.0,1,88,1777,1777,1980,1980,5,5,3,3,26,26,61.660436,0.184533,0.251041,0.263590,0.021085,0.022625,134,26,23,26,170,34,34,48,36560,68,68,23910,3.139338,0.020463,1.279889,3.020847
with_repeater,750.0,600.0,300.0,4000.0,120.0,500.0,1,88,1777,1777,1980,1980,5,5,3,3,26,26,61.669498,0.183086,0.250946,0.262966,0.021048,0.022568,130,22,20,32,170,34,34,63,36568,68,68,23928,3.255727,0.020199,1.279880,3.575072
blackout_only,750.0,600.0,300.0,4000.0,120.0,500.0,1,89,1777,1777,1980,1980,5,5,3,3,26,26,61.664862,0.183701,0.251037,0.263822,0.021083,0.022603,128,21,24,21,170,34,34,48,36560,68,68,23910,3.139785,0.019925,1.279608,3.021953
with_repeater,750.0,600.0,300.0,4000.0,120.0,500.0,1,89,1777,1777,1980,1980,5,5,3,3,26,26,61.677506,0.186031,0.251154,0.264187,0.021100,0.022664,134,25,21,29,170,34,34,63,36560,68,68,23928,3.254596,0.019966,1.279285,3.574165
blackout_only,750.0,600.0,900.0,4000.0,120.0,500.0,1,40,1777,1777,1980,1980,5,5,8,8,21,21,62.524300,0.181545,0.250867,0.263893,0.021082,0.022702,127,23,19,11,170,34,34,24,36578,68,68,23880,2.524441,0.019613,1.279661,1.516287
with_repeater,750.0,600.0,900.0,4000.0,120.0,500.0,1,40,1777,1777,1980,1980,5,5,8,8,21,21,62.543624,0.183239,0.250885,0.263523,0.021071,0.022664,129,26,24,22,170,34,34,63,36576,68,68,23928,2.835675,0.019344,1.279847,2.548132
blackout_only,750.0,600.0,900.0,4000.0,120.0,500.0,1,41,1777,1777,1980,1980,5,5,8,8,21,21,62.558993,0.182012,0.251249,0.264140,0.021043,0.022604,119,21,22,12,170,34,34,24,36560,68,68,23880,2.524238,0.020452,1.279738,1.515822
with_repeater,750.0,600.0,900.0,4000.0,120.0,500.0,1,41,1777,1777,1980,1980,5,5,8,8,21,21,62.551797,0.182549,0.251340,0.263605,0.021058,0.022631,119,30,21,32,170,34,34,63,36560,68,68,23928,2.840522,0.019702,1.280500,2.553698
blackout_only,750.0,600.0,900.0,4000.0,120.0,500.0,1,42,1777,1777,1980,1980,5,5,8,8,21,21,62.581096,0.181841,0.250985,0.263200,0.021082,0.022649,125,31,20,15,170,34,34,24,36560,68,68,23880,2.526570,0.020035,1.279736,1.515003
with_repeater,750.0,600.0,900.0,4000.0,120.0,500.0,1,42,1777,1777,1980,1980,5,5,8,8,21,21,62.508554,0.180363,0.251023,0.263425,0.021086,0.022790,119,26,22,32,170,34,34,63,36560,68,68,23928,2.837075,0.020222,1.280074,2.552852
blackout_only,750.0,600.0,900.0,4000.0,120.0,500.0,1,43,1777,1777,1980,1980,5,5,8,8,21,21,62.603651,0.184561,0.250978,0.264101,0.021086,0.022707,131,22,21,12,170,34,34,24,36566,68,68,23880,2.524881,0.020349,1.278717,1.516550
with_repeater,750.0,600.0,900.0,4000.0,120.0,500.0,1,43,1777,1777,1980,1980,5,5,8,8,21,21,62.520934,0.182519,0.251026,0.263529,0.021074,0.022665,127,21,21,29,170,34,34,63,36560,68,68,23928,2.838290,0.019610,1.279233,2.547541
blackout_only,750.0,600.0,900.0,4000.0,120.0,500.0,1,44,1777,1777,1980,1980,5,5,8,8,21,21,62.536162,0.183669,0.250945,0.263533,0.021093,0.022655,126,27,22,12,170,34,34,24,36568,68,68,23880,2.523899,0.020600,1.279644,1.516643
with_repeater,750.0,600.0,900.0,4000.0,120.0,500.0,1,44,1777,1777,1980,1980,5,5,8,8,21,21,62.533737,0.182430,0.251238,0.264007,0.021073,0.022648,130,29,22,32,170,34,34,63,36560,68,68,23928,2.834862,0.020134,1.279914,2.549473
blackout_only,750.0,600.0,900.0,4000.0,120.0,500.0,1,45,1777,1777,1980,1980,5,5,8,8,21,21,62.578333,0.183074,0.250914,0.264230,0.021057,0.022617,129,28,21,10,170,34,34,24,36570,68,68,23880,2.525213,0.020065,1.279564,1.517705
with_repeater,750.0,600.0,900.0,4000.0,120.0,500.0,1,45,1777,1777,1980,1980,5,5,8,8,21,21,62.594443,0.184089,0.251001,0.263320,0.021056,0.022581,129,27,17,27,170,34,34,63,36560,68,68,23928,2.839205,0.020017,1.279592,2.549679
blackout_only,750.0,600.0,900.0,4000.0,120.0,500.0,1,46,1777,1777,1980,1980,5,5,8,8,21,21,62.554523,0.183350,0.250979,0.264034,0.021051,0.022624,135,23,24,8,170,34,34,24,36566,68,68,23880,2.524378,0.020171,1.279137,1.515786
with_repeater,750.0,600.0,900.0,4000.0,120.0,500.0,1,46,1777,1777,1980,1980,5,5,8,8,21,21,62.545642,0.183116,0.250976,0.263608,0.021083,0.022639,128,26,20,35,170,34,34,63,36566,68,68,23928,2.838340,0.019506,1.279650,2.546552
blackout_only,750.0,600.0,900.0,4000.0,120.0,500.0,1,47,1777,1777,1980,1980,5,5,8,8,21,21,62.570459,0.184385,0.251349,0.264219,0.021049,0.022612,127,29,17,13,170,34,34,24,36560,68,68,23880,2.525479,0.019657,1.280795,1.516130
with_repeater,750.0,600.0,900.0,4000.0,120.0,500.0,1,47,1777,1777,1980,1980,5,5,8,8,21,21,62.578513,0.182547,0.251255,0.263792,0.021081,0.022692,117,31,16,37,170,34,34,63,36560,68,68,23928,2.835303,0.020056,1.279549,2.545953
blackout_only,750.0,600.0,900.0,4000.0,120.0,500.0,1,48,1777,1777,1980,1980,5,5,8,8,21,21,62.578388,0.184679,0.251146,0.264112,0.021083,0.022553,119,27,20,17,170,34,34,24,36560,68,68,23880,2.525405,0.020174,1.280787,1.515618
with_repeater,750.0,600.0,900.0,4000.0,120.0,500.0,1,48,1777,1777,1980,1980,5,5,8,8,21,21,62.569616,0.183569,0.251031,0.264384,0.021059,0.022582,127,29,22,30,170,34,34,63,36560,68,68,23928,2.836424,0.020418,1.280690,2.555185
blackout_only,750.0,600.0,900.0,4000.0,120.0,500.0,1,49,1777,1777,1980,1980,5,5,8,8,21,21,62.563506,0.183544,0.251107,0.263451,0.021071,0.022626,124,21,16,8,170,34,34,24,36560,68,68,23880,2.523929,0.019181,1.279686,1.517001
with_repeater,750.0,600.0,900.0,4000.0,120.0,500.0,1,49,1778,1778,1980,1980,5,5,8,8,21,21,62.575037,0.184604,0.250617,0.262975,0.021078,0.022670,124,23,24,35,170,34,34,63,36580,68,68,23928,2.833195,0.019873,1.279853,2.552069
blackout_only,750.0,600.0,900.0,4000.0,120.0,500.0,1,50,1777,1777,1980,1980,5,5,8,8,21,21,62.605686,0.185225,0.251102,0.264151,0.021101,0.022721,131,21,19,18,170,34,34,24,36560,68,68,23880,2.526342,0.020208,1.279890,1.514810
with_repeater,750.0,600.0,900.0,4000.0,120.0,500.0,1,50,1777,1777,1980,1980,5,5,8,8,21,21,62.593216,0.182854,0.251307,0.264285,0.021110,0.022754,125,26,23,29,170,34,34,63,36560,68,68,23928,2.838711,0.019778,1.281113,2.550148
blackout_only,750.0,600.0,900.0,4000.0,120.0,500.0,1,51,1777,1777,1980,1980,5,5,8,8,21,21,62.554770,0.184131,0.251478,0.263994,0.021086,0.022737,125,27,16,11,170,34,34,24,36560,68,68,23880,2.523728,0.020252,1.280159,1.515639
with_repeater,750.0,600.0,900.0,4000.0,120.0,500.0,1,51,1777,1777,1980,1980,5,5,8,8,21,21,62.504099,0.181846,0.251253,0.263998,0.021095,0.022744,121,22,22,33,170,34,34,63,36560,68,68,23928,2.835373,0.020449,1.280128,2.548328
blackout_only,750.0,600.0,900.0,4000.0,120.0,500.0,1,52,1777,1777,1980,1980,5,5,8,8,21,21,62.627534,0.185095,0.250944,0.263663,0.021043,0.022615,132,28,21,13,170,34,34,24,36568,68,68,23880,2.524783,0.020195,1.279445,1.515277
with_repeater,750.0,600.0,900.0,4000.0,120.0,500.0,1,52,1777,1777,1980,1980,5,5,8,8,21,21,62.610687,0.185319,0.251029,0.263716,0.021076,0.022653,129,25,18,39,170,34,34,63,36560,68,68,23928,2.836601,0.020510,1.279874,2.547126
blackout_only,750.0,600.0,900.0,4000.0,120.0,500.0,1,53,1777,1777,1980,1980,5,5,8,8,21,21,62.536758,0.184165,0.251353,0.264156,0.021088,0.022692,129,23,19,16,170,34,34,24,36560,68,68,23880,2.524932,0.019998,1.279855,1.515156
with_repeater,750.0,600.0,900.0,4000.0,120.0,500.0,1,53,1777,1777,1980,1980,5,5,8,8,21,21,62.482994,0.180047,0.250952,0.264047,0.021090,0.022683,117,20,24,34,170,34,34,63,36567,68,68,23928,2.835497,0.019908,1.278551,2.548892
blackout_only,750.0,600.0,900.0,4000.0,120.0,500.0,1,54,1778,1778,1980,1980,5,5,8,8,21,21,62.594137,0.184302,0.250783,0.263599,0.021060,0.022635,119,19,18,14,170,34,34,24,36580,68,68,23880,2.523420,0.020438,1.279457,1.515539
with_repeater,750.0,600.0,900.0,4000.0,120.0,500.0,1,54,1778,1778,1980,1980,5,5,8,8,21,21,62.587910,0.183355,0.250738,0.263637,0.021057,0.022653,117,20,19,32,170,34,34,63,36580,68,68,23928,2.837412,0.019918,1.279744,2.550618
blackout_only,750.0,600.0,900.0,4000.0,120.0,500.0,1,55,1777,1777,1980,1980,5,5,8,8,21,21,62.504124,0.182653,0.250860,0.264053,0.021086,0.022752,114,25,16,9,170,34,34,24,36579,68,68,23880,2.522983,0.020121,1.280288,1.516487
with_repeater,750.0,600.0,900.0,4000.0,120.0,500.0,1,55,1777,1777,1980,1980,5,5,8,8,21,21,62.539022,0.183650,0.250911,0.264028,0.021077,0.022639,123,23,16,33,170,34,34,63,36570,68,68,23928,2.834289,0.020540,1.279257,2.548565
blackout_only,750.0,600.0,900.0,4000.0,120.0,500.0,1,56,1777,1777,1980,1980,5,5,8,8,21,21,62.516718,0.181655,0.250900,0.263298,0.021119,0.022714,121,28,21,13,170,34,34,24,36570,68,68,23880,2.524099,0.019529,1.279842,1.514573
with_repeater,750.0,600.0,900.0,4000.0,120.0,500.0,1,56,1777,1777,1980,1980,5,5,8,8,21,21,62.539409,0.184548,0.250937,0.263729,0.021068,0.022685,134,27,24,30,170,34,34,63,36569,68,68,23928,2.836345,0.019877,1.281073,2.544939
blackout_only,750.0,600.0,900.0,4000.0,120.0,500.0,1,57,1777,1777,1980,1980,5,5,8,8,21,21,62.567286,0.185657,0.251028,0.263531,0.021065,0.022673,133,26,19,12,170,34,34,24,36560,68,68,23880,2.526353,0.020104,1.279655,1.514752
with_repeater,750.0,600.0,900.0,4000.0,120.0,500.0,1,57,1778,1778,1980,1980,5,5,8,8,21,21,62.586440,0.183759,0.250771,0.263437,0.021064,0.022645,121,26,22,32,170,34,34,63,36580,68,68,23928,2.834349,0.019884,1.278734,2.550809
blackout_only,750.0,600.0,900.0,4000.0,120.0,500.0,1,58,1777,1777,1980,1980,5,5,8,8,21,21,62.614262,0.183661,0.251080,0.263858,0.021091,0.022730,126,25,20,12,170,34,34,24,36560,68,68,23880,2.524990,0.019965,1.279010,1.515814
with_repeater,750.0,600.0,900.0,4000.0,120.0,500.0,1,58,1777,1777,1980,1980,5,5,8,8,21,21,62.616119,0.187397,0.251035,0.263804,0.021083,0.022668,119,26,24,39,170,34,34,63,36560,68,68,23928,2.837111,0.020158,1.279147,2.553184
blackout_only,750.0,600.0,900.0,4000.0,120.0,500.0,1,59,1778,1778,1980,1980,5,5,8,8,21,21,62.547723,0.182634,0.250684,0.263167,0.021106,0.022678,118,23,21,14,170,34,34,24,36580,68,68,23880,2.523188,0.020412,1.279618,1.513998
with_repeater,750.0,600.0,900.0,4000.0,120.0,500.0,1,59,1778,1778,1980,1980,5,5,8,8,21,21,62.555301,0.184044,0.250799,0.263837,0.021076,0.022651,114,28,22,38,170,34,34,63,36580,68,68,23928,2.834320,0.019519,1.280779,2.547886
blackout_only,750.0,600.0,900.0,4000.0,120.0,500.0,1,60,1778,1778,1980,1980,5,5,8,8,21,21,62.569021,0.184236,0.250767,0.263574,0.021102,0.022724,119,25,19,12,170,34,34,24,36580,68,68,23880,2.522388,0.019933,1.279957,1.515600
with_repeater,750.0,600.0,900.0,4000.0,120.0,500.0,1,60,1777,1777,1980,1980,5,5,8,8,21,21,62.555393,0.183185,0.251051,0.263807,0.021088,0.022717,121,22,17,27,170,34,34,63,36560,68,68,23928,2.836351,0.019939,1.278869,2.554218
blackout_only,750.0,600.0,900.0,4000.0,120.0,500.0,1,61,1777,1777,1980,1980,5,5,8,8,21,21,62.572102,0.181163,0.251044,0.263355,0.021075,0.022636,128,27,20,15,170,34,34,24,36560,68,68,23880,2.524259,0.020129,1.278721,1.516034
with_repeater,750.0,600.0,900.0,4000.0,120.0,500.0,1,61,1777,1777,1980,1980,5,5,8,8,21,21,62.579278,0.184448,0.251010,0.263432,0.021070,0.022596,120,29,14,37,170,34,34,63,36560,68,68,23928,2.835627,0.020352,1.279433,2.554395
blackout_only,750.0,600.0,900.0,4000.0,120.0,500.0,1,62,1777,1777,1980,1980,5,5,8,8,21,21,62.598444,0.184583,0.250890,0.263592,0.021088,0.022671,134,25,20,17,170,34,34,24,36576,68,68,23880,2.522981,0.019776,1.279130,1.514592
with_repeater,750.0,600.0,900.0,4000.0,120.0,500.0,1,62,1777,1777,1980,1980,5,5,8,8,21,21,62.577104,0.186253,0.251189,0.264057,0.021080,0.022637,125,22,21,28,170,34,34,63,36560,68,68,23928,2.836218,0.019739,1.279919,2.550675
blackout_only,750.0,600.0,900.0,4000.0,120.0,500.0,1,63,1777,1777,1980,1980,5,5,8,8,21,21,62.535489,0.182526,0.250933,0.263612,0.021072,0.022649,125,27,20,13,170,34,34,24,36569,68,68,23880,2.523329,0.019959,1.279748,1.517062
with_repeater,750.0,600.0,900.0,4000.0,120.0,500.0,1,63,1778,1778,1980,1980,5,5,8,8,21,21,62.562820,0.181268,0.250720,0.263317,0.021079,0.022694,122,22,19,34,170,34,34,63,36580,68,68,23928,2.834921,0.019767,1.281050,2.551551
blackout_only,750.0,600.0,900.0,4000.0,120.0,500.0,1,64,1777,1777,1980,1980,5,5,8,8,21,21,62.586635,0.181823,0.251143,0.263775,0.021061,0.022661,124,27,20,10,170,34,34,24,36560,68,68,23880,2.526058,0.019863,1.280182,1.514896
with_repeater,750.0,600.0,900.0,4000.0,120.0,500.0,1,64,1777,1777,1980,1980,5,5,8,8,21,21,62.549769,0.181797,0.251041,0.263462,0.021106,0.022695,128,22,19,33,170,34,34,63,36560,68,68,23928,2.837087,0.020047,1.279156,2.549462
blackout_only,750.0,600.0,900.0,4000.0,120.0,500.0,1,65,1777,1777,1980,1980,5,5,8,8,21,21,62.586234,0.184615,0.251192,0.264133,0.021095,0.022673,120,23,17,11,170,34,34,24,36560,68,68,23880,2.524733,0.020206,1.279668,1.516136
with_repeater,750.0,600.0,900.0,4000.0,120.0,500.0,1,65,1777,1777,1980,1980,5,5,8,8,21,21,62.590740,0.185491,0.251008,0.263678,0.021117,0.022674,121,28,24,27,170,34,34,63,36560,68,68,23928,2.835877,0.020069,1.280141,2.552121
blackout_only,750.0,600.0,900.0,4000.0,120.0,500.0,1,66,1777,1777,1980,1980,5,5,8,8,21,21,62.535950,0.181539,0.250994,0.263696,0.021053,0.022629,119,22,26,10,170,34,34,24,36560,68,68,23880,2.525558,0.019794,1.279519,1.515694
with_repeater,750.0,600.0,900.0,4000.0,120.0,500.0,1,66,1777,1777,1980,1980,5,5,8,8,21,21,62.527488,0.182671,0.251011,0.263675,0.021081,0.022678,125,18,27,34,170,34,34,63,36560,68,68,23928,2.837583,0.020162,1.280444,2.552746
blackout_only,750.0,600.0,900.0,4000.0,120.0,500.0,1,67,1778,1778,1980,1980,5,5,8,8,21,21,62.553019,0.183587,0.250689,0.263839,0.021091,0.022606,124,24,18,12,170,34,34,24,36580,68,68,23880,2.524525,0.020149,1.279062,1.514378
with_repeater,750.0,600.0,900.0,4000.0,120.0,500.0,1,67,1778,1778,1980,1980,5,5,8,8,21,21,62.534485,0.181472,0.250825,0.263385,0.021105,0.022728,120,24,18,28,170,34,34,63,36580,68,68,23928,2.837250,0.018998,1.280300,2.549179
blackout_only,750.0,600.0,900.0,4000.0,120.0,500.0,1,68,1777,1777,1980,1980,5,5,8,8,21,21,62.567323,0.183260,0.250930,0.263717,0.021081,0.022689,117,27,20,10,170,34,34,24,36570,68,68,23880,2.524248,0.020405,1.279952,1.515566
with_repeater,750.0,600.0,900.0,4000.0,120.0,500.0,1,68,1778,1778,1980,1980,5,5,8,8,21,21,62.550087,0.182119,0.250725,0.263669,0.021083,0.022683,132,25,20,40,170,34,34,63,36580,68,68,23928,2.835746,0.020082,1.280065,2.547057
blackout_only,750.0,600.0,900.0,4000.0,120.0,500.0,1,69,1777,1777,1980,1980,5,5,8,8,21,21,62.600057,0.183274,0.251105,0.263606,0.021045,0.022685,129,23,23,14,170,34,34,24,36560,68,68,23880,2.524949,0.019709,1.279326,1.515452
with_repeater,750.0,600.0,900.0,4000.0,120.0,500.0,1,69,1777,1777,1980,1980,5,5,8,8,21,21,62.572847,0.183074,0.250911,0.263768,0.021087,0.022599,131,19,21,38,170,34,34,63,36570,68,68,23928,2.832572,0.020479,1.280651,2.555337
blackout_only,750.0,600.0,900.0,4000.0,120.0,500.0,1,70,1778,1778,1980,1980,5,5,8,8,21,21,62.572582,0.183684,0.250725,0.263107,0.021070,0.022681,132,27,22,13,170,34,34,24,36580,68,68,23880,2.522742,0.019461,1.280207,1.515695
with_repeater,750.0,600.0,900.0,4000.0,120.0,500.0,1,70,1778,1778,1980,1980,5,5,8,8,21,21,62.571403,0.183996,0.250764,0.263247,0.021050,0.022709,120,24,23,30,170,34,34,63,36580,68,68,23928,2.834810,0.019971,1.279607,2.555140
blackout_only,750.0,600.0,900.0,4000.0,120.0,500.0,1,71,1777,1777,1980,1980,5,5,8,8,21,21,62.542250,0.183393,0.251153,0.263737,0.021064,0.022586,128,26,22,12,170,34,34,24,36560,68,68,23880,2.524430,0.019849,1.280245,1.515893
with_repeater,750.0,600.0,900.0,4000.0,120.0,500.0,1,71,1777,1777,1980,1980,5,5,8,8,21,21,62.519290,0.180955,0.251052,0.263584,0.021072,0.022680,123,22,17,34,170,34,34,63,36560,68,68,23928,2.835909,0.019879,1.279831,2.552234
blackout_only,750.0,600.0,900.0,4000.0,120.0,500.0,1,72,1777,1777,1980,1980,5,5,8,8,21,21,62.537855,0.181958,0.250946,0.263784,0.021065,0.022660,120,25,22,5,170,34,34,24,36568,68,68,23880,2.525040,0.020036,1.278927,1.515542
with_repeater,750.0,600.0,900.0,4000.0,120.0,500.0,1,72,1777,1777,1980,1980,5,5,8,8,21,21,62.572066,0.182605,0.251067,0.263953,0.021075,0.022721,117,29,22,31,170,34,34,63,36560,68,68,23928,2.834993,0.020519,1.279403,2.553245
blackout_only,750.0,600.0,900.0,4000.0,120.0,500.0,1,73,1777,1777,1980,1980,5,5,8,8,21,21,62.571539,0.182238,0.250997,0.264063,0.021030,0.022645,125,17,23,14,170,34,34,24,36560,68,68,23880,2.526624,0.019409,1.279987,1.515309
with_repeater,750.0,600.0,900.0,4000.0,120.0,500.0,1,73,1778,1778,1980,1980,5,5,8,8,21,21,62.577421,0.183405,0.250842,0.263561,0.021073,0.022648,120,22,19,34,170,34,34,63,36580,68,68,23928,2.835428,0.019497,1.280278,2.554607
blackout_only,750.0,600.0,900.0,4000.0,120.0,500.0,1,74,1778,1778,1980,1980,5,5,8,8,21,21,62.552060,0.181988,0.250740,0.263934,0.021076,0.022719,118,24,23,8,170,34,34,24,36580,68,68,23880,2.523087,0.020142,1.279954,1.515048
with_repeater,750.0,600.0,900.0,4000.0,120.0,500.0,1,74,1777,1777,1980,1980,5,5,8,8,21,21,62.553910,0.183090,0.250895,0.263315,0.021054,0.022602,122,24,25,25,170,34,34,63,36576,68,68,23928,2.834213,0.019899,1.280215,2.551275
blackout_only,750.0,600.0,900.0,4000.0,120.0,500.0,1,75,1778,1778,1980,1980,5,5,8,8,21,21,62.563659,0.178856,0.250793,0.263690,0.021004,0.022608,124,24,26,13,170,34,34,24,36580,68,68,23880,2.523750,0.019404,1.280255,1.516004
with_repeater,750.0,600.0,900.0,4000.0,120.0,500.0,1,75,1778,1778,1980,1980,5,5,8,8,21,21,62.521164,0.180827,0.250715,0.263652,0.021041,0.022644,125,21,22,34,170,34,34,63,36580,68,68,23928,2.839266,0.020478,1.279611,2.547659
blackout_only,750.0,600.0,900.0,4000.0,120.0,500.0,1,76,1777,1777,1980,1980,5,5,8,8,21,21,62.580326,0.183764,0.250907,0.264004,0.021055,0.022676,127,28,24,14,170,34,34,24,36570,68,68,23880,2.524428,0.019881,1.280268,1.514776
with_repeater,750.0,600.0,900.0,4000.0,120.0,500.0,1,76,1777,1777,1980,1980,5,5,8,8,21,21,62.573353,0.181547,0.251067,0.263908,0.021096,0.022658,126,26,20,36,170,34,34,63,36560,68,68,23928,2.834608,0.019062,1.279973,2.548320
blackout_only,750.0,600.0,900.0,4000.0,120.0,500.0,1,77,1777,1777,1980,1980,5,5,8,8,21,21,62.609375,0.183454,0.250960,0.264174,0.021065,0.022649,122,22,22,12,170,34,34,24,36566,68,68,23880,2.525504,0.019767,1.279721,1.515396
with_repeater,750.0,600.0,900.0,4000.0,120.0,500.0,1,77,1777,1777,1980,1980,5,5,8,8,21,21,62.565845,0.181971,0.251162,0.263650,0.021090,0.022760,115,26,18,27,170,34,34,63,36560,68,68,23928,2.837979,0.020056,1.280094,2.554102
blackout_only,750.0,600.0,900.0,4000.0,120.0,500.0,1,78,1778,1778,1980,1980,5,5,8,8,21,21,62.526299,0.181187,0.250795,0.263150,0.021088,0.022663,126,28,20,13,170,34,34,24,36580,68,68,23880,2.523191,0.019982,1.280774,1.515432
with_repeater,750.0,600.0,900.0,4000.0,120.0,500.0,1,78,1777,1777,1980,1980,5,5,8,8,21,21,62.545150,0.183701,0.251297,0.263981,0.021103,0.022668,123,26,18,32,170,34,34,63,36560,68,68,23928,2.838542,0.019822,1.279981,2.553554
blackout_only,750.0,600.0,900.0,4000.0,120.0,500.0,1,79,1777,1777,1980,1980,5,5,8,8,21,21,62.547568,0.182674,0.250965,0.263913,0.021068,0.022698,120,25,22,12,170,34,34,24,36566,68,68,23880,2.525895,0.019997,1.278825,1.515582
with_repeater,750.0,600.0,900.0,4000.0,120.0,500.0,1,79,1777,1777,1980,1980,5,5,8,8,21,21,62.581829,0.183449,0.251383,0.263867,0.021062,0.022582,117,28,20,29,170,34,34,63,36560,68,68,23928,2.839926,0.019777,1.278782,2.549306
blackout_only,750.0,600.0,900.0,4000.0,120.0,500.0,1,80,1777,1777,1980,1980,5,5,8,8,21,21,62.540272,0.180487,0.251081,0.263630,0.021063,0.022691,120,21,18,11,170,34,34,24,36560,68,68,23880,2.524402,0.020492,1.280574,1.515620
with_repeater,750.0,600.0,900.0,4000.0,120.0,500.0,1,80,1778,1778,1980,1980,5,5,8,8,21,21,62.484863,0.181513,0.250802,0.263276,0.021056,0.022659,119,22,25,37,170,34,34,63,36580,68,68,23928,2.833329,0.020640,1.280340,2.551646
blackout_only,750.0,600.0,900.0,4000.0,120.0,500.0,1,81,1778,1778,1980,1980,5,5,8,8,21,21,62.599348,0.184098,0.250779,0.263191,0.021044,0.022618,125,23,20,13,170,34,34,24,36580,68,68,23880,2.523212,0.019991,1.279881,1.514008
with_repeater,750.0,600.0,900.0,4000.0,120.0,500.0,1,81,1777,1777,1980,1980,5,5,8,8,21,21,62.545026,0.183469,0.251127,0.263529,0.021080,0.022670,127,26,18,36,170,34,34,63,36560,68,68,23928,2.839382,0.019672,1.280027,2.550151
blackout_only,750.0,600.0,900.0,4000.0,120.0,500.0,1,82,1778,1778,1980,1980,5,5,8,8,21,21,62.500193,0.182232,0.250712,0.263212,0.021080,0.022729,127,25,21,15,170,34,34,24,36580,68,68,23880,2.522311,0.019743,1.279817,1.516285
with_repeater,750.0,600.0,900.0,4000.0,120.0,500.0,1,82,1777,1777,1980,1980,5,5,8,8,21,21,62.517137,0.182665,0.251194,0.264362,0.021022,0.022619,124,27,19,30,170,34,34,63,36560,68,68,23928,2.835818,0.020560,1.280214,2.548200
blackout_only,750.0,600.0,900.0,4000.0,120.0,500.0,1,83,1778,1778,1980,1980,5,5,8,8,21,21,62.552619,0.180962,0.250842,0.263547,0.021065,0.022672,119,24,14,13,170,34,34,24,36580,68,68,23880,2.523871,0.019868,1.278770,1.516276
with_repeater,750.0,600.0,900.0,4000.0,120.0,500.0,1,83,1777,1777,1980,1980,5,5,8,8,21,21,62.575373,0.182880,0.251016,0.263562,0.021056,0.022673,125,27,19,31,170,34,34,63,36560,68,68,23928,2.836672,0.019891,1.279647,2.547051
blackout_only,750.0,600.0,900.0,4000.0,120.0,500.0,1,84,1777,1777,1980,1980,5,5,8,8,21,21,62.607139,0.185613,0.251306,0.263688,0.021076,0.022722,128,27,17,9,170,34,34,24,36560,68,68,23880,2.524664,0.019824,1.279544,1.515526
with_repeater,750.0,600.0,900.0,4000.0,120.0,500.0,1,84,1777,1777,1980,1980,5,5,8,8,21,21,62.604513,0.184182,0.251088,0.263387,0.021050,0.022653,127,22,19,30,170,34,34,63,36560,68,68,23928,2.836801,0.019981,1.279983,2.548808
blackout_only,750.0,600.0,900.0,4000.0,120.0,500.0,1,85,1777,1777,1980,1980,5,5,8,8,21,21,62.581137,0.182742,0.251232,0.264004,0.021066,0.022639,125,26,23,16,170,34,34,24,36560,68,68,23880,2.524311,0.020104,1.279157,1.514668
with_repeater,750.0,600.0,900.0,4000.0,120.0,500.0,1,85,1777,1777,1980,1980,5,5,8,8,21,21,62.493413,0.179193,0.251084,0.264049,0.021070,0.022620,123,26,19,30,170,34,34,63,36560,68,68,23928,2.837713,0.019800,1.278579,2.552182
blackout_only,750.0,600.0,900.0,4000.0,120.0,500.0,1,86,1777,1777,1980,1980,5,5,8,8,21,21,62.608155,0.183364,0.251223,0.263572,0.021103,0.022750,127,27,25,10,170,34,34,24,36560,68,68,23880,2.525043,0.019689,1.280043,1.514923
with_repeater,750.0,600.0,900.0,4000.0,120.0,500.0,1,86,1777,1777,1980,1980,5,5,8,8,21,21,62.540438,0.183206,0.251078,0.263922,0.021108,0.022697,133,28,19,33,170,34,34,63,36560,68,68,23928,2.836549,0.019931,1.278578,2.552315
blackout_only,750.0,600.0,900.0,4000.0,120.0,500.0,1,87,1777,1777,1980,1980,5,5,8,8,21,21,62.557121,0.181349,0.251154,0.263623,0.021035,0.022620,131,25,21,14,170,34,34,24,36560,68,68,23880,2.524433,0.020446,1.278985,1.515330
with_repeater,750.0,600.0,900.0,4000.0,120.0,500.0,1,87,1777,1777,1980,1980,5,5,8,8,21,21,62.603056,0.183859,0.250905,0.263292,0.021074,0.022634,121,27,21,36,170,34,34,63,36570,68,68,23928,2.836063,0.020305,1.279238,2.549758
blackout_only,750.0,600.0,900.0,4000.0,120.0,500.0,1,88,1778,1778,1980,1980,5,5,8,8,21,21,62.589599,0.185955,0.250839,0.263300,0.021092,0.022605,128,22,21,11,170,34,34,24,36580,68,68,23880,2.525015,0.020390,1.280143,1.515300
with_repeater,750.0,600.0,900.0,4000.0,120.0,500.0,1,88,1777,1777,1980,1980,5,5,8,8,21,21,62.569696,0.182230,0.251165,0.263546,0.021058,0.022600,126,24,22,25,170,34,34,63,36560,68,68,23928,2.837034,0.020308,1.280324,2.550377
blackout_only,750.0,600.0,900.0,4000.0,120.0,500.0,1,89,1777,1777,1980,1980,5,5,8,8,21,21,62.580897,0.183526,0.251106,0.263463,0.021080,0.022615,114,24,25,14,170,34,34,24,36560,68,68,23880,2.524311,0.020608,1.280402,1.515033
with_repeater,750.0,600.0,900.0,4000.0,120.0,500.0,1,89,1777,1777,1980,1980,5,5,8,8,21,21,62.577883,0.185045,0.251303,0.264187,0.021080,0.022688,130,27,24,34,170,34,34,63,36560,68,68,23928,2.836159,0.019483,1.279503,2.551737
blackout_only,750.0,600.0,1800.0,4000.0,120.0,500.0,1,40,1778,1778,1980,1980,5,5,15,15,14,14,3.778996,0.180676,0.250769,0.263437,0.021035,0.022615,134,26,20,2,170,34,34,3,36580,68,68,23838,1.662240,0.019640,1.280123,0.192831
with_repeater,750.0,600.0,1800.0,4000.0,120.0,500.0,1,40,1778,1778,1980,1980,5,5,15,15,14,14,3.835526,0.183432,0.250606,0.263778,0.021071,0.022640,128,25,25,25,170,34,34,63,36580,68,68,23928,2.248279,0.019612,1.281168,1.633768
blackout_only,750.0,600.0,1800.0,4000.0,120.0,500.0,1,41,1777,1777,1980,1980,5,5,15,15,14,14,3.812429,0.181506,0.251038,0.264428,0.021062,0.022649,120,23,23,2,170,34,34,3,36560,68,68,23838,1.662681,0.021010,1.278734,0.192432
with_repeater,750.0,600.0,1800.0,4000.0,120.0,500.0,1,41,1777,1777,1980,1980,5,5,15,15,14,14,3.853531,0.182913,0.251082,0.263511,0.021034,0.022637,120,27,24,34,170,34,34,63,36560,68,68,23928,2.253614,0.020289,1.280171,1.618742
blackout_only,750.0,600.0,1800.0,4000.0,120.0,500.0,1,42,1777,1777,1980,1980,5,5,15,15,14,14,3.845070,0.181310,0.250957,0.263601,0.021104,0.022752,118,24,18,1,170,34,34,3,36566,68,68,23838,1.664629,0.019989,1.280290,0.192541
with_repeater,750.0,600.0,1800.0,4000.0,120.0,500.0,1,42,1777,1777,1980,1980,5,5,15,15,14,14,3.795026,0.183005,0.251009,0.263403,0.021081,0.022786,131,28,19,30,170,34,34,63,36560,68,68,23928,2.249469,0.020212,1.279568,1.551818
blackout_only,750.0,600.0,1800.0,4000.0,120.0,500.0,1,43,1777,1777,1980,1980,5,5,15,15,14,14,3.885132,0.183894,0.251134,0.264785,0.021093,0.022695,137,23,26,0,170,34,34,3,36560,68,68,23838,1.663445,0.019867,1.279088,0.193046
with_repeater,750.0,600.0,1800.0,4000.0,120.0,500.0,1,43,1777,1777,1980,1980,5,5,15,15,14,14,3.765124,0.181516,0.250857,0.263263,0.021082,0.022695,134,21,21,28,170,34,34,63,36579,68,68,23928,2.250805,0.019920,1.279167,1.585199
blackout_only,750.0,600.0,1800.0,4000.0,120.0,500.0,1,44,1777,1777,1980,1980,5,5,15,15,14,14,3.786641,0.180654,0.251071,0.264064,0.021071,0.022671,127,24,20,2,170,34,34,3,36560,68,68,23838,1.662045,0.020762,1.278931,0.193534
with_repeater,750.0,600.0,1800.0,4000.0,120.0,500.0,1,44,1777,1777,1980,1980,5,5,15,15,14,14,3.826628,0.181295,0.251227,0.264177,0.021057,0.022648,133,26,21,28,170,34,34,63,36560,68,68,23928,2.249437,0.019999,1.280304,1.588079
blackout_only,750.0,600.0,1800.0,4000.0,120.0,500.0,1,45,1777,1777,1980,1980,5,5,15,15,14,14,3.845906,0.183686,0.250890,0.264097,0.021092,0.022678,132,27,20,1,170,34,34,3,36576,68,68,23838,1.662934,0.019943,1.280021,0.193317
with_repeater,750.0,600.0,1800.0,4000.0,120.0,500.0,1,45,1777,1777,1980,1980,5,5,15,15,14,14,3.856404,0.182742,0.251204,0.263670,0.021076,0.022666,120,24,20,29,170,34,34,63,36560,68,68,23928,2.252010,0.019884,1.279728,1.631928
blackout_only,750.0,600.0,1800.0,4000.0,120.0,500.0,1,46,1778,1778,1980,1980,5,5,15,15,14,14,3.810138,0.182284,0.250834,0.263858,0.021049,0.022607,116,23,21,1,170,34,34,3,36580,68,68,23838,1.663226,0.020075,1.280463,0.193090
with_repeater,750.0,600.0,1800.0,4000.0,120.0,500.0,1,46,1777,1777,1980,1980,5,5,15,15,14,14,3.817898,0.182078,0.250847,0.263674,0.021069,0.022626,121,28,20,36,170,34,34,63,36580,68,68,23928,2.250587,0.019363,1.279856,1.608947
blackout_only,750.0,600.0,1800.0,4000.0,120.0,500.0,1,47,1777,1777,1980,1980,5,5,15,15,14,14,3.853634,0.183457,0.251153,0.264038,0.021066,0.022687,113,28,20,1,170,34,34,3,36560,68,68,23838,1.662595,0.020263,1.279681,0.192304
with_repeater,750.0,600.0,1800.0,4000.0,120.0,500.0,1,47,1777,1777,1980,1980,5,5,15,15,14,14,3.874953,0.183045,0.250949,0.263649,0.021088,0.022649,112,29,19,34,170,34,34,63,36568,68,68,23928,2.248660,0.020264,1.279042,1.563664
blackout_only,750.0,600.0,1800.0,4000.0,120.0,500.0,1,48,1777,1777,1980,1980,5,5,15,15,14,14,3.840482,0.182895,0.251055,0.264011,0.021077,0.022580,123,25,18,2,170,34,34,3,36560,68,68,23838,1.662918,0.019602,1.279317,0.193045
with_repeater,750.0,600.0,1800.0,4000.0,120.0,500.0,1,48,1777,1777,1980,1980,5,5,15,15,14,14,3.844942,0.182484,0.250947,0.263839,0.021077,0.022638,126,28,22,33,170,34,34,63,36568,68,68,23928,2.252255,0.020026,1.280165,1.618017
blackout_only,750.0,600.0,1800.0,4000.0,120.0,500.0,1,49,1778,1778,1980,1980,5,5,15,15,14,14,3.842590,0.183664,0.250822,0.263526,0.021082,0.022640,130,22,23,1,170,34,34,3,36580,68,68,23838,1.661477,0.019731,1.279959,0.193140
with_repeater,750.0,600.0,1800.0,4000.0,120.0,500.0,1,49,1778,1778,1980,1980,5,5,15,15,14,14,3.883857,0.185482,0.250831,0.263029,0.021056,0.022676,132,27,21,36,170,34,34,63,36580,68,68,23928,2.249734,0.019705,1.280431,1.631466
blackout_only,750.0,600.0,1800.0,4000.0,120.0,500.0,1,50,1777,1777,1980,1980,5,5,15,15,14,14,3.929219,0.185887,0.251362,0.264044,0.021093,0.022594,126,25,20,1,170,34,34,3,36560,68,68,23838,1.662975,0.020058,1.280733,0.192929
with_repeater,750.0,600.0,1800.0,4000.0,120.0,500.0,1,50,1777,1777,1980,1980,5,5,15,15,14,14,3.867752,0.181589,0.251302,0.263947,0.021078,0.022726,124,25,21,30,170,34,34,63,36560,68,68,23928,2.252264,0.019664,1.281515,1.612426
blackout_only,750.0,600.0,1800.0,4000.0,120.0,500.0,1,51,1777,1777,1980,1980,5,5,15,15,14,14,3.864519,0.184039,0.251413,0.264250,0.021100,0.022743,123,29,15,2,170,34,34,3,36560,68,68,23838,1.662351,0.019779,1.279441,0.193050
with_repeater,750.0,600.0,1800.0,4000.0,120.0,500.0,1,51,1777,1777,1980,1980,5,5,15,15,14,14,3.809598,0.181406,0.251021,0.263353,0.021083,0.022720,122,21,23,30,170,34,34,63,36560,68,68,23928,2.247750,0.020760,1.280472,1.545227
blackout_only,750.0,600.0,1800.0,4000.0,120.0,500.0,1,52,1778,1778,1980,1980,5,5,15,15,14,14,3.866498,0.183530,0.250563,0.263991,0.021093,0.022668,131,29,19,1,170,34,34,3,36580,68,68,23838,1.661535,0.019437,1.280140,0.193497
with_repeater,750.0,600.0,1800.0,4000.0,120.0,500.0,1,52,1777,1777,1980,1980,5,5,15,15,14,14,3.885413,0.185383,0.250952,0.263624,0.021075,0.022666,131,21,18,42,170,34,34,63,36567,68,68,23928,2.252243,0.020436,1.279881,1.607456
blackout_only,750.0,600.0,1800.0,4000.0,120.0,500.0,1,53,1777,1777,1980,1980,5,5,15,15,14,14,3.807565,0.183245,0.250879,0.264104,0.021075,0.022662,117,24,18,1,170,34,34,3,36576,68,68,23838,1.660980,0.019971,1.279231,0.193038
with_repeater,750.0,600.0,1800.0,4000.0,120.0,500.0,1,53,1777,1777,1980,1980,5,5,15,15,14,14,3.749189,0.180699,0.251115,0.263819,0.021068,0.022685,118,21,23,36,170,34,34,63,36560,68,68,23928,2.248295,0.020186,1.279232,1.607328
blackout_only,750.0,600.0,1800.0,4000.0,120.0,500.0,1,54,1778,1778,1980,1980,5,5,15,15,14,14,3.883305,0.183685,0.250696,0.263724,0.021088,0.022697,127,24,16,1,170,34,34,3,36580,68,68,23838,1.662248,0.020378,1.280676,0.193290
with_repeater,750.0,600.0,1800.0,4000.0,120.0,500.0,1,54,1778,1778,1980,1980,5,5,15,15,14,14,3.893760,0.185189,0.250723,0.264097,0.021059,0.022689,126,22,22,30,170,34,34,63,36580,68,68,23928,2.251574,0.019972,1.279459,1.630442
blackout_only,750.0,600.0,1800.0,4000.0,120.0,500.0,1,55,1777,1777,1980,1980,5,5,15,15,14,14,3.798271,0.179976,0.250953,0.264052,0.021045,0.022635,120,24,15,1,170,34,34,3,36567,68,68,23838,1.663121,0.020936,1.278822,0.193427
with_repeater,750.0,600.0,1800.0,4000.0,120.0,500.0,1,55,1777,1777,1980,1980,5,5,15,15,14,14,3.821083,0.182213,0.250972,0.263976,0.021042,0.022579,122,22,20,29,170,34,34,63,36566,68,68,23928,2.248778,0.020335,1.280200,1.630323
blackout_only,750.0,600.0,1800.0,4000.0,120.0,500.0,1,56,1777,1777,1980,1980,5,5,15,15,14,14,3.758795,0.180183,0.251167,0.264191,0.021080,0.022714,118,23,21,1,170,34,34,3,36560,68,68,23838,1.662859,0.020237,1.280349,0.193425
with_repeater,750.0,600.0,1800.0,4000.0,120.0,500.0,1,56,1777,1777,1980,1980,5,5,15,15,14,14,3.829623,0.182302,0.251047,0.263957,0.021073,0.022685,124,26,22,27,170,34,34,63,36560,68,68,23928,2.247994,0.019948,1.280246,1.563313
blackout_only,750.0,600.0,1800.0,4000.0,120.0,500.0,1,57,1777,1777,1980,1980,5,5,15,15,14,14,3.840873,0.181698,0.250973,0.263714,0.021066,0.022615,130,30,21,1,170,34,34,3,36566,68,68,23838,1.662659,0.020187,1.279871,0.192896
with_repeater,750.0,600.0,1800.0,4000.0,120.0,500.0,1,57,1777,1777,1980,1980,5,5,15,15,14,14,3.906369,0.183190,0.250912,0.263714,0.021066,0.022665,123,25,18,28,170,34,34,63,36570,68,68,23928,2.250177,0.019655,1.279625,1.586866
blackout_only,750.0,600.0,1800.0,4000.0,120.0,500.0,1,58,1777,1777,1980,1980,5,5,15,15,14,14,3.877768,0.183742,0.251451,0.264282,0.021071,0.022739,127,27,24,3,170,34,34,3,36560,68,68,23838,1.664261,0.019946,1.279977,0.193248
with_repeater,750.0,600.0,1800.0,4000.0,120.0,500.0,1,58,1777,1777,1980,1980,5,5,15,15,14,14,3.902293,0.186071,0.251130,0.263804,0.021081,0.022682,120,26,24,32,170,34,34,63,36560,68,68,23928,2.251208,0.020014,1.278755,1.597422
blackout_only,750.0,600.0,1800.0,4000.0,120.0,500.0,1,59,1777,1777,1980,1980,5,5,15,15,14,14,3.825372,0.181692,0.250938,0.263849,0.021092,0.022680,112,23,17,1,170,34,34,3,36569,68,68,23838,1.663050,0.019364,1.280346,0.192835
with_repeater,750.0,600.0,1800.0,4000.0,120.0,500.0,1,59,1778,1778,1980,1980,5,5,15,15,14,14,3.828477,0.183007,0.250829,0.263925,0.021101,0.022687,108,25,21,35,170,34,34,63,36580,68,68,23928,2.246996,0.019974,1.279890,1.629606
blackout_only,750.0,600.0,1800.0,4000.0,120.0,500.0,1,60,1777,1777,1980,1980,5,5,15,15,14,14,3.838341,0.182376,0.251005,0.263906,0.021109,0.022690,119,21,23,1,170,34,34,3,36560,68,68,23838,1.662079,0.020140,1.279671,0.193220
with_repeater,750.0,600.0,1800.0,4000.0,120.0,500.0,1,60,1777,1777,1980,1980,5,5,15,15,14,14,3.826829,0.181817,0.251117,0.263626,0.021086,0.022702,124,18,20,26,170,34,34,63,36560,68,68,23928,2.248313,0.019693,1.279243,1.612230
blackout_only,750.0,600.0,1800.0,4000.0,120.0,500.0,1,61,1777,1777,1980,1980,5,5,15,15,14,14,3.880514,0.184493,0.251035,0.263962,0.021067,0.022648,133,26,19,1,170,34,34,3,36560,68,68,23838,1.662604,0.020105,1.278987,0.192406
with_repeater,750.0,600.0,1800.0,4000.0,120.0,500.0,1,61,1777,1777,1980,1980,5,5,15,15,14,14,3.831902,0.182215,0.251067,0.263255,0.021072,0.022585,115,28,16,35,170,34,34,63,36560,68,68,23928,2.250992,0.019574,1.280104,1.613825
blackout_only,750.0,600.0,1800.0,4000.0,120.0,500.0,1,62,1777,1777,1980,1980,5,5,15,15,14,14,3.843618,0.183299,0.251028,0.263665,0.021095,0.022671,121,22,21,0,170,34,34,3,36560,68,68,23838,1.662540,0.019913,1.279972,0.193379
with_repeater,750.0,600.0,1800.0,4000.0,120.0,500.0,1,62,1777,1777,1980,1980,5,5,15,15,14,14,3.846602,0.185303,0.251117,0.263864,0.021054,0.022596,127,22,22,31,170,34,34,63,36560,68,68,23928,2.247793,0.019980,1.280591,1.565849
blackout_only,750.0,600.0,1800.0,4000.0,120.0,500.0,1,63,1777,1777,1980,1980,5,5,15,15,14,14,3.764832,0.181039,0.250978,0.263461,0.021087,0.022646,119,22,23,2,170,34,34,3,36566,68,68,23838,1.661961,0.019676,1.280158,0.192844
with_repeater,750.0,600.0,1800.0,4000.0,120.0,500.0,1,63,1777,1777,1980,1980,5,5,15,15,14,14,3.832289,0.181870,0.250925,0.263458,0.021068,0.022649,129,23,17,35,170,34,34,63,36570,68,68,23928,2.249807,0.020208,1.280423,1.636642
blackout_only,750.0,600.0,1800.0,4000.0,120.0,500.0,1,64,1777,1777,1980,1980,5,5,15,15,14,14,3.880003,0.183909,0.251046,0.263669,0.021100,0.022624,117,26,22,1,170,34,34,3,36560,68,68,23838,1.663021,0.019691,1.280473,0.193560
with_repeater,750.0,600.0,1800.0,4000.0,120.0,500.0,1,64,1777,1777,1980,1980,5,5,15,15,14,14,3.828955,0.183320,0.251022,0.263558,0.021093,0.022637,129,24,18,33,170,34,34,63,36560,68,68,23928,2.249554,0.019705,1.278990,1.587644
blackout_only,750.0,600.0,1800.0,4000.0,120.0,500.0,1,65,1777,1777,1980,1980,5,5,15,15,14,14,3.876437,0.184027,0.250902,0.263836,0.021131,0.022722,109,25,19,2,170,34,34,3,36576,68,68,23838,1.663276,0.020154,1.279944,0.192951
with_repeater,750.0,600.0,1800.0,4000.0,120.0,500.0,1,65,1777,1777,1980,1980,5,5,15,15,14,14,3.856275,0.184154,0.251040,0.263635,0.021091,0.022646,123,24,20,25,170,34,34,63,36560,68,68,23928,2.249302,0.019745,1.279890,1.611012
blackout_only,750.0,600.0,1800.0,4000.0,120.0,500.0,1,66,1778,1778,1980,1980,5,5,15,15,14,14,3.797243,0.181018,0.250705,0.262966,0.021071,0.022653,114,23,22,3,170,34,34,3,36580,68,68,23838,1.664122,0.020354,1.279485,0.193015
with_repeater,750.0,600.0,1800.0,4000.0,120.0,500.0,1,66,1778,1778,1980,1980,5,5,15,15,14,14,3.825238,0.181830,0.250825,0.263469,0.021087,0.022687,128,18,25,37,170,34,34,63,36580,68,68,23928,2.250372,0.019898,1.280464,1.592731
blackout_only,750.0,600.0,1800.0,4000.0,120.0,500.0,1,67,1777,1777,1980,1980,5,5,15,15,14,14,3.810865,0.182524,0.250993,0.263765,0.021104,0.022661,130,26,21,0,170,34,34,3,36560,68,68,23838,1.662415,0.020247,1.279570,0.193489
with_repeater,750.0,600.0,1800.0,4000.0,120.0,500.0,1,67,1778,1778,1980,1980,5,5,15,15,14,14,3.839529,0.182737,0.250721,0.263111,0.021072,0.022725,122,24,17,26,170,34,34,63,36580,68,68,23928,2.251350,0.019378,1.279531,1.631418
blackout_only,750.0,600.0,1800.0,4000.0,120.0,500.0,1,68,1778,1778,1980,1980,5,5,15,15,14,14,3.817126,0.181368,0.250743,0.263579,0.021082,0.022636,122,27,22,3,170,34,34,3,36580,68,68,23838,1.662664,0.020322,1.279672,0.193357
with_repeater,750.0,600.0,1800.0,4000.0,120.0,500.0,1,68,1777,1777,1980,1980,5,5,15,15,14,14,3.827702,0.181897,0.250918,0.263611,0.021065,0.022683,127,25,21,34,170,34,34,63,36570,68,68,23928,2.251312,0.020174,1.279893,1.629124
blackout_only,750.0,600.0,1800.0,4000.0,120.0,500.0,1,69,1777,1777,1980,1980,5,5,15,15,14,14,3.866955,0.182589,0.251057,0.263452,0.021081,0.022691,132,26,21,2,170,34,34,3,36560,68,68,23838,1.663190,0.019860,1.279192,0.192757
with_repeater,750.0,600.0,1800.0,4000.0,120.0,500.0,1,69,1777,1777,1980,1980,5,5,15,15,14,14,3.818157,0.183175,0.250897,0.263690,0.021041,0.022569,127,24,22,36,170,34,34,63,36576,68,68,23928,2.249149,0.020001,1.280372,1.615062
blackout_only,750.0,600.0,1800.0,4000.0,120.0,500.0,1,70,1777,1777,1980,1980,5,5,15,15,14,14,3.845451,0.182942,0.250842,0.263276,0.021035,0.022637,125,26,19,2,170,34,34,3,36580,68,68,23838,1.661658,0.019932,1.280412,0.192783
with_repeater,750.0,600.0,1800.0,4000.0,120.0,500.0,1,70,1778,1778,1980,1980,5,5,15,15,14,14,3.847196,0.183233,0.250665,0.263055,0.021049,0.022671,123,23,23,28,170,34,34,63,36580,68,68,23928,2.249795,0.020350,1.279988,1.635867
blackout_only,750.0,600.0,1800.0,4000.0,120.0,500.0,1,71,1777,1777,1980,1980,5,5,15,15,14,14,3.818154,0.182998,0.251016,0.264045,0.021043,0.022584,122,22,18,3,170,34,34,3,36560,68,68,23838,1.661703,0.020060,1.280392,0.192931
with_repeater,750.0,600.0,1800.0,4000.0,120.0,500.0,1,71,1777,1777,1980,1980,5,5,15,15,14,14,3.798910,0.180627,0.251050,0.263792,0.021058,0.022674,123,25,14,35,170,34,34,63,36560,68,68,23928,2.247266,0.019617,1.280467,1.632296
blackout_only,750.0,600.0,1800.0,4000.0,120.0,500.0,1,72,1777,1777,1980,1980,5,5,15,15,14,14,3.815867,0.182185,0.250990,0.264014,0.021083,0.022664,124,26,22,1,170,34,34,3,36560,68,68,23838,1.662482,0.019989,1.280907,0.192884
with_repeater,750.0,600.0,1800.0,4000.0,120.0,500.0,1,72,1777,1777,1980,1980,5,5,15,15,14,14,3.846695,0.181798,0.251147,0.263768,0.021077,0.022705,121,27,21,36,170,34,34,63,36560,68,68,23928,2.247816,0.020124,1.280027,1.656270
blackout_only,750.0,600.0,1800.0,4000.0,120.0,500.0,1,73,1778,1778,1980,1980,5,5,15,15,14,14,3.848424,0.183906,0.250754,0.263976,0.021027,0.022653,123,24,19,1,170,34,34,3,36580,68,68,23838,1.662852,0.019447,1.279599,0.193233
with_repeater,750.0,600.0,1800.0,4000.0,120.0,500.0,1,73,1778,1778,1980,1980,5,5,15,15,14,14,3.818485,0.182194,0.250641,0.264010,0.021076,0.022624,121,20,21,32,170,34,34,63,36580,68,68,23928,2.247817,0.019627,1.280155,1.591267
blackout_only,750.0,600.0,1800.0,4000.0,120.0,500.0,1,74,1777,1777,1980,1980,5,5,15,15,14,14,3.802788,0.181569,0.250889,0.263471,0.021049,0.022602,117,23,21,3,170,34,34,3,36576,68,68,23838,1.662390,0.020187,1.279773,0.192715
with_repeater,750.0,600.0,1800.0,4000.0,120.0,500.0,1,74,1777,1777,1980,1980,5,5,15,15,14,14,3.812918,0.182387,0.251069,0.263848,0.021076,0.022641,116,23,23,30,170,34,34,63,36560,68,68,23928,2.245943,0.020080,1.280025,1.570906
blackout_only,750.0,600.0,1800.0,4000.0,120.0,500.0,1,75,1778,1778,1980,1980,5,5,15,15,14,14,3.812711,0.182634,0.250817,0.264014,0.021044,0.022623,123,22,24,1,170,34,34,3,36580,68,68,23838,1.662937,0.019452,1.281047,0.193274
with_repeater,750.0,600.0,1800.0,4000.0,120.0,500.0,1,75,1778,1778,1980,1980,5,5,15,15,14,14,3.807164,0.180840,0.250699,0.263362,0.021047,0.022674,114,17,21,38,170,34,34,63,36580,68,68,23928,2.254016,0.020425,1.279647,1.610845
blackout_only,750.0,600.0,1800.0,4000.0,120.0,500.0,1,76,1777,1777,1980,1980,5,5,15,15,14,14,3.871272,0.185727,0.251237,0.264885,0.021066,0.022674,130,28,21,1,170,34,34,3,36560,68,68,23838,1.662110,0.019487,1.280294,0.192937
with_repeater,750.0,600.0,1800.0,4000.0,120.0,500.0,1,76,1777,1777,1980,1980,5,5,15,15,14,14,3.831082,0.181198,0.251090,0.263637,0.021091,0.022643,117,25,18,40,170,34,34,63,36560,68,68,23928,2.247720,0.019573,1.280310,1.607206
blackout_only,750.0,600.0,1800.0,4000.0,120.0,500.0,1,77,1777,1777,1980,1980,5,5,15,15,14,14,3.930516,0.184665,0.251088,0.264131,0.021088,0.022664,124,22,21,1,170,34,34,3,36560,68,68,23838,1.663213,0.019269,1.280183,0.193386
with_repeater,750.0,600.0,1800.0,4000.0,120.0,500.0,1,77,1777,1777,1980,1980,5,5,15,15,14,14,3.814140,0.182168,0.251224,0.264036,0.021098,0.022756,115,25,20,26,170,34,34,63,36560,68,68,23928,2.251124,0.020304,1.280172,1.614042
blackout_only,750.0,600.0,1800.0,4000.0,120.0,500.0,1,78,1777,1777,1980,1980,5,5,15,15,14,14,3.826977,0.182221,0.251089,0.263378,0.021092,0.022658,122,24,22,2,170,34,34,3,36560,68,68,23838,1.662179,0.019850,1.279351,0.192725
with_repeater,750.0,600.0,1800.0,4000.0,120.0,500.0,1,78,1777,1777,1980,1980,5,5,15,15,14,14,3.825981,0.182316,0.251368,0.264263,0.021093,0.022721,119,25,17,32,170,34,34,63,36560,68,68,23928,2.252047,0.019939,1.280133,1.613536
blackout_only,750.0,600.0,1800.0,4000.0,120.0,500.0,1,79,1777,1777,1980,1980,5,5,15,15,14,14,3.853354,0.182660,0.250975,0.263653,0.021066,0.022698,118,27,23,1,170,34,34,3,36566,68,68,23838,1.662549,0.020056,1.280070,0.193143
with_repeater,750.0,600.0,1800.0,4000.0,120.0,500.0,1,79,1777,1777,1980,1980,5,5,15,15,14,14,3.826156,0.183827,0.251353,0.263913,0.021056,0.022631,113,25,23,36,170,34,34,63,36560,68,68,23928,2.251096,0.020191,1.279502,1.611501
blackout_only,750.0,600.0,1800.0,4000.0,120.0,500.0,1,80,1777,1777,1980,1980,5,5,15,15,14,14,3.818740,0.180952,0.250959,0.263194,0.021070,0.022617,123,24,18,2,170,34,34,3,36566,68,68,23838,1.662689,0.020271,1.279338,0.192834
with_repeater,750.0,600.0,1800.0,4000.0,120.0,500.0,1,80,1777,1777,1980,1980,5,5,15,15,14,14,3.814512,0.183302,0.250912,0.263194,0.021063,0.022646,120,23,24,37,170,34,34,63,36570,68,68,23928,2.249627,0.020501,1.280780,1.633333
blackout_only,750.0,600.0,1800.0,4000.0,120.0,500.0,1,81,1777,1777,1980,1980,5,5,15,15,14,14,3.854659,0.182889,0.250927,0.263608,0.021044,0.022661,131,22,16,2,170,34,34,3,36570,68,68,23838,1.662524,0.020531,1.278873,0.193053
with_repeater,750.0,600.0,1800.0,4000.0,120.0,500.0,1,81,1777,1777,1980,1980,5,5,15,15,14,14,3.846311,0.183583,0.251099,0.263731,0.021085,0.022638,127,25,23,36,170,34,34,63,36560,68,68,23928,2.251299,0.019684,1.280584,1.589572
blackout_only,750.0,600.0,1800.0,4000.0,120.0,500.0,1,82,1777,1777,1980,1980,5,5,15,15,14,14,3.782091,0.181600,0.250895,0.263755,0.021059,0.022679,130,23,19,1,170,34,34,3,36576,68,68,23838,1.661888,0.019775,1.279227,0.193062
with_repeater,750.0,600.0,1800.0,4000.0,120.0,500.0,1,82,1777,1777,1980,1980,5,5,15,15,14,14,3.791892,0.182585,0.251234,0.264234,0.021043,0.022627,114,26,21,32,170,34,34,63,36560,68,68,23928,2.248240,0.020313,1.280210,1.586558
blackout_only,750.0,600.0,1800.0,4000.0,120.0,500.0,1,83,1777,1777,1980,1980,5,5,15,15,14,14,3.798691,0.182640,0.250933,0.263370,0.021058,0.022614,119,22,15,0,170,34,34,3,36570,68,68,23838,1.663631,0.020497,1.280438,0.192599
with_repeater,750.0,600.0,1800.0,4000.0,120.0,500.0,1,83,1777,1777,1980,1980,5,5,15,15,14,14,3.885142,0.185734,0.251045,0.263986,0.021060,0.022653,125,28,22,32,170,34,34,63,36560,68,68,23928,2.248750,0.019660,1.279541,1.588607
blackout_only,750.0,600.0,1800.0,4000.0,120.0,500.0,1,84,1777,1777,1980,1980,5,5,15,15,14,14,3.880599,0.184673,0.251014,0.264092,0.021063,0.022692,123,24,23,0,170,34,34,3,36560,68,68,23838,1.662377,0.019646,1.280642,0.192678
with_repeater,750.0,600.0,1800.0,4000.0,120.0,500.0,1,84,1777,1777,1980,1980,5,5,15,15,14,14,3.880710,0.185259,0.251107,0.263589,0.021078,0.022696,123,19,20,31,170,34,34,63,36560,68,68,23928,2.251707,0.020068,1.279537,1.565736
blackout_only,750.0,600.0,1800.0,4000.0,120.0,500.0,1,85,1777,1777,1980,1980,5,5,15,15,14,14,3.879982,0.185156,0.251086,0.264410,0.021042,0.022615,125,22,24,0,170,34,34,3,36560,68,68,23838,1.663101,0.019991,1.279598,0.193082
with_repeater,750.0,600.0,1800.0,4000.0,120.0,500.0,1,85,1777,1777,1980,1980,5,5,15,15,14,14,3.766519,0.181072,0.250894,0.263568,0.021061,0.022682,125,24,21,27,170,34,34,63,36576,68,68,23928,2.250395,0.019600,1.278689,1.592514
blackout_only,750.0,600.0,1800.0,4000.0,120.0,500.0,1,86,1777,1777,1980,1980,5,5,15,15,14,14,3.901650,0.185102,0.250927,0.264092,0.021113,0.022672,128,30,19,2,170,34,34,3,36570,68,68,23838,1.663340,0.019412,1.279450,0.192546
with_repeater,750.0,600.0,1800.0,4000.0,120.0,500.0,1,86,1777,1777,1980,1980,5,5,15,15,14,14,3.790330,0.181828,0.250994,0.264079,0.021100,0.022689,131,30,18,32,170,34,34,63,36560,68,68,23928,2.251426,0.019939,1.278810,1.569780
blackout_only,750.0,600.0,1800.0,4000.0,120.0,500.0,1,87,1777,1777,1980,1980,5,5,15,15,14,14,3.836328,0.182612,0.250974,0.263621,0.021033,0.022620,124,24,23,0,170,34,34,3,36566,68,68,23838,1.663396,0.020235,1.279457,0.193506
with_repeater,750.0,600.0,1800.0,4000.0,120.0,500.0,1,87,1777,1777,1980,1980,5,5,15,15,14,14,3.930956,0.185048,0.250925,0.263551,0.021074,0.022616,130,27,22,35,170,34,34,63,36570,68,68,23928,2.252068,0.020290,1.278991,1.590950
blackout_only,750.0,600.0,1800.0,4000.0,120.0,500.0,1,88,1778,1778,1980,1980,5,5,15,15,14,14,3.886300,0.185146,0.250747,0.263531,0.021087,0.022661,123,24,18,1,170,34,34,3,36580,68,68,23838,1.662175,0.020238,1.279861,0.193148
with_repeater,750.0,600.0,1800.0,4000.0,120.0,500.0,1,88,1777,1777,1980,1980,5,5,15,15,14,14,3.811516,0.183118,0.251000,0.263590,0.021057,0.022577,133,21,20,28,170,34,34,63,36560,68,68,23928,2.246958,0.020728,1.280224,1.592368
blackout_only,750.0,600.0,1800.0,4000.0,120.0,500.0,1,89,1777,1777,1980,1980,5,5,15,15,14,14,3.844279,0.185208,0.250920,0.263472,0.021081,0.022633,129,22,20,3,170,34,34,3,36570,68,68,23838,1.661793,0.020418,1.279478,0.192885
with_repeater,750.0,600.0,1800.0,4000.0,120.0,500.0,1,89,1777,1777,1980,1980,5,5,15,15,14,14,3.884282,0.185138,0.251047,0.263648,0.021076,0.022651,126,26,25,31,170,34,34,63,36560,68,68,23928,2.251079,0.019832,1.278461,1.651292
blackout_only,1342.0,600.0,300.0,4000.0,120.0,500.0,1,40,1777,1777,1980,1980,5,5,3,3,26,26,61.590194,0.181853,0.251140,0.264005,0.021061,0.022753,135,23,23,3,170,34,34,24,36560,68,68,23880,4.472383,0.020108,1.280067,2.711135
with_repeater,1342.0,600.0,300.0,4000.0,120.0,500.0,1,40,1778,1778,1980,1980,5,5,3,3,26,26,61.580687,0.181177,0.250738,0.264070,0.021096,0.022663,136,23,23,15,170,34,34,33,36580,68,68,23898,4.583337,0.020028,1.281476,3.555371
blackout_only,1342.0,600.0,300.0,4000.0,120.0,500.0,1,41,1777,1777,1980,1980,5,5,3,3,26,26,61.648439,0.182384,0.251061,0.263967,0.021018,0.022582,128,26,24,13,170,34,34,24,36560,68,68,23880,4.473350,0.020326,1.278891,2.709788
with_repeater,1342.0,600.0,300.0,4000.0,120.0,500.0,1,41,1777,1777,1980,1980,5,5,3,3,26,26,61.656139,0.182767,0.251387,0.263976,0.021001,0.022596,122,26,18,16,170,34,34,33,36560,68,68,23898,4.588045,0.020008,1.280147,3.497600
blackout_only,1342.0,600.0,300.0,4000.0,120.0,500.0,1,42,1777,1777,1980,1980,5,5,3,3,26,26,61.668788,0.181718,0.251146,0.263304,0.021080,0.022722,124,24,19,14,170,34,34,25,36560,68,68,23880,4.472334,0.019063,1.278751,2.766129
with_repeater,1342.0,600.0,300.0,4000.0,120.0,500.0,1,42,1777,1777,1980,1980,5,5,3,3,26,26,61.654700,0.183423,0.251006,0.263523,0.021083,0.022647,125,26,18,17,170,34,34,33,36560,68,68,23898,4.588732,0.019895,1.280480,3.499236
blackout_only,1342.0,600.0,300.0,4000.0,120.0,500.0,1,43,1777,1777,1980,1980,5,5,3,3,26,26,61.656981,0.183946,0.251078,0.263860,0.021075,0.022754,132,21,24,13,170,34,34,25,36560,68,68,23880,4.472220,0.020080,1.279095,2.766326
with_repeater,1342.0,600.0,300.0,4000.0,120.0,500.0,1,43,1777,1777,1980,1980,5,5,3,3,26,26,61.618500,0.183701,0.251318,0.264146,0.021072,0.022653,133,22,22,17,170,34,34,33,36560,68,68,23898,4.590582,0.019542,1.279340,3.502368
blackout_only,1342.0,600.0,300.0,4000.0,120.0,500.0,1,44,1777,1777,1980,1980,5,5,3,3,26,26,61.584254,0.181915,0.250996,0.263563,0.021067,0.022638,119,27,19,13,170,34,34,24,36560,68,68,23880,4.471145,0.020216,1.279303,2.763805
with_repeater,1342.0,600.0,300.0,4000.0,120.0,500.0,1,44,1777,1777,1980,1980,5,5,3,3,26,26,61.647582,0.181850,0.251094,0.263628,0.021060,0.022670,130,27,21,19,170,34,34,34,36560,68,68,23898,4.589429,0.019987,1.279117,3.555580
blackout_only,1342.0,600.0,300.0,4000.0,120.0,500.0,1,45,1777,1777,1980,1980,5,5,3,3,26,26,61.659191,0.183054,0.251218,0.264045,0.021061,0.022591,125,26,19,9,170,34,34,25,36560,68,68,23880,4.472719,0.020555,1.279026,2.766371
with_repeater,1342.0,600.0,300.0,4000.0,120.0,500.0,1,45,1777,1777,1980,1980,5,5,3,3,26,26,61.655700,0.183982,0.251021,0.263920,0.021059,0.022540,127,22,22,16,170,34,34,35,36560,68,68,23898,4.586697,0.020451,1.280682,3.556918
blackout_only,1342.0,600.0,300.0,4000.0,120.0,500.0,1,46,1777,1777,1980,1980,5,5,3,3,26,26,61.654285,0.185267,0.250924,0.263427,0.021038,0.022602,126,27,23,10,170,34,34,25,36570,68,68,23880,4.471120,0.020029,1.278619,2.766006
with_repeater,1342.0,600.0,300.0,4000.0,120.0,500.0,1,46,1777,1777,1980,1980,5,5,3,3,26,26,61.644013,0.183029,0.251160,0.264201,0.021060,0.022593,127,26,18,14,170,34,34,34,36560,68,68,23898,4.590382,0.019261,1.279960,3.501107
blackout_only,1342.0,600.0,300.0,4000.0,120.0,500.0,1,47,1777,1777,1980,1980,5,5,3,3,26,26,61.648651,0.182055,0.251233,0.263991,0.021035,0.022601,119,25,21,11,170,34,34,24,36560,68,68,23880,4.471375,0.020292,1.280576,2.763640
with_repeater,1342.0,600.0,300.0,4000.0,120.0,500.0,1,47,1777,1777,1980,1980,5,5,3,3,26,26,61.623279,0.182803,0.251501,0.264262,0.021047,0.022567,120,26,17,15,170,34,34,33,36560,68,68,23898,4.588614,0.019808,1.278633,3.442524
blackout_only,1342.0,600.0,300.0,4000.0,120.0,500.0,1,48,1777,1777,1980,1980,5,5,3,3,26,26,61.671492,0.182951,0.251105,0.263985,0.021086,0.022632,126,22,21,15,170,34,34,24,36560,68,68,23880,4.472314,0.020226,1.280095,2.764600
with_repeater,1342.0,600.0,300.0,4000.0,120.0,500.0,1,48,1777,1777,1980,1980,5,5,3,3,26,26,61.666138,0.180124,0.251345,0.264026,0.021061,0.022632,128,27,19,17,170,34,34,33,36560,68,68,23898,4.589268,0.020187,1.280392,3.442974
blackout_only,1342.0,600.0,300.0,4000.0,120.0,500.0,1,49,1778,1778,1980,1980,5,5,3,3,26,26,61.632595,0.181333,0.250742,0.263169,0.021066,0.022670,119,25,17,14,170,34,34,24,36580,68,68,23880,4.468187,0.019709,1.280347,2.710349
with_repeater,1342.0,600.0,300.0,4000.0,120.0,500.0,1,49,1777,1777,1980,1980,5,5,3,3,26,26,61.649035,0.183080,0.250869,0.263235,0.021081,0.022634,127,17,23,18,170,34,34,33,36578,68,68,23898,4.585344,0.019955,1.280510,3.443203
blackout_only,1342.0,600.0,300.0,4000.0,120.0,500.0,1,50,1777,1777,1980,1980,5,5,3,3,26,26,61.669674,0.181907,0.251060,0.263870,0.021055,0.022576,123,26,17,12,170,34,34,24,36560,68,68,23880,4.473775,0.019449,1.281615,2.709319
with_repeater,1342.0,600.0,300.0,4000.0,120.0,500.0,1,50,1777,1777,1980,1980,5,5,3,3,26,26,61.690777,0.183366,0.251336,0.264403,0.021073,0.022672,131,27,23,19,170,34,34,33,36560,68,68,23898,4.589457,0.020094,1.280225,3.499028
blackout_only,1342.0,600.0,300.0,4000.0,120.0,500.0,1,51,1777,1777,1980,1980,5,5,3,3,26,26,61.661468,0.183038,0.251224,0.263552,0.021066,0.022677,125,26,17,8,170,34,34,24,36560,68,68,23880,4.473263,0.019928,1.281329,2.709333
with_repeater,1342.0,600.0,300.0,4000.0,120.0,500.0,1,51,1777,1777,1980,1980,5,5,3,3,26,26,61.612833,0.182734,0.251084,0.263552,0.021092,0.022716,119,28,23,15,170,34,34,33,36560,68,68,23898,4.588675,0.020620,1.280652,3.443090
blackout_only,1342.0,600.0,300.0,4000.0,120.0,500.0,1,52,1777,1777,1980,1980,5,5,3,3,26,26,61.696147,0.185148,0.251061,0.264017,0.021051,0.022605,123,24,21,13,170,34,34,24,36560,68,68,23880,4.473410,0.019703,1.279598,2.765502
with_repeater,1342.0,600.0,300.0,4000.0,120.0,500.0,1,52,1777,1777,1980,1980,5,5,3,3,26,26,61.691148,0.182046,0.250848,0.262913,0.021058,0.022670,129,31,22,18,170,34,34,33,36579,68,68,23898,4.586692,0.019841,1.279676,3.441328
blackout_only,1342.0,600.0,300.0,4000.0,120.0,500.0,1,53,1777,1777,1980,1980,5,5,3,3,26,26,61.605288,0.182552,0.250878,0.263449,0.021062,0.022663,128,25,21,16,170,34,34,24,36576,68,68,23880,4.470760,0.020227,1.279490,2.765027
with_repeater,1342.0,600.0,300.0,4000.0,120.0,500.0,1,53,1777,1777,1980,1980,5,5,3,3,26,26,61.612129,0.182782,0.251417,0.263963,0.021079,0.022710,127,28,19,18,170,34,34,33,36560,68,68,23898,4.588198,0.019987,1.279307,3.442630
blackout_only,1342.0,600.0,300.0,4000.0,120.0,500.0,1,54,1778,1778,1980,1980,5,5,3,3,26,26,61.673681,0.183127,0.250756,0.263579,0.021075,0.022691,120,19,16,9,170,34,34,24,36580,68,68,23880,4.470654,0.019706,1.280573,2.709815
with_repeater,1342.0,600.0,300.0,4000.0,120.0,500.0,1,54,1777,1777,1980,1980,5,5,3,3,26,26,61.672101,0.183426,0.250965,0.263690,0.021066,0.022655,117,26,16,13,170,34,34,33,36566,68,68,23898,4.589642,0.020210,1.279422,3.444751
blackout_only,1342.0,600.0,300.0,4000.0,120.0,500.0,1,55,1778,1778,1980,1980,5,5,3,3,26,26,61.588823,0.180763,0.250763,0.263987,0.021054,0.022694,126,20,20,13,170,34,34,26,36580,68,68,23880,4.469650,0.020354,1.280197,2.820854
with_repeater,1342.0,600.0,300.0,4000.0,120.0,500.0,1,55,1777,1777,1980,1980,5,5,3,3,26,26,61.642135,0.181342,0.251004,0.263916,0.021065,0.022707,128,23,18,20,170,34,34,33,36560,68,68,23898,4.585924,0.020107,1.281024,3.443431
blackout_only,1342.0,600.0,300.0,4000.0,120.0,500.0,1,56,1777,1777,1980,1980,5,5,3,3,26,26,61.622236,0.181839,0.251190,0.263805,0.021092,0.022734,131,21,22,15,170,34,34,26,36560,68,68,23880,4.470847,0.019835,1.279851,2.878218
with_repeater,1342.0,600.0,300.0,4000.0,120.0,500.0,1,56,1777,1777,1980,1980,5,5,3,3,26,26,61.652561,0.185626,0.251136,0.264230,0.021089,0.022699,132,25,21,13,170,34,34,33,36560,68,68,23898,4.588061,0.020208,1.279755,3.444846
blackout_only,1342.0,600.0,300.0,4000.0,120.0,500.0,1,57,1777,1777,1980,1980,5,5,3,3,26,26,61.689398,0.183956,0.251118,0.263587,0.021085,0.022661,130,27,25,5,170,34,34,24,36560,68,68,23880,4.474374,0.019910,1.279327,2.709486
with_repeater,1342.0,600.0,300.0,4000.0,120.0,500.0,1,57,1777,1777,1980,1980,5,5,3,3,26,26,61.696137,0.182320,0.250879,0.263643,0.021074,0.022717,120,22,19,10,170,34,34,34,36576,68,68,23898,4.587457,0.019356,1.279879,3.496075
blackout_only,1342.0,600.0,300.0,4000.0,120.0,500.0,1,58,1777,1777,1980,1980,5,5,3,3,26,26,61.686983,0.183715,0.251380,0.263886,0.021080,0.022697,109,27,24,14,170,34,34,25,36560,68,68,23880,4.472549,0.020518,1.279777,2.765530
with_repeater,1342.0,600.0,300.0,4000.0,120.0,500.0,1,58,1777,1777,1980,1980,5,5,3,3,26,26,61.677587,0.183122,0.251167,0.263814,0.021083,0.022696,118,23,24,19,170,34,34,33,36560,68,68,23898,4.589503,0.019987,1.279262,3.442373
blackout_only,1342.0,600.0,300.0,4000.0,120.0,500.0,1,59,1777,1777,1980,1980,5,5,3,3,26,26,61.628613,0.181642,0.251101,0.264360,0.021081,0.022684,128,23,21,10,170,34,34,24,36560,68,68,23880,4.471562,0.019698,1.280963,2.710012
with_repeater,1342.0,600.0,300.0,4000.0,120.0,500.0,1,59,1778,1778,1980,1980,5,5,3,3,26,26,61.651306,0.185363,0.250830,0.263849,0.021094,0.022689,123,25,20,16,170,34,34,33,36580,68,68,23898,4.586621,0.019688,1.279934,3.500376
blackout_only,1342.0,600.0,300.0,4000.0,120.0,500.0,1,60,1777,1777,1980,1980,5,5,3,3,26,26,61.655899,0.185471,0.251024,0.263500,0.021097,0.022635,124,25,18,7,170,34,34,24,36560,68,68,23880,4.472836,0.020366,1.280234,2.708558
with_repeater,1342.0,600.0,300.0,4000.0,120.0,500.0,1,60,1777,1777,1980,1980,5,5,3,3,26,26,61.641846,0.183278,0.250881,0.263574,0.021096,0.022660,125,20,14,11,170,34,34,33,36576,68,68,23898,4.586261,0.020192,1.280018,3.441672
blackout_only,1342.0,600.0,300.0,4000.0,120.0,500.0,1,61,1777,1777,1980,1980,5,5,3,3,26,26,61.695712,0.183919,0.250947,0.264022,0.021032,0.022607,124,22,23,19,170,34,34,24,36568,68,68,23880,4.471422,0.020193,1.280378,2.765371
with_repeater,1342.0,600.0,300.0,4000.0,120.0,500.0,1,61,1777,1777,1980,1980,5,5,3,3,26,26,61.669570,0.184715,0.251238,0.263695,0.021054,0.022568,129,29,17,19,170,34,34,33,36560,68,68,23898,4.589173,0.019692,1.280235,3.500032
blackout_only,1342.0,600.0,300.0,4000.0,120.0,500.0,1,62,1777,1777,1980,1980,5,5,3,3,26,26,61.680076,0.183881,0.251349,0.264042,0.021064,0.022652,130,29,26,11,170,34,34,24,36560,68,68,23880,4.472997,0.020334,1.279084,2.710103
with_repeater,1342.0,600.0,300.0,4000.0,120.0,500.0,1,62,1778,1778,1980,1980,5,5,3,3,26,26,61.663730,0.184415,0.250823,0.263304,0.021094,0.022635,124,22,24,16,170,34,34,34,36580,68,68,23898,4.586459,0.019703,1.279995,3.501697
blackout_only,1342.0,600.0,300.0,4000.0,120.0,500.0,1,63,1777,1777,1980,1980,5,5,3,3,26,26,61.621584,0.183143,0.251175,0.263772,0.021051,0.022649,126,23,24,12,170,34,34,24,36560,68,68,23880,4.470512,0.019560,1.281091,2.709720
with_repeater,1342.0,600.0,300.0,4000.0,120.0,500.0,1,63,1777,1777,1980,1980,5,5,3,3,26,26,61.612466,0.182449,0.250913,0.262982,0.021048,0.022643,126,20,19,17,170,34,34,34,36570,68,68,23898,4.586140,0.020124,1.280939,3.499992
blackout_only,1342.0,600.0,300.0,4000.0,120.0,500.0,1,64,1777,1777,1980,1980,5,5,3,3,26,26,61.634385,0.181915,0.250979,0.263258,0.021094,0.022627,123,25,21,10,170,34,34,24,36566,68,68,23880,4.471967,0.019385,1.279919,2.708682
with_repeater,1342.0,600.0,300.0,4000.0,120.0,500.0,1,64,1777,1777,1980,1980,5,5,3,3,26,26,61.624553,0.181044,0.251120,0.263481,0.021085,0.022697,120,23,19,17,170,34,34,33,36560,68,68,23898,4.589014,0.020144,1.280382,3.443147
blackout_only,1342.0,600.0,300.0,4000.0,120.0,500.0,1,65,1777,1777,1980,1980,5,5,3,3,26,26,61.672641,0.183727,0.250975,0.264374,0.021106,0.022675,122,28,24,10,170,34,34,24,36566,68,68,23880,4.472456,0.020380,1.279141,2.708632
with_repeater,1342.0,600.0,300.0,4000.0,120.0,500.0,1,65,1777,1777,1980,1980,5,5,3,3,26,26,61.629759,0.184055,0.250928,0.263969,0.021049,0.022583,122,21,23,14,170,34,34,34,36570,68,68,23898,4.588804,0.020108,1.280096,3.499632
blackout_only,1342.0,600.0,300.0,4000.0,120.0,500.0,1,66,1778,1778,1980,1980,5,5,3,3,26,26,61.635577,0.181683,0.250655,0.263323,0.021082,0.022634,127,26,23,11,170,34,34,24,36580,68,68,23880,4.469721,0.019646,1.279803,2.708900
with_repeater,1342.0,600.0,300.0,4000.0,120.0,500.0,1,66,1777,1777,1980,1980,5,5,3,3,26,26,61.640899,0.183594,0.250931,0.263851,0.021082,0.022737,132,18,20,18,170,34,34,34,36570,68,68,23898,4.589327,0.019846,1.280331,3.498517
blackout_only,1342.0,600.0,300.0,4000.0,120.0,500.0,1,67,1778,1778,1980,1980,5,5,3,3,26,26,61.642711,0.181496,0.250818,0.263726,0.021072,0.022641,115,26,26,11,170,34,34,24,36580,68,68,23880,4.470135,0.019899,1.280944,2.709085
with_repeater,1342.0,600.0,300.0,4000.0,120.0,500.0,1,67,1778,1778,1980,1980,5,5,3,3,26,26,61.625423,0.181836,0.250837,0.263195,0.021071,0.022598,118,25,16,16,170,34,34,34,36580,68,68,23898,4.586163,0.019920,1.278163,3.555494
blackout_only,1342.0,600.0,300.0,4000.0,120.0,500.0,1,68,1777,1777,1980,1980,5,5,3,3,26,26,61.638698,0.183555,0.250944,0.263563,0.021071,0.022615,122,21,22,13,170,34,34,25,36568,68,68,23880,4.471947,0.020421,1.279994,2.766209
with_repeater,1342.0,600.0,300.0,4000.0,120.0,500.0,1,68,1777,1777,1980,1980,5,5,3,3,26,26,61.625350,0.182371,0.250967,0.263792,0.021070,0.022700,137,21,24,15,170,34,34,33,36566,68,68,23898,4.589379,0.020117,1.280312,3.444451
blackout_only,1342.0,600.0,300.0,4000.0,120.0,500.0,1,69,1777,1777,1980,1980,5,5,3,3,26,26,61.639795,0.182036,0.250966,0.264199,0.021074,0.022776,126,22,24,14,170,34,34,24,36566,68,68,23880,4.471273,0.019380,1.279942,2.708442
with_repeater,1342.0,600.0,300.0,4000.0,120.0,500.0,1,69,1778,1778,1980,1980,5,5,3,3,26,26,61.615707,0.181810,0.250803,0.263269,0.021077,0.022640,123,22,20,23,170,34,34,34,36580,68,68,23898,4.585639,0.019962,1.279845,3.498910
blackout_only,1342.0,600.0,300.0,4000.0,120.0,500.0,1,70,1778,1778,1980,1980,5,5,3,3,26,26,61.656732,0.184721,0.250686,0.263078,0.021039,0.022671,134,24,17,10,170,34,34,24,36580,68,68,23880,4.469758,0.019901,1.279592,2.764606
with_repeater,1342.0,600.0,300.0,4000.0,120.0,500.0,1,70,1777,1777,1980,1980,5,5,3,3,26,26,61.646964,0.182532,0.250886,0.263602,0.021067,0.022720,129,24,22,13,170,34,34,33,36576,68,68,23898,4.584699,0.019298,1.279696,3.444147
blackout_only,1342.0,600.0,300.0,4000.0,120.0,500.0,1,71,1777,1777,1980,1980,5,5,3,3,26,26,61.657940,0.184653,0.251214,0.263496,0.021069,0.022604,121,24,18,13,170,34,34,24,36560,68,68,23880,4.471419,0.020181,1.279825,2.708949
with_repeater,1342.0,600.0,300.0,4000.0,120.0,500.0,1,71,1777,1777,1980,1980,5,5,3,3,26,26,61.648012,0.182882,0.250870,0.263282,0.021069,0.022680,121,25,17,17,170,34,34,33,36577,68,68,23898,4.585751,0.019577,1.279303,3.443813
blackout_only,1342.0,600.0,300.0,4000.0,120.0,500.0,1,72,1777,1777,1980,1980,5,5,3,3,26,26,61.658644,0.185611,0.251321,0.263596,0.021071,0.022655,121,26,20,12,170,34,34,24,36560,68,68,23880,4.471369,0.019748,1.280244,2.708768
with_repeater,1342.0,600.0,300.0,4000.0,120.0,500.0,1,72,1777,1777,1980,1980,5,5,3,3,26,26,61.629060,0.183647,0.251285,0.264058,0.021062,0.022753,123,21,24,19,170,34,34,33,36560,68,68,23898,4.587609,0.020428,1.280840,3.442245
blackout_only,1342.0,600.0,300.0,4000.0,120.0,500.0,1,73,1777,1777,1980,1980,5,5,3,3,26,26,61.661747,0.182284,0.250845,0.263792,0.021041,0.022596,117,20,24,13,170,34,34,24,36580,68,68,23880,4.470383,0.019937,1.279583,2.708503
with_repeater,1342.0,600.0,300.0,4000.0,120.0,500.0,1,73,1778,1778,1980,1980,5,5,3,3,26,26,61.662207,0.185978,0.250699,0.263377,0.021043,0.022630,132,21,17,17,170,34,34,33,36580,68,68,23898,4.585888,0.019756,1.278758,3.554561
blackout_only,1342.0,600.0,300.0,4000.0,120.0,500.0,1,74,1777,1777,1980,1980,5,5,3,3,26,26,61.664475,0.183080,0.251181,0.264021,0.021077,0.022635,124,27,23,14,170,34,34,24,36560,68,68,23880,4.471543,0.020226,1.279796,2.763750
with_repeater,1342.0,600.0,300.0,4000.0,120.0,500.0,1,74,1778,1778,1980,1980,5,5,3,3,26,26,61.649624,0.182436,0.250260,0.263082,0.021084,0.022628,121,26,21,17,170,34,34,33,36580,68,68,23898,4.585436,0.020298,1.280533,3.444421
blackout_only,1342.0,600.0,300.0,4000.0,120.0,500.0,1,75,1778,1778,1980,1980,5,5,3,3,26,26,61.617929,0.182193,0.250767,0.263107,0.021035,0.022646,115,21,26,11,170,34,34,24,36580,68,68,23880,4.470572,0.020098,1.279973,2.708439
with_repeater,1342.0,600.0,300.0,4000.0,120.0,500.0,1,75,1778,1778,1980,1980,5,5,3,3,26,26,61.613169,0.180469,0.250657,0.263977,0.021048,0.022619,126,20,22,24,170,34,34,33,36580,68,68,23898,4.585854,0.020060,1.279567,3.499981
blackout_only,1342.0,600.0,300.0,4000.0,120.0,500.0,1,76,1777,1777,1980,1980,5,5,3,3,26,26,61.667340,0.184365,0.251037,0.263944,0.021084,0.022722,131,24,17,13,170,34,34,25,36560,68,68,23880,4.471835,0.019687,1.279621,2.765894
with_repeater,1342.0,600.0,300.0,4000.0,120.0,500.0,1,76,1777,1777,1980,1980,5,5,3,3,26,26,61.641389,0.182151,0.251067,0.264064,0.021068,0.022678,125,31,15,20,170,34,34,33,36560,68,68,23898,4.589707,0.019732,1.279737,3.444076
blackout_only,1342.0,600.0,300.0,4000.0,120.0,500.0,1,77,1777,1777,1980,1980,5,5,3,3,26,26,61.685627,0.186303,0.250946,0.264217,0.021058,0.022571,125,20,24,14,170,34,34,24,36568,68,68,23880,4.472337,0.020185,1.279846,2.710096
with_repeater,1342.0,600.0,300.0,4000.0,120.0,500.0,1,77,1777,1777,1980,1980,5,5,3,3,26,26,61.636508,0.183986,0.251179,0.264140,0.021080,0.022682,114,24,20,13,170,34,34,34,36560,68,68,23898,4.589809,0.019887,1.280098,3.499156
blackout_only,1342.0,600.0,300.0,4000.0,120.0,500.0,1,78,1777,1777,1980,1980,5,5,3,3,26,26,61.634557,0.182851,0.251101,0.263878,0.021071,0.022683,113,27,23,15,170,34,34,24,36560,68,68,23880,4.472841,0.019582,1.279900,2.709023
with_repeater,1342.0,600.0,300.0,4000.0,120.0,500.0,1,78,1777,1777,1980,1980,5,5,3,3,26,26,61.639615,0.182769,0.251074,0.263464,0.021067,0.022620,115,23,19,16,170,34,34,33,36560,68,68,23898,4.587336,0.020009,1.280885,3.499291
blackout_only,1342.0,600.0,300.0,4000.0,120.0,500.0,1,79,1777,1777,1980,1980,5,5,3,3,26,26,61.623874,0.181893,0.251254,0.263986,0.021049,0.022641,121,22,20,8,170,34,34,24,36560,68,68,23880,4.473002,0.020091,1.279921,2.710071
with_repeater,1342.0,600.0,300.0,4000.0,120.0,500.0,1,79,1777,1777,1980,1980,5,5,3,3,26,26,61.648960,0.182408,0.251099,0.263757,0.021086,0.022681,125,27,19,16,170,34,34,33,36560,68,68,23898,4.586824,0.019434,1.279205,3.500082
blackout_only,1342.0,600.0,300.0,4000.0,120.0,500.0,1,80,1778,1778,1980,1980,5,5,3,3,26,26,61.636027,0.182286,0.250437,0.263203,0.021090,0.022610,124,24,19,13,170,34,34,25,36580,68,68,23880,4.470160,0.020249,1.279910,2.765906
with_repeater,1342.0,600.0,300.0,4000.0,120.0,500.0,1,80,1777,1777,1980,1980,5,5,3,3,26,26,61.608788,0.181875,0.251050,0.263476,0.021069,0.022696,122,24,22,15,170,34,34,34,36560,68,68,23898,4.588045,0.019769,1.279677,3.555321
blackout_only,1342.0,600.0,300.0,4000.0,120.0,500.0,1,81,1778,1778,1980,1980,5,5,3,3,26,26,61.675097,0.182581,0.250815,0.263412,0.021077,0.022646,136,24,22,13,170,34,34,24,36580,68,68,23880,4.469508,0.019440,1.279939,2.709329
with_repeater,1342.0,600.0,300.0,4000.0,120.0,500.0,1,81,1778,1778,1980,1980,5,5,3,3,26,26,61.663877,0.184547,0.250704,0.263509,0.021062,0.022558,118,23,20,22,170,34,34,34,36580,68,68,23898,4.587337,0.020135,1.280486,3.498561
blackout_only,1342.0,600.0,300.0,4000.0,120.0,500.0,1,82,1777,1777,1980,1980,5,5,3,3,26,26,61.584431,0.180498,0.251133,0.263760,0.021038,0.022619,121,29,25,11,170,34,34,24,36560,68,68,23880,4.470533,0.019718,1.280295,2.708379
with_repeater,1342.0,600.0,300.0,4000.0,120.0,500.0,1,82,1777,1777,1980,1980,5,5,3,3,26,26,61.614317,0.181242,0.251103,0.263688,0.021053,0.022650,111,22,25,16,170,34,34,33,36560,68,68,23898,4.588248,0.020553,1.280196,3.441731
blackout_only,1342.0,600.0,300.0,4000.0,120.0,500.0,1,83,1777,1777,1980,1980,5,5,3,3,26,26,61.633365,0.183264,0.251244,0.263045,0.021070,0.022634,120,24,20,12,170,34,34,24,36560,68,68,23880,4.473247,0.020098,1.280265,2.766415
with_repeater,1342.0,600.0,300.0,4000.0,120.0,500.0,1,83,1777,1777,1980,1980,5,5,3,3,26,26,61.629245,0.183676,0.250919,0.263445,0.021065,0.022644,123,27,20,18,170,34,34,33,36570,68,68,23898,4.586974,0.019900,1.279870,3.441639
blackout_only,1342.0,600.0,300.0,4000.0,120.0,500.0,1,84,1777,1777,1980,1980,5,5,3,3,26,26,61.693368,0.185839,0.251309,0.264127,0.021038,0.022627,124,21,22,11,170,34,34,24,36560,68,68,23880,4.471753,0.020126,1.279832,2.710132
with_repeater,1342.0,600.0,300.0,4000.0,120.0,500.0,1,84,1777,1777,1980,1980,5,5,3,3,26,26,61.656578,0.180962,0.251136,0.263889,0.021079,0.022718,129,21,20,18,170,34,34,33,36560,68,68,23898,4.590607,0.019936,1.279817,3.448377
blackout_only,1342.0,600.0,300.0,4000.0,120.0,500.0,1,85,1777,1777,1980,1980,5,5,3,3,26,26,61.665546,0.183074,0.251061,0.263987,0.021072,0.022618,121,24,19,10,170,34,34,24,36560,68,68,23880,4.472826,0.019399,1.279272,2.709143
with_repeater,1342.0,600.0,300.0,4000.0,120.0,500.0,1,85,1777,1777,1980,1980,5,5,3,3,26,26,61.618711,0.181270,0.251134,0.263908,0.021088,0.022712,125,26,22,9,170,34,34,33,36560,68,68,23898,4.588823,0.019833,1.279159,3.443887
blackout_only,1342.0,600.0,300.0,4000.0,120.0,500.0,1,86,1777,1777,1980,1980,5,5,3,3,26,26,61.680077,0.182290,0.251366,0.264662,0.021087,0.022673,116,26,19,10,170,34,34,24,36560,68,68,23880,4.472526,0.020098,1.280366,2.708452
with_repeater,1342.0,600.0,300.0,4000.0,120.0,500.0,1,86,1777,1777,1980,1980,5,5,3,3,26,26,61.688575,0.184288,0.251190,0.263572,0.021084,0.022686,130,24,21,13,170,34,34,33,36560,68,68,23898,4.589365,0.019961,1.279041,3.442770
blackout_only,1342.0,600.0,300.0,4000.0,120.0,500.0,1,87,1777,1777,1980,1980,5,5,3,3,26,26,61.630889,0.182254,0.250909,0.263623,0.021065,0.022659,125,19,21,14,170,34,34,24,36570,68,68,23880,4.470624,0.020025,1.279130,2.707928
with_repeater,1342.0,600.0,300.0,4000.0,120.0,500.0,1,87,1777,1777,1980,1980,5,5,3,3,26,26,61.685271,0.185832,0.250964,0.263078,0.021078,0.022652,132,23,22,15,170,34,34,33,36566,68,68,23898,4.587201,0.020306,1.279210,3.443785
blackout_only,1342.0,600.0,300.0,4000.0,120.0,500.0,1,88,1777,1777,1980,1980,5,5,3,3,26,26,61.660436,0.185288,0.250927,0.263726,0.021055,0.022598,130,21,20,13,170,34,34,25,36570,68,68,23880,4.470490,0.020662,1.280324,2.820996
with_repeater,1342.0,600.0,300.0,4000.0,120.0,500.0,1,88,1777,1777,1980,1980,5,5,3,3,26,26,61.678117,0.183906,0.250853,0.264080,0.021078,0.022663,123,24,19,17,170,34,34,33,36579,68,68,23898,4.585464,0.020534,1.279433,3.443995
blackout_only,1342.0,600.0,300.0,4000.0,120.0,500.0,1,89,1777,1777,1980,1980,5,5,3,3,26,26,61.664862,0.181238,0.250977,0.263460,0.021063,0.022606,111,26,22,10,170,34,34,24,36566,68,68,23880,4.471740,0.020489,1.281798,2.709268
with_repeater,1342.0,600.0,300.0,4000.0,120.0,500.0,1,89,1777,1777,1980,1980,5,5,3,3,26,26,61.682666,0.182545,0.251064,0.263463,0.021093,0.022626,109,28,20,16,170,34,34,33,36560,68,68,23898,4.587982,0.020026,1.278845,3.444095
blackout_only,1342.0,600.0,900.0,4000.0,120.0,500.0,1,40,1778,1778,1980,1980,5,5,8,8,21,21,62.524300,0.181014,0.250736,0.263770,0.021081,0.022686,126,24,23,1,170,34,34,9,36580,68,68,23850,3.368766,0.019867,1.280914,1.019137
with_repeater,1342.0,600.0,900.0,4000.0,120.0,500.0,1,40,1778,1778,1980,1980,5,5,8,8,21,21,62.460615,0.181582,0.250718,0.263619,0.021073,0.022702,136,21,23,14,170,34,34,39,36580,68,68,23898,3.678348,0.019618,1.280780,2.171912
blackout_only,1342.0,600.0,900.0,4000.0,120.0,500.0,1,41,1777,1777,1980,1980,5,5,8,8,21,21,62.558993,0.183895,0.251267,0.264535,0.021038,0.022581,117,19,26,6,170,34,34,9,36560,68,68,23850,3.370628,0.020057,1.280479,1.019832
with_repeater,1342.0,600.0,900.0,4000.0,120.0,500.0,1,41,1777,1777,1980,1980,5,5,8,8,21,21,62.585950,0.183482,0.251103,0.264594,0.021053,0.022611,124,27,24,18,170,34,34,39,36560,68,68,23898,3.684049,0.019845,1.280503,2.176101
blackout_only,1342.0,600.0,900.0,4000.0,120.0,500.0,1,42,1777,1777,1980,1980,5,5,8,8,21,21,62.581096,0.185245,0.251118,0.263451,0.021055,0.022620,129,25,16,3,170,34,34,9,36560,68,68,23850,3.371871,0.020545,1.280549,1.019087
with_repeater,1342.0,600.0,900.0,4000.0,120.0,500.0,1,42,1777,1777,1980,1980,5,5,8,8,21,21,62.571298,0.183139,0.250975,0.263216,0.021088,0.022668,120,26,18,16,170,34,34,39,36566,68,68,23898,3.682276,0.019994,1.281515,2.175007
blackout_only,1342.0,600.0,900.0,4000.0,120.0,500.0,1,43,1777,1777,1980,1980,5,5,8,8,21,21,62.603651,0.185755,0.250852,0.263841,0.021094,0.022681,132,26,25,3,170,34,34,9,36579,68,68,23850,3.370981,0.020253,1.279202,1.019352
with_repeater,1342.0,600.0,900.0,4000.0,120.0,500.0,1,43,1778,1778,1980,1980,5,5,8,8,21,21,62.542679,0.182177,0.250795,0.263855,0.021095,0.022709,126,24,22,20,170,34,34,39,36580,68,68,23898,3.681128,0.019569,1.279069,2.175610
blackout_only,1342.0,600.0,900.0,4000.0,120.0,500.0,1,44,1777,1777,1980,1980,5,5,8,8,21,21,62.536162,0.180656,0.251020,0.263509,0.021076,0.022659,119,23,22,5,170,34,34,9,36560,68,68,23850,3.370548,0.020150,1.279652,1.020269
with_repeater,1342.0,600.0,900.0,4000.0,120.0,500.0,1,44,1777,1777,1980,1980,5,5,8,8,21,21,62.538232,0.182379,0.251004,0.263974,0.021093,0.022679,125,29,22,23,170,34,34,39,36560,68,68,23898,3.682968,0.020088,1.278252,2.174628
blackout_only,1342.0,600.0,900.0,4000.0,120.0,500.0,1,45,1777,1777,1980,1980,5,5,8,8,21,21,62.578333,0.183218,0.250948,0.263535,0.021058,0.022598,123,28,21,2,170,34,34,9,36568,68,68,23850,3.371167,0.019861,1.279917,1.019559
with_repeater,1342.0,600.0,900.0,4000.0,120.0,500.0,1,45,1777,1777,1980,1980,5,5,8,8,21,21,62.580664,0.182886,0.251247,0.264045,0.021053,0.022554,136,25,20,16,170,34,34,39,36560,68,68,23898,3.682117,0.020065,1.280433,2.179481
blackout_only,1342.0,600.0,900.0,4000.0,120.0,500.0,1,46,1777,1777,1980,1980,5,5,8,8,21,21,62.554523,0.183175,0.251206,0.264374,0.021046,0.022572,124,24,18,2,170,34,34,9,36560,68,68,23850,3.371734,0.020199,1.280386,1.019141
with_repeater,1342.0,600.0,900.0,4000.0,120.0,500.0,1,46,1777,1777,1980,1980,5,5,8,8,21,21,62.563649,0.184355,0.251146,0.264368,0.021052,0.022604,122,28,23,17,170,34,34,39,36560,68,68,23898,3.685569,0.019517,1.280090,2.175373
blackout_only,1342.0,600.0,900.0,4000.0,120.0,500.0,1,47,1777,1777,1980,1980,5,5,8,8,21,21,62.570459,0.182394,0.251400,0.264263,0.021041,0.022616,118,30,18,4,170,34,34,9,36560,68,68,23850,3.372135,0.019832,1.279978,1.019918
with_repeater,1342.0,600.0,900.0,4000.0,120.0,500.0,1,47,1777,1777,1980,1980,5,5,8,8,21,21,62.528347,0.182356,0.251160,0.264299,0.021083,0.022706,123,27,18,20,170,34,34,39,36560,68,68,23898,3.684707,0.019581,1.279464,2.172599
blackout_only,1342.0,600.0,900.0,4000.0,120.0,500.0,1,48,1777,1777,1980,1980,5,5,8,8,21,21,62.578388,0.183541,0.251495,0.264201,0.021074,0.022635,131,25,19,6,170,34,34,9,36560,68,68,23850,3.372496,0.020315,1.280066,1.018235
with_repeater,1342.0,600.0,900.0,4000.0,120.0,500.0,1,48,1777,1777,1980,1980,5,5,8,8,21,21,62.577919,0.183142,0.251362,0.263941,0.021080,0.022691,133,26,20,18,170,34,34,39,36560,68,68,23898,3.683192,0.020096,1.280374,2.172724
blackout_only,1342.0,600.0,900.0,4000.0,120.0,500.0,1,49,1777,1777,1980,1980,5,5,8,8,21,21,62.563506,0.183260,0.250944,0.263504,0.021068,0.022607,128,22,20,6,170,34,34,9,36568,68,68,23850,3.369143,0.019628,1.279504,1.019346
with_repeater,1342.0,600.0,900.0,4000.0,120.0,500.0,1,49,1778,1778,1980,1980,5,5,8,8,21,21,62.567382,0.182462,0.250774,0.263291,0.021089,0.022626,133,21,26,21,170,34,34,39,36580,68,68,23898,3.676163,0.019468,1.280221,2.174519
blackout_only,1342.0,600.0,900.0,4000.0,120.0,500.0,1,50,1777,1777,1980,1980,5,5,8,8,21,21,62.605686,0.184012,0.251082,0.263975,0.021061,0.022605,126,25,24,3,170,34,34,9,36560,68,68,23850,3.372957,0.019471,1.280865,1.020007
with_repeater,1342.0,600.0,900.0,4000.0,120.0,500.0,1,50,1777,1777,1980,1980,5,5,8,8,21,21,62.603800,0.185013,0.251279,0.264026,0.021068,0.022673,135,24,26,20,170,34,34,39,36560,68,68,23898,3.685045,0.019996,1.281757,2.175885
blackout_only,1342.0,600.0,900.0,4000.0,120.0,500.0,1,51,1777,1777,1980,1980,5,5,8,8,21,21,62.554770,0.183157,0.251094,0.263725,0.021065,0.022656,123,25,21,4,170,34,34,9,36560,68,68,23850,3.371064,0.019827,1.280185,1.018655
with_repeater,1342.0,600.0,900.0,4000.0,120.0,500.0,1,51,1777,1777,1980,1980,5,5,8,8,21,21,62.527738,0.182167,0.251069,0.263482,0.021112,0.022699,120,23,24,19,170,34,34,39,36560,68,68,23898,3.681964,0.020821,1.280530,2.173777
blackout_only,1342.0,600.0,900.0,4000.0,120.0,500.0,1,52,1777,1777,1980,1980,5,5,8,8,21,21,62.627534,0.185757,0.250888,0.264155,0.021070,0.022679,128,30,21,4,170,34,34,9,36576,68,68,23850,3.370961,0.019227,1.279279,1.019841
with_repeater,1342.0,600.0,900.0,4000.0,120.0,500.0,1,52,1777,1777,1980,1980,5,5,8,8,21,21,62.602068,0.183902,0.251004,0.263429,0.021050,0.022606,127,29,23,22,170,34,34,39,36560,68,68,23898,3.681917,0.020073,1.280287,2.172621
blackout_only,1342.0,600.0,900.0,4000.0,120.0,500.0,1,53,1778,1778,1980,1980,5,5,8,8,21,21,62.536758,0.180086,0.250840,0.264156,0.021116,0.022714,114,25,19,5,170,34,34,9,36580,68,68,23850,3.369651,0.020278,1.279986,1.019794
with_repeater,1342.0,600.0,900.0,4000.0,120.0,500.0,1,53,1777,1777,1980,1980,5,5,8,8,21,21,62.557296,0.183685,0.251242,0.263684,0.021068,0.022694,118,20,22,18,170,34,34,39,36560,68,68,23898,3.683037,0.020300,1.279667,2.172604
blackout_only,1342.0,600.0,900.0,4000.0,120.0,500.0,1,54,1778,1778,1980,1980,5,5,8,8,21,21,62.594137,0.184155,0.250830,0.263254,0.021101,0.022659,118,20,21,2,170,34,34,9,36580,68,68,23850,3.370191,0.020228,1.279662,1.019131
with_repeater,1342.0,600.0,900.0,4000.0,120.0,500.0,1,54,1778,1778,1980,1980,5,5,8,8,21,21,62.589179,0.184628,0.250803,0.263525,0.021056,0.022659,125,25,20,19,170,34,34,39,36580,68,68,23898,3.681380,0.019458,1.279813,2.174572
blackout_only,1342.0,600.0,900.0,4000.0,120.0,500.0,1,55,1777,1777,1980,1980,5,5,8,8,21,21,62.504124,0.180833,0.251079,0.264236,0.021047,0.022541,117,24,17,6,170,34,34,9,36560,68,68,23850,3.370390,0.020155,1.279995,1.019377
with_repeater,1342.0,600.0,900.0,4000.0,120.0,500.0,1,55,1778,1778,1980,1980,5,5,8,8,21,21,62.570377,0.184912,0.250763,0.263660,0.021085,0.022686,119,24,20,22,170,34,34,39,36580,68,68,23898,3.677810,0.020395,1.279827,2.176012
blackout_only,1342.0,600.0,900.0,4000.0,120.0,500.0,1,56,1777,1777,1980,1980,5,5,8,8,21,21,62.516718,0.181972,0.251243,0.264040,0.021073,0.022700,122,25,21,6,170,34,34,9,36560,68,68,23850,3.370687,0.019912,1.279271,1.019978
with_repeater,1342.0,600.0,900.0,4000.0,120.0,500.0,1,56,1777,1777,1980,1980,5,5,8,8,21,21,62.565014,0.185925,0.251107,0.263952,0.021072,0.022677,124,27,18,15,170,34,34,39,36560,68,68,23898,3.682814,0.020325,1.279938,2.177782
blackout_only,1342.0,600.0,900.0,4000.0,120.0,500.0,1,57,1777,1777,1980,1980,5,5,8,8,21,21,62.567286,0.185451,0.251254,0.263714,0.021045,0.022653,127,27,20,2,170,34,34,9,36560,68,68,23850,3.372002,0.020260,1.279495,1.019201
with_repeater,1342.0,600.0,900.0,4000.0,120.0,500.0,1,57,1777,1777,1980,1980,5,5,8,8,21,21,62.620561,0.184669,0.251028,0.263685,0.021065,0.022643,123,24,20,11,170,34,34,39,36560,68,68,23898,3.681858,0.019796,1.278519,2.171196
blackout_only,1342.0,600.0,900.0,4000.0,120.0,500.0,1,58,1777,1777,1980,1980,5,5,8,8,21,21,62.614262,0.185481,0.251240,0.264127,0.021090,0.022754,126,25,20,4,170,34,34,9,36560,68,68,23850,3.370397,0.020117,1.279953,1.019018
with_repeater,1342.0,600.0,900.0,4000.0,120.0,500.0,1,58,1777,1777,1980,1980,5,5,8,8,21,21,62.571009,0.182704,0.251142,0.263818,0.021072,0.022710,119,19,25,21,170,34,34,39,36560,68,68,23898,3.681845,0.020045,1.278646,2.177724
blackout_only,1342.0,600.0,900.0,4000.0,120.0,500.0,1,59,1778,1778,1980,1980,5,5,8,8,21,21,62.547723,0.183226,0.250585,0.263017,0.021095,0.022644,121,24,20,5,170,34,34,9,36580,68,68,23850,3.369495,0.019868,1.279104,1.020441
with_repeater,1342.0,600.0,900.0,4000.0,120.0,500.0,1,59,1777,1777,1980,1980,5,5,8,8,21,21,62.565418,0.187149,0.250887,0.263877,0.021074,0.022636,126,22,20,18,170,34,34,39,36576,68,68,23898,3.681026,0.019312,1.279227,2.175513
blackout_only,1342.0,600.0,900.0,4000.0,120.0,500.0,1,60,1777,1777,1980,1980,5,5,8,8,21,21,62.569021,0.183440,0.251232,0.264131,0.021089,0.022654,118,24,20,2,170,34,34,9,36560,68,68,23850,3.372125,0.019972,1.279677,1.018952
with_repeater,1342.0,600.0,900.0,4000.0,120.0,500.0,1,60,1777,1777,1980,1980,5,5,8,8,21,21,62.563564,0.184904,0.251010,0.263987,0.021084,0.022668,128,22,15,15,170,34,34,39,36560,68,68,23898,3.680101,0.020075,1.279688,2.171800
blackout_only,1342.0,600.0,900.0,4000.0,120.0,500.0,1,61,1777,1777,1980,1980,5,5,8,8,21,21,62.572102,0.183596,0.251004,0.263695,0.021087,0.022699,126,28,23,6,170,34,34,9,36560,68,68,23850,3.371121,0.019903,1.279851,1.020323
with_repeater,1342.0,600.0,900.0,4000.0,120.0,500.0,1,61,1777,1777,1980,1980,5,5,8,8,21,21,62.559657,0.182836,0.250980,0.263713,0.021080,0.022638,128,25,22,21,170,34,34,39,36566,68,68,23898,3.681765,0.020129,1.280522,2.176610
blackout_only,1342.0,600.0,900.0,4000.0,120.0,500.0,1,62,1777,1777,1980,1980,5,5,8,8,21,21,62.598444,0.182709,0.251055,0.263791,0.021062,0.022635,127,21,26,5,170,34,34,9,36560,68,68,23850,3.371188,0.020007,1.279846,1.019512
with_repeater,1342.0,600.0,900.0,4000.0,120.0,500.0,1,62,1777,1777,1980,1980,5,5,8,8,21,21,62.587850,0.183474,0.251083,0.263645,0.021084,0.022644,115,24,17,20,170,34,34,39,36560,68,68,23898,3.685476,0.019787,1.280154,2.177943
blackout_only,1342.0,600.0,900.0,4000.0,120.0,500.0,1,63,1778,1778,1980,1980,5,5,8,8,21,21,62.535489,0.183134,0.250791,0.263051,0.021064,0.022668,120,26,23,7,170,34,34,9,36580,68,68,23850,3.369276,0.020083,1.279281,1.019240
with_repeater,1342.0,600.0,900.0,4000.0,120.0,500.0,1,63,1777,1777,1980,1980,5,5,8,8,21,21,62.550948,0.183967,0.250893,0.263160,0.021039,0.022630,127,23,21,23,170,34,34,39,36576,68,68,23898,3.680704,0.020050,1.280525,2.176042
blackout_only,1342.0,600.0,900.0,4000.0,120.0,500.0,1,64,1778,1778,1980,1980,5,5,8,8,21,21,62.586635,0.183795,0.250830,0.263409,0.021077,0.022658,119,29,20,4,170,34,34,9,36580,68,68,23850,3.369146,0.019389,1.280364,1.019059
with_repeater,1342.0,600.0,900.0,4000.0,120.0,500.0,1,64,1777,1777,1980,1980,5,5,8,8,21,21,62.508362,0.179116,0.251109,0.263253,0.021085,0.022709,115,24,21,20,170,34,34,39,36560,68,68,23898,3.683049,0.020279,1.280136,2.175185
blackout_only,1342.0,600.0,900.0,4000.0,120.0,500.0,1,65,1777,1777,1980,1980,5,5,8,8,21,21,62.586234,0.183014,0.250967,0.263967,0.021089,0.022706,125,21,21,2,170,34,34,9,36566,68,68,23850,3.372454,0.020089,1.280182,1.019737
with_repeater,1342.0,600.0,900.0,4000.0,120.0,500.0,1,65,1777,1777,1980,1980,5,5,8,8,21,21,62.527315,0.184855,0.251081,0.263636,0.021062,0.022655,129,26,23,18,170,34,34,39,36560,68,68,23898,3.683745,0.020463,1.280189,2.178275
blackout_only,1342.0,600.0,900.0,4000.0,120.0,500.0,1,66,1777,1777,1980,1980,5,5,8,8,21,21,62.535950,0.182358,0.250907,0.263890,0.021077,0.022684,123,23,23,5,170,34,34,9,36570,68,68,23850,3.369830,0.020125,1.279319,1.019555
with_repeater,1342.0,600.0,900.0,4000.0,120.0,500.0,1,66,1777,1777,1980,1980,5,5,8,8,21,21,62.543722,0.184077,0.251116,0.263517,0.021081,0.022661,126,16,20,19,170,34,34,39,36560,68,68,23898,3.684395,0.019743,1.279874,2.172605
blackout_only,1342.0,600.0,900.0,4000.0,120.0,500.0,1,67,1778,1778,1980,1980,5,5,8,8,21,21,62.553019,0.183545,0.250739,0.263590,0.021064,0.022628,129,28,17,2,170,34,34,9,36580,68,68,23850,3.370232,0.020615,1.280183,1.020563
with_repeater,1342.0,600.0,900.0,4000.0,120.0,500.0,1,67,1777,1777,1980,1980,5,5,8,8,21,21,62.583390,0.180315,0.251074,0.263880,0.021088,0.022652,125,21,18,20,170,34,34,39,36560,68,68,23898,3.683555,0.019888,1.280807,2.171423
blackout_only,1342.0,600.0,900.0,4000.0,120.0,500.0,1,68,1777,1777,1980,1980,5,5,8,8,21,21,62.567323,0.182787,0.251253,0.264574,0.021085,0.022677,121,24,21,5,170,34,34,9,36560,68,68,23850,3.372273,0.020284,1.280546,1.018751
with_repeater,1342.0,600.0,900.0,4000.0,120.0,500.0,1,68,1777,1777,1980,1980,5,5,8,8,21,21,62.541162,0.183268,0.250937,0.263957,0.021071,0.022622,137,24,25,18,170,34,34,39,36570,68,68,23898,3.682526,0.020250,1.280006,2.174812
blackout_only,1342.0,600.0,900.0,4000.0,120.0,500.0,1,69,1777,1777,1980,1980,5,5,8,8,21,21,62.600057,0.185971,0.251206,0.264130,0.021081,0.022685,137,22,23,6,170,34,34,9,36560,68,68,23850,3.371645,0.019723,1.278893,1.019413
with_repeater,1342.0,600.0,900.0,4000.0,120.0,500.0,1,69,1777,1777,1980,1980,5,5,8,8,21,21,62.532037,0.182440,0.251177,0.263850,0.021056,0.022648,117,25,23,25,170,34,34,39,36560,68,68,23898,3.682563,0.020244,1.280241,2.175959
blackout_only,1342.0,600.0,900.0,4000.0,120.0,500.0,1,70,1777,1777,1980,1980,5,5,8,8,21,21,62.572582,0.182908,0.250985,0.263864,0.021035,0.022669,122,27,21,3,170,34,34,9,36565,68,68,23850,3.370616,0.019305,1.279422,1.019658
with_repeater,1342.0,600.0,900.0,4000.0,120.0,500.0,1,70,1778,1778,1980,1980,5,5,8,8,21,21,62.576710,0.183560,0.250829,0.263593,0.021078,0.022745,131,27,21,15,170,34,34,39,36580,68,68,23898,3.680989,0.019324,1.279027,2.176007
blackout_only,1342.0,600.0,900.0,4000.0,120.0,500.0,1,71,1777,1777,1980,1980,5,5,8,8,21,21,62.542250,0.182156,0.251294,0.264121,0.021077,0.022664,119,26,23,6,170,34,34,9,36560,68,68,23850,3.369379,0.019768,1.280375,1.019252
with_repeater,1342.0,600.0,900.0,4000.0,120.0,500.0,1,71,1777,1777,1980,1980,5,5,8,8,21,21,62.507914,0.179671,0.251001,0.263086,0.021078,0.022676,118,27,17,19,170,34,34,39,36560,68,68,23898,3.678931,0.019617,1.279479,2.178418
blackout_only,1342.0,600.0,900.0,4000.0,120.0,500.0,1,72,1778,1778,1980,1980,5,5,8,8,21,21,62.537855,0.182572,0.250774,0.264232,0.021100,0.022682,125,25,23,7,170,34,34,9,36580,68,68,23850,3.369248,0.020290,1.279269,1.018904
with_repeater,1342.0,600.0,900.0,4000.0,120.0,500.0,1,72,1777,1777,1980,1980,5,5,8,8,21,21,62.509768,0.182804,0.251075,0.263901,0.021062,0.022629,122,21,27,24,170,34,34,39,36560,68,68,23898,3.680897,0.020139,1.280502,2.172573
blackout_only,1342.0,600.0,900.0,4000.0,120.0,500.0,1,73,1777,1777,1980,1980,5,5,8,8,21,21,62.571539,0.184599,0.250911,0.263315,0.021058,0.022662,127,21,20,6,170,34,34,9,36570,68,68,23850,3.371547,0.018732,1.280723,1.019404
with_repeater,1342.0,600.0,900.0,4000.0,120.0,500.0,1,73,1778,1778,1980,1980,5,5,8,8,21,21,62.568781,0.183624,0.250795,0.263315,0.021071,0.022673,127,25,21,21,170,34,34,39,36580,68,68,23898,3.682343,0.019436,1.278844,2.174766
blackout_only,1342.0,600.0,900.0,4000.0,120.0,500.0,1,74,1778,1778,1980,1980,5,5,8,8,21,21,62.552060,0.181564,0.250584,0.263423,0.021057,0.022628,110,27,19,5,170,34,34,9,36580,68,68,23850,3.369102,0.019736,1.280243,1.019694
with_repeater,1342.0,600.0,900.0,4000.0,120.0,500.0,1,74,1778,1778,1980,1980,5,5,8,8,21,21,62.563727,0.182400,0.250725,0.263699,0.021055,0.022670,127,26,25,18,170,34,34,39,36580,68,68,23898,3.679963,0.020555,1.279684,2.177300
blackout_only,1342.0,600.0,900.0,4000.0,120.0,500.0,1,75,1778,1778,1980,1980,5,5,8,8,21,21,62.563659,0.183126,0.250727,0.264309,0.021021,0.022615,126,23,22,6,170,34,34,9,36580,68,68,23850,3.369007,0.019111,1.279825,1.019784
with_repeater,1342.0,600.0,900.0,4000.0,120.0,500.0,1,75,1777,1777,1980,1980,5,5,8,8,21,21,62.534791,0.181321,0.250947,0.263979,0.021047,0.022668,121,23,23,25,170,34,34,39,36568,68,68,23898,3.681417,0.020057,1.279909,2.174049
blackout_only,1342.0,600.0,900.0,4000.0,120.0,500.0,1,76,1777,1777,1980,1980,5,5,8,8,21,21,62.580326,0.183092,0.251159,0.263740,0.021070,0.022677,132,23,19,6,170,34,34,9,36560,68,68,23850,3.371322,0.019735,1.279578,1.019683
with_repeater,1342.0,600.0,900.0,4000.0,120.0,500.0,1,76,1777,1777,1980,1980,5,5,8,8,21,21,62.535088,0.181363,0.251002,0.263681,0.021081,0.022678,126,28,17,23,170,34,34,39,36560,68,68,23898,3.683932,0.019783,1.279478,2.175844
blackout_only,1342.0,600.0,900.0,4000.0,120.0,500.0,1,77,1778,1778,1980,1980,5,5,8,8,21,21,62.609375,0.185189,0.250761,0.263605,0.021066,0.022660,131,27,22,5,170,34,34,9,36580,68,68,23850,3.370433,0.019430,1.280039,1.020742
with_repeater,1342.0,600.0,900.0,4000.0,120.0,500.0,1,77,1777,1777,1980,1980,5,5,8,8,21,21,62.541070,0.183553,0.251138,0.264174,0.021063,0.022654,119,23,19,15,170,34,34,39,36560,68,68,23898,3.686265,0.019702,1.280074,2.172684
blackout_only,1342.0,600.0,900.0,4000.0,120.0,500.0,1,78,1777,1777,1980,1980,5,5,8,8,21,21,62.526299,0.184297,0.251152,0.264136,0.021094,0.022672,120,26,21,6,170,34,34,9,36560,68,68,23850,3.370862,0.019376,1.279108,1.019258
with_repeater,1342.0,600.0,900.0,4000.0,120.0,500.0,1,78,1777,1777,1980,1980,5,5,8,8,21,21,62.564812,0.183925,0.250878,0.263316,0.021094,0.022613,122,26,20,18,170,34,34,39,36576,68,68,23898,3.680037,0.020033,1.279669,2.171327
blackout_only,1342.0,600.0,900.0,4000.0,120.0,500.0,1,79,1777,1777,1980,1980,5,5,8,8,21,21,62.547568,0.181759,0.251232,0.263261,0.021066,0.022625,118,25,25,4,170,34,34,9,36560,68,68,23850,3.372929,0.020088,1.279218,1.019987
with_repeater,1342.0,600.0,900.0,4000.0,120.0,500.0,1,79,1777,1777,1980,1980,5,5,8,8,21,21,62.556035,0.184861,0.251117,0.263845,0.021072,0.022622,119,25,17,15,170,34,34,39,36560,68,68,23898,3.681600,0.019704,1.280394,2.176548
blackout_only,1342.0,600.0,900.0,4000.0,120.0,500.0,1,80,1778,1778,1980,1980,5,5,8,8,21,21,62.540272,0.185240,0.250833,0.263362,0.021068,0.022624,128,23,19,4,170,34,34,9,36580,68,68,23850,3.369168,0.020036,1.279925,1.019976
with_repeater,1342.0,600.0,900.0,4000.0,120.0,500.0,1,80,1777,1777,1980,1980,5,5,8,8,21,21,62.503529,0.181362,0.250950,0.263732,0.021064,0.022577,126,24,22,17,170,34,34,39,36567,68,68,23898,3.679589,0.020126,1.280169,2.176438
blackout_only,1342.0,600.0,900.0,4000.0,120.0,500.0,1,81,1777,1777,1980,1980,5,5,8,8,21,21,62.599348,0.184064,0.251087,0.263637,0.021053,0.022635,132,22,24,5,170,34,34,9,36560,68,68,23850,3.370421,0.020065,1.279485,1.019210
with_repeater,1342.0,600.0,900.0,4000.0,120.0,500.0,1,81,1777,1777,1980,1980,5,5,8,8,21,21,62.599084,0.183648,0.250839,0.263460,0.021071,0.022638,127,25,18,26,170,34,34,39,36580,68,68,23898,3.681384,0.020085,1.279671,2.176841
blackout_only,1342.0,600.0,900.0,4000.0,120.0,500.0,1,82,1777,1777,1980,1980,5,5,8,8,21,21,62.500193,0.180136,0.250949,0.263723,0.021071,0.022736,122,27,22,2,170,34,34,9,36568,68,68,23850,3.370502,0.019956,1.280703,1.019999
with_repeater,1342.0,600.0,900.0,4000.0,120.0,500.0,1,82,1778,1778,1980,1980,5,5,8,8,21,21,62.508923,0.180178,0.250772,0.263688,0.021063,0.022628,117,28,23,17,170,34,34,39,36580,68,68,23898,3.682404,0.020420,1.280079,2.175988
blackout_only,1342.0,600.0,900.0,4000.0,120.0,500.0,1,83,1778,1778,1980,1980,5,5,8,8,21,21,62.552619,0.183290,0.250795,0.263440,0.021084,0.022678,119,23,20,4,170,34,34,9,36580,68,68,23850,3.370570,0.019985,1.279121,1.019462
with_repeater,1342.0,600.0,900.0,4000.0,120.0,500.0,1,83,1778,1778,1980,1980,5,5,8,8,21,21,62.528972,0.182715,0.250731,0.263300,0.021054,0.022664,121,22,16,19,170,34,34,39,36580,68,68,23898,3.681567,0.020151,1.278726,2.173290
blackout_only,1342.0,600.0,900.0,4000.0,120.0,500.0,1,84,1777,1777,1980,1980,5,5,8,8,21,21,62.607139,0.185454,0.251360,0.263688,0.021036,0.022703,126,27,14,4,170,34,34,9,36560,68,68,23850,3.371882,0.020316,1.280424,1.020245
with_repeater,1342.0,600.0,900.0,4000.0,120.0,500.0,1,84,1777,1777,1980,1980,5,5,8,8,21,21,62.593983,0.182403,0.251188,0.263707,0.021061,0.022715,127,23,18,20,170,34,34,39,36560,68,68,23898,3.685185,0.020342,1.280163,2.180291
blackout_only,1342.0,600.0,900.0,4000.0,120.0,500.0,1,85,1777,1777,1980,1980,5,5,8,8,21,21,62.581137,0.184843,0.251030,0.263916,0.021042,0.022623,125,25,21,2,170,34,34,9,36560,68,68,23850,3.371153,0.020395,1.278016,1.019741
with_repeater,1342.0,600.0,900.0,4000.0,120.0,500.0,1,85,1777,1777,1980,1980,5,5,8,8,21,21,62.523936,0.181304,0.250868,0.263916,0.021095,0.022721,130,25,16,12,170,34,34,39,36578,68,68,23898,3.683654,0.020090,1.279817,2.179950
blackout_only,1342.0,600.0,900.0,4000.0,120.0,500.0,1,86,1777,1777,1980,1980,5,5,8,8,21,21,62.608155,0.183885,0.251518,0.264573,0.021080,0.022686,130,25,24,3,170,34,34,9,36560,68,68,23850,3.372469,0.020056,1.278984,1.019181
with_repeater,1342.0,600.0,900.0,4000.0,120.0,500.0,1,86,1777,1777,1980,1980,5,5,8,8,21,21,62.625266,0.185003,0.251224,0.263630,0.021093,0.022689,130,23,22,18,170,34,34,39,36560,68,68,23898,3.685871,0.020186,1.280015,2.173455
blackout_only,1342.0,600.0,900.0,4000.0,120.0,500.0,1,87,1777,1777,1980,1980,5,5,8,8,21,21,62.557121,0.181954,0.250966,0.263482,0.021056,0.022670,128,24,18,5,170,34,34,9,36566,68,68,23850,3.371295,0.020307,1.279502,1.019201
with_repeater,1342.0,600.0,900.0,4000.0,120.0,500.0,1,87,1778,1778,1980,1980,5,5,8,8,21,21,62.606469,0.185566,0.250807,0.263005,0.021075,0.022650,126,25,22,17,170,34,34,39,36580,68,68,23898,3.680287,0.020840,1.279174,2.174185
blackout_only,1342.0,600.0,900.0,4000.0,120.0,500.0,1,88,1778,1778,1980,1980,5,5,8,8,21,21,62.589599,0.184802,0.250756,0.263467,0.021105,0.022705,129,19,22,5,170,34,34,9,36580,68,68,23850,3.368711,0.020120,1.280851,1.019312
with_repeater,1342.0,600.0,900.0,4000.0,120.0,500.0,1,88,1777,1777,1980,1980,5,5,8,8,21,21,62.594975,0.183911,0.251179,0.263635,0.021081,0.022626,120,26,18,20,170,34,34,39,36560,68,68,23898,3.684617,0.020275,1.279669,2.178650
blackout_only,1342.0,600.0,900.0,4000.0,120.0,500.0,1,89,1777,1777,1980,1980,5,5,8,8,21,21,62.580897,0.183557,0.251236,0.264142,0.021070,0.022615,122,21,22,4,170,34,34,9,36560,68,68,23850,3.371145,0.020674,1.278720,1.019383
with_repeater,1342.0,600.0,900.0,4000.0,120.0,500.0,1,89,1777,1777,1980,1980,5,5,8,8,21,21,62.578720,0.183276,0.251218,0.263738,0.021103,0.022680,115,29,21,20,170,34,34,39,36560,68,68,23898,3.682199,0.019709,1.278929,2.175741
blackout_only,1342.0,600.0,1800.0,4000.0,120.0,500.0,1,40,1778,1778,1980,1980,5,5,15,15,14,14,3.778996,0.180703,0.250733,0.263518,0.021033,0.022613,132,27,20,0,170,34,34,0,36580,68,68,23808,1.825704,0.020022,1.280249,0.003659
with_repeater,1342.0,600.0,1800.0,4000.0,120.0,500.0,1,40,1778,1778,1980,1980,5,5,15,15,14,14,3.733156,0.181521,0.250703,0.263851,0.021052,0.022653,130,21,22,24,170,34,34,60,36580,68,68,23898,2.409922,0.019608,1.280263,1.713009
blackout_only,1342.0,600.0,1800.0,4000.0,120.0,500.0,1,41,1777,1777,1980,1980,5,5,15,15,14,14,3.812429,0.180866,0.250893,0.264366,0.021062,0.022626,125,21,25,0,170,34,34,0,36576,68,68,23808,1.826191,0.020386,1.278978,0.003662
with_repeater,1342.0,600.0,1800.0,4000.0,120.0,500.0,1,41,1777,1777,1980,1980,5,5,15,15,14,14,3.856079,0.182552,0.250893,0.263860,0.021084,0.022616,122,24,27,30,170,34,34,60,36576,68,68,23898,2.414485,0.020335,1.280091,1.765401
blackout_only,1342.0,600.0,1800.0,4000.0,120.0,500.0,1,42,1777,1777,1980,1980,5,5,15,15,14,14,3.845070,0.182657,0.250997,0.263522,0.021094,0.022776,117,25,20,0,170,34,34,0,36560,68,68,23808,1.828090,0.020328,1.280537,0.003672
with_repeater,1342.0,600.0,1800.0,4000.0,120.0,500.0,1,42,1777,1777,1980,1980,5,5,15,15,14,14,3.848459,0.185274,0.250982,0.263646,0.021096,0.022689,131,31,17,23,170,34,34,60,36566,68,68,23898,2.414903,0.019944,1.281016,1.665952
blackout_only,1342.0,600.0,1800.0,4000.0,120.0,500.0,1,43,1777,1777,1980,1980,5,5,15,15,14,14,3.885132,0.183683,0.251062,0.264264,0.021102,0.022707,132,24,29,0,170,34,34,0,36560,68,68,23808,1.826830,0.019729,1.278691,0.003671
with_repeater,1342.0,600.0,1800.0,4000.0,120.0,500.0,1,43,1778,1778,1980,1980,5,5,15,15,14,14,3.844502,0.182474,0.250795,0.263680,0.021066,0.022647,133,22,25,29,170,34,34,60,36580,68,68,23898,2.413319,0.019424,1.279486,1.670249
blackout_only,1342.0,600.0,1800.0,4000.0,120.0,500.0,1,44,1777,1777,1980,1980,5,5,15,15,14,14,3.786641,0.180881,0.250968,0.264037,0.021094,0.022696,126,23,18,0,170,34,34,0,36566,68,68,23808,1.825835,0.020556,1.278735,0.003672
with_repeater,1342.0,600.0,1800.0,4000.0,120.0,500.0,1,44,1777,1777,1980,1980,5,5,15,15,14,14,3.838830,0.182265,0.251146,0.263741,0.021063,0.022646,128,23,23,28,170,34,34,60,36560,68,68,23898,2.414651,0.019561,1.279137,1.619691
blackout_only,1342.0,600.0,1800.0,4000.0,120.0,500.0,1,45,1777,1777,1980,1980,5,5,15,15,14,14,3.845906,0.183829,0.251024,0.264336,0.021073,0.022678,128,25,20,0,170,34,34,0,36560,68,68,23808,1.826991,0.020106,1.279855,0.003667
with_repeater,1342.0,600.0,1800.0,4000.0,120.0,500.0,1,45,1777,1777,1980,1980,5,5,15,15,14,14,3.883954,0.182685,0.251240,0.263837,0.021083,0.022622,125,25,19,28,170,34,34,60,36560,68,68,23898,2.413435,0.019753,1.280166,1.723098
blackout_only,1342.0,600.0,1800.0,4000.0,120.0,500.0,1,46,1778,1778,1980,1980,5,5,15,15,14,14,3.810138,0.182309,0.250837,0.263449,0.021052,0.022593,119,22,18,0,170,34,34,0,36580,68,68,23808,1.826868,0.020131,1.280612,0.003665
with_repeater,1342.0,600.0,1800.0,4000.0,120.0,500.0,1,46,1777,1777,1980,1980,5,5,15,15,14,14,3.892397,0.184835,0.251146,0.264368,0.021040,0.022631,114,28,22,29,170,34,34,60,36560,68,68,23898,2.416108,0.019482,1.280128,1.667968
blackout_only,1342.0,600.0,1800.0,4000.0,120.0,500.0,1,47,1777,1777,1980,1980,5,5,15,15,14,14,3.853634,0.185011,0.251111,0.264038,0.021056,0.022721,112,29,20,0,170,34,34,0,36560,68,68,23808,1.826412,0.020292,1.279991,0.003670
with_repeater,1342.0,600.0,1800.0,4000.0,120.0,500.0,1,47,1777,1777,1980,1980,5,5,15,15,14,14,3.797064,0.181367,0.251288,0.264021,0.021054,0.022568,118,28,15,31,170,34,34,60,36560,68,68,23898,2.417273,0.019902,1.279843,1.531774
blackout_only,1342.0,600.0,1800.0,4000.0,120.0,500.0,1,48,1777,1777,1980,1980,5,5,15,15,14,14,3.840482,0.182333,0.251332,0.263901,0.021096,0.022642,120,25,23,0,170,34,34,0,36560,68,68,23808,1.827495,0.019565,1.279688,0.003673
with_repeater,1342.0,600.0,1800.0,4000.0,120.0,500.0,1,48,1777,1777,1980,1980,5,5,15,15,14,14,3.864948,0.184299,0.251208,0.264026,0.021075,0.022632,127,27,22,29,170,34,34,60,36560,68,68,23898,2.417011,0.019410,1.280922,1.671490
blackout_only,1342.0,600.0,1800.0,4000.0,120.0,500.0,1,49,1777,1777,1980,1980,5,5,15,15,14,14,3.842590,0.183405,0.250976,0.264010,0.021079,0.022693,130,23,23,0,170,34,34,0,36566,68,68,23808,1.825832,0.019941,1.279704,0.003667
with_repeater,1342.0,600.0,1800.0,4000.0,120.0,500.0,1,49,1778,1778,1980,1980,5,5,15,15,14,14,3.831167,0.183516,0.250771,0.262740,0.021085,0.022634,128,22,21,31,170,34,34,60,36580,68,68,23898,2.408698,0.019341,1.279895,1.714850
blackout_only,1342.0,600.0,1800.0,4000.0,120.0,500.0,1,50,1777,1777,1980,1980,5,5,15,15,14,14,3.929219,0.186420,0.251290,0.264100,0.021095,0.022641,122,25,22,0,170,34,34,0,36560,68,68,23808,1.827535,0.020024,1.280101,0.003669
with_repeater,1342.0,600.0,1800.0,4000.0,120.0,500.0,1,50,1777,1777,1980,1980,5,5,15,15,14,14,3.923255,0.183602,0.251192,0.263860,0.021053,0.022646,134,23,20,34,170,34,34,60,36560,68,68,23898,2.414470,0.019961,1.281690,1.578666
blackout_only,1342.0,600.0,1800.0,4000.0,120.0,500.0,1,51,1777,1777,1980,1980,5,5,15,15,14,14,3.864519,0.183615,0.251548,0.264185,0.021101,0.022736,125,28,18,0,170,34,34,0,36560,68,68,23808,1.826627,0.019930,1.280021,0.003671
with_repeater,1342.0,600.0,1800.0,4000.0,120.0,500.0,1,51,1777,1777,1980,1980,5,5,15,15,14,14,3.821323,0.183358,0.251093,0.263758,0.021101,0.022710,122,25,19,31,170,34,34,60,36560,68,68,23898,2.414463,0.020670,1.280132,1.578405
blackout_only,1342.0,600.0,1800.0,4000.0,120.0,500.0,1,52,1778,1778,1980,1980,5,5,15,15,14,14,3.866498,0.185217,0.250767,0.264090,0.021081,0.022634,132,29,16,0,170,34,34,0,36580,68,68,23808,1.826418,0.019356,1.280082,0.003667
with_repeater,1342.0,600.0,1800.0,4000.0,120.0,500.0,1,52,1777,1777,1980,1980,5,5,15,15,14,14,3.888641,0.185075,0.251033,0.263900,0.021053,0.022618,129,26,21,35,170,34,34,60,36560,68,68,23898,2.412029,0.019829,1.280303,1.667263
blackout_only,1342.0,600.0,1800.0,4000.0,120.0,500.0,1,53,1777,1777,1980,1980,5,5,15,15,14,14,3.807565,0.182422,0.251023,0.263918,0.021084,0.022727,117,21,18,0,170,34,34,0,36560,68,68,23808,1.825971,0.020123,1.278897,0.003671
with_repeater,1342.0,600.0,1800.0,4000.0,120.0,500.0,1,53,1777,1777,1980,1980,5,5,15,15,14,14,3.866211,0.183282,0.251287,0.263684,0.021071,0.022704,117,24,22,27,170,34,34,60,36560,68,68,23898,2.415125,0.020110,1.278813,1.572513
blackout_only,1342.0,600.0,1800.0,4000.0,120.0,500.0,1,54,1778,1778,1980,1980,5,5,15,15,14,14,3.883305,0.183606,0.250777,0.263567,0.021077,0.022670,128,25,17,0,170,34,34,0,36580,68,68,23808,1.826080,0.020209,1.280273,0.003668
with_repeater,1342.0,600.0,1800.0,4000.0,120.0,500.0,1,54,1778,1778,1980,1980,5,5,15,15,14,14,3.878010,0.184636,0.250665,0.263689,0.021074,0.022687,128,23,23,29,170,34,34,60,36580,68,68,23898,2.412903,0.019424,1.280546,1.622023
blackout_only,1342.0,600.0,1800.0,4000.0,120.0,500.0,1,55,1777,1777,1980,1980,5,5,15,15,14,14,3.798271,0.180365,0.250946,0.264056,0.021047,0.022589,117,24,15,0,170,34,34,0,36568,68,68,23808,1.826524,0.020774,1.278934,0.003665
with_repeater,1342.0,600.0,1800.0,4000.0,120.0,500.0,1,55,1777,1777,1980,1980,5,5,15,15,14,14,3.855258,0.183511,0.250908,0.263697,0.021062,0.022614,119,21,19,30,170,34,34,60,36570,68,68,23898,2.411587,0.019803,1.279878,1.667203
blackout_only,1342.0,600.0,1800.0,4000.0,120.0,500.0,1,56,1777,1777,1980,1980,5,5,15,15,14,14,3.758795,0.180400,0.250959,0.263833,0.021090,0.022690,117,24,22,0,170,34,34,0,36566,68,68,23808,1.826566,0.019916,1.279983,0.003672
with_repeater,1342.0,600.0,1800.0,4000.0,120.0,500.0,1,56,1777,1777,1980,1980,5,5,15,15,14,14,3.849356,0.182643,0.251036,0.264362,0.021072,0.022677,118,25,19,21,170,34,34,60,36560,68,68,23898,2.413608,0.020083,1.280470,1.673116
blackout_only,1342.0,600.0,1800.0,4000.0,120.0,500.0,1,57,1777,1777,1980,1980,5,5,15,15,14,14,3.840873,0.181413,0.250932,0.263620,0.021066,0.022584,136,28,24,0,170,34,34,0,36570,68,68,23808,1.827040,0.020039,1.279641,0.003666
with_repeater,1342.0,600.0,1800.0,4000.0,120.0,500.0,1,57,1777,1777,1980,1980,5,5,15,15,14,14,3.909432,0.184074,0.250873,0.263411,0.021063,0.022621,127,22,18,21,170,34,34,60,36576,68,68,23898,2.414022,0.019572,1.279035,1.619571
blackout_only,1342.0,600.0,1800.0,4000.0,120.0,500.0,1,58,1777,1777,1980,1980,5,5,15,15,14,14,3.877768,0.182282,0.251358,0.264322,0.021083,0.022793,126,27,23,0,170,34,34,0,36560,68,68,23808,1.827104,0.020087,1.279729,0.003667
with_repeater,1342.0,600.0,1800.0,4000.0,120.0,500.0,1,58,1777,1777,1980,1980,5,5,15,15,14,14,3.873879,0.184424,0.251297,0.264277,0.021064,0.022689,121,24,23,27,170,34,34,60,36560,68,68,23898,2.410672,0.020146,1.278476,1.675097
blackout_only,1342.0,600.0,1800.0,4000.0,120.0,500.0,1,59,1777,1777,1980,1980,5,5,15,15,14,14,3.825372,0.181277,0.251017,0.263918,0.021082,0.022663,115,24,17,0,170,34,34,0,36560,68,68,23808,1.826738,0.019400,1.280116,0.003670
with_repeater,1342.0,600.0,1800.0,4000.0,120.0,500.0,1,59,1777,1777,1980,1980,5,5,15,15,14,14,3.836466,0.183054,0.250999,0.263997,0.021096,0.022687,116,26,18,32,170,34,34,60,36560,68,68,23898,2.415077,0.019407,1.279506,1.716528
blackout_only,1342.0,600.0,1800.0,4000.0,120.0,500.0,1,60,1777,1777,1980,1980,5,5,15,15,14,14,3.838341,0.183226,0.250945,0.263886,0.021116,0.022700,119,21,22,0,170,34,34,0,36568,68,68,23808,1.825832,0.020310,1.279372,0.003670
with_repeater,1342.0,600.0,1800.0,4000.0,120.0,500.0,1,60,1777,1777,1980,1980,5,5,15,15,14,14,3.806013,0.181664,0.251078,0.263784,0.021072,0.022683,128,22,17,27,170,34,34,60,36560,68,68,23898,2.411714,0.019692,1.280031,1.708791
blackout_only,1342.0,600.0,1800.0,4000.0,120.0,500.0,1,61,1777,1777,1980,1980,5,5,15,15,14,14,3.880514,0.185132,0.250919,0.263555,0.021075,0.022688,133,27,21,0,170,34,34,0,36570,68,68,23808,1.826190,0.019502,1.279743,0.003668
with_repeater,1342.0,600.0,1800.0,4000.0,120.0,500.0,1,61,1777,1777,1980,1980,5,5,15,15,14,14,3.783995,0.179919,0.251044,0.262944,0.021064,0.022619,129,27,20,31,170,34,34,60,36560,68,68,23898,2.412904,0.020188,1.279671,1.625067
blackout_only,1342.0,600.0,1800.0,4000.0,120.0,500.0,1,62,1777,1777,1980,1980,5,5,15,15,14,14,3.843618,0.183491,0.251314,0.264246,0.021111,0.022671,121,23,22,0,170,34,34,0,36560,68,68,23808,1.826974,0.019882,1.278810,0.003670
with_repeater,1342.0,600.0,1800.0,4000.0,120.0,500.0,1,62,1777,1777,1980,1980,5,5,15,15,14,14,3.879079,0.186438,0.251107,0.263507,0.021096,0.022631,121,24,21,30,170,34,34,60,36560,68,68,23898,2.416237,0.019891,1.281006,1.627949
blackout_only,1342.0,600.0,1800.0,4000.0,120.0,500.0,1,63,1777,1777,1980,1980,5,5,15,15,14,14,3.764832,0.180233,0.251107,0.263548,0.021082,0.022647,117,21,22,0,170,34,34,0,36560,68,68,23808,1.826236,0.019469,1.279974,0.003667
with_repeater,1342.0,600.0,1800.0,4000.0,120.0,500.0,1,63,1778,1778,1980,1980,5,5,15,15,14,14,3.844367,0.183991,0.250830,0.263160,0.021035,0.022579,135,24,18,32,170,34,34,60,36580,68,68,23898,2.412428,0.020178,1.280333,1.673608
blackout_only,1342.0,600.0,1800.0,4000.0,120.0,500.0,1,64,1777,1777,1980,1980,5,5,15,15,14,14,3.880003,0.184222,0.250982,0.263021,0.021088,0.022642,118,28,21,0,170,34,34,0,36566,68,68,23808,1.826003,0.019392,1.280416,0.003669
with_repeater,1342.0,600.0,1800.0,4000.0,120.0,500.0,1,64,1777,1777,1980,1980,5,5,15,15,14,14,3.750579,0.180735,0.251257,0.263495,0.021075,0.022630,123,24,18,28,170,34,34,60,36560,68,68,23898,2.412344,0.020404,1.279180,1.671569
blackout_only,1342.0,600.0,1800.0,4000.0,120.0,500.0,1,65,1777,1777,1980,1980,5,5,15,15,14,14,3.876437,0.182652,0.251063,0.264102,0.021119,0.022661,114,22,20,0,170,34,34,0,36560,68,68,23808,1.828054,0.019918,1.279286,0.003672
with_repeater,1342.0,600.0,1800.0,4000.0,120.0,500.0,1,65,1777,1777,1980,1980,5,5,15,15,14,14,3.817270,0.182723,0.251155,0.263428,0.021066,0.022707,124,31,24,28,170,34,34,60,36560,68,68,23898,2.416628,0.019526,1.279918,1.627383
blackout_only,1342.0,600.0,1800.0,4000.0,120.0,500.0,1,66,1777,1777,1980,1980,5,5,15,15,14,14,3.797243,0.182025,0.250888,0.263299,0.021076,0.022661,118,19,22,0,170,34,34,0,36576,68,68,23808,1.827480,0.020248,1.279545,0.003669
with_repeater,1342.0,600.0,1800.0,4000.0,120.0,500.0,1,66,1778,1778,1980,1980,5,5,15,15,14,14,3.829072,0.182309,0.250685,0.263081,0.021083,0.022668,123,23,20,33,170,34,34,60,36580,68,68,23898,2.413674,0.020129,1.280259,1.623878
blackout_only,1342.0,600.0,1800.0,4000.0,120.0,500.0,1,67,1778,1778,1980,1980,5,5,15,15,14,14,3.810865,0.180939,0.250840,0.263671,0.021093,0.022661,126,25,23,0,170,34,34,0,36580,68,68,23808,1.826612,0.019790,1.280067,0.003671
with_repeater,1342.0,600.0,1800.0,4000.0,120.0,500.0,1,67,1777,1777,1980,1980,5,5,15,15,14,14,3.868322,0.182022,0.250941,0.263605,0.021093,0.022703,126,25,19,30,170,34,34,60,36569,68,68,23898,2.414182,0.020061,1.279863,1.665223
blackout_only,1342.0,600.0,1800.0,4000.0,120.0,500.0,1,68,1778,1778,1980,1980,5,5,15,15,14,14,3.817126,0.180842,0.250643,0.263545,0.021092,0.022677,119,26,20,0,170,34,34,0,36580,68,68,23808,1.825770,0.020348,1.279828,0.003669
with_repeater,1342.0,600.0,1800.0,4000.0,120.0,500.0,1,68,1778,1778,1980,1980,5,5,15,15,14,14,3.834759,0.183226,0.250840,0.263717,0.021082,0.022683,122,26,23,28,170,34,34,60,36580,68,68,23898,2.414187,0.019830,1.280957,1.714689
blackout_only,1342.0,600.0,1800.0,4000.0,120.0,500.0,1,69,1777,1777,1980,1980,5,5,15,15,14,14,3.866955,0.183654,0.250970,0.263693,0.021061,0.022691,132,27,19,0,170,34,34,0,36566,68,68,23808,1.826780,0.019963,1.278990,0.003667
with_repeater,1342.0,600.0,1800.0,4000.0,120.0,500.0,1,69,1777,1777,1980,1980,5,5,15,15,14,14,3.834188,0.183446,0.251032,0.263325,0.021049,0.022645,121,24,20,34,170,34,34,60,36560,68,68,23898,2.417269,0.020232,1.280740,1.629210
blackout_only,1342.0,600.0,1800.0,4000.0,120.0,500.0,1,70,1777,1777,1980,1980,5,5,15,15,14,14,3.845451,0.182688,0.250904,0.263276,0.021062,0.022653,124,25,17,0,170,34,34,0,36570,68,68,23808,1.825706,0.019661,1.279974,0.003667
with_repeater,1342.0,600.0,1800.0,4000.0,120.0,500.0,1,70,1777,1777,1980,1980,5,5,15,15,14,14,3.851952,0.182878,0.250867,0.263212,0.021058,0.022695,126,26,26,28,170,34,34,60,36578,68,68,23898,2.413757,0.020376,1.280381,1.668582
blackout_only,1342.0,600.0,1800.0,4000.0,120.0,500.0,1,71,1777,1777,1980,1980,5,5,15,15,14,14,3.818154,0.183756,0.251082,0.264145,0.021052,0.022583,123,22,18,0,170,34,34,0,36560,68,68,23808,1.825472,0.020319,1.279985,0.003662
with_repeater,1342.0,600.0,1800.0,4000.0,120.0,500.0,1,71,1777,1777,1980,1980,5,5,15,15,14,14,3.777100,0.181140,0.250920,0.263160,0.021054,0.022669,125,25,16,28,170,34,34,60,36570,68,68,23898,2.409034,0.019368,1.280960,1.722273
blackout_only,1342.0,600.0,1800.0,4000.0,120.0,500.0,1,72,1777,1777,1980,1980,5,5,15,15,14,14,3.815867,0.183040,0.250921,0.264020,0.021084,0.022688,130,27,22,0,170,34,34,0,36570,68,68,23808,1.826058,0.020027,1.280870,0.003668
with_repeater,1342.0,600.0,1800.0,4000.0,120.0,500.0,1,72,1777,1777,1980,1980,5,5,15,15,14,14,3.786583,0.181015,0.251126,0.263791,0.021075,0.022675,121,22,28,37,170,34,34,60,36560,68,68,23898,2.411523,0.019879,1.280656,1.623606
blackout_only,1342.0,600.0,1800.0,4000.0,120.0,500.0,1,73,1777,1777,1980,1980,5,5,15,15,14,14,3.848424,0.183257,0.250966,0.263913,0.021031,0.022662,123,24,20,0,170,34,34,0,36566,68,68,23808,1.827506,0.019511,1.279902,0.003662
with_repeater,1342.0,600.0,1800.0,4000.0,120.0,500.0,1,73,1778,1778,1980,1980,5,5,15,15,14,14,3.862204,0.184261,0.250751,0.263519,0.021043,0.022634,131,23,24,32,170,34,34,60,36580,68,68,23898,2.415640,0.019547,1.279213,1.622895
blackout_only,1342.0,600.0,1800.0,4000.0,120.0,500.0,1,74,1778,1778,1980,1980,5,5,15,15,14,14,3.802788,0.181279,0.250827,0.263436,0.021046,0.022643,118,25,19,0,170,34,34,0,36580,68,68,23808,1.825264,0.019903,1.279371,0.003665
with_repeater,1342.0,600.0,1800.0,4000.0,120.0,500.0,1,74,1777,1777,1980,1980,5,5,15,15,14,14,3.847924,0.183481,0.251105,0.264012,0.021059,0.022641,115,24,23,31,170,34,34,60,36560,68,68,23898,2.412849,0.020765,1.279605,1.671457
blackout_only,1342.0,600.0,1800.0,4000.0,120.0,500.0,1,75,1778,1778,1980,1980,5,5,15,15,14,14,3.812711,0.181050,0.250806,0.263640,0.021047,0.022609,128,23,23,0,170,34,34,0,36580,68,68,23808,1.826311,0.019548,1.280871,0.003663
with_repeater,1342.0,600.0,1800.0,4000.0,120.0,500.0,1,75,1777,1777,1980,1980,5,5,15,15,14,14,3.816002,0.180717,0.250884,0.263915,0.021048,0.022654,120,25,24,36,170,34,34,60,36576,68,68,23898,2.413262,0.019853,1.279873,1.579712
blackout_only,1342.0,600.0,1800.0,4000.0,120.0,500.0,1,76,1777,1777,1980,1980,5,5,15,15,14,14,3.871272,0.184479,0.251122,0.264552,0.021072,0.022692,124,28,21,0,170,34,34,0,36560,68,68,23808,1.826601,0.019880,1.280654,0.003667
with_repeater,1342.0,600.0,1800.0,4000.0,120.0,500.0,1,76,1777,1777,1980,1980,5,5,15,15,14,14,3.790979,0.181683,0.251090,0.263867,0.021108,0.022692,116,27,17,36,170,34,34,60,36560,68,68,23898,2.416332,0.019541,1.280556,1.669908
blackout_only,1342.0,600.0,1800.0,4000.0,120.0,500.0,1,77,1777,1777,1980,1980,5,5,15,15,14,14,3.930516,0.185705,0.251094,0.264186,0.021089,0.022657,125,23,19,0,170,34,34,0,36560,68,68,23808,1.827596,0.019346,1.280075,0.003668
with_repeater,1342.0,600.0,1800.0,4000.0,120.0,500.0,1,77,1777,1777,1980,1980,5,5,15,15,14,14,3.827002,0.182878,0.251254,0.264310,0.021073,0.022678,119,23,20,27,170,34,34,60,36560,68,68,23898,2.419675,0.020121,1.279750,1.762154
blackout_only,1342.0,600.0,1800.0,4000.0,120.0,500.0,1,78,1777,1777,1980,1980,5,5,15,15,14,14,3.826977,0.182370,0.251074,0.263722,0.021081,0.022652,116,24,23,0,170,34,34,0,36560,68,68,23808,1.826205,0.019597,1.279150,0.003668
with_repeater,1342.0,600.0,1800.0,4000.0,120.0,500.0,1,78,1777,1777,1980,1980,5,5,15,15,14,14,3.862511,0.183528,0.251228,0.263778,0.021063,0.022668,114,22,13,28,170,34,34,60,36560,68,68,23898,2.412052,0.019582,1.279506,1.665953
blackout_only,1342.0,600.0,1800.0,4000.0,120.0,500.0,1,79,1777,1777,1980,1980,5,5,15,15,14,14,3.853354,0.181988,0.251153,0.263913,0.021057,0.022654,120,24,21,0,170,34,34,0,36560,68,68,23808,1.826550,0.019939,1.280430,0.003668
with_repeater,1342.0,600.0,1800.0,4000.0,120.0,500.0,1,79,1777,1777,1980,1980,5,5,15,15,14,14,3.823233,0.184442,0.251114,0.263753,0.021066,0.022691,119,25,21,29,170,34,34,60,36560,68,68,23898,2.413598,0.019874,1.279603,1.676003
blackout_only,1342.0,600.0,1800.0,4000.0,120.0,500.0,1,80,1777,1777,1980,1980,5,5,15,15,14,14,3.818740,0.181218,0.250898,0.263194,0.021075,0.022680,115,23,15,0,170,34,34,0,36570,68,68,23808,1.825941,0.020207,1.279162,0.003668
with_repeater,1342.0,600.0,1800.0,4000.0,120.0,500.0,1,80,1777,1777,1980,1980,5,5,15,15,14,14,3.758228,0.180293,0.250848,0.263186,0.021052,0.022604,117,25,21,26,170,34,34,60,36580,68,68,23898,2.412199,0.020199,1.281003,1.764487
blackout_only,1342.0,600.0,1800.0,4000.0,120.0,500.0,1,81,1777,1777,1980,1980,5,5,15,15,14,14,3.854659,0.182646,0.250931,0.263225,0.021028,0.022639,123,24,14,0,170,34,34,0,36570,68,68,23808,1.826735,0.020287,1.279322,0.003659
with_repeater,1342.0,600.0,1800.0,4000.0,120.0,500.0,1,81,1777,1777,1980,1980,5,5,15,15,14,14,3.876889,0.184611,0.250976,0.263509,0.021094,0.022679,126,26,21,35,170,34,34,60,36566,68,68,23898,2.414195,0.020025,1.280342,1.626494
blackout_only,1342.0,600.0,1800.0,4000.0,120.0,500.0,1,82,1777,1777,1980,1980,5,5,15,15,14,14,3.782091,0.181358,0.250910,0.263629,0.021068,0.022688,128,20,17,0,170,34,34,0,36570,68,68,23808,1.825985,0.020064,1.280249,0.003668
with_repeater,1342.0,600.0,1800.0,4000.0,120.0,500.0,1,82,1777,1777,1980,1980,5,5,15,15,14,14,3.792866,0.181933,0.251128,0.264056,0.021073,0.022660,118,28,22,28,170,34,34,60,36560,68,68,23898,2.414239,0.020046,1.279774,1.627718
blackout_only,1342.0,600.0,1800.0,4000.0,120.0,500.0,1,83,1777,1777,1980,1980,5,5,15,15,14,14,3.798691,0.182450,0.250912,0.263442,0.021067,0.022650,122,21,15,0,170,34,34,0,36570,68,68,23808,1.827192,0.020389,1.280843,0.003665
with_repeater,1342.0,600.0,1800.0,4000.0,120.0,500.0,1,83,1778,1778,1980,1980,5,5,15,15,14,14,3.847976,0.184508,0.250839,0.263474,0.021059,0.022630,123,26,20,32,170,34,34,60,36580,68,68,23898,2.413731,0.019756,1.279695,1.623475
blackout_only,1342.0,600.0,1800.0,4000.0,120.0,500.0,1,84,1777,1777,1980,1980,5,5,15,15,14,14,3.880599,0.185387,0.251191,0.263880,0.021053,0.022707,127,23,24,0,170,34,34,0,36560,68,68,23808,1.826208,0.019658,1.281077,0.003663
with_repeater,1342.0,600.0,1800.0,4000.0,120.0,500.0,1,84,1777,1777,1980,1980,5,5,15,15,14,14,3.904501,0.184300,0.251047,0.263699,0.021059,0.022710,124,24,20,29,170,34,34,60,36560,68,68,23898,2.418232,0.020193,1.279164,1.586182
blackout_only,1342.0,600.0,1800.0,4000.0,120.0,500.0,1,85,1777,1777,1980,1980,5,5,15,15,14,14,3.879982,0.186486,0.250972,0.264326,0.021041,0.022604,124,24,23,0,170,34,34,0,36566,68,68,23808,1.826469,0.019816,1.279833,0.003665
with_repeater,1342.0,600.0,1800.0,4000.0,120.0,500.0,1,85,1777,1777,1980,1980,5,5,15,15,14,14,3.831740,0.183597,0.250856,0.263740,0.021069,0.022650,123,26,23,24,170,34,34,60,36579,68,68,23898,2.415268,0.019313,1.280572,1.677231
blackout_only,1342.0,600.0,1800.0,4000.0,120.0,500.0,1,86,1777,1777,1980,1980,5,5,15,15,14,14,3.901650,0.186165,0.250915,0.264000,0.021119,0.022710,130,31,19,0,170,34,34,0,36570,68,68,23808,1.826820,0.019671,1.279399,0.003673
with_repeater,1342.0,600.0,1800.0,4000.0,120.0,500.0,1,86,1777,1777,1980,1980,5,5,15,15,14,14,3.891550,0.183713,0.251076,0.263797,0.021080,0.022654,121,27,21,29,170,34,34,60,36560,68,68,23898,2.419491,0.019878,1.279595,1.621265
blackout_only,1342.0,600.0,1800.0,4000.0,120.0,500.0,1,87,1777,1777,1980,1980,5,5,15,15,14,14,3.836328,0.182669,0.251061,0.264094,0.021044,0.022595,126,23,24,0,170,34,34,0,36560,68,68,23808,1.826646,0.020454,1.278863,0.003665
with_repeater,1342.0,600.0,1800.0,4000.0,120.0,500.0,1,87,1777,1777,1980,1980,5,5,15,15,14,14,3.909881,0.185732,0.250929,0.263470,0.021064,0.022612,123,25,21,27,170,34,34,60,36570,68,68,23898,2.415626,0.020771,1.279362,1.621444
blackout_only,1342.0,600.0,1800.0,4000.0,120.0,500.0,1,88,1778,1778,1980,1980,5,5,15,15,14,14,3.886300,0.184263,0.250728,0.263300,0.021104,0.022669,120,23,18,0,170,34,34,0,36580,68,68,23808,1.825704,0.020175,1.280446,0.003671
with_repeater,1342.0,600.0,1800.0,4000.0,120.0,500.0,1,88,1777,1777,1980,1980,5,5,15,15,14,14,3.875854,0.184527,0.251070,0.264030,0.021073,0.022604,126,24,17,33,170,34,34,60,36560,68,68,23898,2.416276,0.020297,1.279187,1.764181
blackout_only,1342.0,600.0,1800.0,4000.0,120.0,500.0,1,89,1778,1778,1980,1980,5,5,15,15,14,14,3.844279,0.184098,0.250803,0.263296,0.021093,0.022626,126,23,23,0,170,34,34,0,36580,68,68,23808,1.825362,0.020082,1.279360,0.003669
with_repeater,1342.0,600.0,1800.0,4000.0,120.0,500.0,1,89,1777,1777,1980,1980,5,5,15,15,14,14,3.854288,0.182689,0.251079,0.263546,0.021109,0.022680,123,25,21,31,170,34,34,60,36560,68,68,23898,2.415306,0.019845,1.279692,1.673945
