scenario,mars_base_latency_s,blackout_start_s,blackout_duration_s,sim_end_s,reconcile_interval_s,global_timeout_s,global_max_rounds,seed,earth_success,earth_total,mars_success,mars_total,global_pre_success,global_pre_total,global_during_success,global_during_total,global_post_success,global_post_total,phase_timeout_s,pre_window_s,post_window_s,temporally_scaled,first_success_after_blackout_s,avg_global_latency_s,earth_local_avg_latency_s,earth_local_p95_latency_s,mars_local_avg_latency_s,mars_local_p95_latency_s,global_phase1_responses_earth,global_phase1_responses_leo,global_phase1_responses_moon,global_phase1_responses_mars,global_phase2_responses_earth,global_phase2_responses_leo,global_phase2_responses_moon,global_phase2_responses_mars,network_src_sent_earth,network_src_sent_leo,network_src_sent_moon,network_src_sent_mars,network_src_avg_oneway_s_earth,network_src_avg_oneway_s_leo,network_src_avg_oneway_s_moon,network_src_avg_oneway_s_mars
blackout_only,186.0,600.0,300.0,4000.0,120.0,500.0,1,40,1924,1924,2143,2143,8,8,3,3,26,26,500.000000,930.000000,3100.000000,1,92.166358,0.182579,0.250920,0.263667,0.021047,0.022709,146,22,22,41,185,37,37,87,39590,74,74,25908,0.960045,0.020196,1.279652,1.252179
with_repeater,186.0,600.0,300.0,4000.0,120.0,500.0,1,40,1924,1924,2143,2143,8,8,3,3,26,26,500.000000,930.000000,3100.000000,1,92.190058,0.182941,0.250832,0.263425,0.021083,0.022732,141,27,20,47,185,37,37,99,39590,74,74,25926,1.068866,0.019813,1.280969,1.448139
blackout_only,186.0,600.0,300.0,4000.0,120.0,500.0,1,41,1924,1924,2143,2143,8,8,3,3,26,26,500.000000,930.000000,3100.000000,1,92.187528,0.181443,0.251116,0.264130,0.021061,0.022550,135,30,24,41,185,37,37,87,39590,74,74,25908,0.959077,0.019779,1.279369,1.256025
with_repeater,186.0,600.0,300.0,4000.0,120.0,500.0,1,41,1924,1924,2143,2143,8,8,3,3,26,26,500.000000,930.000000,3100.000000,1,92.190806,0.182609,0.250966,0.263708,0.021063,0.022628,132,27,22,53,185,37,37,99,39590,74,74,25926,1.068997,0.019555,1.279435,1.452829
blackout_only,186.0,600.0,300.0,4000.0,120.0,500.0,1,42,1924,1924,2143,2143,8,8,3,3,26,26,500.000000,930.000000,3100.000000,1,92.196481,0.184570,0.250956,0.263456,0.021067,0.022600,139,27,27,46,185,37,37,87,39590,74,74,25908,0.962444,0.019676,1.280633,1.253027
with_repeater,186.0,600.0,300.0,4000.0,120.0,500.0,1,42,1924,1924,2143,2143,8,8,3,3,26,26,500.000000,930.000000,3100.000000,1,92.176019,0.180838,0.250926,0.263286,0.021050,0.022678,139,26,22,53,185,37,37,99,39590,74,74,25926,1.071547,0.019973,1.279607,1.449185
blackout_only,186.0,600.0,300.0,4000.0,120.0,500.0,1,43,1924,1924,2143,2143,8,8,3,3,26,26,500.000000,930.000000,3100.000000,1,92.200792,0.183179,0.250792,0.264146,0.021056,0.022613,142,26,24,41,185,37,37,87,39590,74,74,25908,0.960381,0.020066,1.279434,1.253201
with_repeater,186.0,600.0,300.0,4000.0,120.0,500.0,1,43,1924,1924,2143,2143,8,8,3,3,26,26,500.000000,930.000000,3100.000000,1,92.189468,0.182302,0.250870,0.263135,0.021068,0.022675,134,30,18,48,185,37,37,99,39590,74,74,25926,1.068315,0.020004,1.279034,1.449198
blackout_only,186.0,600.0,300.0,4000.0,120.0,500.0,1,44,1924,1924,2143,2143,8,8,3,3,26,26,500.000000,930.000000,3100.000000,1,92.192768,0.182684,0.250786,0.263741,0.021113,0.022700,132,27,20,42,185,37,37,87,39590,74,74,25908,0.959290,0.020417,1.279265,1.251636
with_repeater,186.0,600.0,300.0,4000.0,120.0,500.0,1,44,1924,1924,2143,2143,8,8,3,3,26,26,500.000000,930.000000,3100.000000,1,92.149324,0.182277,0.250919,0.263875,0.021104,0.022676,129,27,20,44,185,37,37,99,39590,74,74,25926,1.065147,0.020284,1.279086,1.448981
blackout_only,186.0,600.0,300.0,4000.0,120.0,500.0,1,45,1924,1924,2143,2143,8,8,3,3,26,26,500.000000,930.000000,3100.000000,1,92.186948,0.181859,0.250834,0.263301,0.021057,0.022591,128,27,26,46,185,37,37,87,39590,74,74,25908,0.960848,0.020149,1.280400,1.261918
with_repeater,186.0,600.0,300.0,4000.0,120.0,500.0,1,45,1924,1924,2143,2143,8,8,3,3,26,26,500.000000,930.000000,3100.000000,1,92.226914,0.184456,0.251183,0.264279,0.021069,0.022665,143,30,19,50,185,37,37,99,39590,74,74,25926,1.068421,0.020316,1.279751,1.448634
blackout_only,186.0,600.0,300.0,4000.0,120.0,500.0,1,46,1924,1924,2143,2143,8,8,3,3,26,26,500.000000,930.000000,3100.000000,1,92.213902,0.183099,0.250817,0.262963,0.021083,0.022618,136,30,20,41,185,37,37,87,39590,74,74,25908,0.959097,0.020078,1.279979,1.254677
with_repeater,186.0,600.0,300.0,4000.0,120.0,500.0,1,46,1924,1924,2143,2143,8,8,3,3,26,26,500.000000,930.000000,3100.000000,1,92.212789,0.185674,0.251024,0.263351,0.021031,0.022608,140,27,20,47,185,37,37,99,39590,74,74,25926,1.070383,0.019640,1.280562,1.448491
blackout_only,186.0,600.0,300.0,4000.0,120.0,500.0,1,47,1924,1924,2143,2143,8,8,3,3,26,26,500.000000,930.000000,3100.000000,1,92.216809,0.182921,0.251039,0.264103,0.021110,0.022672,139,27,20,43,185,37,37,87,39590,74,74,25908,0.960256,0.020215,1.279651,1.253565
with_repeater,186.0,600.0,300.0,4000.0,120.0,500.0,1,47,1924,1924,2143,2143,8,8,3,3,26,26,500.000000,930.000000,3100.000000,1,92.229134,0.182700,0.250831,0.263304,0.021075,0.022645,140,22,25,53,185,37,37,99,39590,74,74,25926,1.066282,0.019931,1.280205,1.446095
blackout_only,186.0,600.0,300.0,4000.0,120.0,500.0,1,48,1924,1924,2143,2143,8,8,3,3,26,26,500.000000,930.000000,3100.000000,1,92.175130,0.182645,0.251135,0.264011,0.021113,0.022630,140,25,23,43,185,37,37,87,39590,74,74,25908,0.959076,0.019961,1.280335,1.253992
with_repeater,186.0,600.0,300.0,4000.0,120.0,500.0,1,48,1924,1924,2143,2143,8,8,3,3,26,26,500.000000,930.000000,3100.000000,1,92.174736,0.181705,0.251100,0.263849,0.021069,0.022671,143,33,21,56,185,37,37,99,39590,74,74,25926,1.069459,0.019944,1.280329,1.449056
blackout_only,186.0,600.0,300.0,4000.0,120.0,500.0,1,49,1924,1924,2143,2143,8,8,3,3,26,26,500.000000,930.000000,3100.000000,1,92.209753,0.181955,0.251103,0.263301,0.021080,0.022699,132,27,23,43,185,37,37,87,39590,74,74,25908,0.959877,0.019808,1.280969,1.253942
with_repeater,186.0,600.0,300.0,4000.0,120.0,500.0,1,49,1924,1924,2143,2143,8,8,3,3,26,26,500.000000,930.000000,3100.000000,1,92.204866,0.182209,0.250782,0.262986,0.021101,0.022656,130,25,19,55,185,37,37,99,39590,74,74,25926,1.069177,0.019898,1.279311,1.450832
blackout_only,186.0,600.0,300.0,4000.0,120.0,500.0,1,50,1924,1924,2143,2143,8,8,3,3,26,26,500.000000,930.000000,3100.000000,1,92.196703,0.183697,0.251084,0.263721,0.021051,0.022639,135,27,24,45,185,37,37,87,39590,74,74,25908,0.959788,0.020275,1.280341,1.251919
with_repeater,186.0,600.0,300.0,4000.0,120.0,500.0,1,50,1924,1924,2143,2143,8,8,3,3,26,26,500.000000,930.000000,3100.000000,1,92.207711,0.184162,0.251207,0.263753,0.021066,0.022671,141,27,25,53,185,37,37,99,39590,74,74,25926,1.070565,0.019906,1.280443,1.449703
blackout_only,186.0,600.0,300.0,4000.0,120.0,500.0,1,51,1924,1924,2143,2143,8,8,3,3,26,26,500.000000,930.000000,3100.000000,1,92.225885,0.182093,0.251145,0.263879,0.021104,0.022708,129,30,26,36,185,37,37,87,39590,74,74,25908,0.958405,0.020257,1.279674,1.256198
with_repeater,186.0,600.0,300.0,4000.0,120.0,500.0,1,51,1924,1924,2143,2143,8,8,3,3,26,26,500.000000,930.000000,3100.000000,1,92.191346,0.184510,0.251179,0.264424,0.021098,0.022776,135,29,20,56,185,37,37,99,39590,74,74,25926,1.068417,0.020036,1.280080,1.450959
blackout_only,186.0,600.0,300.0,4000.0,120.0,500.0,1,52,1924,1924,2143,2143,8,8,3,3,26,26,500.000000,930.000000,3100.000000,1,92.228064,0.182151,0.250864,0.262892,0.021057,0.022731,138,25,24,48,185,37,37,88,39590,74,74,25908,0.960314,0.020069,1.280664,1.258884
with_repeater,186.0,600.0,300.0,4000.0,120.0,500.0,1,52,1924,1924,2143,2143,8,8,3,3,26,26,500.000000,930.000000,3100.000000,1,92.239493,0.185086,0.251053,0.263196,0.021034,0.022659,148,27,25,55,185,37,37,99,39590,74,74,25926,1.070399,0.020219,1.281022,1.448110
blackout_only,186.0,600.0,300.0,4000.0,120.0,500.0,1,53,1924,1924,2143,2143,8,8,3,3,26,26,500.000000,930.000000,3100.000000,1,92.171139,0.182054,0.250863,0.264181,0.021089,0.022654,130,28,24,51,185,37,37,87,39590,74,74,25908,0.959279,0.019830,1.280512,1.254520
with_repeater,186.0,600.0,300.0,4000.0,120.0,500.0,1,53,1924,1924,2143,2143,8,8,3,3,26,26,500.000000,930.000000,3100.000000,1,92.179116,0.180432,0.250890,0.264105,0.021071,0.022654,123,27,22,53,185,37,37,99,39590,74,74,25926,1.067235,0.019844,1.279800,1.448748
blackout_only,186.0,600.0,300.0,4000.0,120.0,500.0,1,54,1924,1924,2143,2143,8,8,3,3,26,26,500.000000,930.000000,3100.000000,1,92.172165,0.184602,0.250942,0.263619,0.021082,0.022726,134,29,21,41,185,37,37,87,39590,74,74,25908,0.960764,0.020067,1.280860,1.251635
with_repeater,186.0,600.0,300.0,4000.0,120.0,500.0,1,54,1924,1924,2143,2143,8,8,3,3,26,26,500.000000,930.000000,3100.000000,1,92.189110,0.182626,0.250903,0.263839,0.021072,0.022682,133,25,23,44,185,37,37,99,39590,74,74,25926,1.070756,0.020222,1.280169,1.451155
blackout_only,186.0,600.0,300.0,4000.0,120.0,500.0,1,55,1924,1924,2143,2143,8,8,3,3,26,26,500.000000,930.000000,3100.000000,1,92.171143,0.182772,0.250848,0.263373,0.021054,0.022643,138,25,20,43,185,37,37,87,39590,74,74,25908,0.961044,0.020321,1.280394,1.252174
with_repeater,186.0,600.0,300.0,4000.0,120.0,500.0,1,55,1924,1924,2143,2143,8,8,3,3,26,26,500.000000,930.000000,3100.000000,1,92.192978,0.182361,0.250915,0.263307,0.021017,0.022578,137,28,19,51,185,37,37,99,39590,74,74,25926,1.067721,0.020579,1.280918,1.451382
blackout_only,186.0,600.0,300.0,4000.0,120.0,500.0,1,56,1924,1924,2143,2143,8,8,3,3,26,26,500.000000,930.000000,3100.000000,1,92.237603,0.182719,0.251088,0.264423,0.021090,0.022667,146,24,23,48,185,37,37,87,39590,74,74,25908,0.960171,0.019851,1.280092,1.251327
with_repeater,186.0,600.0,300.0,4000.0,120.0,500.0,1,56,1924,1924,2143,2143,8,8,3,3,26,26,500.000000,930.000000,3100.000000,1,92.250818,0.183838,0.250876,0.263852,0.021068,0.022671,134,25,26,55,185,37,37,99,39590,74,74,25926,1.071239,0.019995,1.280221,1.451981
blackout_only,186.0,600.0,300.0,4000.0,120.0,500.0,1,57,1924,1924,2143,2143,8,8,3,3,26,26,500.000000,930.000000,3100.000000,1,92.231140,0.183560,0.251117,0.263856,0.021057,0.022658,143,24,21,31,185,37,37,87,39590,74,74,25908,0.958547,0.019300,1.280736,1.254442
with_repeater,186.0,600.0,300.0,4000.0,120.0,500.0,1,57,1924,1924,2143,2143,8,8,3,3,26,26,500.000000,930.000000,3100.000000,1,92.199672,0.182650,0.251216,0.264188,0.021038,0.022569,140,27,16,46,185,37,37,99,39590,74,74,25926,1.068118,0.020201,1.280167,1.449683
blackout_only,186.0,600.0,300.0,4000.0,120.0,500.0,1,58,1924,1924,2143,2143,8,8,3,3,26,26,500.000000,930.000000,3100.000000,1,92.167198,0.182139,0.250888,0.263766,0.021082,0.022714,129,29,25,48,185,37,37,87,39590,74,74,25908,0.960573,0.020141,1.281014,1.264000
with_repeater,186.0,600.0,300.0,4000.0,120.0,500.0,1,58,1924,1924,2143,2143,8,8,3,3,26,26,500.000000,930.000000,3100.000000,1,92.171590,0.183182,0.251041,0.263831,0.021081,0.022718,125,30,26,44,185,37,37,99,39590,74,74,25926,1.066436,0.020284,1.278604,1.449945
blackout_only,186.0,600.0,300.0,4000.0,120.0,500.0,1,59,1924,1924,2143,2143,8,8,3,3,26,26,500.000000,930.000000,3100.000000,1,92.166223,0.182034,0.251099,0.263710,0.021065,0.022667,142,29,20,43,185,37,37,87,39590,74,74,25908,0.959478,0.020346,1.280462,1.252082
with_repeater,186.0,600.0,300.0,4000.0,120.0,500.0,1,59,1924,1924,2143,2143,8,8,3,3,26,26,500.000000,930.000000,3100.000000,1,92.131110,0.179918,0.251107,0.263795,0.021055,0.022647,136,33,24,44,185,37,37,100,39590,74,74,25926,1.069503,0.020325,1.280330,1.456720
blackout_only,186.0,600.0,300.0,4000.0,120.0,500.0,1,60,1924,1924,2143,2143,8,8,3,3,26,26,500.000000,930.000000,3100.000000,1,92.201335,0.183394,0.251002,0.263620,0.021041,0.022655,141,26,19,43,185,37,37,87,39590,74,74,25908,0.959024,0.020409,1.279646,1.251769
with_repeater,186.0,600.0,300.0,4000.0,120.0,500.0,1,60,1924,1924,2143,2143,8,8,3,3,26,26,500.000000,930.000000,3100.000000,1,92.192101,0.182030,0.251134,0.263595,0.021051,0.022641,131,21,26,48,185,37,37,99,39590,74,74,25926,1.068168,0.019902,1.280557,1.451154
blackout_only,186.0,600.0,300.0,4000.0,120.0,500.0,1,61,1924,1924,2143,2143,8,8,3,3,26,26,500.000000,930.000000,3100.000000,1,92.257473,0.185437,0.250759,0.263237,0.021090,0.022676,141,26,19,45,185,37,37,87,39590,74,74,25908,0.959846,0.020497,1.279301,1.260839
with_repeater,186.0,600.0,300.0,4000.0,120.0,500.0,1,61,1924,1924,2143,2143,8,8,3,3,26,26,500.000000,930.000000,3100.000000,1,92.223110,0.184080,0.251010,0.263523,0.021039,0.022660,140,26,20,51,185,37,37,99,39590,74,74,25926,1.067934,0.020482,1.280203,1.449480
blackout_only,186.0,600.0,300.0,4000.0,120.0,500.0,1,62,1924,1924,2143,2143,8,8,3,3,26,26,500.000000,930.000000,3100.000000,1,92.205071,0.182584,0.250811,0.263724,0.021072,0.022631,137,29,21,39,185,37,37,87,39590,74,74,25908,0.959764,0.019984,1.278880,1.256876
with_repeater,186.0,600.0,300.0,4000.0,120.0,500.0,1,62,1924,1924,2143,2143,8,8,3,3,26,26,500.000000,930.000000,3100.000000,1,92.187128,0.182852,0.251069,0.263831,0.021060,0.022678,137,30,20,52,185,37,37,99,39590,74,74,25926,1.067607,0.019877,1.281177,1.452602
blackout_only,186.0,600.0,300.0,4000.0,120.0,500.0,1,63,1924,1924,2143,2143,8,8,3,3,26,26,500.000000,930.000000,3100.000000,1,92.206284,0.183764,0.250941,0.263320,0.021073,0.022647,151,23,25,36,185,37,37,87,39590,74,74,25908,0.958342,0.020062,1.280027,1.255702
with_repeater,186.0,600.0,300.0,4000.0,120.0,500.0,1,63,1924,1924,2143,2143,8,8,3,3,26,26,500.000000,930.000000,3100.000000,1,92.199902,0.183923,0.250727,0.263333,0.021067,0.022632,140,27,25,48,185,37,37,99,39590,74,74,25926,1.069138,0.020074,1.279240,1.449331
blackout_only,186.0,600.0,300.0,4000.0,120.0,500.0,1,64,1924,1924,2143,2143,8,8,3,3,26,26,500.000000,930.000000,3100.000000,1,92.224309,0.184039,0.251409,0.263991,0.021074,0.022610,137,31,26,42,185,37,37,87,39590,74,74,25908,0.960286,0.019500,1.279168,1.251817
with_repeater,186.0,600.0,300.0,4000.0,120.0,500.0,1,64,1924,1924,2143,2143,8,8,3,3,26,26,500.000000,930.000000,3100.000000,1,92.206099,0.182936,0.250935,0.263467,0.021071,0.022659,131,23,22,58,185,37,37,99,39590,74,74,25926,1.066798,0.019769,1.280884,1.450865
blackout_only,186.0,600.0,300.0,4000.0,120.0,500.0,1,65,1924,1924,2143,2143,8,8,3,3,26,26,500.000000,930.000000,3100.000000,1,92.217731,0.184158,0.250885,0.263788,0.021070,0.022619,140,21,26,52,185,37,37,87,39590,74,74,25908,0.958828,0.019381,1.279455,1.254223
with_repeater,186.0,600.0,300.0,4000.0,120.0,500.0,1,65,1924,1924,2143,2143,8,8,3,3,26,26,500.000000,930.000000,3100.000000,1,92.192735,0.182545,0.250797,0.263642,0.021079,0.022608,130,23,20,51,185,37,37,99,39590,74,74,25926,1.068019,0.020150,1.281420,1.448836
blackout_only,186.0,600.0,300.0,4000.0,120.0,500.0,1,66,1924,1924,2143,2143,8,8,3,3,26,26,500.000000,930.000000,3100.000000,1,92.185928,0.182914,0.251003,0.263328,0.021065,0.022646,137,26,23,48,185,37,37,87,39590,74,74,25908,0.960430,0.019882,1.279745,1.254804
with_repeater,186.0,600.0,300.0,4000.0,120.0,500.0,1,66,1924,1924,2143,2143,8,8,3,3,26,26,500.000000,930.000000,3100.000000,1,92.186723,0.183141,0.250898,0.263216,0.021062,0.022658,141,25,24,56,185,37,37,99,39590,74,74,25926,1.069648,0.019861,1.280486,1.448529
blackout_only,186.0,600.0,300.0,4000.0,120.0,500.0,1,67,1924,1924,2143,2143,8,8,3,3,26,26,500.000000,930.000000,3100.000000,1,92.122710,0.182771,0.250821,0.263735,0.021045,0.022583,127,27,19,48,185,37,37,87,39590,74,74,25908,0.960637,0.019910,1.280017,1.255599
with_repeater,186.0,600.0,300.0,4000.0,120.0,500.0,1,67,1924,1924,2143,2143,8,8,3,3,26,26,500.000000,930.000000,3100.000000,1,92.141155,0.179830,0.250931,0.263579,0.021095,0.022697,140,34,27,49,185,37,37,99,39590,74,74,25926,1.067528,0.019915,1.279370,1.450525
blackout_only,186.0,600.0,300.0,4000.0,120.0,500.0,1,68,1924,1924,2143,2143,8,8,3,3,26,26,500.000000,930.000000,3100.000000,1,92.227107,0.184257,0.250725,0.263647,0.021049,0.022624,135,26,25,41,185,37,37,87,39590,74,74,25908,0.961180,0.019926,1.281473,1.260230
with_repeater,186.0,600.0,300.0,4000.0,120.0,500.0,1,68,1924,1924,2143,2143,8,8,3,3,26,26,500.000000,930.000000,3100.000000,1,92.186461,0.183083,0.250894,0.263682,0.021033,0.022671,137,31,23,55,185,37,37,99,39590,74,74,25926,1.070539,0.020142,1.280708,1.450560
blackout_only,186.0,600.0,300.0,4000.0,120.0,500.0,1,69,1924,1924,2143,2143,8,8,3,3,26,26,500.000000,930.000000,3100.000000,1,92.220032,0.183191,0.250666,0.263151,0.021081,0.022628,135,24,24,38,185,37,37,87,39590,74,74,25908,0.958458,0.020276,1.279675,1.253363
with_repeater,186.0,600.0,300.0,4000.0,120.0,500.0,1,69,1924,1924,2143,2143,8,8,3,3,26,26,500.000000,930.000000,3100.000000,1,92.222288,0.184184,0.250931,0.263849,0.021064,0.022627,137,17,24,50,185,37,37,100,39590,74,74,25926,1.068070,0.020402,1.279455,1.456633
blackout_only,186.0,600.0,300.0,4000.0,120.0,500.0,1,70,1924,1924,2143,2143,8,8,3,3,26,26,500.000000,930.000000,3100.000000,1,92.243068,0.181991,0.250975,0.263850,0.021040,0.022706,133,22,23,47,185,37,37,87,39590,74,74,25908,0.958795,0.020100,1.280078,1.253500
with_repeater,186.0,600.0,300.0,4000.0,120.0,500.0,1,70,1924,1924,2143,2143,8,8,3,3,26,26,500.000000,930.000000,3100.000000,1,92.265880,0.184970,0.251010,0.263758,0.021031,0.022625,137,25,22,50,185,37,37,99,39590,74,74,25926,1.069931,0.020116,1.280029,1.452201
blackout_only,186.0,600.0,300.0,4000.0,120.0,500.0,1,71,1924,1924,2143,2143,8,8,3,3,26,26,500.000000,930.000000,3100.000000,1,92.186425,0.180514,0.250812,0.263610,0.021112,0.022583,127,28,24,38,185,37,37,87,39590,74,74,25908,0.960040,0.019849,1.280542,1.255102
with_repeater,186.0,600.0,300.0,4000.0,120.0,500.0,1,71,1924,1924,2143,2143,8,8,3,3,26,26,500.000000,930.000000,3100.000000,1,92.202287,0.182345,0.251043,0.263598,0.021077,0.022658,138,29,25,48,185,37,37,99,39590,74,74,25926,1.068670,0.019478,1.279324,1.450329
blackout_only,186.0,600.0,300.0,4000.0,120.0,500.0,1,72,1924,1924,2143,2143,8,8,3,3,26,26,500.000000,930.000000,3100.000000,1,92.199586,0.182905,0.251021,0.263690,0.021100,0.022660,155,25,18,44,185,37,37,87,39590,74,74,25908,0.961919,0.019585,1.279911,1.255632
with_repeater,186.0,600.0,300.0,4000.0,120.0,500.0,1,72,1924,1924,2143,2143,8,8,3,3,26,26,500.000000,930.000000,3100.000000,1,92.204378,0.183429,0.251059,0.263309,0.021097,0.022590,133,24,24,43,185,37,37,99,39590,74,74,25926,1.067457,0.020102,1.279673,1.447506
blackout_only,186.0,600.0,300.0,4000.0,120.0,500.0,1,73,1924,1924,2143,2143,8,8,3,3,26,26,500.000000,930.000000,3100.000000,1,92.198132,0.182269,0.250794,0.263365,0.021050,0.022719,141,28,24,46,185,37,37,87,39590,74,74,25908,0.959781,0.020458,1.279653,1.253023
with_repeater,186.0,600.0,300.0,4000.0,120.0,500.0,1,73,1924,1924,2143,2143,8,8,3,3,26,26,500.000000,930.000000,3100.000000,1,92.159887,0.183622,0.250909,0.263357,0.021057,0.022614,133,30,24,44,185,37,37,99,39590,74,74,25926,1.068890,0.020337,1.277892,1.445241
blackout_only,186.0,600.0,300.0,4000.0,120.0,500.0,1,74,1924,1924,2143,2143,8,8,3,3,26,26,500.000000,930.000000,3100.000000,1,92.223883,0.184643,0.250947,0.263828,0.021077,0.022668,130,29,26,45,185,37,37,87,39590,74,74,25908,0.962186,0.020391,1.279861,1.253730
with_repeater,186.0,600.0,300.0,4000.0,120.0,500.0,1,74,1924,1924,2143,2143,8,8,3,3,26,26,500.000000,930.000000,3100.000000,1,92.196635,0.183052,0.251133,0.264137,0.021096,0.022684,127,26,20,53,185,37,37,99,39590,74,74,25926,1.066538,0.019584,1.280423,1.449622
blackout_only,186.0,600.0,300.0,4000.0,120.0,500.0,1,75,1924,1924,2143,2143,8,8,3,3,26,26,500.000000,930.000000,3100.000000,1,92.176920,0.182944,0.250821,0.263525,0.021045,0.022618,130,26,25,33,185,37,37,87,39590,74,74,25908,0.960961,0.019927,1.279084,1.250443
with_repeater,186.0,600.0,300.0,4000.0,120.0,500.0,1,75,1924,1924,2143,2143,8,8,3,3,26,26,500.000000,930.000000,3100.000000,1,92.196812,0.182054,0.250755,0.263254,0.021040,0.022589,137,27,26,41,185,37,37,99,39590,74,74,25926,1.068762,0.019838,1.280299,1.451012
blackout_only,186.0,600.0,300.0,4000.0,120.0,500.0,1,76,1924,1924,2143,2143,8,8,3,3,26,26,500.000000,930.000000,3100.000000,1,92.224782,0.182755,0.250889,0.263085,0.021094,0.022678,138,31,18,50,185,37,37,87,39590,74,74,25908,0.959535,0.020034,1.279776,1.254179
with_repeater,186.0,600.0,300.0,4000.0,120.0,500.0,1,76,1924,1924,2143,2143,8,8,3,3,26,26,500.000000,930.000000,3100.000000,1,92.194825,0.184397,0.250880,0.263855,0.021096,0.022716,149,24,24,53,185,37,37,99,39590,74,74,25926,1.066508,0.020336,1.281026,1.450068
blackout_only,186.0,600.0,300.0,4000.0,120.0,500.0,1,77,1924,1924,2143,2143,8,8,3,3,26,26,500.000000,930.000000,3100.000000,1,92.179145,0.182494,0.251238,0.264054,0.021126,0.022761,127,19,26,52,185,37,37,87,39590,74,74,25908,0.961848,0.019961,1.279997,1.252333
with_repeater,186.0,600.0,300.0,4000.0,120.0,500.0,1,77,1924,1924,2143,2143,8,8,3,3,26,26,500.000000,930.000000,3100.000000,1,92.225300,0.184558,0.250987,0.264035,0.021093,0.022661,137,26,24,51,185,37,37,99,39590,74,74,25926,1.069163,0.019300,1.280512,1.452026
blackout_only,186.0,600.0,300.0,4000.0,120.0,500.0,1,78,1924,1924,2143,2143,8,8,3,3,26,26,500.000000,930.000000,3100.000000,1,92.198369,0.182321,0.251207,0.263593,0.021071,0.022595,135,22,25,47,185,37,37,87,39590,74,74,25908,0.958785,0.020106,1.281379,1.251178
with_repeater,186.0,600.0,300.0,4000.0,120.0,500.0,1,78,1924,1924,2143,2143,8,8,3,3,26,26,500.000000,930.000000,3100.000000,1,92.236970,0.184741,0.251271,0.264028,0.021085,0.022660,141,28,25,58,185,37,37,99,39590,74,74,25926,1.070838,0.020000,1.279966,1.447441
blackout_only,186.0,600.0,300.0,4000.0,120.0,500.0,1,79,1924,1924,2143,2143,8,8,3,3,26,26,500.000000,930.000000,3100.000000,1,92.128731,0.181320,0.250975,0.263671,0.021091,0.022682,135,24,27,41,185,37,37,87,39590,74,74,25908,0.960132,0.019825,1.279173,1.253947
with_repeater,186.0,600.0,300.0,4000.0,120.0,500.0,1,79,1924,1924,2143,2143,8,8,3,3,26,26,500.000000,930.000000,3100.000000,1,92.148621,0.181705,0.251296,0.263951,0.021054,0.022702,127,28,20,48,185,37,37,100,39590,74,74,25926,1.067677,0.019500,1.280678,1.459201
blackout_only,186.0,600.0,300.0,4000.0,120.0,500.0,1,80,1924,1924,2143,2143,8,8,3,3,26,26,500.000000,930.000000,3100.000000,1,92.166886,0.181662,0.251271,0.264110,0.021020,0.022602,134,26,25,37,185,37,37,87,39590,74,74,25908,0.959108,0.019578,1.280327,1.250582
with_repeater,186.0,600.0,300.0,4000.0,120.0,500.0,1,80,1924,1924,2143,2143,8,8,3,3,26,26,500.000000,930.000000,3100.000000,1,92.145551,0.183817,0.250842,0.263324,0.021070,0.022633,142,29,30,56,185,37,37,99,39590,74,74,25926,1.068217,0.020477,1.279982,1.450925
blackout_only,186.0,600.0,300.0,4000.0,120.0,500.0,1,81,1924,1924,2143,2143,8,8,3,3,26,26,500.000000,930.000000,3100.000000,1,92.181903,0.183705,0.251124,0.263645,0.021050,0.022672,138,23,27,49,185,37,37,87,39590,74,74,25908,0.960740,0.019685,1.280131,1.256681
with_repeater,186.0,600.0,300.0,4000.0,120.0,500.0,1,81,1924,1924,2143,2143,8,8,3,3,26,26,500.000000,930.000000,3100.000000,1,92.205402,0.181771,0.251106,0.264548,0.021087,0.022680,141,31,25,49,185,37,37,99,39590,74,74,25926,1.068237,0.020019,1.281455,1.452540
blackout_only,186.0,600.0,300.0,4000.0,120.0,500.0,1,82,1924,1924,2143,2143,8,8,3,3,26,26,500.000000,930.000000,3100.000000,1,92.179145,0.182075,0.250792,0.263550,0.021075,0.022675,133,26,22,45,185,37,37,87,39590,74,74,25908,0.959440,0.020093,1.279800,1.256946
with_repeater,186.0,600.0,300.0,4000.0,120.0,500.0,1,82,1924,1924,2143,2143,8,8,3,3,26,26,500.000000,930.000000,3100.000000,1,92.239551,0.182335,0.251152,0.264182,0.021033,0.022686,134,19,23,43,185,37,37,99,39590,74,74,25926,1.067511,0.019850,1.280308,1.452235
blackout_only,186.0,600.0,300.0,4000.0,120.0,500.0,1,83,1924,1924,2143,2143,8,8,3,3,26,26,500.000000,930.000000,3100.000000,1,92.208908,0.182964,0.250794,0.263309,0.021102,0.022715,140,27,22,51,185,37,37,87,39590,74,74,25908,0.959746,0.019790,1.279528,1.253563
with_repeater,186.0,600.0,300.0,4000.0,120.0,500.0,1,83,1924,1924,2143,2143,8,8,3,3,26,26,500.000000,930.000000,3100.000000,1,92.221433,0.185044,0.250609,0.263308,0.021115,0.022734,138,27,23,53,185,37,37,99,39590,74,74,25926,1.068419,0.019452,1.279928,1.448763
blackout_only,186.0,600.0,300.0,4000.0,120.0,500.0,1,84,1924,1924,2143,2143,8,8,3,3,26,26,500.000000,930.000000,3100.000000,1,92.188487,0.182729,0.251031,0.263908,0.021092,0.022609,131,26,20,42,185,37,37,87,39590,74,74,25908,0.960817,0.020017,1.279157,1.251758
with_repeater,186.0,600.0,300.0,4000.0,120.0,500.0,1,84,1924,1924,2143,2143,8,8,3,3,26,26,500.000000,930.000000,3100.000000,1,92.145451,0.180406,0.251172,0.263675,0.021098,0.022671,141,28,25,52,185,37,37,99,39590,74,74,25926,1.069137,0.019969,1.280067,1.450409
blackout_only,186.0,600.0,300.0,4000.0,120.0,500.0,1,85,1924,1924,2143,2143,8,8,3,3,26,26,500.000000,930.000000,3100.000000,1,92.223134,0.185705,0.251077,0.263684,0.021053,0.022614,139,26,22,41,185,37,37,87,39590,74,74,25908,0.960278,0.019793,1.279627,1.253849
with_repeater,186.0,600.0,300.0,4000.0,120.0,500.0,1,85,1924,1924,2143,2143,8,8,3,3,26,26,500.000000,930.000000,3100.000000,1,92.215417,0.185066,0.250868,0.263457,0.021068,0.022666,145,27,23,41,185,37,37,99,39590,74,74,25926,1.066710,0.019603,1.279597,1.453127
blackout_only,186.0,600.0,300.0,4000.0,120.0,500.0,1,86,1924,1924,2143,2143,8,8,3,3,26,26,500.000000,930.000000,3100.000000,1,92.213631,0.182047,0.250866,0.264003,0.021090,0.022579,143,31,18,40,185,37,37,87,39590,74,74,25908,0.962087,0.019663,1.280383,1.253516
with_repeater,186.0,600.0,300.0,4000.0,120.0,500.0,1,86,1924,1924,2143,2143,8,8,3,3,26,26,500.000000,930.000000,3100.000000,1,92.252012,0.185080,0.251101,0.264757,0.021063,0.022647,135,29,21,54,185,37,37,99,39590,74,74,25926,1.070123,0.019673,1.279940,1.449477
blackout_only,186.0,600.0,300.0,4000.0,120.0,500.0,1,87,1924,1924,2143,2143,8,8,3,3,26,26,500.000000,930.000000,3100.000000,1,92.211357,0.184220,0.251001,0.264168,0.021050,0.022623,144,27,24,42,185,37,37,87,39590,74,74,25908,0.959950,0.020166,1.280197,1.254759
with_repeater,186.0,600.0,300.0,4000.0,120.0,500.0,1,87,1924,1924,2143,2143,8,8,3,3,26,26,500.000000,930.000000,3100.000000,1,92.193756,0.185338,0.250882,0.263532,0.021044,0.022637,152,25,23,48,185,37,37,99,39590,74,74,25926,1.067654,0.020235,1.280596,1.452336
blackout_only,186.0,600.0,300.0,4000.0,120.0,500.0,1,88,1924,1924,2143,2143,8,8,3,3,26,26,500.000000,930.000000,3100.000000,1,92.213134,0.181158,0.251187,0.263975,0.021115,0.022706,141,27,21,42,185,37,37,87,39590,74,74,25908,0.960957,0.020090,1.280358,1.255597
with_repeater,186.0,600.0,300.0,4000.0,120.0,500.0,1,88,1924,1924,2143,2143,8,8,3,3,26,26,500.000000,930.000000,3100.000000,1,92.175190,0.181680,0.251268,0.263881,0.021067,0.022611,136,21,23,47,185,37,37,99,39590,74,74,25926,1.068478,0.019668,1.280060,1.447317
blackout_only,186.0,600.0,300.0,4000.0,120.0,500.0,1,89,1924,1924,2143,2143,8,8,3,3,26,26,500.000000,930.000000,3100.000000,1,92.209233,0.181784,0.250971,0.263590,0.021087,0.022666,131,30,17,38,185,37,37,87,39590,74,74,25908,0.960136,0.020404,1.279300,1.251918
with_repeater,186.0,600.0,300.0,4000.0,120.0,500.0,1,89,1924,1924,2143,2143,8,8,3,3,26,26,500.000000,930.000000,3100.000000,1,92.191824,0.182791,0.250995,0.263239,0.021085,0.022585,137,30,20,45,185,37,37,99,39590,74,74,25926,1.067043,0.020355,1.279827,1.451293
blackout_only,186.0,600.0,900.0,4000.0,120.0,500.0,1,40,1924,1924,2143,2143,8,8,8,8,21,21,500.000000,930.000000,2500.000000,1,93.087475,0.180805,0.251005,0.264173,0.021077,0.022722,134,27,31,24,185,37,37,72,39590,74,74,25878,0.817794,0.019853,1.280148,1.039089
with_repeater,186.0,600.0,900.0,4000.0,120.0,500.0,1,40,1924,1924,2143,2143,8,8,8,8,21,21,500.000000,930.000000,2500.000000,1,93.081951,0.181389,0.250799,0.263437,0.021077,0.022699,141,28,22,45,185,37,37,99,39590,74,74,25926,1.108854,0.019820,1.280828,1.511499
blackout_only,186.0,600.0,900.0,4000.0,120.0,500.0,1,41,1924,1924,2143,2143,8,8,8,8,21,21,500.000000,930.000000,2500.000000,1,93.120502,0.185336,0.250946,0.263592,0.021043,0.022586,138,28,18,32,185,37,37,72,39590,74,74,25878,0.819251,0.020268,1.279937,1.041541
with_repeater,186.0,600.0,900.0,4000.0,120.0,500.0,1,41,1924,1924,2143,2143,8,8,8,8,21,21,500.000000,930.000000,2500.000000,1,93.111202,0.182799,0.251000,0.263860,0.021051,0.022628,127,27,22,53,185,37,37,99,39590,74,74,25926,1.110827,0.019658,1.279609,1.516126
blackout_only,186.0,600.0,900.0,4000.0,120.0,500.0,1,42,1924,1924,2143,2143,8,8,8,8,21,21,500.000000,930.000000,2500.000000,1,93.116940,0.182982,0.251067,0.263777,0.021042,0.022584,130,27,21,39,185,37,37,72,39590,74,74,25878,0.822540,0.019713,1.280039,1.040583
with_repeater,186.0,600.0,900.0,4000.0,120.0,500.0,1,42,1924,1924,2143,2143,8,8,8,8,21,21,500.000000,930.000000,2500.000000,1,93.082702,0.181683,0.250914,0.263276,0.021044,0.022681,139,29,25,52,185,37,37,99,39590,74,74,25926,1.112717,0.019864,1.279787,1.512810
blackout_only,186.0,600.0,900.0,4000.0,120.0,500.0,1,43,1924,1924,2143,2143,8,8,8,8,21,21,500.000000,930.000000,2500.000000,1,93.120705,0.183123,0.250928,0.263288,0.021062,0.022615,139,31,26,36,185,37,37,72,39590,74,74,25878,0.818848,0.020225,1.278572,1.046649
with_repeater,186.0,600.0,900.0,4000.0,120.0,500.0,1,43,1924,1924,2143,2143,8,8,8,8,21,21,500.000000,930.000000,2500.000000,1,93.120944,0.183060,0.251001,0.263543,0.021076,0.022678,134,29,18,45,185,37,37,99,39590,74,74,25926,1.110252,0.020133,1.279294,1.509067
blackout_only,186.0,600.0,900.0,4000.0,120.0,500.0,1,44,1924,1924,2143,2143,8,8,8,8,21,21,500.000000,930.000000,2500.000000,1,93.080746,0.181727,0.251053,0.263812,0.021096,0.022761,138,21,21,37,185,37,37,72,39590,74,74,25878,0.817708,0.020124,1.280129,1.036839
with_repeater,186.0,600.0,900.0,4000.0,120.0,500.0,1,44,1924,1924,2143,2143,8,8,8,8,21,21,500.000000,930.000000,2500.000000,1,93.056147,0.182487,0.250913,0.263856,0.021110,0.022665,132,27,18,45,185,37,37,99,39590,74,74,25926,1.105313,0.020221,1.279301,1.510032
blackout_only,186.0,600.0,900.0,4000.0,120.0,500.0,1,45,1924,1924,2143,2143,8,8,8,8,21,21,500.000000,930.000000,2500.000000,1,93.088120,0.182531,0.250902,0.263776,0.021046,0.022613,140,28,22,38,185,37,37,72,39590,74,74,25878,0.819734,0.020321,1.279953,1.041069
with_repeater,186.0,600.0,900.0,4000.0,120.0,500.0,1,45,1924,1924,2143,2143,8,8,8,8,21,21,500.000000,930.000000,2500.000000,1,93.134320,0.184866,0.251208,0.264279,0.021055,0.022627,141,29,22,50,185,37,37,99,39590,74,74,25926,1.109362,0.020038,1.279341,1.509842
blackout_only,186.0,600.0,900.0,4000.0,120.0,500.0,1,46,1924,1924,2143,2143,8,8,8,8,21,21,500.000000,930.000000,2500.000000,1,93.098535,0.183260,0.250719,0.263541,0.021068,0.022697,148,31,21,33,185,37,37,72,39590,74,74,25878,0.818205,0.019597,1.278700,1.040121
with_repeater,186.0,600.0,900.0,4000.0,120.0,500.0,1,46,1924,1924,2143,2143,8,8,8,8,21,21,500.000000,930.000000,2500.000000,1,93.139499,0.185163,0.250813,0.263341,0.021033,0.022634,140,29,24,48,185,37,37,99,39590,74,74,25926,1.110227,0.019928,1.280426,1.511350
blackout_only,186.0,600.0,900.0,4000.0,120.0,500.0,1,47,1924,1924,2143,2143,8,8,8,8,21,21,500.000000,930.000000,2500.000000,1,93.142668,0.183725,0.250793,0.263651,0.021082,0.022663,141,24,22,37,185,37,37,72,39590,74,74,25878,0.818210,0.020510,1.279939,1.039176
with_repeater,186.0,600.0,900.0,4000.0,120.0,500.0,1,47,1924,1924,2143,2143,8,8,8,8,21,21,500.000000,930.000000,2500.000000,1,93.159065,0.184233,0.251005,0.263781,0.021076,0.022653,137,24,25,51,185,37,37,99,39590,74,74,25926,1.107273,0.019954,1.280852,1.507363
blackout_only,186.0,600.0,900.0,4000.0,120.0,500.0,1,48,1924,1924,2143,2143,8,8,8,8,21,21,500.000000,930.000000,2500.000000,1,93.080568,0.183861,0.250855,0.263914,0.021083,0.022612,136,29,21,40,185,37,37,72,39590,74,74,25878,0.819127,0.019808,1.280060,1.037461
with_repeater,186.0,600.0,900.0,4000.0,120.0,500.0,1,48,1924,1924,2143,2143,8,8,8,8,21,21,500.000000,930.000000,2500.000000,1,93.099646,0.182097,0.251101,0.263908,0.021077,0.022671,144,32,19,56,185,37,37,99,39590,74,74,25926,1.112504,0.019878,1.280049,1.508408
blackout_only,186.0,600.0,900.0,4000.0,120.0,500.0,1,49,1924,1924,2143,2143,8,8,8,8,21,21,500.000000,930.000000,2500.000000,1,93.083099,0.182026,0.250999,0.263405,0.021073,0.022661,136,28,17,34,185,37,37,72,39590,74,74,25878,0.818101,0.020624,1.279657,1.038447
with_repeater,186.0,600.0,900.0,4000.0,120.0,500.0,1,49,1924,1924,2143,2143,8,8,8,8,21,21,500.000000,930.000000,2500.000000,1,93.115004,0.181985,0.250774,0.263080,0.021097,0.022654,135,25,23,54,185,37,37,99,39590,74,74,25926,1.110762,0.019627,1.279348,1.514045
blackout_only,186.0,600.0,900.0,4000.0,120.0,500.0,1,50,1924,1924,2143,2143,8,8,8,8,21,21,500.000000,930.000000,2500.000000,1,93.122495,0.185029,0.250996,0.263247,0.021052,0.022734,137,27,23,43,185,37,37,72,39590,74,74,25878,0.820271,0.020449,1.280326,1.037766
with_repeater,186.0,600.0,900.0,4000.0,120.0,500.0,1,50,1924,1924,2143,2143,8,8,8,8,21,21,500.000000,930.000000,2500.000000,1,93.118794,0.182717,0.251194,0.263531,0.021044,0.022671,142,29,23,53,185,37,37,99,39590,74,74,25926,1.112415,0.019860,1.280832,1.511170
blackout_only,186.0,600.0,900.0,4000.0,120.0,500.0,1,51,1924,1924,2143,2143,8,8,8,8,21,21,500.000000,930.000000,2500.000000,1,93.146153,0.185016,0.250976,0.263740,0.021097,0.022755,137,24,22,30,185,37,37,72,39590,74,74,25878,0.819462,0.020914,1.280705,1.039331
with_repeater,186.0,600.0,900.0,4000.0,120.0,500.0,1,51,1924,1924,2143,2143,8,8,8,8,21,21,500.000000,930.000000,2500.000000,1,93.130467,0.185662,0.251095,0.264308,0.021112,0.022727,134,28,22,57,185,37,37,99,39590,74,74,25926,1.109169,0.020097,1.279522,1.513541
blackout_only,186.0,600.0,900.0,4000.0,120.0,500.0,1,52,1924,1924,2143,2143,8,8,8,8,21,21,500.000000,930.000000,2500.000000,1,93.136115,0.185007,0.250954,0.263669,0.021030,0.022666,141,23,23,35,185,37,37,73,39590,74,74,25878,0.820124,0.020198,1.280407,1.045064
with_repeater,186.0,600.0,900.0,4000.0,120.0,500.0,1,52,1924,1924,2143,2143,8,8,8,8,21,21,500.000000,930.000000,2500.000000,1,93.174644,0.183893,0.250894,0.263279,0.021042,0.022651,145,27,25,57,185,37,37,99,39590,74,74,25926,1.111613,0.020489,1.280658,1.514335
blackout_only,186.0,600.0,900.0,4000.0,120.0,500.0,1,53,1924,1924,2143,2143,8,8,8,8,21,21,500.000000,930.000000,2500.000000,1,93.103195,0.182633,0.250980,0.263701,0.021074,0.022702,130,28,18,36,185,37,37,73,39590,74,74,25878,0.818230,0.019575,1.279995,1.046049
with_repeater,186.0,600.0,900.0,4000.0,120.0,500.0,1,53,1924,1924,2143,2143,8,8,8,8,21,21,500.000000,930.000000,2500.000000,1,93.096146,0.183867,0.250750,0.263777,0.021069,0.022664,126,24,18,53,185,37,37,99,39590,74,74,25926,1.108366,0.019872,1.279404,1.510574
blackout_only,186.0,600.0,900.0,4000.0,120.0,500.0,1,54,1924,1924,2143,2143,8,8,8,8,21,21,500.000000,930.000000,2500.000000,1,93.081301,0.182133,0.251077,0.263885,0.021056,0.022692,134,20,24,39,185,37,37,72,39590,74,74,25878,0.819628,0.020110,1.280130,1.039349
with_repeater,186.0,600.0,900.0,4000.0,120.0,500.0,1,54,1924,1924,2143,2143,8,8,8,8,21,21,500.000000,930.000000,2500.000000,1,93.098688,0.183138,0.250925,0.263642,0.021075,0.022668,133,24,22,43,185,37,37,99,39590,74,74,25926,1.112768,0.019991,1.279638,1.512416
blackout_only,186.0,600.0,900.0,4000.0,120.0,500.0,1,55,1924,1924,2143,2143,8,8,8,8,21,21,500.000000,930.000000,2500.000000,1,93.062284,0.184060,0.250673,0.262944,0.021036,0.022605,132,23,20,39,185,37,37,72,39590,74,74,25878,0.819796,0.020553,1.280523,1.039673
with_repeater,186.0,600.0,900.0,4000.0,120.0,500.0,1,55,1924,1924,2143,2143,8,8,8,8,21,21,500.000000,930.000000,2500.000000,1,93.093002,0.181430,0.250887,0.263486,0.021015,0.022569,142,26,18,53,185,37,37,99,39590,74,74,25926,1.108017,0.020336,1.280727,1.512015
blackout_only,186.0,600.0,900.0,4000.0,120.0,500.0,1,56,1924,1924,2143,2143,8,8,8,8,21,21,500.000000,930.000000,2500.000000,1,93.184446,0.185125,0.250919,0.264091,0.021094,0.022662,145,25,20,31,185,37,37,72,39590,74,74,25878,0.820464,0.020170,1.279240,1.041956
with_repeater,186.0,600.0,900.0,4000.0,120.0,500.0,1,56,1924,1924,2143,2143,8,8,8,8,21,21,500.000000,930.000000,2500.000000,1,93.147416,0.183499,0.250862,0.264003,0.021058,0.022680,133,24,25,52,185,37,37,99,39590,74,74,25926,1.111971,0.020284,1.280452,1.513970
blackout_only,186.0,600.0,900.0,4000.0,120.0,500.0,1,57,1924,1924,2143,2143,8,8,8,8,21,21,500.000000,930.000000,2500.000000,1,93.133574,0.184681,0.251261,0.264243,0.021037,0.022569,141,29,20,34,185,37,37,73,39590,74,74,25878,0.820725,0.019376,1.279674,1.045129
with_repeater,186.0,600.0,900.0,4000.0,120.0,500.0,1,57,1924,1924,2143,2143,8,8,8,8,21,21,500.000000,930.000000,2500.000000,1,93.102390,0.182381,0.251238,0.264188,0.021051,0.022651,137,25,16,46,185,37,37,99,39590,74,74,25926,1.108474,0.020075,1.279983,1.513273
blackout_only,186.0,600.0,900.0,4000.0,120.0,500.0,1,58,1924,1924,2143,2143,8,8,8,8,21,21,500.000000,930.000000,2500.000000,1,93.050980,0.181169,0.251395,0.264036,0.021077,0.022704,114,26,22,36,185,37,37,72,39590,74,74,25878,0.819965,0.020029,1.279264,1.039392
with_repeater,186.0,600.0,900.0,4000.0,120.0,500.0,1,58,1924,1924,2143,2143,8,8,8,8,21,21,500.000000,930.000000,2500.000000,1,93.121279,0.184743,0.250916,0.263838,0.021074,0.022679,119,31,27,46,185,37,37,99,39590,74,74,25926,1.108776,0.020094,1.278899,1.514878
blackout_only,186.0,600.0,900.0,4000.0,120.0,500.0,1,59,1924,1924,2143,2143,8,8,8,8,21,21,500.000000,930.000000,2500.000000,1,93.043554,0.180486,0.251002,0.263877,0.021106,0.022714,133,29,20,40,185,37,37,72,39590,74,74,25878,0.820316,0.020063,1.281651,1.039142
with_repeater,186.0,600.0,900.0,4000.0,120.0,500.0,1,59,1924,1924,2143,2143,8,8,8,8,21,21,500.000000,930.000000,2500.000000,1,93.023624,0.180789,0.251387,0.264195,0.021065,0.022651,142,30,23,49,185,37,37,100,39590,74,74,25926,1.109853,0.020189,1.279496,1.518496
blackout_only,186.0,600.0,900.0,4000.0,120.0,500.0,1,60,1924,1924,2143,2143,8,8,8,8,21,21,500.000000,930.000000,2500.000000,1,93.127647,0.184101,0.251219,0.263381,0.021046,0.022622,148,26,17,37,185,37,37,72,39590,74,74,25878,0.818281,0.020698,1.280521,1.038590
with_repeater,186.0,600.0,900.0,4000.0,120.0,500.0,1,60,1924,1924,2143,2143,8,8,8,8,21,21,500.000000,930.000000,2500.000000,1,93.091319,0.181116,0.251188,0.263620,0.021056,0.022652,131,22,26,50,185,37,37,99,39590,74,74,25926,1.106827,0.019989,1.280678,1.512577
blackout_only,186.0,600.0,900.0,4000.0,120.0,500.0,1,61,1924,1924,2143,2143,8,8,8,8,21,21,500.000000,930.000000,2500.000000,1,93.189695,0.183019,0.251286,0.263679,0.021042,0.022588,144,31,20,36,185,37,37,72,39590,74,74,25878,0.819149,0.019768,1.279138,1.040816
with_repeater,186.0,600.0,900.0,4000.0,120.0,500.0,1,61,1924,1924,2143,2143,8,8,8,8,21,21,500.000000,930.000000,2500.000000,1,93.132692,0.184020,0.251029,0.263559,0.021052,0.022636,144,27,20,52,185,37,37,99,39590,74,74,25926,1.108508,0.020609,1.279809,1.511260
blackout_only,186.0,600.0,900.0,4000.0,120.0,500.0,1,62,1924,1924,2143,2143,8,8,8,8,21,21,500.000000,930.000000,2500.000000,1,93.120469,0.182011,0.251252,0.264332,0.021041,0.022604,133,30,24,36,185,37,37,72,39590,74,74,25878,0.818180,0.020352,1.279953,1.040166
with_repeater,186.0,600.0,900.0,4000.0,120.0,500.0,1,62,1924,1924,2143,2143,8,8,8,8,21,21,500.000000,930.000000,2500.000000,1,93.062550,0.181199,0.251072,0.263839,0.021065,0.022678,137,28,20,49,185,37,37,99,39590,74,74,25926,1.108418,0.020205,1.281133,1.515394
blackout_only,186.0,600.0,900.0,4000.0,120.0,500.0,1,63,1924,1924,2143,2143,8,8,8,8,21,21,500.000000,930.000000,2500.000000,1,93.107294,0.182590,0.250989,0.263666,0.021048,0.022686,134,29,23,34,185,37,37,72,39590,74,74,25878,0.819079,0.020694,1.279331,1.039524
with_repeater,186.0,600.0,900.0,4000.0,120.0,500.0,1,63,1924,1924,2143,2143,8,8,8,8,21,21,500.000000,930.000000,2500.000000,1,93.109512,0.182408,0.250744,0.263150,0.021073,0.022656,142,27,25,51,185,37,37,99,39590,74,74,25926,1.111355,0.019767,1.279421,1.511182
blackout_only,186.0,600.0,900.0,4000.0,120.0,500.0,1,64,1924,1924,2143,2143,8,8,8,8,21,21,500.000000,930.000000,2500.000000,1,93.164477,0.183323,0.250955,0.263200,0.021091,0.022703,134,29,22,38,185,37,37,72,39590,74,74,25878,0.818245,0.020471,1.279881,1.040460
with_repeater,186.0,600.0,900.0,4000.0,120.0,500.0,1,64,1924,1924,2143,2143,8,8,8,8,21,21,500.000000,930.000000,2500.000000,1,93.107958,0.182334,0.250945,0.263320,0.021075,0.022630,130,25,24,55,185,37,37,99,39590,74,74,25926,1.108619,0.019787,1.280022,1.513369
blackout_only,186.0,600.0,900.0,4000.0,120.0,500.0,1,65,1924,1924,2143,2143,8,8,8,8,21,21,500.000000,930.000000,2500.000000,1,93.144683,0.182982,0.250958,0.263426,0.021057,0.022636,132,25,23,38,185,37,37,72,39590,74,74,25878,0.818012,0.020317,1.280129,1.039166
with_repeater,186.0,600.0,900.0,4000.0,120.0,500.0,1,65,1924,1924,2143,2143,8,8,8,8,21,21,500.000000,930.000000,2500.000000,1,93.078519,0.181041,0.250859,0.263969,0.021078,0.022608,131,23,21,49,185,37,37,99,39590,74,74,25926,1.107970,0.019944,1.280535,1.509010
blackout_only,186.0,600.0,900.0,4000.0,120.0,500.0,1,66,1924,1924,2143,2143,8,8,8,8,21,21,500.000000,930.000000,2500.000000,1,93.126624,0.182142,0.250899,0.263059,0.021053,0.022616,129,24,19,43,185,37,37,72,39590,74,74,25878,0.819705,0.019873,1.279763,1.045747
with_repeater,186.0,600.0,900.0,4000.0,120.0,500.0,1,66,1924,1924,2143,2143,8,8,8,8,21,21,500.000000,930.000000,2500.000000,1,93.107680,0.182740,0.250902,0.263175,0.021059,0.022642,142,23,25,56,185,37,37,99,39590,74,74,25926,1.111660,0.019599,1.280373,1.510738
blackout_only,186.0,600.0,900.0,4000.0,120.0,500.0,1,67,1924,1924,2143,2143,8,8,8,8,21,21,500.000000,930.000000,2500.000000,1,93.045343,0.181124,0.251059,0.263161,0.021060,0.022630,141,26,17,34,185,37,37,72,39590,74,74,25878,0.821889,0.019764,1.279168,1.041844
with_repeater,186.0,600.0,900.0,4000.0,120.0,500.0,1,67,1924,1924,2143,2143,8,8,8,8,21,21,500.000000,930.000000,2500.000000,1,93.034919,0.180216,0.250911,0.263830,0.021075,0.022640,132,33,26,43,185,37,37,99,39590,74,74,25926,1.109648,0.019960,1.279399,1.513281
blackout_only,186.0,600.0,900.0,4000.0,120.0,500.0,1,68,1924,1924,2143,2143,8,8,8,8,21,21,500.000000,930.000000,2500.000000,1,93.106666,0.184067,0.250886,0.263736,0.021050,0.022661,136,33,23,34,185,37,37,72,39590,74,74,25878,0.819419,0.019671,1.280559,1.037119
with_repeater,186.0,600.0,900.0,4000.0,120.0,500.0,1,68,1924,1924,2143,2143,8,8,8,8,21,21,500.000000,930.000000,2500.000000,1,93.095008,0.182720,0.250955,0.263899,0.021026,0.022668,140,29,19,56,185,37,37,99,39590,74,74,25926,1.111099,0.020474,1.280292,1.509992
blackout_only,186.0,600.0,900.0,4000.0,120.0,500.0,1,69,1924,1924,2143,2143,8,8,8,8,21,21,500.000000,930.000000,2500.000000,1,93.155482,0.183636,0.250781,0.263517,0.021077,0.022643,138,25,21,40,185,37,37,72,39590,74,74,25878,0.819998,0.020338,1.279345,1.038461
with_repeater,186.0,600.0,900.0,4000.0,120.0,500.0,1,69,1924,1924,2143,2143,8,8,8,8,21,21,500.000000,930.000000,2500.000000,1,93.122169,0.184075,0.250996,0.263787,0.021085,0.022691,138,20,22,55,185,37,37,100,39590,74,74,25926,1.109681,0.020544,1.278958,1.522731
blackout_only,186.0,600.0,900.0,4000.0,120.0,500.0,1,70,1924,1924,2143,2143,8,8,8,8,21,21,500.000000,930.000000,2500.000000,1,93.170423,0.184440,0.250853,0.263788,0.021041,0.022668,131,25,29,38,185,37,37,72,39590,74,74,25878,0.817777,0.020120,1.279589,1.044036
with_repeater,186.0,600.0,900.0,4000.0,120.0,500.0,1,70,1924,1924,2143,2143,8,8,8,8,21,21,500.000000,930.000000,2500.000000,1,93.167941,0.185754,0.251031,0.263428,0.021036,0.022672,133,24,20,47,185,37,37,99,39590,74,74,25926,1.110446,0.020156,1.280283,1.514865
blackout_only,186.0,600.0,900.0,4000.0,120.0,500.0,1,71,1924,1924,2143,2143,8,8,8,8,21,21,500.000000,930.000000,2500.000000,1,93.117038,0.182197,0.251119,0.264056,0.021082,0.022648,128,27,23,32,185,37,37,72,39590,74,74,25878,0.819531,0.020014,1.279585,1.039665
with_repeater,186.0,600.0,900.0,4000.0,120.0,500.0,1,71,1924,1924,2143,2143,8,8,8,8,21,21,500.000000,930.000000,2500.000000,1,93.116576,0.182910,0.251102,0.263500,0.021063,0.022645,144,30,25,47,185,37,37,99,39590,74,74,25926,1.109248,0.019181,1.279437,1.514522
blackout_only,186.0,600.0,900.0,4000.0,120.0,500.0,1,72,1924,1924,2143,2143,8,8,8,8,21,21,500.000000,930.000000,2500.000000,1,93.078797,0.181981,0.250978,0.263832,0.021087,0.022593,138,27,23,35,185,37,37,72,39590,74,74,25878,0.820410,0.020274,1.279910,1.038346
with_repeater,186.0,600.0,900.0,4000.0,120.0,500.0,1,72,1924,1924,2143,2143,8,8,8,8,21,21,500.000000,930.000000,2500.000000,1,93.079584,0.182144,0.251119,0.263309,0.021096,0.022602,130,28,23,45,185,37,37,99,39590,74,74,25926,1.107300,0.019891,1.280093,1.511320
blackout_only,186.0,600.0,900.0,4000.0,120.0,500.0,1,73,1924,1924,2143,2143,8,8,8,8,21,21,500.000000,930.000000,2500.000000,1,93.142001,0.184673,0.250804,0.263555,0.021050,0.022697,141,25,22,39,185,37,37,72,39590,74,74,25878,0.820204,0.020042,1.278874,1.039510
with_repeater,186.0,600.0,900.0,4000.0,120.0,500.0,1,73,1924,1924,2143,2143,8,8,8,8,21,21,500.000000,930.000000,2500.000000,1,93.076020,0.183347,0.250859,0.263371,0.021060,0.022585,135,26,26,48,185,37,37,99,39590,74,74,25926,1.109852,0.020068,1.278345,1.508903
blackout_only,186.0,600.0,900.0,4000.0,120.0,500.0,1,74,1924,1924,2143,2143,8,8,8,8,21,21,500.000000,930.000000,2500.000000,1,93.122806,0.184000,0.251200,0.264137,0.021107,0.022692,138,30,20,40,185,37,37,72,39590,74,74,25878,0.820817,0.020004,1.280303,1.038015
with_repeater,186.0,600.0,900.0,4000.0,120.0,500.0,1,74,1924,1924,2143,2143,8,8,8,8,21,21,500.000000,930.000000,2500.000000,1,93.138462,0.183942,0.250966,0.263934,0.021094,0.022688,128,25,23,53,185,37,37,99,39590,74,74,25926,1.108439,0.019737,1.279840,1.510750
blackout_only,186.0,600.0,900.0,4000.0,120.0,500.0,1,75,1924,1924,2143,2143,8,8,8,8,21,21,500.000000,930.000000,2500.000000,1,93.076952,0.182516,0.250912,0.263593,0.021031,0.022624,136,25,27,39,185,37,37,72,39590,74,74,25878,0.818286,0.020324,1.279857,1.038073
with_repeater,186.0,600.0,900.0,4000.0,120.0,500.0,1,75,1924,1924,2143,2143,8,8,8,8,21,21,500.000000,930.000000,2500.000000,1,93.080012,0.181315,0.250741,0.263233,0.021040,0.022572,136,28,27,45,185,37,37,99,39590,74,74,25926,1.109095,0.020084,1.280623,1.510714
blackout_only,186.0,600.0,900.0,4000.0,120.0,500.0,1,76,1924,1924,2143,2143,8,8,8,8,21,21,500.000000,930.000000,2500.000000,1,93.156061,0.182918,0.251104,0.263772,0.021067,0.022732,134,27,16,41,185,37,37,73,39590,74,74,25878,0.820986,0.020295,1.280079,1.044361
with_repeater,186.0,600.0,900.0,4000.0,120.0,500.0,1,76,1924,1924,2143,2143,8,8,8,8,21,21,500.000000,930.000000,2500.000000,1,93.110440,0.184131,0.250857,0.263782,0.021098,0.022722,147,24,24,55,185,37,37,99,39590,74,74,25926,1.105939,0.020251,1.280976,1.511128
blackout_only,186.0,600.0,900.0,4000.0,120.0,500.0,1,77,1924,1924,2143,2143,8,8,8,8,21,21,500.000000,930.000000,2500.000000,1,93.100033,0.181253,0.250971,0.264157,0.021116,0.022662,127,25,19,37,185,37,37,72,39590,74,74,25878,0.819301,0.019333,1.280423,1.039361
with_repeater,186.0,600.0,900.0,4000.0,120.0,500.0,1,77,1924,1924,2143,2143,8,8,8,8,21,21,500.000000,930.000000,2500.000000,1,93.162345,0.183808,0.251011,0.264008,0.021094,0.022665,133,26,24,52,185,37,37,99,39590,74,74,25926,1.110610,0.019469,1.280044,1.513416
blackout_only,186.0,600.0,900.0,4000.0,120.0,500.0,1,78,1924,1924,2143,2143,8,8,8,8,21,21,500.000000,930.000000,2500.000000,1,93.106894,0.182739,0.251288,0.263474,0.021088,0.022681,132,25,23,33,185,37,37,72,39590,74,74,25878,0.818845,0.020643,1.280256,1.037777
with_repeater,186.0,600.0,900.0,4000.0,120.0,500.0,1,78,1924,1924,2143,2143,8,8,8,8,21,21,500.000000,930.000000,2500.000000,1,93.175370,0.184981,0.251174,0.263732,0.021107,0.022660,141,28,21,53,185,37,37,99,39590,74,74,25926,1.110857,0.020096,1.280076,1.508321
blackout_only,186.0,600.0,900.0,4000.0,120.0,500.0,1,79,1924,1924,2143,2143,8,8,8,8,21,21,500.000000,930.000000,2500.000000,1,93.056591,0.182448,0.251032,0.263845,0.021076,0.022686,132,29,22,29,185,37,37,72,39590,74,74,25878,0.818378,0.019678,1.279853,1.042135
with_repeater,186.0,600.0,900.0,4000.0,120.0,500.0,1,79,1924,1924,2143,2143,8,8,8,8,21,21,500.000000,930.000000,2500.000000,1,93.058523,0.181491,0.251382,0.263954,0.021064,0.022674,126,28,22,45,185,37,37,99,39590,74,74,25926,1.107773,0.019451,1.280744,1.513132
blackout_only,186.0,600.0,900.0,4000.0,120.0,500.0,1,80,1924,1924,2143,2143,8,8,8,8,21,21,500.000000,930.000000,2500.000000,1,93.064922,0.181636,0.250983,0.263898,0.021049,0.022685,143,27,22,30,185,37,37,72,39590,74,74,25878,0.819248,0.020297,1.280213,1.038849
with_repeater,186.0,600.0,900.0,4000.0,120.0,500.0,1,80,1924,1924,2143,2143,8,8,8,8,21,21,500.000000,930.000000,2500.000000,1,93.083154,0.183195,0.250890,0.263324,0.021063,0.022612,139,27,28,58,185,37,37,99,39590,74,74,25926,1.108680,0.020294,1.280728,1.519467
blackout_only,186.0,600.0,900.0,4000.0,120.0,500.0,1,81,1924,1924,2143,2143,8,8,8,8,21,21,500.000000,930.000000,2500.000000,1,93.112048,0.183038,0.250846,0.264093,0.021072,0.022629,140,28,24,42,185,37,37,72,39590,74,74,25878,0.819773,0.020218,1.280502,1.040457
with_repeater,186.0,600.0,900.0,4000.0,120.0,500.0,1,81,1924,1924,2143,2143,8,8,8,8,21,21,500.000000,930.000000,2500.000000,1,93.105480,0.182475,0.251037,0.264391,0.021084,0.022655,143,26,26,52,185,37,37,99,39590,74,74,25926,1.107201,0.020141,1.281518,1.513911
blackout_only,186.0,600.0,900.0,4000.0,120.0,500.0,1,82,1924,1924,2143,2143,8,8,8,8,21,21,500.000000,930.000000,2500.000000,1,93.097734,0.182501,0.251085,0.263876,0.021037,0.022627,139,25,23,37,185,37,37,72,39590,74,74,25878,0.817050,0.020321,1.281190,1.038666
with_repeater,186.0,600.0,900.0,4000.0,120.0,500.0,1,82,1924,1924,2143,2143,8,8,8,8,21,21,500.000000,930.000000,2500.000000,1,93.164468,0.182972,0.251177,0.264036,0.021027,0.022690,135,22,24,45,185,37,37,99,39590,74,74,25926,1.108243,0.019971,1.280167,1.514202
blackout_only,186.0,600.0,900.0,4000.0,120.0,500.0,1,83,1924,1924,2143,2143,8,8,8,8,21,21,500.000000,930.000000,2500.000000,1,93.175980,0.187188,0.250893,0.263689,0.021095,0.022678,148,29,20,36,185,37,37,72,39590,74,74,25878,0.819072,0.019293,1.279264,1.037636
with_repeater,186.0,600.0,900.0,4000.0,120.0,500.0,1,83,1924,1924,2143,2143,8,8,8,8,21,21,500.000000,930.000000,2500.000000,1,93.147931,0.184580,0.250786,0.263313,0.021089,0.022687,144,31,22,52,185,37,37,99,39590,74,74,25926,1.110390,0.019467,1.279749,1.512928
blackout_only,186.0,600.0,900.0,4000.0,120.0,500.0,1,84,1924,1924,2143,2143,8,8,8,8,21,21,500.000000,930.000000,2500.000000,1,93.097824,0.183237,0.251047,0.263890,0.021076,0.022649,141,21,25,32,185,37,37,72,39590,74,74,25878,0.818343,0.020014,1.279498,1.038121
with_repeater,186.0,600.0,900.0,4000.0,120.0,500.0,1,84,1924,1924,2143,2143,8,8,8,8,21,21,500.000000,930.000000,2500.000000,1,93.043857,0.180905,0.251069,0.263671,0.021117,0.022702,139,28,23,54,185,37,37,99,39590,74,74,25926,1.109036,0.020147,1.279961,1.513249
blackout_only,186.0,600.0,900.0,4000.0,120.0,500.0,1,85,1924,1924,2143,2143,8,8,8,8,21,21,500.000000,930.000000,2500.000000,1,93.131281,0.185264,0.250936,0.263467,0.021045,0.022643,138,28,25,30,185,37,37,72,39590,74,74,25878,0.819942,0.019987,1.280601,1.039389
with_repeater,186.0,600.0,900.0,4000.0,120.0,500.0,1,85,1924,1924,2143,2143,8,8,8,8,21,21,500.000000,930.000000,2500.000000,1,93.126300,0.184457,0.250922,0.263568,0.021062,0.022652,145,26,24,41,185,37,37,99,39590,74,74,25926,1.107551,0.019610,1.279790,1.515138
blackout_only,186.0,600.0,900.0,4000.0,120.0,500.0,1,86,1924,1924,2143,2143,8,8,8,8,21,21,500.000000,930.000000,2500.000000,1,93.160468,0.182888,0.251311,0.264091,0.021061,0.022590,140,23,21,37,185,37,37,72,39590,74,74,25878,0.820847,0.019450,1.281021,1.037942
with_repeater,186.0,600.0,900.0,4000.0,120.0,500.0,1,86,1924,1924,2143,2143,8,8,8,8,21,21,500.000000,930.000000,2500.000000,1,93.146920,0.183542,0.251144,0.264875,0.021060,0.022609,136,32,23,54,185,37,37,99,39590,74,74,25926,1.110892,0.019906,1.280177,1.512977
blackout_only,186.0,600.0,900.0,4000.0,120.0,500.0,1,87,1924,1924,2143,2143,8,8,8,8,21,21,500.000000,930.000000,2500.000000,1,93.136995,0.181941,0.251073,0.263614,0.021093,0.022620,136,27,25,37,185,37,37,72,39590,74,74,25878,0.818711,0.019535,1.280397,1.037789
with_repeater,186.0,600.0,900.0,4000.0,120.0,500.0,1,87,1924,1924,2143,2143,8,8,8,8,21,21,500.000000,930.000000,2500.000000,1,93.124531,0.184088,0.250868,0.263848,0.021041,0.022617,146,27,25,48,185,37,37,99,39590,74,74,25926,1.109757,0.019982,1.280371,1.514601
blackout_only,186.0,600.0,900.0,4000.0,120.0,500.0,1,88,1924,1924,2143,2143,8,8,8,8,21,21,500.000000,930.000000,2500.000000,1,93.112451,0.181838,0.251181,0.263554,0.021093,0.022599,135,28,22,39,185,37,37,72,39590,74,74,25878,0.820627,0.019576,1.280441,1.042551
with_repeater,186.0,600.0,900.0,4000.0,120.0,500.0,1,88,1924,1924,2143,2143,8,8,8,8,21,21,500.000000,930.000000,2500.000000,1,93.084850,0.181614,0.251268,0.263929,0.021067,0.022599,139,20,23,43,185,37,37,99,39590,74,74,25926,1.108773,0.019894,1.279402,1.508619
blackout_only,186.0,600.0,900.0,4000.0,120.0,500.0,1,89,1924,1924,2143,2143,8,8,8,8,21,21,500.000000,930.000000,2500.000000,1,93.115259,0.180948,0.251103,0.263511,0.021093,0.022646,135,33,26,35,185,37,37,72,39590,74,74,25878,0.820547,0.020251,1.279900,1.038408
with_repeater,186.0,600.0,900.0,4000.0,120.0,500.0,1,89,1924,1924,2143,2143,8,8,8,8,21,21,500.000000,930.000000,2500.000000,1,93.144787,0.183273,0.251032,0.263419,0.021078,0.022601,138,31,21,45,185,37,37,99,39590,74,74,25926,1.108418,0.020510,1.280384,1.512803
blackout_only,186.0,600.0,1800.0,4000.0,120.0,500.0,1,40,1924,1924,2143,2143,8,8,15,15,14,14,500.000000,930.000000,1600.000000,1,34.319576,0.181332,0.250902,0.264133,0.021069,0.022715,132,26,27,19,185,37,37,51,39590,74,74,25836,0.622595,0.019646,1.280204,0.735698
with_repeater,186.0,600.0,1800.0,4000.0,120.0,500.0,1,40,1924,1924,2143,2143,8,8,15,15,14,14,500.000000,930.000000,1600.000000,1,34.368762,0.181485,0.250838,0.263444,0.021067,0.022690,139,25,24,45,185,37,37,99,39590,74,74,25926,1.166070,0.020244,1.280967,1.600959
blackout_only,186.0,600.0,1800.0,4000.0,120.0,500.0,1,41,1924,1924,2143,2143,8,8,15,15,14,14,500.000000,930.000000,1600.000000,1,34.377146,0.181139,0.251397,0.263671,0.021019,0.022612,137,29,19,26,185,37,37,51,39590,74,74,25836,0.623611,0.020149,1.279908,0.739968
with_repeater,186.0,600.0,1800.0,4000.0,120.0,500.0,1,41,1924,1924,2143,2143,8,8,15,15,14,14,500.000000,930.000000,1600.000000,1,34.384020,0.182300,0.250982,0.263819,0.021045,0.022599,127,28,20,53,185,37,37,99,39590,74,74,25926,1.167782,0.019943,1.279731,1.604142
blackout_only,186.0,600.0,1800.0,4000.0,120.0,500.0,1,42,1924,1924,2143,2143,8,8,15,15,14,14,500.000000,930.000000,1600.000000,1,34.407553,0.183849,0.250986,0.263504,0.021059,0.022705,133,26,22,27,185,37,37,51,39590,74,74,25836,0.624543,0.020136,1.280033,0.736978
with_repeater,186.0,600.0,1800.0,4000.0,120.0,500.0,1,42,1924,1924,2143,2143,8,8,15,15,14,14,500.000000,930.000000,1600.000000,1,34.381087,0.181750,0.250921,0.263504,0.021049,0.022703,141,28,23,51,185,37,37,99,39590,74,74,25926,1.169968,0.020342,1.280315,1.601911
blackout_only,186.0,600.0,1800.0,4000.0,120.0,500.0,1,43,1924,1924,2143,2143,8,8,15,15,14,14,500.000000,930.000000,1600.000000,1,34.436718,0.184130,0.250926,0.263665,0.021062,0.022638,138,29,21,22,185,37,37,51,39590,74,74,25836,0.622234,0.020221,1.279107,0.738984
with_repeater,186.0,600.0,1800.0,4000.0,120.0,500.0,1,43,1924,1924,2143,2143,8,8,15,15,14,14,500.000000,930.000000,1600.000000,1,34.403151,0.182224,0.250983,0.263467,0.021080,0.022673,133,28,18,46,185,37,37,99,39590,74,74,25926,1.166949,0.020369,1.280107,1.596005
blackout_only,186.0,600.0,1800.0,4000.0,120.0,500.0,1,44,1924,1924,2143,2143,8,8,15,15,14,14,500.000000,930.000000,1600.000000,1,34.357184,0.182781,0.251046,0.263812,0.021120,0.022769,131,21,19,28,185,37,37,51,39590,74,74,25836,0.621799,0.019776,1.280089,0.736551
with_repeater,186.0,600.0,1800.0,4000.0,120.0,500.0,1,44,1924,1924,2143,2143,8,8,15,15,14,14,500.000000,930.000000,1600.000000,1,34.324928,0.182243,0.250952,0.263858,0.021101,0.022674,133,25,17,46,185,37,37,99,39590,74,74,25926,1.163503,0.019857,1.279717,1.597821
blackout_only,186.0,600.0,1800.0,4000.0,120.0,500.0,1,45,1924,1924,2143,2143,8,8,15,15,14,14,500.000000,930.000000,1600.000000,1,34.372085,0.182475,0.250758,0.263242,0.021056,0.022624,140,27,22,23,185,37,37,51,39590,74,74,25836,0.622182,0.019946,1.279300,0.739331
with_repeater,186.0,600.0,1800.0,4000.0,120.0,500.0,1,45,1924,1924,2143,2143,8,8,15,15,14,14,500.000000,930.000000,1600.000000,1,34.425218,0.184292,0.251219,0.264187,0.021057,0.022624,140,28,22,47,185,37,37,99,39590,74,74,25926,1.166015,0.020045,1.279468,1.598473
blackout_only,186.0,600.0,1800.0,4000.0,120.0,500.0,1,46,1924,1924,2143,2143,8,8,15,15,14,14,500.000000,930.000000,1600.000000,1,34.412041,0.185619,0.250935,0.263495,0.021053,0.022639,139,29,19,20,185,37,37,51,39590,74,74,25836,0.622963,0.019844,1.279388,0.739494
with_repeater,186.0,600.0,1800.0,4000.0,120.0,500.0,1,46,1924,1924,2143,2143,8,8,15,15,14,14,500.000000,930.000000,1600.000000,1,34.427084,0.184427,0.250688,0.263317,0.021048,0.022634,138,28,24,51,185,37,37,99,39590,74,74,25926,1.167084,0.019902,1.281117,1.598784
blackout_only,186.0,600.0,1800.0,4000.0,120.0,500.0,1,47,1924,1924,2143,2143,8,8,15,15,14,14,500.000000,930.000000,1600.000000,1,34.495783,0.186475,0.251142,0.264652,0.021078,0.022677,146,28,26,29,185,37,37,51,39590,74,74,25836,0.621450,0.019975,1.280293,0.738016
with_repeater,186.0,600.0,1800.0,4000.0,120.0,500.0,1,47,1924,1924,2143,2143,8,8,15,15,14,14,500.000000,930.000000,1600.000000,1,34.448689,0.183971,0.250988,0.263713,0.021093,0.022680,134,24,25,45,185,37,37,99,39590,74,74,25926,1.163747,0.020270,1.280027,1.594999
blackout_only,186.0,600.0,1800.0,4000.0,120.0,500.0,1,48,1924,1924,2143,2143,8,8,15,15,14,14,500.000000,930.000000,1600.000000,1,34.370535,0.184679,0.250931,0.263906,0.021100,0.022679,138,29,20,27,185,37,37,52,39590,74,74,25836,0.621565,0.019565,1.279784,0.745244
with_repeater,186.0,600.0,1800.0,4000.0,120.0,500.0,1,48,1924,1924,2143,2143,8,8,15,15,14,14,500.000000,930.000000,1600.000000,1,34.398137,0.182491,0.251084,0.263908,0.021076,0.022673,137,32,22,56,185,37,37,99,39590,74,74,25926,1.169303,0.019871,1.279649,1.598872
blackout_only,186.0,600.0,1800.0,4000.0,120.0,500.0,1,49,1924,1924,2143,2143,8,8,15,15,14,14,500.000000,930.000000,1600.000000,1,34.371867,0.182561,0.250819,0.263556,0.021076,0.022659,136,30,20,31,185,37,37,51,39590,74,74,25836,0.621719,0.020589,1.278745,0.736378
with_repeater,186.0,600.0,1800.0,4000.0,120.0,500.0,1,49,1924,1924,2143,2143,8,8,15,15,14,14,500.000000,930.000000,1600.000000,1,34.423078,0.183009,0.250792,0.262925,0.021103,0.022676,139,24,22,52,185,37,37,99,39590,74,74,25926,1.168101,0.019756,1.279077,1.601358
blackout_only,186.0,600.0,1800.0,4000.0,120.0,500.0,1,50,1924,1924,2143,2143,8,8,15,15,14,14,500.000000,930.000000,1600.000000,1,34.384131,0.182618,0.250978,0.263358,0.021063,0.022705,136,27,22,28,185,37,37,51,39590,74,74,25836,0.624396,0.020342,1.280111,0.737132
with_repeater,186.0,600.0,1800.0,4000.0,120.0,500.0,1,50,1924,1924,2143,2143,8,8,15,15,14,14,500.000000,930.000000,1600.000000,1,34.388104,0.182226,0.251204,0.263517,0.021052,0.022684,145,30,21,54,185,37,37,99,39590,74,74,25926,1.170453,0.019664,1.280634,1.602993
blackout_only,186.0,600.0,1800.0,4000.0,120.0,500.0,1,51,1924,1924,2143,2143,8,8,15,15,14,14,500.000000,930.000000,1600.000000,1,34.439957,0.184436,0.250882,0.263072,0.021088,0.022740,134,28,22,21,185,37,37,51,39590,74,74,25836,0.623358,0.020731,1.280100,0.737514
with_repeater,186.0,600.0,1800.0,4000.0,120.0,500.0,1,51,1924,1924,2143,2143,8,8,15,15,14,14,500.000000,930.000000,1600.000000,1,34.427940,0.183636,0.251014,0.264265,0.021109,0.022776,135,27,23,52,185,37,37,99,39590,74,74,25926,1.167134,0.020269,1.279562,1.600986
blackout_only,186.0,600.0,1800.0,4000.0,120.0,500.0,1,52,1924,1924,2143,2143,8,8,15,15,14,14,500.000000,930.000000,1600.000000,1,34.402725,0.181684,0.250940,0.263276,0.021054,0.022653,133,26,23,25,185,37,37,51,39590,74,74,25836,0.620841,0.020071,1.280079,0.738487
with_repeater,186.0,600.0,1800.0,4000.0,120.0,500.0,1,52,1924,1924,2143,2143,8,8,15,15,14,14,500.000000,930.000000,1600.000000,1,34.459156,0.184861,0.250946,0.263387,0.021050,0.022677,143,27,24,55,185,37,37,99,39590,74,74,25926,1.167869,0.020743,1.280599,1.603821
blackout_only,186.0,600.0,1800.0,4000.0,120.0,500.0,1,53,1924,1924,2143,2143,8,8,15,15,14,14,500.000000,930.000000,1600.000000,1,34.340606,0.181542,0.251384,0.264177,0.021070,0.022665,125,31,20,24,185,37,37,51,39590,74,74,25836,0.621545,0.019300,1.280393,0.738317
with_repeater,186.0,600.0,1800.0,4000.0,120.0,500.0,1,53,1924,1924,2143,2143,8,8,15,15,14,14,500.000000,930.000000,1600.000000,1,34.388932,0.183458,0.250950,0.263982,0.021070,0.022663,127,26,21,49,185,37,37,99,39590,74,74,25926,1.162966,0.020004,1.279528,1.597266
blackout_only,186.0,600.0,1800.0,4000.0,120.0,500.0,1,54,1924,1924,2143,2143,8,8,15,15,14,14,500.000000,930.000000,1600.000000,1,34.360370,0.182680,0.250816,0.263334,0.021072,0.022702,138,23,22,21,185,37,37,51,39590,74,74,25836,0.623358,0.020028,1.279678,0.738242
with_repeater,186.0,600.0,1800.0,4000.0,120.0,500.0,1,54,1924,1924,2143,2143,8,8,15,15,14,14,500.000000,930.000000,1600.000000,1,34.387544,0.182500,0.250926,0.263713,0.021076,0.022684,134,24,23,45,185,37,37,99,39590,74,74,25926,1.170067,0.019916,1.279530,1.597655
blackout_only,186.0,600.0,1800.0,4000.0,120.0,500.0,1,55,1924,1924,2143,2143,8,8,15,15,14,14,500.000000,930.000000,1600.000000,1,34.347270,0.181082,0.250708,0.262910,0.021058,0.022576,139,23,23,25,185,37,37,51,39590,74,74,25836,0.622929,0.020789,1.279950,0.737849
with_repeater,186.0,600.0,1800.0,4000.0,120.0,500.0,1,55,1924,1924,2143,2143,8,8,15,15,14,14,500.000000,930.000000,1600.000000,1,34.389795,0.181822,0.250939,0.264019,0.021030,0.022628,143,25,20,50,185,37,37,99,39590,74,74,25926,1.164495,0.020399,1.279778,1.599297
blackout_only,186.0,600.0,1800.0,4000.0,120.0,500.0,1,56,1924,1924,2143,2143,8,8,15,15,14,14,500.000000,930.000000,1600.000000,1,34.442785,0.183710,0.251021,0.264193,0.021056,0.022617,143,23,20,27,185,37,37,51,39590,74,74,25836,0.622433,0.019883,1.280926,0.736959
with_repeater,186.0,600.0,1800.0,4000.0,120.0,500.0,1,56,1924,1924,2143,2143,8,8,15,15,14,14,500.000000,930.000000,1600.000000,1,34.421794,0.182937,0.250931,0.264043,0.021060,0.022680,133,24,26,49,185,37,37,99,39590,74,74,25926,1.168555,0.019969,1.280056,1.600757
blackout_only,186.0,600.0,1800.0,4000.0,120.0,500.0,1,57,1924,1924,2143,2143,8,8,15,15,14,14,500.000000,930.000000,1600.000000,1,34.371391,0.184050,0.251359,0.263923,0.021035,0.022636,137,23,22,24,185,37,37,51,39590,74,74,25836,0.622723,0.019339,1.280387,0.737709
with_repeater,186.0,600.0,1800.0,4000.0,120.0,500.0,1,57,1924,1924,2143,2143,8,8,15,15,14,14,500.000000,930.000000,1600.000000,1,34.406730,0.183520,0.251218,0.264019,0.021043,0.022633,140,23,18,49,185,37,37,99,39590,74,74,25926,1.165715,0.019773,1.279583,1.599988
blackout_only,186.0,600.0,1800.0,4000.0,120.0,500.0,1,58,1924,1924,2143,2143,8,8,15,15,14,14,500.000000,930.000000,1600.000000,1,34.355423,0.181538,0.251393,0.264129,0.021061,0.022643,119,29,23,26,185,37,37,51,39590,74,74,25836,0.623525,0.019531,1.280177,0.738968
with_repeater,186.0,600.0,1800.0,4000.0,120.0,500.0,1,58,1924,1924,2143,2143,8,8,15,15,14,14,500.000000,930.000000,1600.000000,1,34.389130,0.183879,0.251054,0.263852,0.021090,0.022717,131,25,27,51,185,37,37,99,39590,74,74,25926,1.165541,0.019890,1.279324,1.604082
blackout_only,186.0,600.0,1800.0,4000.0,120.0,500.0,1,59,1924,1924,2143,2143,8,8,15,15,14,14,500.000000,930.000000,1600.000000,1,34.339549,0.182025,0.251124,0.264241,0.021086,0.022718,138,31,25,30,185,37,37,51,39590,74,74,25836,0.621948,0.020416,1.280824,0.745865
with_repeater,186.0,600.0,1800.0,4000.0,120.0,500.0,1,59,1924,1924,2143,2143,8,8,15,15,14,14,500.000000,930.000000,1600.000000,1,34.289200,0.180438,0.251286,0.264129,0.021065,0.022631,141,28,23,50,185,37,37,100,39590,74,74,25926,1.167224,0.020405,1.279412,1.608081
blackout_only,186.0,600.0,1800.0,4000.0,120.0,500.0,1,60,1924,1924,2143,2143,8,8,15,15,14,14,500.000000,930.000000,1600.000000,1,34.418467,0.183061,0.251107,0.263319,0.021057,0.022623,147,28,21,24,185,37,37,51,39590,74,74,25836,0.620012,0.020380,1.280319,0.736921
with_repeater,186.0,600.0,1800.0,4000.0,120.0,500.0,1,60,1924,1924,2143,2143,8,8,15,15,14,14,500.000000,930.000000,1600.000000,1,34.337130,0.181101,0.251291,0.263686,0.021054,0.022654,138,18,25,52,185,37,37,99,39590,74,74,25926,1.164370,0.019987,1.280450,1.598646
blackout_only,186.0,600.0,1800.0,4000.0,120.0,500.0,1,61,1924,1924,2143,2143,8,8,15,15,14,14,500.000000,930.000000,1600.000000,1,34.492768,0.186325,0.251003,0.263237,0.021060,0.022631,150,30,22,35,185,37,37,51,39590,74,74,25836,0.622484,0.020627,1.278869,0.738391
with_repeater,186.0,600.0,1800.0,4000.0,120.0,500.0,1,61,1924,1924,2143,2143,8,8,15,15,14,14,500.000000,930.000000,1600.000000,1,34.423147,0.183467,0.251022,0.263407,0.021047,0.022592,143,25,20,57,185,37,37,99,39590,74,74,25926,1.166276,0.020518,1.279740,1.595574
blackout_only,186.0,600.0,1800.0,4000.0,120.0,500.0,1,62,1924,1924,2143,2143,8,8,15,15,14,14,500.000000,930.000000,1600.000000,1,34.419021,0.183946,0.251414,0.263946,0.021043,0.022664,135,25,20,27,185,37,37,51,39590,74,74,25836,0.623461,0.019387,1.279353,0.740289
with_repeater,186.0,600.0,1800.0,4000.0,120.0,500.0,1,62,1924,1924,2143,2143,8,8,15,15,14,14,500.000000,930.000000,1600.000000,1,34.345167,0.181412,0.251101,0.264016,0.021056,0.022679,137,26,21,51,185,37,37,99,39590,74,74,25926,1.165646,0.020173,1.280999,1.601851
blackout_only,186.0,600.0,1800.0,4000.0,120.0,500.0,1,63,1924,1924,2143,2143,8,8,15,15,14,14,500.000000,930.000000,1600.000000,1,34.375955,0.183592,0.251045,0.263838,0.021035,0.022664,137,28,21,21,185,37,37,51,39590,74,74,25836,0.622156,0.019764,1.280231,0.738853
with_repeater,186.0,600.0,1800.0,4000.0,120.0,500.0,1,63,1924,1924,2143,2143,8,8,15,15,14,14,500.000000,930.000000,1600.000000,1,34.430977,0.184724,0.250769,0.263256,0.021068,0.022653,142,28,24,48,185,37,37,99,39590,74,74,25926,1.166392,0.020220,1.279481,1.597934
blackout_only,186.0,600.0,1800.0,4000.0,120.0,500.0,1,64,1924,1924,2143,2143,8,8,15,15,14,14,500.000000,930.000000,1600.000000,1,34.409685,0.184554,0.251244,0.263523,0.021040,0.022644,140,28,27,26,185,37,37,51,39590,74,74,25836,0.621585,0.020499,1.279452,0.738074
with_repeater,186.0,600.0,1800.0,4000.0,120.0,500.0,1,64,1924,1924,2143,2143,8,8,15,15,14,14,500.000000,930.000000,1600.000000,1,34.411971,0.183432,0.250956,0.263399,0.021084,0.022644,130,23,28,52,185,37,37,99,39590,74,74,25926,1.164537,0.019773,1.279731,1.601665
blackout_only,186.0,600.0,1800.0,4000.0,120.0,500.0,1,65,1924,1924,2143,2143,8,8,15,15,14,14,500.000000,930.000000,1600.000000,1,34.416744,0.183376,0.250971,0.263788,0.021085,0.022646,134,27,22,28,185,37,37,51,39590,74,74,25836,0.622096,0.020280,1.280357,0.737041
with_repeater,186.0,600.0,1800.0,4000.0,120.0,500.0,1,65,1924,1924,2143,2143,8,8,15,15,14,14,500.000000,930.000000,1600.000000,1,34.330644,0.181304,0.251004,0.263713,0.021081,0.022618,131,25,19,56,185,37,37,99,39590,74,74,25926,1.165963,0.019847,1.280473,1.597806
blackout_only,186.0,600.0,1800.0,4000.0,120.0,500.0,1,66,1924,1924,2143,2143,8,8,15,15,14,14,500.000000,930.000000,1600.000000,1,34.378796,0.182887,0.250971,0.263821,0.021060,0.022628,137,24,22,31,185,37,37,51,39590,74,74,25836,0.622258,0.019593,1.278985,0.736368
with_repeater,186.0,600.0,1800.0,4000.0,120.0,500.0,1,66,1924,1924,2143,2143,8,8,15,15,14,14,500.000000,930.000000,1600.000000,1,34.387551,0.182785,0.251063,0.263374,0.021054,0.022642,138,23,25,58,185,37,37,99,39590,74,74,25926,1.169162,0.020111,1.281112,1.599538
blackout_only,186.0,600.0,1800.0,4000.0,120.0,500.0,1,67,1924,1924,2143,2143,8,8,15,15,14,14,500.000000,930.000000,1600.000000,1,34.285012,0.179547,0.251021,0.263553,0.021050,0.022636,137,25,14,28,185,37,37,51,39590,74,74,25836,0.624299,0.019822,1.280898,0.739856
with_repeater,186.0,600.0,1800.0,4000.0,120.0,500.0,1,67,1924,1924,2143,2143,8,8,15,15,14,14,500.000000,930.000000,1600.000000,1,34.344691,0.181003,0.250732,0.263203,0.021081,0.022641,135,30,26,46,185,37,37,99,39590,74,74,25926,1.167621,0.019993,1.278991,1.599386
blackout_only,186.0,600.0,1800.0,4000.0,120.0,500.0,1,68,1924,1924,2143,2143,8,8,15,15,14,14,500.000000,930.000000,1600.000000,1,34.376096,0.181394,0.251067,0.264303,0.021036,0.022608,140,27,26,27,185,37,37,51,39590,74,74,25836,0.622556,0.019900,1.280391,0.738795
with_repeater,186.0,600.0,1800.0,4000.0,120.0,500.0,1,68,1924,1924,2143,2143,8,8,15,15,14,14,500.000000,930.000000,1600.000000,1,34.364571,0.182290,0.250976,0.263900,0.021028,0.022705,137,32,23,51,185,37,37,99,39590,74,74,25926,1.169927,0.020616,1.279905,1.594473
blackout_only,186.0,600.0,1800.0,4000.0,120.0,500.0,1,69,1924,1924,2143,2143,8,8,15,15,14,14,500.000000,930.000000,1600.000000,1,34.470903,0.184363,0.251005,0.263505,0.021068,0.022643,138,27,18,29,185,37,37,51,39590,74,74,25836,0.622450,0.020078,1.279440,0.739570
with_repeater,186.0,600.0,1800.0,4000.0,120.0,500.0,1,69,1924,1924,2143,2143,8,8,15,15,14,14,500.000000,930.000000,1600.000000,1,34.413406,0.183306,0.251022,0.263651,0.021079,0.022643,135,22,22,51,185,37,37,100,39590,74,74,25926,1.167738,0.020378,1.279100,1.610668
blackout_only,186.0,600.0,1800.0,4000.0,120.0,500.0,1,70,1924,1924,2143,2143,8,8,15,15,14,14,500.000000,930.000000,1600.000000,1,34.440043,0.182844,0.250810,0.263387,0.021049,0.022690,131,25,23,28,185,37,37,51,39590,74,74,25836,0.621706,0.019607,1.280008,0.737229
with_repeater,186.0,600.0,1800.0,4000.0,120.0,500.0,1,70,1924,1924,2143,2143,8,8,15,15,14,14,500.000000,930.000000,1600.000000,1,34.455115,0.184601,0.250896,0.263321,0.021045,0.022672,131,25,18,49,185,37,37,99,39590,74,74,25926,1.167558,0.020036,1.280595,1.600640
blackout_only,186.0,600.0,1800.0,4000.0,120.0,500.0,1,71,1924,1924,2143,2143,8,8,15,15,14,14,500.000000,930.000000,1600.000000,1,34.417471,0.181799,0.251074,0.262818,0.021077,0.022643,134,27,26,26,185,37,37,51,39590,74,74,25836,0.622135,0.019921,1.278964,0.736995
with_repeater,186.0,600.0,1800.0,4000.0,120.0,500.0,1,71,1924,1924,2143,2143,8,8,15,15,14,14,500.000000,930.000000,1600.000000,1,34.389906,0.183413,0.251204,0.263598,0.021051,0.022613,144,30,24,47,185,37,37,99,39590,74,74,25926,1.166547,0.019351,1.279943,1.602399
blackout_only,186.0,600.0,1800.0,4000.0,120.0,500.0,1,72,1924,1924,2143,2143,8,8,15,15,14,14,500.000000,930.000000,1600.000000,1,34.321472,0.180944,0.251074,0.264077,0.021115,0.022672,141,30,22,27,185,37,37,51,39590,74,74,25836,0.623677,0.019990,1.279435,0.738048
with_repeater,186.0,600.0,1800.0,4000.0,120.0,500.0,1,72,1924,1924,2143,2143,8,8,15,15,14,14,500.000000,930.000000,1600.000000,1,34.345918,0.180908,0.251089,0.263292,0.021103,0.022603,126,28,22,47,185,37,37,99,39590,74,74,25926,1.166180,0.019649,1.279449,1.596698
blackout_only,186.0,600.0,1800.0,4000.0,120.0,500.0,1,73,1924,1924,2143,2143,8,8,15,15,14,14,500.000000,930.000000,1600.000000,1,34.433039,0.184047,0.250958,0.263308,0.021052,0.022646,138,25,20,24,185,37,37,51,39590,74,74,25836,0.621850,0.020070,1.279744,0.744041
with_repeater,186.0,600.0,1800.0,4000.0,120.0,500.0,1,73,1924,1924,2143,2143,8,8,15,15,14,14,500.000000,930.000000,1600.000000,1,34.350531,0.183539,0.250877,0.263508,0.021068,0.022596,137,26,23,54,185,37,37,99,39590,74,74,25926,1.166601,0.020138,1.278463,1.596541
blackout_only,186.0,600.0,1800.0,4000.0,120.0,500.0,1,74,1924,1924,2143,2143,8,8,15,15,14,14,500.000000,930.000000,1600.000000,1,34.401278,0.181757,0.250790,0.263569,0.021090,0.022711,143,30,23,27,185,37,37,51,39590,74,74,25836,0.622677,0.019596,1.280331,0.745019
with_repeater,186.0,600.0,1800.0,4000.0,120.0,500.0,1,74,1924,1924,2143,2143,8,8,15,15,14,14,500.000000,930.000000,1600.000000,1,34.435337,0.184381,0.251132,0.264176,0.021101,0.022710,129,27,19,50,185,37,37,99,39590,74,74,25926,1.163063,0.019838,1.279776,1.600177
blackout_only,186.0,600.0,1800.0,4000.0,120.0,500.0,1,75,1924,1924,2143,2143,8,8,15,15,14,14,500.000000,930.000000,1600.000000,1,34.327129,0.180857,0.250796,0.263570,0.021036,0.022651,132,25,24,28,185,37,37,51,39590,74,74,25836,0.622718,0.020097,1.279591,0.738413
with_repeater,186.0,600.0,1800.0,4000.0,120.0,500.0,1,75,1924,1924,2143,2143,8,8,15,15,14,14,500.000000,930.000000,1600.000000,1,34.368533,0.182029,0.250810,0.263302,0.021054,0.022615,136,27,22,47,185,37,37,99,39590,74,74,25926,1.165778,0.020249,1.280046,1.597902
blackout_only,186.0,600.0,1800.0,4000.0,120.0,500.0,1,76,1924,1924,2143,2143,8,8,15,15,14,14,500.000000,930.000000,1600.000000,1,34.445535,0.185039,0.250728,0.263396,0.021112,0.022769,146,25,19,25,185,37,37,51,39590,74,74,25836,0.621997,0.020319,1.280220,0.746849
with_repeater,186.0,600.0,1800.0,4000.0,120.0,500.0,1,76,1924,1924,2143,2143,8,8,15,15,14,14,500.000000,930.000000,1600.000000,1,34.377247,0.184738,0.250941,0.263724,0.021091,0.022686,145,21,25,52,185,37,37,99,39590,74,74,25926,1.164450,0.020366,1.280877,1.601432
blackout_only,186.0,600.0,1800.0,4000.0,120.0,500.0,1,77,1924,1924,2143,2143,8,8,15,15,14,14,500.000000,930.000000,1600.000000,1,34.380717,0.182571,0.251181,0.263546,0.021074,0.022711,131,22,18,28,185,37,37,51,39590,74,74,25836,0.623065,0.019691,1.280721,0.738486
with_repeater,186.0,600.0,1800.0,4000.0,120.0,500.0,1,77,1924,1924,2143,2143,8,8,15,15,14,14,500.000000,930.000000,1600.000000,1,34.438389,0.184812,0.250971,0.264008,0.021089,0.022671,135,25,25,51,185,37,37,99,39590,74,74,25926,1.166275,0.019828,1.280014,1.602940
blackout_only,186.0,600.0,1800.0,4000.0,120.0,500.0,1,78,1924,1924,2143,2143,8,8,15,15,14,14,500.000000,930.000000,1600.000000,1,34.393501,0.182270,0.251174,0.263883,0.021100,0.022705,136,25,20,26,185,37,37,51,39590,74,74,25836,0.620531,0.020030,1.279871,0.737994
with_repeater,186.0,600.0,1800.0,4000.0,120.0,500.0,1,78,1924,1924,2143,2143,8,8,15,15,14,14,500.000000,930.000000,1600.000000,1,34.468034,0.186006,0.251201,0.263742,0.021106,0.022680,145,28,20,57,185,37,37,99,39590,74,74,25926,1.167282,0.020230,1.279987,1.592172
blackout_only,186.0,600.0,1800.0,4000.0,120.0,500.0,1,79,1924,1924,2143,2143,8,8,15,15,14,14,500.000000,930.000000,1600.000000,1,34.341131,0.180817,0.251175,0.263822,0.021089,0.022710,136,28,21,25,185,37,37,51,39590,74,74,25836,0.622840,0.019870,1.279411,0.739933
with_repeater,186.0,600.0,1800.0,4000.0,120.0,500.0,1,79,1924,1924,2143,2143,8,8,15,15,14,14,500.000000,930.000000,1600.000000,1,34.338935,0.181436,0.251336,0.264555,0.021050,0.022646,130,23,21,46,185,37,37,99,39590,74,74,25926,1.165651,0.019689,1.280812,1.600235
blackout_only,186.0,600.0,1800.0,4000.0,120.0,500.0,1,80,1924,1924,2143,2143,8,8,15,15,14,14,500.000000,930.000000,1600.000000,1,34.340945,0.181083,0.250774,0.262959,0.021046,0.022591,131,31,25,28,185,37,37,51,39590,74,74,25836,0.622404,0.020033,1.280618,0.737537
with_repeater,186.0,600.0,1800.0,4000.0,120.0,500.0,1,80,1924,1924,2143,2143,8,8,15,15,14,14,500.000000,930.000000,1600.000000,1,34.392478,0.183382,0.250894,0.263188,0.021062,0.022642,138,27,30,56,185,37,37,99,39590,74,74,25926,1.167544,0.020157,1.280218,1.606669
blackout_only,186.0,600.0,1800.0,4000.0,120.0,500.0,1,81,1924,1924,2143,2143,8,8,15,15,14,14,500.000000,930.000000,1600.000000,1,34.374913,0.182506,0.250990,0.264206,0.021064,0.022699,142,27,24,31,185,37,37,51,39590,74,74,25836,0.622923,0.020326,1.279641,0.738331
with_repeater,186.0,600.0,1800.0,4000.0,120.0,500.0,1,81,1924,1924,2143,2143,8,8,15,15,14,14,500.000000,930.000000,1600.000000,1,34.431447,0.183637,0.251051,0.264299,0.021088,0.022635,139,29,24,55,185,37,37,99,39590,74,74,25926,1.164960,0.019625,1.282131,1.599945
blackout_only,186.0,600.0,1800.0,4000.0,120.0,500.0,1,82,1924,1924,2143,2143,8,8,15,15,14,14,500.000000,930.000000,1600.000000,1,34.347888,0.180316,0.251245,0.263861,0.021053,0.022750,136,22,18,29,185,37,37,51,39590,74,74,25836,0.621235,0.020071,1.280084,0.739625
with_repeater,186.0,600.0,1800.0,4000.0,120.0,500.0,1,82,1924,1924,2143,2143,8,8,15,15,14,14,500.000000,930.000000,1600.000000,1,34.460133,0.184362,0.251327,0.264300,0.021023,0.022690,146,26,21,43,185,37,37,99,39590,74,74,25926,1.166357,0.020102,1.280207,1.602788
blackout_only,186.0,600.0,1800.0,4000.0,120.0,500.0,1,83,1924,1924,2143,2143,8,8,15,15,14,14,500.000000,930.000000,1600.000000,1,34.471168,0.186494,0.250794,0.263303,0.021088,0.022653,146,28,26,29,185,37,37,51,39590,74,74,25836,0.623269,0.019800,1.278804,0.740563
with_repeater,186.0,600.0,1800.0,4000.0,120.0,500.0,1,83,1924,1924,2143,2143,8,8,15,15,14,14,500.000000,930.000000,1600.000000,1,34.462013,0.184116,0.250722,0.263467,0.021075,0.022687,134,30,24,55,185,37,37,99,39590,74,74,25926,1.168090,0.019488,1.279372,1.599923
blackout_only,186.0,600.0,1800.0,4000.0,120.0,500.0,1,84,1924,1924,2143,2143,8,8,15,15,14,14,500.000000,930.000000,1600.000000,1,34.360412,0.182336,0.250854,0.263590,0.021064,0.022594,141,23,22,35,185,37,37,51,39590,74,74,25836,0.623768,0.020102,1.279636,0.738966
with_repeater,186.0,600.0,1800.0,4000.0,120.0,500.0,1,84,1924,1924,2143,2143,8,8,15,15,14,14,500.000000,930.000000,1600.000000,1,34.331098,0.181609,0.250925,0.263523,0.021106,0.022702,137,31,24,58,185,37,37,99,39590,74,74,25926,1.165539,0.020416,1.280196,1.599420
blackout_only,186.0,600.0,1800.0,4000.0,120.0,500.0,1,85,1924,1924,2143,2143,8,8,15,15,14,14,500.000000,930.000000,1600.000000,1,34.436306,0.183448,0.251198,0.263889,0.021063,0.022667,131,24,27,29,185,37,37,51,39590,74,74,25836,0.623051,0.019720,1.280275,0.738624
with_repeater,186.0,600.0,1800.0,4000.0,120.0,500.0,1,85,1924,1924,2143,2143,8,8,15,15,14,14,500.000000,930.000000,1600.000000,1,34.369554,0.183039,0.250864,0.263507,0.021060,0.022652,144,23,25,44,185,37,37,99,39590,74,74,25926,1.165621,0.019613,1.279560,1.602235
blackout_only,186.0,600.0,1800.0,4000.0,120.0,500.0,1,86,1924,1924,2143,2143,8,8,15,15,14,14,500.000000,930.000000,1600.000000,1,34.503084,0.185622,0.251381,0.264354,0.021080,0.022715,138,29,20,21,185,37,37,51,39590,74,74,25836,0.625495,0.020040,1.280256,0.736497
with_repeater,186.0,600.0,1800.0,4000.0,120.0,500.0,1,86,1924,1924,2143,2143,8,8,15,15,14,14,500.000000,930.000000,1600.000000,1,34.382493,0.182162,0.251059,0.264458,0.021069,0.022638,137,31,21,54,185,37,37,99,39590,74,74,25926,1.170826,0.019850,1.279532,1.598783
blackout_only,186.0,600.0,1800.0,4000.0,120.0,500.0,1,87,1924,1924,2143,2143,8,8,15,15,14,14,500.000000,930.000000,1600.000000,1,34.370426,0.183656,0.250939,0.264014,0.021055,0.022623,136,22,25,27,185,37,37,51,39590,74,74,25836,0.622957,0.020065,1.279587,0.738291
with_repeater,186.0,600.0,1800.0,4000.0,120.0,500.0,1,87,1924,1924,2143,2143,8,8,15,15,14,14,500.000000,930.000000,1600.000000,1,34.449864,0.184729,0.250917,0.264062,0.021038,0.022564,146,29,25,48,185,37,37,99,39590,74,74,25926,1.167227,0.020067,1.280592,1.603657
blackout_only,186.0,600.0,1800.0,4000.0,120.0,500.0,1,88,1924,1924,2143,2143,8,8,15,15,14,14,500.000000,930.000000,1600.000000,1,34.391919,0.182858,0.251277,0.263612,0.021091,0.022661,148,25,25,27,185,37,37,51,39590,74,74,25836,0.623188,0.019960,1.280013,0.739351
with_repeater,186.0,600.0,1800.0,4000.0,120.0,500.0,1,88,1924,1924,2143,2143,8,8,15,15,14,14,500.000000,930.000000,1600.000000,1,34.360396,0.181791,0.251071,0.263748,0.021067,0.022611,141,24,20,44,185,37,37,99,39590,74,74,25926,1.163864,0.019902,1.279090,1.598194
blackout_only,186.0,600.0,1800.0,4000.0,120.0,500.0,1,89,1924,1924,2143,2143,8,8,15,15,14,14,500.000000,930.000000,1600.000000,1,34.398993,0.184433,0.250961,0.263418,0.021097,0.022690,140,30,26,21,185,37,37,51,39590,74,74,25836,0.622604,0.020290,1.279561,0.737691
with_repeater,186.0,600.0,1800.0,4000.0,120.0,500.0,1,89,1924,1924,2143,2143,8,8,15,15,14,14,500.000000,930.000000,1600.000000,1,34.416288,0.182312,0.251035,0.263564,0.021069,0.022606,142,31,24,42,185,37,37,99,39590,74,74,25926,1.166687,0.020565,1.279643,1.602073
blackout_only,750.0,600.0,300.0,4000.0,120.0,500.0,1,40,3530,3530,3932,3932,32,32,2,2,33,33,1875.000000,3750.000000,3895.000000,1,36.329959,0.182500,0.251040,0.263816,0.021075,0.022727,258,52,46,73,335,67,67,147,72610,134,134,47532,3.655601,0.019616,1.280459,4.646658
with_repeater,750.0,600.0,300.0,4000.0,120.0,500.0,1,40,3530,3530,3932,3932,32,32,2,2,33,33,1875.000000,3750.000000,3895.000000,1,36.320728,0.182520,0.250931,0.263778,0.021090,0.022697,251,51,45,69,335,67,67,162,72610,134,134,47544,3.694123,0.019297,1.279773,4.924485
blackout_only,750.0,600.0,300.0,4000.0,120.0,500.0,1,41,3530,3530,3932,3932,32,32,2,2,33,33,1875.000000,3750.000000,3895.000000,1,36.437273,0.184158,0.251178,0.263995,0.021053,0.022632,244,43,42,77,335,67,67,147,72610,134,134,47532,3.653924,0.020149,1.278891,4.647297
with_repeater,750.0,600.0,300.0,4000.0,120.0,500.0,1,41,3530,3530,3932,3932,32,32,2,2,33,33,1875.000000,3750.000000,3895.000000,1,36.415683,0.183352,0.251227,0.263704,0.021063,0.022648,241,48,42,77,335,67,67,162,72610,134,134,47544,3.692392,0.019956,1.280105,4.924005
blackout_only,750.0,600.0,300.0,4000.0,120.0,500.0,1,42,3530,3530,3932,3932,32,32,2,2,33,33,1875.000000,3750.000000,3895.000000,1,36.454578,0.183373,0.250887,0.263524,0.021050,0.022652,250,47,38,79,335,67,67,147,72610,134,134,47532,3.654116,0.019787,1.279255,4.646480
with_repeater,750.0,600.0,300.0,4000.0,120.0,500.0,1,42,3530,3530,3932,3932,32,32,2,2,33,33,1875.000000,3750.000000,3895.000000,1,36.426284,0.182811,0.251057,0.263828,0.021048,0.022629,246,45,41,73,335,67,67,162,72610,134,134,47544,3.693684,0.019601,1.279606,4.925025
blackout_only,750.0,600.0,300.0,4000.0,120.0,500.0,1,43,3530,3530,3932,3932,32,32,2,2,33,33,1875.000000,3750.000000,3895.000000,1,36.355280,0.181976,0.251224,0.264186,0.021052,0.022709,239,47,37,79,335,67,67,147,72610,134,134,47532,3.654386,0.019849,1.279601,4.645867
with_repeater,750.0,600.0,300.0,4000.0,120.0,500.0,1,43,3530,3530,3932,3932,32,32,2,2,33,33,1875.000000,3750.000000,3895.000000,1,36.372775,0.183138,0.250952,0.263887,0.021047,0.022698,244,49,43,86,335,67,67,162,72610,134,134,47544,3.694421,0.020299,1.279988,4.922468
blackout_only,750.0,600.0,300.0,4000.0,120.0,500.0,1,44,3529,3529,3932,3932,32,32,2,2,33,33,1875.000000,3750.000000,3895.000000,1,36.392508,0.182956,0.251278,0.263908,0.021071,0.022688,247,51,40,72,335,67,67,147,72609,134,134,47532,3.654541,0.020169,1.280101,4.647884
with_repeater,750.0,600.0,300.0,4000.0,120.0,500.0,1,44,3529,3529,3932,3932,32,32,2,2,33,33,1875.000000,3750.000000,3895.000000,1,36.398972,0.182729,0.251326,0.264158,0.021108,0.022687,251,51,43,82,335,67,67,162,72598,134,134,47544,3.694279,0.020036,1.280778,4.925148
blackout_only,750.0,600.0,300.0,4000.0,120.0,500.0,1,45,3530,3530,3932,3932,32,32,2,2,33,33,1875.000000,3750.000000,3895.000000,1,36.414111,0.183137,0.251208,0.263672,0.021067,0.022610,249,50,38,84,335,67,67,147,72610,134,134,47532,3.655051,0.020116,1.279788,4.648670
with_repeater,750.0,600.0,300.0,4000.0,120.0,500.0,1,45,3530,3530,3932,3932,32,32,2,2,33,33,1875.000000,3750.000000,3895.000000,1,36.432960,0.184042,0.250913,0.263297,0.021067,0.022582,250,50,46,82,335,67,67,162,72610,134,134,47544,3.694397,0.020156,1.280334,4.926267
blackout_only,750.0,600.0,300.0,4000.0,120.0,500.0,1,46,3530,3530,3932,3932,32,32,2,2,33,33,1875.000000,3750.000000,3895.000000,1,36.455931,0.184479,0.251108,0.263990,0.021078,0.022687,245,43,35,80,335,67,67,147,72610,134,134,47532,3.653658,0.019831,1.279595,4.647572
with_repeater,750.0,600.0,300.0,4000.0,120.0,500.0,1,46,3530,3530,3932,3932,32,32,2,2,33,33,1875.000000,3750.000000,3895.000000,1,36.447701,0.184637,0.250910,0.263715,0.021064,0.022636,248,49,43,80,335,67,67,162,72610,134,134,47544,3.692970,0.019691,1.279921,4.926519
blackout_only,750.0,600.0,300.0,4000.0,120.0,500.0,1,47,3530,3530,3932,3932,32,32,2,2,33,33,1875.000000,3750.000000,3895.000000,1,36.413081,0.183545,0.251037,0.263649,0.021066,0.022648,243,56,40,70,335,67,67,147,72610,134,134,47532,3.653550,0.019557,1.279758,4.647208
with_repeater,750.0,600.0,300.0,4000.0,120.0,500.0,1,47,3530,3530,3932,3932,32,32,2,2,33,33,1875.000000,3750.000000,3895.000000,1,36.387958,0.182706,0.250954,0.263382,0.021063,0.022637,239,56,43,73,335,67,67,162,72610,134,134,47544,3.691930,0.020031,1.279627,4.925424
blackout_only,750.0,600.0,300.0,4000.0,120.0,500.0,1,48,3530,3530,3932,3932,32,32,2,2,33,33,1875.000000,3750.000000,3895.000000,1,36.425652,0.183474,0.251017,0.263756,0.021073,0.022618,255,52,47,73,335,67,67,147,72610,134,134,47532,3.653759,0.019871,1.280260,4.647849
with_repeater,750.0,600.0,300.0,4000.0,120.0,500.0,1,48,3530,3530,3932,3932,32,32,2,2,33,33,1875.000000,3750.000000,3895.000000,1,36.403013,0.182784,0.250948,0.263628,0.021095,0.022672,250,50,42,89,335,67,67,162,72610,134,134,47544,3.692741,0.019934,1.280469,4.924748
blackout_only,750.0,600.0,300.0,4000.0,120.0,500.0,1,49,3530,3530,3932,3932,32,32,2,2,33,33,1875.000000,3750.000000,3895.000000,1,36.434455,0.182973,0.251054,0.263681,0.021082,0.022697,251,48,41,83,335,67,67,147,72610,134,134,47532,3.653236,0.020045,1.279674,4.647710
with_repeater,750.0,600.0,300.0,4000.0,120.0,500.0,1,49,3530,3530,3932,3932,32,32,2,2,33,33,1875.000000,3750.000000,3895.000000,1,36.423667,0.182710,0.250914,0.263580,0.021078,0.022678,248,49,34,89,335,67,67,162,72610,134,134,47544,3.692607,0.019717,1.280420,4.925893
blackout_only,750.0,600.0,300.0,4000.0,120.0,500.0,1,50,3529,3529,3932,3932,32,32,2,2,33,33,1875.000000,3750.000000,3895.000000,1,36.411614,0.183782,0.251318,0.263901,0.021073,0.022689,241,46,40,69,335,67,67,147,72600,134,134,47532,3.655038,0.020177,1.280496,4.646491
with_repeater,750.0,600.0,300.0,4000.0,120.0,500.0,1,50,3530,3530,3932,3932,32,32,2,2,33,33,1875.000000,3750.000000,3895.000000,1,36.405410,0.183817,0.251120,0.263644,0.021075,0.022674,246,49,42,72,335,67,67,162,72610,134,134,47544,3.694466,0.020010,1.280156,4.925361
blackout_only,750.0,600.0,300.0,4000.0,120.0,500.0,1,51,3530,3530,3932,3932,32,32,2,2,33,33,1875.000000,3750.000000,3895.000000,1,36.396446,0.182958,0.251135,0.263870,0.021073,0.022699,236,43,43,84,335,67,67,147,72610,134,134,47532,3.654504,0.020208,1.279793,4.648301
with_repeater,750.0,600.0,300.0,4000.0,120.0,500.0,1,51,3530,3530,3932,3932,32,32,2,2,33,33,1875.000000,3750.000000,3895.000000,1,36.389694,0.181690,0.251240,0.263985,0.021083,0.022676,246,42,45,86,335,67,67,162,72610,134,134,47544,3.693746,0.020402,1.280078,4.924012
blackout_only,750.0,600.0,300.0,4000.0,120.0,500.0,1,52,3530,3530,3932,3932,32,32,2,2,33,33,1875.000000,3750.000000,3895.000000,1,36.488564,0.184503,0.250928,0.263673,0.021079,0.022638,253,44,42,77,335,67,67,147,72610,134,134,47532,3.654300,0.019901,1.280164,4.647035
with_repeater,750.0,600.0,300.0,4000.0,120.0,500.0,1,52,3530,3530,3932,3932,32,32,2,2,33,33,1875.000000,3750.000000,3895.000000,1,36.472886,0.184075,0.251184,0.263935,0.021070,0.022644,257,45,41,79,335,67,67,162,72610,134,134,47544,3.694192,0.020314,1.279622,4.924696
blackout_only,750.0,600.0,300.0,4000.0,120.0,500.0,1,53,3530,3530,3932,3932,32,32,2,2,33,33,1875.000000,3750.000000,3895.000000,1,36.420118,0.183607,0.251057,0.263953,0.021072,0.022678,230,44,44,72,335,67,67,147,72610,134,134,47532,3.652919,0.019686,1.279573,4.645921
with_repeater,750.0,600.0,300.0,4000.0,120.0,500.0,1,53,3530,3530,3932,3932,32,32,2,2,33,33,1875.000000,3750.000000,3895.000000,1,36.413975,0.182238,0.251144,0.263799,0.021050,0.022613,238,45,42,85,335,67,67,162,72610,134,134,47544,3.693496,0.019627,1.279710,4.923799
blackout_only,750.0,600.0,300.0,4000.0,120.0,500.0,1,54,3530,3530,3932,3932,32,32,2,2,33,33,1875.000000,3750.000000,3895.000000,1,36.474360,0.184636,0.250767,0.263379,0.021070,0.022697,248,37,43,66,335,67,67,147,72610,134,134,47532,3.654989,0.020023,1.280124,4.648191
with_repeater,750.0,600.0,300.0,4000.0,120.0,500.0,1,54,3530,3530,3932,3932,32,32,2,2,33,33,1875.000000,3750.000000,3895.000000,1,36.442348,0.184028,0.250941,0.263562,0.021063,0.022657,254,42,42,81,335,67,67,162,72610,134,134,47544,3.692820,0.020277,1.280350,4.925268
blackout_only,750.0,600.0,300.0,4000.0,120.0,500.0,1,55,3530,3530,3932,3932,32,32,2,2,33,33,1875.000000,3750.000000,3895.000000,1,36.363919,0.182878,0.251052,0.263873,0.021092,0.022677,240,48,42,75,335,67,67,147,72610,134,134,47532,3.653926,0.020114,1.279611,4.646860
with_repeater,750.0,600.0,300.0,4000.0,120.0,500.0,1,55,3530,3530,3932,3932,32,32,2,2,33,33,1875.000000,3750.000000,3895.000000,1,36.381866,0.182758,0.250920,0.263931,0.021071,0.022614,237,51,35,81,335,67,67,162,72610,134,134,47544,3.693138,0.019967,1.279837,4.924228
blackout_only,750.0,600.0,300.0,4000.0,120.0,500.0,1,56,3530,3530,3932,3932,32,32,2,2,33,33,1875.000000,3750.000000,3895.000000,1,36.432415,0.183038,0.251085,0.263900,0.021044,0.022662,249,49,44,65,335,67,67,147,72610,134,134,47532,3.653406,0.020267,1.279658,4.646040
with_repeater,750.0,600.0,300.0,4000.0,120.0,500.0,1,56,3530,3530,3932,3932,32,32,2,2,33,33,1875.000000,3750.000000,3895.000000,1,36.462921,0.183763,0.251269,0.264217,0.021082,0.022681,231,48,37,83,335,67,67,162,72610,134,134,47544,3.693142,0.020285,1.279796,4.924341
blackout_only,750.0,600.0,300.0,4000.0,120.0,500.0,1,57,3530,3530,3932,3932,32,32,2,2,33,33,1875.000000,3750.000000,3895.000000,1,36.410667,0.182937,0.250920,0.263942,0.021075,0.022665,238,49,43,76,335,67,67,148,72610,134,134,47532,3.654324,0.019760,1.279810,4.663793
with_repeater,750.0,600.0,300.0,4000.0,120.0,500.0,1,57,3530,3530,3932,3932,32,32,2,2,33,33,1875.000000,3750.000000,3895.000000,1,36.397436,0.182594,0.250845,0.263685,0.021081,0.022610,237,48,41,86,335,67,67,162,72610,134,134,47544,3.693402,0.020020,1.280466,4.936031
blackout_only,750.0,600.0,300.0,4000.0,120.0,500.0,1,58,3530,3530,3932,3932,32,32,2,2,33,33,1875.000000,3750.000000,3895.000000,1,36.492645,0.185745,0.251200,0.263730,0.021080,0.022697,254,51,43,71,335,67,67,147,72610,134,134,47532,3.655025,0.019877,1.280347,4.648313
with_repeater,750.0,600.0,300.0,4000.0,120.0,500.0,1,58,3530,3530,3932,3932,32,32,2,2,33,33,1875.000000,3750.000000,3895.000000,1,36.485458,0.184216,0.251048,0.263852,0.021074,0.022710,242,48,45,79,335,67,67,162,72610,134,134,47544,3.693964,0.020000,1.279513,4.925094
blackout_only,750.0,600.0,300.0,4000.0,120.0,500.0,1,59,3530,3530,3932,3932,32,32,2,2,33,33,1875.000000,3750.000000,3895.000000,1,36.426810,0.183298,0.250813,0.263797,0.021079,0.022664,248,58,43,72,335,67,67,148,72610,134,134,47532,3.654153,0.020182,1.279941,4.663572
with_repeater,750.0,600.0,300.0,4000.0,120.0,500.0,1,59,3530,3530,3932,3932,32,32,2,2,33,33,1875.000000,3750.000000,3895.000000,1,36.433802,0.183188,0.251057,0.263730,0.021067,0.022645,240,49,41,69,335,67,67,162,72610,134,134,47544,3.694228,0.019628,1.280382,4.933693
blackout_only,750.0,600.0,300.0,4000.0,120.0,500.0,1,60,3530,3530,3932,3932,32,32,2,2,33,33,1875.000000,3750.000000,3895.000000,1,36.438241,0.183448,0.250931,0.263709,0.021059,0.022635,243,45,36,70,335,67,67,147,72610,134,134,47532,3.654731,0.020118,1.280434,4.647930
with_repeater,750.0,600.0,300.0,4000.0,120.0,500.0,1,60,3530,3530,3932,3932,32,32,2,2,33,33,1875.000000,3750.000000,3895.000000,1,36.435118,0.184275,0.250989,0.263781,0.021069,0.022659,239,46,37,85,335,67,67,162,72610,134,134,47544,3.693484,0.020143,1.280455,4.924642
blackout_only,750.0,600.0,300.0,4000.0,120.0,500.0,1,61,3530,3530,3932,3932,32,32,2,2,33,33,1875.000000,3750.000000,3895.000000,1,36.460327,0.184155,0.250889,0.263713,0.021055,0.022609,240,51,41,76,335,67,67,147,72610,134,134,47532,3.654140,0.019928,1.279833,4.647199
with_repeater,750.0,600.0,300.0,4000.0,120.0,500.0,1,61,3530,3530,3932,3932,32,32,2,2,33,33,1875.000000,3750.000000,3895.000000,1,36.458365,0.183790,0.251224,0.263460,0.021057,0.022620,250,49,34,89,335,67,67,162,72610,134,134,47544,3.694249,0.019815,1.279346,4.925821
blackout_only,750.0,600.0,300.0,4000.0,120.0,500.0,1,62,3530,3530,3932,3932,32,32,2,2,33,33,1875.000000,3750.000000,3895.000000,1,36.529802,0.185142,0.251084,0.263923,0.021075,0.022631,236,47,44,80,335,67,67,147,72610,134,134,47532,3.654373,0.020182,1.279736,4.648988
with_repeater,750.0,600.0,300.0,4000.0,120.0,500.0,1,62,3530,3530,3932,3932,32,32,2,2,33,33,1875.000000,3750.000000,3895.000000,1,36.568605,0.184271,0.251028,0.263994,0.021078,0.022650,228,44,44,85,335,67,67,162,72610,134,134,47544,3.693493,0.020218,1.279113,4.924287
blackout_only,750.0,600.0,300.0,4000.0,120.0,500.0,1,63,3530,3530,3932,3932,32,32,2,2,33,33,1875.000000,3750.000000,3895.000000,1,36.323514,0.180985,0.250946,0.263782,0.021051,0.022613,246,48,46,69,335,67,67,147,72610,134,134,47532,3.653467,0.019885,1.280300,4.647784
with_repeater,750.0,600.0,300.0,4000.0,120.0,500.0,1,63,3530,3530,3932,3932,32,32,2,2,33,33,1875.000000,3750.000000,3895.000000,1,36.337441,0.181624,0.251007,0.263886,0.021041,0.022655,247,50,39,85,335,67,67,162,72610,134,134,47544,3.693201,0.019663,1.280891,4.923999
blackout_only,750.0,600.0,300.0,4000.0,120.0,500.0,1,64,3530,3530,3932,3932,32,32,2,2,33,33,1875.000000,3750.000000,3895.000000,1,36.403768,0.183798,0.251007,0.263509,0.021066,0.022620,237,50,34,63,335,67,67,147,72610,134,134,47532,3.655504,0.020061,1.280039,4.649739
with_repeater,750.0,600.0,300.0,4000.0,120.0,500.0,1,64,3530,3530,3932,3932,32,32,2,2,33,33,1875.000000,3750.000000,3895.000000,1,36.435711,0.183458,0.251030,0.263648,0.021087,0.022661,253,53,35,82,335,67,67,162,72610,134,134,47544,3.693912,0.019580,1.279701,4.927346
blackout_only,750.0,600.0,300.0,4000.0,120.0,500.0,1,65,3530,3530,3932,3932,32,32,2,2,33,33,1875.000000,3750.000000,3895.000000,1,36.412240,0.183498,0.251023,0.264129,0.021086,0.022669,244,47,45,75,335,67,67,147,72610,134,134,47532,3.654331,0.020360,1.279990,4.664156
with_repeater,750.0,600.0,300.0,4000.0,120.0,500.0,1,65,3530,3530,3932,3932,32,32,2,2,33,33,1875.000000,3750.000000,3895.000000,1,36.399718,0.183918,0.251126,0.264151,0.021076,0.022674,242,50,43,76,335,67,67,162,72610,134,134,47544,3.692610,0.020094,1.279995,4.936177
blackout_only,750.0,600.0,300.0,4000.0,120.0,500.0,1,66,3530,3530,3932,3932,32,32,2,2,33,33,1875.000000,3750.000000,3895.000000,1,36.423165,0.183461,0.250947,0.263751,0.021060,0.022643,261,38,40,75,335,67,67,147,72610,134,134,47532,3.655000,0.019934,1.280323,4.647751
with_repeater,750.0,600.0,300.0,4000.0,120.0,500.0,1,66,3530,3530,3932,3932,32,32,2,2,33,33,1875.000000,3750.000000,3895.000000,1,36.388869,0.183831,0.250997,0.263760,0.021073,0.022687,261,40,40,87,335,67,67,162,72610,134,134,47544,3.694309,0.020022,1.280249,4.923804
blackout_only,750.0,600.0,300.0,4000.0,120.0,500.0,1,67,3530,3530,3932,3932,32,32,2,2,33,33,1875.000000,3750.000000,3895.000000,1,36.409061,0.183917,0.250847,0.263385,0.021084,0.022708,250,46,39,68,335,67,67,147,72610,134,134,47532,3.654421,0.019759,1.280494,4.647509
with_repeater,750.0,600.0,300.0,4000.0,120.0,500.0,1,67,3530,3530,3932,3932,32,32,2,2,33,33,1875.000000,3750.000000,3895.000000,1,36.386100,0.183473,0.250975,0.263334,0.021071,0.022679,240,48,37,84,335,67,67,162,72610,134,134,47544,3.694309,0.019562,1.280030,4.925185
blackout_only,750.0,600.0,300.0,4000.0,120.0,500.0,1,68,3530,3530,3932,3932,32,32,2,2,33,33,1875.000000,3750.000000,3895.000000,1,36.467819,0.183733,0.251098,0.263878,0.021082,0.022662,251,51,42,78,335,67,67,147,72610,134,134,47532,3.654593,0.020015,1.280233,4.663717
with_repeater,750.0,600.0,300.0,4000.0,120.0,500.0,1,68,3530,3530,3932,3932,32,32,2,2,33,33,1875.000000,3750.000000,3895.000000,1,36.427734,0.183797,0.250978,0.263738,0.021060,0.022661,245,49,38,78,335,67,67,162,72610,134,134,47544,3.693873,0.020155,1.279644,4.934983
blackout_only,750.0,600.0,300.0,4000.0,120.0,500.0,1,69,3530,3530,3932,3932,32,32,2,2,33,33,1875.000000,3750.000000,3895.000000,1,36.388507,0.183220,0.250811,0.263656,0.021068,0.022661,235,45,42,93,335,67,67,147,72610,134,134,47532,3.653963,0.020142,1.280239,4.650103
with_repeater,750.0,600.0,300.0,4000.0,120.0,500.0,1,69,3530,3530,3932,3932,32,32,2,2,33,33,1875.000000,3750.000000,3895.000000,1,36.379219,0.183617,0.250924,0.263691,0.021066,0.022656,242,41,37,97,335,67,67,162,72610,134,134,47544,3.693687,0.020266,1.279633,4.926545
blackout_only,750.0,600.0,300.0,4000.0,120.0,500.0,1,70,3530,3530,3932,3932,32,32,2,2,33,33,1875.000000,3750.000000,3895.000000,1,36.475843,0.184306,0.250920,0.263535,0.021043,0.022685,247,44,42,72,335,67,67,147,72610,134,134,47532,3.652802,0.019614,1.279879,4.648146
with_repeater,750.0,600.0,300.0,4000.0,120.0,500.0,1,70,3530,3530,3932,3932,32,32,2,2,33,33,1875.000000,3750.000000,3895.000000,1,36.452373,0.184403,0.250832,0.263535,0.021059,0.022685,251,55,41,84,335,67,67,162,72610,134,134,47544,3.691451,0.019832,1.279843,4.927593
blackout_only,750.0,600.0,300.0,4000.0,120.0,500.0,1,71,3530,3530,3932,3932,32,32,2,2,33,33,1875.000000,3750.000000,3895.000000,1,36.379836,0.182242,0.250835,0.263887,0.021060,0.022627,248,46,44,73,335,67,67,147,72610,134,134,47532,3.653585,0.020061,1.279968,4.647566
with_repeater,750.0,600.0,300.0,4000.0,120.0,500.0,1,71,3530,3530,3932,3932,32,32,2,2,33,33,1875.000000,3750.000000,3895.000000,1,36.349198,0.182328,0.250899,0.263547,0.021066,0.022688,241,44,37,81,335,67,67,162,72610,134,134,47544,3.693599,0.020298,1.279607,4.924409
blackout_only,750.0,600.0,300.0,4000.0,120.0,500.0,1,72,3530,3530,3932,3932,32,32,2,2,33,33,1875.000000,3750.000000,3895.000000,1,36.345990,0.182628,0.251092,0.264023,0.021090,0.022730,242,53,39,78,335,67,67,147,72610,134,134,47532,3.653657,0.020151,1.279564,4.645906
with_repeater,750.0,600.0,300.0,4000.0,120.0,500.0,1,72,3530,3530,3932,3932,32,32,2,2,33,33,1875.000000,3750.000000,3895.000000,1,36.357431,0.182952,0.251131,0.264363,0.021055,0.022669,240,51,43,77,335,67,67,162,72610,134,134,47544,3.693215,0.019909,1.279686,4.923866
blackout_only,750.0,600.0,300.0,4000.0,120.0,500.0,1,73,3530,3530,3932,3932,32,32,2,2,33,33,1875.000000,3750.000000,3895.000000,1,36.516038,0.184250,0.250894,0.264124,0.021080,0.022668,242,44,38,70,335,67,67,147,72610,134,134,47532,3.654799,0.019834,1.279740,4.648903
with_repeater,750.0,600.0,300.0,4000.0,120.0,500.0,1,73,3530,3530,3932,3932,32,32,2,2,33,33,1875.000000,3750.000000,3895.000000,1,36.494533,0.184103,0.250757,0.263453,0.021074,0.022661,260,42,39,86,335,67,67,162,72610,134,134,47544,3.694332,0.019858,1.280136,4.926393
blackout_only,750.0,600.0,300.0,4000.0,120.0,500.0,1,74,3530,3530,3932,3932,32,32,2,2,33,33,1875.000000,3750.000000,3895.000000,1,36.450070,0.182445,0.250930,0.263599,0.021041,0.022625,253,50,39,78,335,67,67,147,72610,134,134,47532,3.654499,0.020081,1.279759,4.648731
with_repeater,750.0,600.0,300.0,4000.0,120.0,500.0,1,74,3530,3530,3932,3932,32,32,2,2,33,33,1875.000000,3750.000000,3895.000000,1,36.467315,0.183580,0.250891,0.263509,0.021043,0.022639,247,47,43,82,335,67,67,162,72610,134,134,47544,3.695117,0.019772,1.279674,4.925530
blackout_only,750.0,600.0,300.0,4000.0,120.0,500.0,1,75,3530,3530,3932,3932,32,32,2,2,33,33,1875.000000,3750.000000,3895.000000,1,36.366739,0.181873,0.250952,0.263675,0.021067,0.022675,242,46,45,84,335,67,67,147,72610,134,134,47532,3.654497,0.020466,1.279462,4.648346
with_repeater,750.0,600.0,300.0,4000.0,120.0,500.0,1,75,3530,3530,3932,3932,32,32,2,2,33,33,1875.000000,3750.000000,3895.000000,1,36.345065,0.182568,0.250796,0.263340,0.021075,0.022675,242,45,41,96,335,67,67,162,72610,134,134,47544,3.693411,0.020383,1.279431,4.925657
blackout_only,750.0,600.0,300.0,4000.0,120.0,500.0,1,76,3530,3530,3932,3932,32,32,2,2,33,33,1875.000000,3750.000000,3895.000000,1,36.409466,0.181402,0.251006,0.263735,0.021087,0.022678,233,53,45,80,335,67,67,147,72610,134,134,47532,3.654589,0.020169,1.280044,4.663139
with_repeater,750.0,600.0,300.0,4000.0,120.0,500.0,1,76,3530,3530,3932,3932,32,32,2,2,33,33,1875.000000,3750.000000,3895.000000,1,36.363695,0.183133,0.251159,0.263982,0.021078,0.022674,240,51,36,93,335,67,67,162,72610,134,134,47544,3.694213,0.019801,1.279268,4.935268
blackout_only,750.0,600.0,300.0,4000.0,120.0,500.0,1,77,3530,3530,3932,3932,32,32,2,2,33,33,1875.000000,3750.000000,3895.000000,1,36.405270,0.182520,0.251067,0.263474,0.021071,0.022700,244,46,38,69,335,67,67,147,72610,134,134,47532,3.654779,0.019703,1.280971,4.647403
with_repeater,750.0,600.0,300.0,4000.0,120.0,500.0,1,77,3530,3530,3932,3932,32,32,2,2,33,33,1875.000000,3750.000000,3895.000000,1,36.366930,0.182225,0.251156,0.263747,0.021079,0.022726,248,51,38,79,335,67,67,162,72610,134,134,47544,3.694533,0.020150,1.280515,4.924705
blackout_only,750.0,600.0,300.0,4000.0,120.0,500.0,1,78,3530,3530,3932,3932,32,32,2,2,33,33,1875.000000,3750.000000,3895.000000,1,36.411489,0.184166,0.250990,0.263986,0.021060,0.022618,253,50,39,74,335,67,67,148,72610,134,134,47532,3.652799,0.019778,1.280808,4.664723
with_repeater,750.0,600.0,300.0,4000.0,120.0,500.0,1,78,3530,3530,3932,3932,32,32,2,2,33,33,1875.000000,3750.000000,3895.000000,1,36.431610,0.183046,0.251210,0.263761,0.021056,0.022620,248,51,35,88,335,67,67,162,72610,134,134,47544,3.692360,0.019799,1.280823,4.938034
blackout_only,750.0,600.0,300.0,4000.0,120.0,500.0,1,79,3530,3530,3932,3932,32,32,2,2,33,33,1875.000000,3750.000000,3895.000000,1,36.420386,0.184438,0.251045,0.263624,0.021073,0.022651,238,45,45,80,335,67,67,147,72610,134,134,47532,3.655131,0.019852,1.280361,4.648485
with_repeater,750.0,600.0,300.0,4000.0,120.0,500.0,1,79,3529,3529,3932,3932,32,32,2,2,33,33,1875.000000,3750.000000,3895.000000,1,36.448434,0.183483,0.251282,0.263913,0.021073,0.022686,229,52,41,85,335,67,67,162,72609,134,134,47544,3.693946,0.020206,1.279230,4.925771
blackout_only,750.0,600.0,300.0,4000.0,120.0,500.0,1,80,3530,3530,3932,3932,32,32,2,2,33,33,1875.000000,3750.000000,3895.000000,1,36.352720,0.181827,0.250914,0.263416,0.021080,0.022678,237,52,44,72,335,67,67,148,72610,134,134,47532,3.653144,0.020519,1.280026,4.664291
with_repeater,750.0,600.0,300.0,4000.0,120.0,500.0,1,80,3530,3530,3932,3932,32,32,2,2,33,33,1875.000000,3750.000000,3895.000000,1,36.355111,0.182956,0.250830,0.263527,0.021065,0.022659,233,50,41,76,335,67,67,162,72610,134,134,47544,3.693800,0.020166,1.280536,4.936666
blackout_only,750.0,600.0,300.0,4000.0,120.0,500.0,1,81,3530,3530,3932,3932,32,32,2,2,33,33,1875.000000,3750.000000,3895.000000,1,36.362262,0.182355,0.250959,0.263504,0.021081,0.022652,250,49,42,72,335,67,67,147,72610,134,134,47532,3.654001,0.020474,1.280314,4.648904
with_repeater,750.0,600.0,300.0,4000.0,120.0,500.0,1,81,3530,3530,3932,3932,32,32,2,2,33,33,1875.000000,3750.000000,3895.000000,1,36.402323,0.183196,0.251051,0.263771,0.021062,0.022636,242,45,39,83,335,67,67,162,72610,134,134,47544,3.692680,0.020236,1.279426,4.924762
blackout_only,750.0,600.0,300.0,4000.0,120.0,500.0,1,82,3530,3530,3932,3932,32,32,2,2,33,33,1875.000000,3750.000000,3895.000000,1,36.442399,0.184122,0.251141,0.263941,0.021030,0.022603,245,47,40,76,335,67,67,147,72610,134,134,47532,3.654557,0.020136,1.280096,4.648505
with_repeater,750.0,600.0,300.0,4000.0,120.0,500.0,1,82,3530,3530,3932,3932,32,32,2,2,33,33,1875.000000,3750.000000,3895.000000,1,36.449270,0.184259,0.250978,0.263726,0.021061,0.022637,242,46,40,90,335,67,67,162,72610,134,134,47544,3.693264,0.020055,1.279620,4.924121
blackout_only,750.0,600.0,300.0,4000.0,120.0,500.0,1,83,3530,3530,3932,3932,32,32,2,2,33,33,1875.000000,3750.000000,3895.000000,1,36.378693,0.182440,0.251078,0.263480,0.021063,0.022617,255,45,41,73,335,67,67,147,72610,134,134,47532,3.654812,0.019779,1.279873,4.647183
with_repeater,750.0,600.0,300.0,4000.0,120.0,500.0,1,83,3530,3530,3932,3932,32,32,2,2,33,33,1875.000000,3750.000000,3895.000000,1,36.418071,0.182903,0.251141,0.263647,0.021076,0.022653,241,47,36,77,335,67,67,162,72610,134,134,47544,3.694415,0.019450,1.280130,4.922963
blackout_only,750.0,600.0,300.0,4000.0,120.0,500.0,1,84,3530,3530,3932,3932,32,32,2,2,33,33,1875.000000,3750.000000,3895.000000,1,36.477784,0.184713,0.250927,0.263293,0.021052,0.022650,251,40,38,64,335,67,67,148,72610,134,134,47532,3.654368,0.020632,1.280851,4.680324
with_repeater,750.0,600.0,300.0,4000.0,120.0,500.0,1,84,3530,3530,3932,3932,32,32,2,2,33,33,1875.000000,3750.000000,3895.000000,1,36.443578,0.183998,0.250944,0.263306,0.021036,0.022612,235,43,37,82,335,67,67,162,72610,134,134,47544,3.693982,0.020454,1.279518,4.948895
blackout_only,750.0,600.0,300.0,4000.0,120.0,500.0,1,85,3530,3530,3932,3932,32,32,2,2,33,33,1875.000000,3750.000000,3895.000000,1,36.311233,0.179768,0.251233,0.263928,0.021098,0.022681,243,46,39,75,335,67,67,148,72610,134,134,47532,3.653926,0.020122,1.280092,4.663415
with_repeater,750.0,600.0,300.0,4000.0,120.0,500.0,1,85,3530,3530,3932,3932,32,32,2,2,33,33,1875.000000,3750.000000,3895.000000,1,36.338514,0.181384,0.250902,0.263800,0.021081,0.022669,230,49,36,81,335,67,67,162,72610,134,134,47544,3.693237,0.019774,1.279484,4.933707
blackout_only,750.0,600.0,300.0,4000.0,120.0,500.0,1,86,3530,3530,3932,3932,32,32,2,2,33,33,1875.000000,3750.000000,3895.000000,1,36.410817,0.184521,0.251180,0.264123,0.021079,0.022670,248,49,30,70,335,67,67,147,72610,134,134,47532,3.654171,0.020155,1.279896,4.648838
with_repeater,750.0,600.0,300.0,4000.0,120.0,500.0,1,86,3530,3530,3932,3932,32,32,2,2,33,33,1875.000000,3750.000000,3895.000000,1,36.393311,0.183348,0.251164,0.263855,0.021086,0.022651,254,49,36,86,335,67,67,162,72610,134,134,47544,3.694018,0.020153,1.279142,4.925952
blackout_only,750.0,600.0,300.0,4000.0,120.0,500.0,1,87,3530,3530,3932,3932,32,32,2,2,33,33,1875.000000,3750.000000,3895.000000,1,36.448943,0.182806,0.250896,0.263415,0.021049,0.022632,245,57,43,77,335,67,67,147,72610,134,134,47532,3.654231,0.020002,1.279715,4.647180
with_repeater,750.0,600.0,300.0,4000.0,120.0,500.0,1,87,3530,3530,3932,3932,32,32,2,2,33,33,1875.000000,3750.000000,3895.000000,1,36.427478,0.182299,0.250968,0.263855,0.021062,0.022647,245,58,38,86,335,67,67,162,72610,134,134,47544,3.694031,0.019822,1.280083,4.925658
blackout_only,750.0,600.0,300.0,4000.0,120.0,500.0,1,88,3530,3530,3932,3932,32,32,2,2,33,33,1875.000000,3750.000000,3895.000000,1,36.448456,0.183532,0.250809,0.263128,0.021036,0.022587,259,42,40,75,335,67,67,147,72610,134,134,47532,3.654442,0.020008,1.279845,4.661782
with_repeater,750.0,600.0,300.0,4000.0,120.0,500.0,1,88,3530,3530,3932,3932,32,32,2,2,33,33,1875.000000,3750.000000,3895.000000,1,36.450276,0.184389,0.250946,0.263590,0.021034,0.022573,255,43,38,76,335,67,67,162,72610,134,134,47544,3.694754,0.019958,1.279103,4.933300
blackout_only,750.0,600.0,300.0,4000.0,120.0,500.0,1,89,3530,3530,3932,3932,32,32,2,2,33,33,1875.000000,3750.000000,3895.000000,1,36.446483,0.184751,0.250837,0.263639,0.021070,0.022641,242,48,42,75,335,67,67,147,72610,134,134,47532,3.654277,0.019990,1.279557,4.648089
with_repeater,750.0,600.0,300.0,4000.0,120.0,500.0,1,89,3530,3530,3932,3932,32,32,2,2,33,33,1875.000000,3750.000000,3895.000000,1,36.436940,0.183012,0.251084,0.263993,0.021068,0.022625,248,57,43,81,335,67,67,162,72610,134,134,47544,3.694112,0.019911,1.279753,4.924121
blackout_only,750.0,600.0,900.0,4000.0,120.0,500.0,1,40,3797,3797,4228,4228,32,32,7,7,33,33,1875.000000,3750.000000,3895.000000,1,37.247420,0.182815,0.250921,0.263930,0.021079,0.022711,281,55,43,63,360,72,72,135,78100,144,144,51084,3.404062,0.019373,1.280242,3.971509
with_repeater,750.0,600.0,900.0,4000.0,120.0,500.0,1,40,3797,3797,4228,4228,32,32,7,7,33,33,1875.000000,3750.000000,3895.000000,1,37.192802,0.181821,0.250939,0.263776,0.021085,0.022690,269,54,47,79,360,72,72,177,78100,144,144,51126,3.530349,0.019604,1.279667,4.481737
blackout_only,750.0,600.0,900.0,4000.0,120.0,500.0,1,41,3796,3796,4228,4228,32,32,7,7,33,33,1875.000000,3750.000000,3895.000000,1,37.376735,0.183585,0.251094,0.263881,0.021061,0.022665,273,48,49,64,360,72,72,135,78080,144,144,51084,3.402280,0.020485,1.279835,3.974162
with_repeater,750.0,600.0,900.0,4000.0,120.0,500.0,1,41,3796,3796,4228,4228,32,32,7,7,33,33,1875.000000,3750.000000,3895.000000,1,37.335725,0.183291,0.251207,0.263642,0.021052,0.022621,262,54,46,88,360,72,72,177,78080,144,144,51126,3.531014,0.020109,1.280238,4.479182
blackout_only,750.0,600.0,900.0,4000.0,120.0,500.0,1,42,3797,3797,4228,4228,32,32,7,7,33,33,1875.000000,3750.000000,3895.000000,1,37.357248,0.183649,0.250965,0.263786,0.021046,0.022682,262,51,45,61,360,72,72,135,78100,144,144,51096,3.402336,0.020024,1.279556,3.972662
with_repeater,750.0,600.0,900.0,4000.0,120.0,500.0,1,42,3797,3797,4228,4228,32,32,7,7,33,33,1875.000000,3750.000000,3895.000000,1,37.330106,0.182300,0.250952,0.263828,0.021050,0.022620,261,47,40,79,360,72,72,177,78100,144,144,51126,3.531086,0.019533,1.279413,4.481619
blackout_only,750.0,600.0,900.0,4000.0,120.0,500.0,1,43,3796,3796,4228,4228,32,32,7,7,33,33,1875.000000,3750.000000,3895.000000,1,37.266278,0.181615,0.251213,0.264195,0.021060,0.022692,256,51,43,71,360,72,72,135,78080,144,144,51084,3.403681,0.020037,1.279811,3.972757
with_repeater,750.0,600.0,900.0,4000.0,120.0,500.0,1,43,3797,3797,4228,4228,32,32,7,7,33,33,1875.000000,3750.000000,3895.000000,1,37.308735,0.183011,0.250984,0.263776,0.021050,0.022668,256,51,49,94,360,72,72,177,78100,144,144,51129,3.530499,0.020095,1.279544,4.480525
blackout_only,750.0,600.0,900.0,4000.0,120.0,500.0,1,44,3796,3796,4228,4228,32,32,7,7,33,33,1875.000000,3750.000000,3895.000000,1,37.320627,0.182369,0.251096,0.264101,0.021065,0.022670,271,54,44,62,360,72,72,135,78080,144,144,51084,3.403511,0.019761,1.280820,3.974721
with_repeater,750.0,600.0,900.0,4000.0,120.0,500.0,1,44,3796,3796,4228,4228,32,32,7,7,33,33,1875.000000,3750.000000,3895.000000,1,37.305286,0.182471,0.251190,0.263917,0.021104,0.022688,264,55,51,84,360,72,72,177,78080,144,144,51126,3.531429,0.020157,1.280736,4.481323
blackout_only,750.0,600.0,900.0,4000.0,120.0,500.0,1,45,3797,3797,4228,4228,32,32,7,7,33,33,1875.000000,3750.000000,3895.000000,1,37.336969,0.182496,0.250955,0.263450,0.021081,0.022638,269,57,41,68,360,72,72,135,78100,144,144,51084,3.402185,0.020098,1.280256,3.973082
with_repeater,750.0,600.0,900.0,4000.0,120.0,500.0,1,45,3797,3797,4228,4228,32,32,7,7,33,33,1875.000000,3750.000000,3895.000000,1,37.369580,0.184510,0.250971,0.264014,0.021079,0.022596,269,53,44,93,360,72,72,177,78100,144,144,51126,3.530500,0.020110,1.280741,4.483984
blackout_only,750.0,600.0,900.0,4000.0,120.0,500.0,1,46,3797,3797,4228,4228,32,32,7,7,33,33,1875.000000,3750.000000,3895.000000,1,37.364188,0.184209,0.250955,0.263353,0.021077,0.022655,273,50,39,65,360,72,72,135,78100,144,144,51084,3.401917,0.019412,1.279366,3.973591
with_repeater,750.0,600.0,900.0,4000.0,120.0,500.0,1,46,3797,3797,4228,4228,32,32,7,7,33,33,1875.000000,3750.000000,3895.000000,1,37.368910,0.183707,0.250928,0.263523,0.021071,0.022639,267,51,45,91,360,72,72,177,78100,144,144,51126,3.528698,0.019790,1.279951,4.483224
blackout_only,750.0,600.0,900.0,4000.0,120.0,500.0,1,47,3796,3796,4228,4228,32,32,7,7,33,33,1875.000000,3750.000000,3895.000000,1,37.343202,0.183409,0.251220,0.263901,0.021067,0.022670,266,54,36,62,360,72,72,135,78080,144,144,51084,3.402896,0.019882,1.280167,3.973966
with_repeater,750.0,600.0,900.0,4000.0,120.0,500.0,1,47,3797,3797,4228,4228,32,32,7,7,33,33,1875.000000,3750.000000,3895.000000,1,37.283442,0.183176,0.250953,0.263678,0.021064,0.022649,261,59,44,89,360,72,72,177,78100,144,144,51126,3.529018,0.020159,1.279649,4.482961
blackout_only,750.0,600.0,900.0,4000.0,120.0,500.0,1,48,3796,3796,4228,4228,32,32,7,7,33,33,1875.000000,3750.000000,3895.000000,1,37.343072,0.184028,0.251170,0.263647,0.021085,0.022631,276,54,45,71,360,72,72,135,78080,144,144,51084,3.403180,0.019948,1.280666,3.974481
with_repeater,750.0,600.0,900.0,4000.0,120.0,500.0,1,48,3797,3797,4228,4228,32,32,7,7,33,33,1875.000000,3750.000000,3895.000000,1,37.319269,0.181983,0.250984,0.263790,0.021096,0.022620,272,53,48,93,360,72,72,177,78100,144,144,51126,3.529433,0.020114,1.280425,4.481503
blackout_only,750.0,600.0,900.0,4000.0,120.0,500.0,1,49,3797,3797,4228,4228,32,32,7,7,33,33,1875.000000,3750.000000,3895.000000,1,37.336112,0.183504,0.250868,0.263375,0.021054,0.022631,263,50,40,81,360,72,72,135,78100,144,144,51084,3.401540,0.019687,1.280332,3.973177
with_repeater,750.0,600.0,900.0,4000.0,120.0,500.0,1,49,3796,3796,4228,4228,32,32,7,7,33,33,1875.000000,3750.000000,3895.000000,1,37.335471,0.183113,0.251039,0.263710,0.021078,0.022675,256,55,40,100,360,72,72,177,78087,144,144,51126,3.529550,0.019524,1.280240,4.480746
blackout_only,750.0,600.0,900.0,4000.0,120.0,500.0,1,50,3796,3796,4228,4228,32,32,7,7,33,33,1875.000000,3750.000000,3895.000000,1,37.307799,0.182778,0.251078,0.263627,0.021081,0.022701,269,53,43,61,360,72,72,135,78080,144,144,51084,3.403594,0.020256,1.280040,3.972961
with_repeater,750.0,600.0,900.0,4000.0,120.0,500.0,1,50,3796,3796,4228,4228,32,32,7,7,33,33,1875.000000,3750.000000,3895.000000,1,37.347448,0.183799,0.251031,0.263414,0.021075,0.022681,261,53,46,76,360,72,72,177,78089,144,144,51126,3.531346,0.020005,1.279997,4.481981
blackout_only,750.0,600.0,900.0,4000.0,120.0,500.0,1,51,3796,3796,4228,4228,32,32,7,7,33,33,1875.000000,3750.000000,3895.000000,1,37.303973,0.183389,0.251149,0.263747,0.021078,0.022644,268,44,44,68,360,72,72,135,78080,144,144,51084,3.404199,0.020362,1.279556,3.973549
with_repeater,750.0,600.0,900.0,4000.0,120.0,500.0,1,51,3796,3796,4228,4228,32,32,7,7,33,33,1875.000000,3750.000000,3895.000000,1,37.325258,0.183034,0.251278,0.263998,0.021071,0.022692,269,46,48,99,360,72,72,177,78080,144,144,51126,3.531774,0.020273,1.279305,4.481087
blackout_only,750.0,600.0,900.0,4000.0,120.0,500.0,1,52,3797,3797,4228,4228,32,32,7,7,33,33,1875.000000,3750.000000,3895.000000,1,37.373972,0.184796,0.250933,0.263596,0.021065,0.022627,266,51,42,69,360,72,72,135,78100,144,144,51084,3.402198,0.020226,1.280002,3.974347
with_repeater,750.0,600.0,900.0,4000.0,120.0,500.0,1,52,3796,3796,4228,4228,32,32,7,7,33,33,1875.000000,3750.000000,3895.000000,1,37.362211,0.183521,0.251088,0.263762,0.021070,0.022640,275,51,42,89,360,72,72,177,78080,144,144,51126,3.530668,0.020090,1.279626,4.482016
blackout_only,750.0,600.0,900.0,4000.0,120.0,500.0,1,53,3796,3796,4228,4228,32,32,7,7,33,33,1875.000000,3750.000000,3895.000000,1,37.344836,0.182648,0.251000,0.263948,0.021055,0.022649,261,54,40,65,360,72,72,135,78097,144,144,51084,3.403912,0.019464,1.280075,3.973848
with_repeater,750.0,600.0,900.0,4000.0,120.0,500.0,1,53,3796,3796,4228,4228,32,32,7,7,33,33,1875.000000,3750.000000,3895.000000,1,37.339560,0.182656,0.250997,0.263591,0.021069,0.022635,262,48,46,97,360,72,72,177,78098,144,144,51126,3.530599,0.019542,1.279903,4.478898
blackout_only,750.0,600.0,900.0,4000.0,120.0,500.0,1,54,3797,3797,4228,4228,32,32,7,7,33,33,1875.000000,3750.000000,3895.000000,1,37.412439,0.185365,0.250889,0.263750,0.021065,0.022664,261,48,46,57,360,72,72,135,78100,144,144,51084,3.403081,0.020126,1.279627,3.972443
with_repeater,750.0,600.0,900.0,4000.0,120.0,500.0,1,54,3797,3797,4228,4228,32,32,7,7,33,33,1875.000000,3750.000000,3895.000000,1,37.370638,0.183503,0.250948,0.263680,0.021068,0.022643,269,47,45,83,360,72,72,177,78100,144,144,51126,3.529627,0.020230,1.280304,4.481771
blackout_only,750.0,600.0,900.0,4000.0,120.0,500.0,1,55,3797,3797,4228,4228,32,32,7,7,33,33,1875.000000,3750.000000,3895.000000,1,37.243835,0.182526,0.250939,0.263878,0.021077,0.022669,256,47,46,72,360,72,72,135,78100,144,144,51084,3.401978,0.020308,1.279600,3.974608
with_repeater,750.0,600.0,900.0,4000.0,120.0,500.0,1,55,3797,3797,4228,4228,32,32,7,7,33,33,1875.000000,3750.000000,3895.000000,1,37.269670,0.181804,0.250853,0.263771,0.021085,0.022650,249,51,40,86,360,72,72,177,78100,144,144,51126,3.530855,0.020032,1.280074,4.480520
blackout_only,750.0,600.0,900.0,4000.0,120.0,500.0,1,56,3797,3797,4228,4228,32,32,7,7,33,33,1875.000000,3750.000000,3895.000000,1,37.365600,0.184383,0.250956,0.263729,0.021075,0.022665,274,53,45,71,360,72,72,135,78100,144,144,51084,3.402093,0.020237,1.279447,3.974744
with_repeater,750.0,600.0,900.0,4000.0,120.0,500.0,1,56,3796,3796,4228,4228,32,32,7,7,33,33,1875.000000,3750.000000,3895.000000,1,37.371795,0.183001,0.251231,0.264182,0.021078,0.022665,257,49,42,91,360,72,72,177,78080,144,144,51126,3.531347,0.020154,1.279564,4.481402
blackout_only,750.0,600.0,900.0,4000.0,120.0,500.0,1,57,3797,3797,4228,4228,32,32,7,7,33,33,1875.000000,3750.000000,3895.000000,1,37.318750,0.182408,0.250980,0.263986,0.021084,0.022665,261,48,50,64,360,72,72,136,78100,144,144,51084,3.402308,0.019915,1.280581,3.988311
with_repeater,750.0,600.0,900.0,4000.0,120.0,500.0,1,57,3797,3797,4228,4228,32,32,7,7,33,33,1875.000000,3750.000000,3895.000000,1,37.327235,0.183226,0.250833,0.263685,0.021076,0.022611,261,52,45,101,360,72,72,177,78100,144,144,51126,3.529238,0.020018,1.280721,4.491699
blackout_only,750.0,600.0,900.0,4000.0,120.0,500.0,1,58,3796,3796,4228,4228,32,32,7,7,33,33,1875.000000,3750.000000,3895.000000,1,37.392390,0.183351,0.251104,0.263659,0.021090,0.022731,262,55,46,65,360,72,72,135,78080,144,144,51084,3.404301,0.019783,1.279555,3.974157
with_repeater,750.0,600.0,900.0,4000.0,120.0,500.0,1,58,3796,3796,4228,4228,32,32,7,7,33,33,1875.000000,3750.000000,3895.000000,1,37.457382,0.185139,0.251090,0.263857,0.021074,0.022697,261,51,50,86,360,72,72,177,78080,144,144,51126,3.530908,0.019864,1.279632,4.481329
blackout_only,750.0,600.0,900.0,4000.0,120.0,500.0,1,59,3796,3796,4228,4228,32,32,7,7,33,33,1875.000000,3750.000000,3895.000000,1,37.331518,0.182848,0.251263,0.263993,0.021055,0.022632,257,56,39,60,360,72,72,136,78080,144,144,51084,3.403356,0.020071,1.280853,3.988368
with_repeater,750.0,600.0,900.0,4000.0,120.0,500.0,1,59,3796,3796,4228,4228,32,32,7,7,33,33,1875.000000,3750.000000,3895.000000,1,37.361188,0.184453,0.251079,0.263963,0.021066,0.022656,260,48,45,84,360,72,72,177,78080,144,144,51126,3.531062,0.019643,1.280448,4.489278
blackout_only,750.0,600.0,900.0,4000.0,120.0,500.0,1,60,3796,3796,4228,4228,32,32,7,7,33,33,1875.000000,3750.000000,3895.000000,1,37.321869,0.184031,0.251001,0.263862,0.021063,0.022650,256,51,47,68,360,72,72,135,78096,144,144,51084,3.402304,0.019976,1.279652,3.973552
with_repeater,750.0,600.0,900.0,4000.0,120.0,500.0,1,60,3797,3797,4228,4228,32,32,7,7,33,33,1875.000000,3750.000000,3895.000000,1,37.362417,0.183796,0.250837,0.263744,0.021067,0.022660,253,50,38,93,360,72,72,177,78100,144,144,51126,3.530171,0.020163,1.280016,4.480817
blackout_only,750.0,600.0,900.0,4000.0,120.0,500.0,1,61,3796,3796,4228,4228,32,32,7,7,33,33,1875.000000,3750.000000,3895.000000,1,37.369815,0.183434,0.251166,0.263754,0.021058,0.022607,263,54,38,68,360,72,72,135,78080,144,144,51084,3.404091,0.020275,1.280431,3.973963
with_repeater,750.0,600.0,900.0,4000.0,120.0,500.0,1,61,3796,3796,4228,4228,32,32,7,7,33,33,1875.000000,3750.000000,3895.000000,1,37.374315,0.184007,0.251181,0.263755,0.021053,0.022600,268,54,39,86,360,72,72,177,78080,144,144,51126,3.531217,0.019795,1.279583,4.481645
blackout_only,750.0,600.0,900.0,4000.0,120.0,500.0,1,62,3796,3796,4228,4228,32,32,7,7,33,33,1875.000000,3750.000000,3895.000000,1,37.447343,0.185325,0.251017,0.263829,0.021067,0.022620,257,52,47,74,360,72,72,135,78090,144,144,51084,3.402676,0.020079,1.280358,3.972695
with_repeater,750.0,600.0,900.0,4000.0,120.0,500.0,1,62,3796,3796,4228,4228,32,32,7,7,33,33,1875.000000,3750.000000,3895.000000,1,37.469838,0.184939,0.251031,0.264038,0.021074,0.022616,248,47,47,91,360,72,72,177,78089,144,144,51126,3.529713,0.020163,1.279150,4.480728
blackout_only,750.0,600.0,900.0,4000.0,120.0,500.0,1,63,3797,3797,4228,4228,32,32,7,7,33,33,1875.000000,3750.000000,3895.000000,1,37.254069,0.182610,0.250937,0.264074,0.021053,0.022603,263,49,38,66,360,72,72,135,78100,144,144,51084,3.402700,0.020011,1.280622,3.974070
with_repeater,750.0,600.0,900.0,4000.0,120.0,500.0,1,63,3797,3797,4228,4228,32,32,7,7,33,33,1875.000000,3750.000000,3895.000000,1,37.249709,0.182243,0.250857,0.263788,0.021048,0.022637,270,52,43,87,360,72,72,177,78100,144,144,51132,3.528490,0.019943,1.280665,4.480007
blackout_only,750.0,600.0,900.0,4000.0,120.0,500.0,1,64,3797,3797,4228,4228,32,32,7,7,33,33,1875.000000,3750.000000,3895.000000,1,37.347414,0.183655,0.250950,0.263454,0.021109,0.022675,256,51,36,62,360,72,72,135,78100,144,144,51084,3.403493,0.019925,1.280516,3.975141
with_repeater,750.0,600.0,900.0,4000.0,120.0,500.0,1,64,3796,3796,4228,4228,32,32,7,7,33,33,1875.000000,3750.000000,3895.000000,1,37.348173,0.183648,0.251070,0.263624,0.021093,0.022670,269,54,38,84,360,72,72,177,78080,144,144,51126,3.531532,0.019522,1.279829,4.482235
blackout_only,750.0,600.0,900.0,4000.0,120.0,500.0,1,65,3797,3797,4228,4228,32,32,7,7,33,33,1875.000000,3750.000000,3895.000000,1,37.310210,0.183886,0.250955,0.263883,0.021084,0.022648,264,56,48,73,360,72,72,135,78100,144,144,51084,3.401823,0.020366,1.279739,3.987973
with_repeater,750.0,600.0,900.0,4000.0,120.0,500.0,1,65,3796,3796,4228,4228,32,32,7,7,33,33,1875.000000,3750.000000,3895.000000,1,37.320630,0.183250,0.251105,0.264197,0.021071,0.022648,262,54,46,79,360,72,72,177,78080,144,144,51126,3.530136,0.020180,1.279458,4.490789
blackout_only,750.0,600.0,900.0,4000.0,120.0,500.0,1,66,3797,3797,4228,4228,32,32,7,7,33,33,1875.000000,3750.000000,3895.000000,1,37.336999,0.183384,0.250896,0.263439,0.021075,0.022646,272,38,48,69,360,72,72,135,78100,144,144,51084,3.402875,0.019521,1.280389,3.973299
with_repeater,750.0,600.0,900.0,4000.0,120.0,500.0,1,66,3796,3796,4228,4228,32,32,7,7,33,33,1875.000000,3750.000000,3895.000000,1,37.296491,0.182489,0.251089,0.263798,0.021058,0.022653,273,44,50,91,360,72,72,177,78080,144,144,51126,3.531620,0.020152,1.279665,4.481423
blackout_only,750.0,600.0,900.0,4000.0,120.0,500.0,1,67,3796,3796,4228,4228,32,32,7,7,33,33,1875.000000,3750.000000,3895.000000,1,37.284545,0.183035,0.251100,0.263822,0.021077,0.022686,259,48,45,64,360,72,72,135,78080,144,144,51084,3.403211,0.019540,1.280588,3.973265
with_repeater,750.0,600.0,900.0,4000.0,120.0,500.0,1,67,3797,3797,4228,4228,32,32,7,7,33,33,1875.000000,3750.000000,3895.000000,1,37.263518,0.182452,0.250935,0.263334,0.021065,0.022711,264,51,45,93,360,72,72,177,78100,144,144,51126,3.530535,0.019640,1.280315,4.481949
blackout_only,750.0,600.0,900.0,4000.0,120.0,500.0,1,68,3797,3797,4228,4228,32,32,7,7,33,33,1875.000000,3750.000000,3895.000000,1,37.362756,0.183672,0.250907,0.263658,0.021065,0.022683,274,51,48,74,360,72,72,135,78100,144,144,51084,3.402907,0.020198,1.279638,3.988473
with_repeater,750.0,600.0,900.0,4000.0,120.0,500.0,1,68,3797,3797,4228,4228,32,32,7,7,33,33,1875.000000,3750.000000,3895.000000,1,37.367537,0.184783,0.250955,0.263734,0.021075,0.022695,269,54,44,96,360,72,72,177,78100,144,144,51126,3.530406,0.020166,1.279954,4.491716
blackout_only,750.0,600.0,900.0,4000.0,120.0,500.0,1,69,3797,3797,4228,4228,32,32,7,7,33,33,1875.000000,3750.000000,3895.000000,1,37.299768,0.182178,0.250976,0.263861,0.021049,0.022601,267,48,38,74,360,72,72,135,78100,144,144,51088,3.402281,0.020626,1.280131,3.975578
with_repeater,750.0,600.0,900.0,4000.0,120.0,500.0,1,69,3797,3797,4228,4228,32,32,7,7,33,33,1875.000000,3750.000000,3895.000000,1,37.277987,0.183261,0.250941,0.263466,0.021063,0.022676,264,49,37,108,360,72,72,177,78100,144,144,51126,3.529488,0.020267,1.279838,4.483812
blackout_only,750.0,600.0,900.0,4000.0,120.0,500.0,1,70,3797,3797,4228,4228,32,32,7,7,33,33,1875.000000,3750.000000,3895.000000,1,37.391595,0.183578,0.250888,0.263535,0.021066,0.022703,261,54,46,73,360,72,72,135,78100,144,144,51084,3.400893,0.019389,1.279996,3.974737
with_repeater,750.0,600.0,900.0,4000.0,120.0,500.0,1,70,3796,3796,4229,4229,32,32,7,7,33,33,1875.000000,3750.000000,3895.000000,1,37.370508,0.184072,0.251039,0.263660,0.021040,0.022694,266,55,47,90,360,72,72,177,78087,144,144,51138,3.529404,0.019848,1.279874,4.481628
blackout_only,750.0,600.0,900.0,4000.0,120.0,500.0,1,71,3797,3797,4228,4228,32,32,7,7,33,33,1875.000000,3750.000000,3895.000000,1,37.280639,0.183147,0.250929,0.263457,0.021046,0.022613,257,49,41,66,360,72,72,135,78100,144,144,51096,3.401748,0.020204,1.279757,3.973211
with_repeater,750.0,600.0,900.0,4000.0,120.0,500.0,1,71,3797,3797,4228,4228,32,32,7,7,33,33,1875.000000,3750.000000,3895.000000,1,37.309149,0.183416,0.250887,0.263741,0.021047,0.022646,264,48,43,88,360,72,72,177,78100,144,144,51136,3.528373,0.020081,1.279599,4.479061
blackout_only,750.0,600.0,900.0,4000.0,120.0,500.0,1,72,3796,3796,4228,4228,32,32,7,7,33,33,1875.000000,3750.000000,3895.000000,1,37.279039,0.182526,0.251030,0.264082,0.021089,0.022689,253,61,48,66,360,72,72,135,78090,144,144,51084,3.403287,0.019959,1.279734,3.972935
with_repeater,750.0,600.0,900.0,4000.0,120.0,500.0,1,72,3796,3796,4228,4228,32,32,7,7,33,33,1875.000000,3750.000000,3895.000000,1,37.309541,0.182880,0.251084,0.264023,0.021068,0.022666,256,59,43,84,360,72,72,177,78080,144,144,51126,3.530100,0.019952,1.279773,4.481037
blackout_only,750.0,600.0,900.0,4000.0,120.0,500.0,1,73,3796,3796,4228,4228,32,32,7,7,33,33,1875.000000,3750.000000,3895.000000,1,37.415938,0.185537,0.251009,0.264028,0.021064,0.022645,263,51,43,63,360,72,72,135,78096,144,144,51084,3.403076,0.019762,1.280048,3.972735
with_repeater,750.0,600.0,900.0,4000.0,120.0,500.0,1,73,3797,3797,4228,4228,32,32,7,7,33,33,1875.000000,3750.000000,3895.000000,1,37.437177,0.184496,0.250835,0.263433,0.021067,0.022656,275,49,35,97,360,72,72,177,78100,144,144,51126,3.531722,0.020135,1.280186,4.481864
blackout_only,750.0,600.0,900.0,4000.0,120.0,500.0,1,74,3797,3797,4228,4228,32,32,7,7,33,33,1875.000000,3750.000000,3895.000000,1,37.341823,0.182771,0.250818,0.263432,0.021052,0.022619,271,52,47,77,360,72,72,135,78100,144,144,51084,3.402051,0.020078,1.279913,3.973539
with_repeater,750.0,600.0,900.0,4000.0,120.0,500.0,1,74,3797,3797,4229,4229,32,32,7,7,33,33,1875.000000,3750.000000,3895.000000,1,37.374403,0.183030,0.250736,0.263333,0.021043,0.022593,274,53,47,92,360,72,72,177,78100,144,144,51138,3.531197,0.019965,1.279692,4.483694
blackout_only,750.0,600.0,900.0,4000.0,120.0,500.0,1,75,3797,3797,4228,4228,32,32,7,7,33,33,1875.000000,3750.000000,3895.000000,1,37.285057,0.183000,0.250919,0.263694,0.021062,0.022646,271,53,37,76,360,72,72,135,78100,144,144,51084,3.402880,0.020468,1.278987,3.974582
with_repeater,750.0,600.0,900.0,4000.0,120.0,500.0,1,75,3797,3797,4228,4228,32,32,7,7,33,33,1875.000000,3750.000000,3895.000000,1,37.248305,0.181808,0.250888,0.263654,0.021067,0.022659,254,51,46,104,360,72,72,177,78100,144,144,51126,3.529498,0.020509,1.279270,4.481674
blackout_only,750.0,600.0,900.0,4000.0,120.0,500.0,1,76,3796,3796,4228,4228,32,32,7,7,33,33,1875.000000,3750.000000,3895.000000,1,37.341695,0.183368,0.251178,0.263785,0.021064,0.022673,262,55,47,72,360,72,72,135,78080,144,144,51084,3.402889,0.019910,1.279337,3.990037
with_repeater,750.0,600.0,900.0,4000.0,120.0,500.0,1,76,3796,3796,4228,4228,32,32,7,7,33,33,1875.000000,3750.000000,3895.000000,1,37.261097,0.182357,0.251191,0.263728,0.021082,0.022665,252,53,42,94,360,72,72,177,78080,144,144,51126,3.531152,0.019707,1.279917,4.490353
blackout_only,750.0,600.0,900.0,4000.0,120.0,500.0,1,77,3796,3796,4228,4228,32,32,7,7,33,33,1875.000000,3750.000000,3895.000000,1,37.293864,0.183057,0.251058,0.263809,0.021077,0.022719,274,55,42,63,360,72,72,135,78080,144,144,51084,3.403794,0.019640,1.280726,3.973657
with_repeater,750.0,600.0,900.0,4000.0,120.0,500.0,1,77,3796,3796,4228,4228,32,32,7,7,33,33,1875.000000,3750.000000,3895.000000,1,37.299086,0.182806,0.251183,0.263820,0.021072,0.022698,271,56,41,79,360,72,72,177,78080,144,144,51126,3.532150,0.019817,1.280589,4.480242
blackout_only,750.0,600.0,900.0,4000.0,120.0,500.0,1,78,3796,3796,4228,4228,32,32,7,7,33,33,1875.000000,3750.000000,3895.000000,1,37.333985,0.181590,0.251140,0.263564,0.021065,0.022636,265,57,45,70,360,72,72,136,78080,144,144,51084,3.402374,0.019541,1.280862,3.988882
with_repeater,750.0,600.0,900.0,4000.0,120.0,500.0,1,78,3796,3796,4228,4228,32,32,7,7,33,33,1875.000000,3750.000000,3895.000000,1,37.331988,0.182278,0.251194,0.263779,0.021062,0.022620,270,55,37,90,360,72,72,177,78080,144,144,51126,3.530204,0.019719,1.280879,4.491803
blackout_only,750.0,600.0,900.0,4000.0,120.0,500.0,1,79,3796,3796,4228,4228,32,32,7,7,33,33,1875.000000,3750.000000,3895.000000,1,37.311516,0.182351,0.251141,0.263885,0.021081,0.022634,254,53,41,73,360,72,72,135,78080,144,144,51084,3.403139,0.020336,1.280214,3.972689
with_repeater,750.0,600.0,900.0,4000.0,120.0,500.0,1,79,3796,3796,4228,4228,32,32,7,7,33,33,1875.000000,3750.000000,3895.000000,1,37.342229,0.183356,0.251238,0.263928,0.021070,0.022616,252,50,47,91,360,72,72,177,78080,144,144,51126,3.530741,0.020217,1.279301,4.481865
blackout_only,750.0,600.0,900.0,4000.0,120.0,500.0,1,80,3797,3797,4228,4228,32,32,7,7,33,33,1875.000000,3750.000000,3895.000000,1,37.254784,0.182215,0.250962,0.263518,0.021070,0.022637,250,53,47,67,360,72,72,136,78100,144,144,51084,3.402058,0.020230,1.281471,3.989250
with_repeater,750.0,600.0,900.0,4000.0,120.0,500.0,1,80,3797,3797,4228,4228,32,32,7,7,33,33,1875.000000,3750.000000,3895.000000,1,37.269525,0.182537,0.250821,0.263511,0.021074,0.022689,262,49,44,84,360,72,72,177,78100,144,144,51126,3.529832,0.020237,1.280504,4.492351
blackout_only,750.0,600.0,900.0,4000.0,120.0,500.0,1,81,3796,3796,4228,4228,32,32,7,7,33,33,1875.000000,3750.000000,3895.000000,1,37.249382,0.182036,0.251117,0.263942,0.021061,0.022613,258,59,43,81,360,72,72,135,78080,144,144,51084,3.403216,0.020155,1.280797,3.973924
with_repeater,750.0,600.0,900.0,4000.0,120.0,500.0,1,81,3796,3796,4228,4228,32,32,7,7,33,33,1875.000000,3750.000000,3895.000000,1,37.303289,0.183338,0.251029,0.263571,0.021063,0.022622,265,51,40,91,360,72,72,177,78089,144,144,51126,3.530263,0.020502,1.280018,4.481601
blackout_only,750.0,600.0,900.0,4000.0,120.0,500.0,1,82,3796,3796,4228,4228,32,32,7,7,33,33,1875.000000,3750.000000,3895.000000,1,37.328133,0.183615,0.251053,0.263876,0.021061,0.022628,271,46,44,71,360,72,72,135,78086,144,144,51084,3.403029,0.020142,1.279733,3.973887
with_repeater,750.0,600.0,900.0,4000.0,120.0,500.0,1,82,3796,3796,4228,4228,32,32,7,7,33,33,1875.000000,3750.000000,3895.000000,1,37.384051,0.184867,0.251034,0.263886,0.021052,0.022651,265,47,44,94,360,72,72,177,78088,144,144,51126,3.530624,0.019702,1.280029,4.481272
blackout_only,750.0,600.0,900.0,4000.0,120.0,500.0,1,83,3796,3796,4228,4228,32,32,7,7,33,33,1875.000000,3750.000000,3895.000000,1,37.285079,0.181406,0.251189,0.263583,0.021068,0.022644,262,49,43,66,360,72,72,135,78080,144,144,51084,3.404169,0.019771,1.280417,3.972310
with_repeater,750.0,600.0,900.0,4000.0,120.0,500.0,1,83,3796,3796,4228,4228,32,32,7,7,33,33,1875.000000,3750.000000,3895.000000,1,37.359899,0.181706,0.251124,0.263986,0.021083,0.022659,264,46,41,89,360,72,72,177,78080,144,144,51126,3.531782,0.019469,1.279988,4.478021
blackout_only,750.0,600.0,900.0,4000.0,120.0,500.0,1,84,3796,3796,4229,4229,32,32,7,7,33,33,1875.000000,3750.000000,3895.000000,1,37.347531,0.184627,0.250998,0.263398,0.021044,0.022688,261,52,35,61,360,72,72,136,78098,144,144,51096,3.402145,0.020435,1.279803,4.002595
with_repeater,750.0,600.0,900.0,4000.0,120.0,500.0,1,84,3796,3796,4229,4229,32,32,7,7,33,33,1875.000000,3750.000000,3895.000000,1,37.380880,0.184287,0.251033,0.263593,0.021043,0.022637,261,50,40,87,360,72,72,177,78089,144,144,51138,3.532235,0.020593,1.279986,4.503679
blackout_only,750.0,600.0,900.0,4000.0,120.0,500.0,1,85,3796,3796,4228,4228,32,32,7,7,33,33,1875.000000,3750.000000,3895.000000,1,37.214234,0.181884,0.251034,0.263998,0.021088,0.022683,261,50,44,68,360,72,72,136,78088,144,144,51084,3.403834,0.019995,1.280174,3.987518
with_repeater,750.0,600.0,900.0,4000.0,120.0,500.0,1,85,3797,3797,4228,4228,32,32,7,7,33,33,1875.000000,3750.000000,3895.000000,1,37.296863,0.182508,0.250816,0.263836,0.021077,0.022651,252,47,45,86,360,72,72,177,78100,144,144,51126,3.530023,0.020017,1.279662,4.489897
blackout_only,750.0,600.0,900.0,4000.0,120.0,500.0,1,86,3796,3796,4228,4228,32,32,7,7,33,33,1875.000000,3750.000000,3895.000000,1,37.319466,0.183251,0.251218,0.264005,0.021097,0.022668,271,55,43,65,360,72,72,135,78080,144,144,51084,3.404188,0.020172,1.280004,3.972825
with_repeater,750.0,600.0,900.0,4000.0,120.0,500.0,1,86,3796,3796,4228,4228,32,32,7,7,33,33,1875.000000,3750.000000,3895.000000,1,37.331966,0.182969,0.251063,0.264084,0.021076,0.022637,272,51,39,90,360,72,72,177,78080,144,144,51126,3.530825,0.020091,1.279721,4.481229
blackout_only,750.0,600.0,900.0,4000.0,120.0,500.0,1,87,3797,3797,4229,4229,32,32,7,7,33,33,1875.000000,3750.000000,3895.000000,1,37.375678,0.183487,0.250968,0.263633,0.021043,0.022620,270,53,43,74,360,72,72,135,78100,144,144,51096,3.403407,0.020320,1.280376,3.972549
with_repeater,750.0,600.0,900.0,4000.0,120.0,500.0,1,87,3796,3796,4228,4228,32,32,7,7,33,33,1875.000000,3750.000000,3895.000000,1,37.320348,0.182435,0.251037,0.263764,0.021065,0.022641,264,61,41,97,360,72,72,177,78088,144,144,51126,3.531167,0.019939,1.279419,4.481435
blackout_only,750.0,600.0,900.0,4000.0,120.0,500.0,1,88,3797,3797,4229,4229,32,32,7,7,33,33,1875.000000,3750.000000,3895.000000,1,37.395531,0.183202,0.250945,0.263940,0.021035,0.022563,276,48,46,75,360,72,72,135,78100,144,144,51096,3.403197,0.020288,1.279111,3.984800
with_repeater,750.0,600.0,900.0,4000.0,120.0,500.0,1,88,3797,3797,4228,4228,32,32,7,7,33,33,1875.000000,3750.000000,3895.000000,1,37.373672,0.184225,0.250876,0.263462,0.021054,0.022604,272,45,44,93,360,72,72,177,78100,144,144,51126,3.530678,0.020096,1.279116,4.490188
blackout_only,750.0,600.0,900.0,4000.0,120.0,500.0,1,89,3796,3796,4228,4228,32,32,7,7,33,33,1875.000000,3750.000000,3895.000000,1,37.351590,0.183602,0.251157,0.263973,0.021081,0.022665,273,60,50,70,360,72,72,135,78080,144,144,51084,3.403852,0.020129,1.279849,3.974157
with_repeater,750.0,600.0,900.0,4000.0,120.0,500.0,1,89,3796,3796,4228,4228,32,32,7,7,33,33,1875.000000,3750.000000,3895.000000,1,37.359147,0.183946,0.251003,0.263548,0.021063,0.022625,270,59,40,87,360,72,72,177,78097,144,144,51126,3.530296,0.019907,1.279649,4.481462
blackout_only,750.0,600.0,1800.0,4000.0,120.0,500.0,1,40,4196,4196,4674,4674,32,32,15,15,32,32,1875.000000,3750.000000,3895.000000,1,98.723218,0.181737,0.251020,0.263728,0.021072,0.022698,300,60,55,62,395,79,79,135,86290,158,158,56436,3.087183,0.019600,1.279989,3.595860
with_repeater,750.0,600.0,1800.0,4000.0,120.0,500.0,1,40,4196,4196,4674,4674,32,32,15,15,32,32,1875.000000,3750.000000,3895.000000,1,98.666331,0.181265,0.250972,0.263778,0.021093,0.022676,299,60,51,93,395,79,79,201,86290,158,158,56526,3.334256,0.019860,1.279838,4.257087
blackout_only,750.0,600.0,1800.0,4000.0,120.0,500.0,1,41,4196,4196,4674,4674,32,32,15,15,32,32,1875.000000,3750.000000,3895.000000,1,98.820024,0.183468,0.251053,0.263704,0.021056,0.022663,288,59,57,72,395,79,79,135,86290,158,158,56436,3.085397,0.020038,1.279902,3.596577
with_repeater,750.0,600.0,1800.0,4000.0,120.0,500.0,1,41,4196,4196,4674,4674,32,32,15,15,32,32,1875.000000,3750.000000,3895.000000,1,98.805194,0.183259,0.251119,0.263704,0.021050,0.022608,288,58,55,99,395,79,79,201,86290,158,158,56526,3.332602,0.019993,1.280061,4.256307
blackout_only,750.0,600.0,1800.0,4000.0,120.0,500.0,1,42,4196,4196,4674,4674,32,32,15,15,32,32,1875.000000,3750.000000,3895.000000,1,98.846007,0.184459,0.251052,0.263799,0.021053,0.022687,290,51,48,77,395,79,79,135,86290,158,158,56436,3.086413,0.019598,1.279566,3.596192
with_repeater,750.0,600.0,1800.0,4000.0,120.0,500.0,1,42,4196,4196,4674,4674,32,32,15,15,32,32,1875.000000,3750.000000,3895.000000,1,98.791341,0.183191,0.250975,0.263827,0.021057,0.022612,291,55,48,99,395,79,79,201,86290,158,158,56526,3.334884,0.019732,1.279635,4.256379
blackout_only,750.0,600.0,1800.0,4000.0,120.0,500.0,1,43,4196,4196,4674,4674,32,32,15,15,32,32,1875.000000,3750.000000,3895.000000,1,98.760975,0.182904,0.251201,0.264146,0.021065,0.022706,279,54,48,73,395,79,79,135,86290,158,158,56436,3.086542,0.019566,1.279951,3.594735
with_repeater,750.0,600.0,1800.0,4000.0,120.0,500.0,1,43,4196,4196,4674,4674,32,32,15,15,32,32,1875.000000,3750.000000,3895.000000,1,98.779854,0.183341,0.250972,0.263758,0.021051,0.022671,285,54,49,96,395,79,79,201,86290,158,158,56526,3.334120,0.019864,1.280347,4.257393
blackout_only,750.0,600.0,1800.0,4000.0,120.0,500.0,1,44,4196,4196,4674,4674,32,32,15,15,32,32,1875.000000,3750.000000,3895.000000,1,98.794919,0.182766,0.251184,0.263977,0.021067,0.022680,298,56,51,64,395,79,79,135,86290,158,158,56436,3.085808,0.019968,1.280256,3.596918
with_repeater,750.0,600.0,1800.0,4000.0,120.0,500.0,1,44,4196,4196,4674,4674,32,32,15,15,32,32,1875.000000,3750.000000,3895.000000,1,98.763171,0.182428,0.251170,0.264165,0.021098,0.022687,289,56,54,96,395,79,79,201,86290,158,158,56526,3.333835,0.020183,1.280165,4.257074
blackout_only,750.0,600.0,1800.0,4000.0,120.0,500.0,1,45,4196,4196,4674,4674,32,32,15,15,32,32,1875.000000,3750.000000,3895.000000,1,98.794651,0.183337,0.251029,0.263411,0.021069,0.022615,291,54,41,71,395,79,79,135,86290,158,158,56436,3.086558,0.020269,1.279787,3.597270
with_repeater,750.0,600.0,1800.0,4000.0,120.0,500.0,1,45,4196,4196,4674,4674,32,32,15,15,32,32,1875.000000,3750.000000,3895.000000,1,98.846016,0.184568,0.251024,0.263954,0.021066,0.022584,291,61,53,102,395,79,79,201,86290,158,158,56526,3.332542,0.020066,1.280533,4.257326
blackout_only,750.0,600.0,1800.0,4000.0,120.0,500.0,1,46,4196,4196,4674,4674,32,32,15,15,32,32,1875.000000,3750.000000,3895.000000,1,98.843764,0.183714,0.250997,0.263507,0.021083,0.022676,292,56,45,67,395,79,79,135,86290,158,158,56436,3.085319,0.019658,1.279383,3.596405
with_repeater,750.0,600.0,1800.0,4000.0,120.0,500.0,1,46,4196,4196,4674,4674,32,32,15,15,32,32,1875.000000,3750.000000,3895.000000,1,98.868088,0.184708,0.250972,0.263535,0.021057,0.022637,287,62,46,98,395,79,79,201,86290,158,158,56526,3.330900,0.020146,1.280244,4.258625
blackout_only,750.0,600.0,1800.0,4000.0,120.0,500.0,1,47,4196,4196,4674,4674,32,32,15,15,32,32,1875.000000,3750.000000,3895.000000,1,98.791517,0.183405,0.251153,0.263702,0.021082,0.022690,282,66,49,76,395,79,79,135,86290,158,158,56436,3.085286,0.019993,1.279649,3.596725
with_repeater,750.0,600.0,1800.0,4000.0,120.0,500.0,1,47,4196,4196,4674,4674,32,32,15,15,32,32,1875.000000,3750.000000,3895.000000,1,98.771176,0.183097,0.251015,0.263746,0.021074,0.022642,291,65,46,97,395,79,79,201,86290,158,158,56526,3.331455,0.020093,1.279967,4.256915
blackout_only,750.0,600.0,1800.0,4000.0,120.0,500.0,1,48,4196,4196,4674,4674,32,32,15,15,32,32,1875.000000,3750.000000,3895.000000,1,98.812722,0.183452,0.251110,0.263869,0.021080,0.022625,296,56,47,72,395,79,79,135,86290,158,158,56436,3.086127,0.019874,1.280022,3.596573
with_repeater,750.0,600.0,1800.0,4000.0,120.0,500.0,1,48,4196,4196,4674,4674,32,32,15,15,32,32,1875.000000,3750.000000,3895.000000,1,98.733265,0.182790,0.251082,0.264060,0.021074,0.022609,299,57,51,98,395,79,79,201,86290,158,158,56526,3.331430,0.019975,1.280525,4.255693
blackout_only,750.0,600.0,1800.0,4000.0,120.0,500.0,1,49,4196,4196,4674,4674,32,32,15,15,32,32,1875.000000,3750.000000,3895.000000,1,98.814081,0.183926,0.250982,0.263734,0.021053,0.022678,298,51,44,85,395,79,79,135,86290,158,158,56436,3.085457,0.019846,1.280325,3.598307
with_repeater,750.0,600.0,1800.0,4000.0,120.0,500.0,1,49,4196,4196,4674,4674,32,32,15,15,32,32,1875.000000,3750.000000,3895.000000,1,98.789174,0.182690,0.251124,0.263551,0.021067,0.022661,277,58,39,109,395,79,79,201,86290,158,158,56526,3.332710,0.019584,1.280036,4.256997
blackout_only,750.0,600.0,1800.0,4000.0,120.0,500.0,1,50,4196,4196,4674,4674,32,32,15,15,32,32,1875.000000,3750.000000,3895.000000,1,98.766280,0.182251,0.251102,0.263557,0.021071,0.022701,284,56,46,59,395,79,79,135,86290,158,158,56436,3.086373,0.020291,1.279838,3.596904
with_repeater,750.0,600.0,1800.0,4000.0,120.0,500.0,1,50,4196,4196,4674,4674,32,32,15,15,32,32,1875.000000,3750.000000,3895.000000,1,98.828428,0.184817,0.251119,0.263509,0.021066,0.022681,287,56,54,84,395,79,79,201,86290,158,158,56526,3.334958,0.019887,1.279972,4.256738
blackout_only,750.0,600.0,1800.0,4000.0,120.0,500.0,1,51,4196,4196,4674,4674,32,32,15,15,32,32,1875.000000,3750.000000,3895.000000,1,98.782723,0.182203,0.251044,0.263912,0.021078,0.022651,289,53,51,76,395,79,79,135,86290,158,158,56436,3.086540,0.020561,1.280410,3.597384
with_repeater,750.0,600.0,1800.0,4000.0,120.0,500.0,1,51,4196,4196,4674,4674,32,32,15,15,32,32,1875.000000,3750.000000,3895.000000,1,98.803745,0.183722,0.251104,0.263650,0.021086,0.022705,296,50,51,110,395,79,79,201,86290,158,158,56526,3.335131,0.020183,1.279679,4.257681
blackout_only,750.0,600.0,1800.0,4000.0,120.0,500.0,1,52,4196,4196,4674,4674,32,32,15,15,32,32,1875.000000,3750.000000,3895.000000,1,98.857666,0.183635,0.250948,0.263634,0.021087,0.022663,301,51,44,67,395,79,79,135,86296,158,158,56436,3.085543,0.020402,1.279526,3.597461
with_repeater,750.0,600.0,1800.0,4000.0,120.0,500.0,1,52,4196,4196,4674,4674,32,32,15,15,32,32,1875.000000,3750.000000,3895.000000,1,98.831916,0.184399,0.251121,0.263767,0.021078,0.022611,309,56,45,101,395,79,79,201,86290,158,158,56526,3.334217,0.019948,1.280317,4.258182
blackout_only,750.0,600.0,1800.0,4000.0,120.0,500.0,1,53,4196,4196,4674,4674,32,32,15,15,32,32,1875.000000,3750.000000,3895.000000,1,98.813679,0.183765,0.251003,0.263854,0.021072,0.022680,278,52,52,63,395,79,79,135,86290,158,158,56436,3.086440,0.019461,1.279887,3.596561
with_repeater,750.0,600.0,1800.0,4000.0,120.0,500.0,1,53,4196,4196,4674,4674,32,32,15,15,32,32,1875.000000,3750.000000,3895.000000,1,98.786029,0.182741,0.251103,0.264072,0.021074,0.022647,285,56,47,105,395,79,79,201,86290,158,158,56526,3.333153,0.019700,1.279993,4.255178
blackout_only,750.0,600.0,1800.0,4000.0,120.0,500.0,1,54,4196,4196,4674,4674,32,32,15,15,32,32,1875.000000,3750.000000,3895.000000,1,98.873920,0.184561,0.250896,0.263748,0.021066,0.022667,296,43,52,63,395,79,79,135,86309,158,158,56436,3.086398,0.020016,1.279849,3.596991
with_repeater,750.0,600.0,1800.0,4000.0,120.0,500.0,1,54,4196,4196,4674,4674,32,32,15,15,32,32,1875.000000,3750.000000,3895.000000,1,98.847477,0.184159,0.250925,0.263614,0.021067,0.022639,283,51,50,98,395,79,79,201,86300,158,158,56526,3.333434,0.020227,1.281116,4.258788
blackout_only,750.0,600.0,1800.0,4000.0,120.0,500.0,1,55,4196,4196,4674,4674,32,32,15,15,32,32,1875.000000,3750.000000,3895.000000,1,98.716565,0.182944,0.251034,0.264199,0.021079,0.022662,283,56,46,62,395,79,79,135,86290,158,158,56436,3.086567,0.019857,1.279847,3.596325
with_repeater,750.0,600.0,1800.0,4000.0,120.0,500.0,1,55,4196,4196,4674,4674,32,32,15,15,32,32,1875.000000,3750.000000,3895.000000,1,98.721919,0.182583,0.250946,0.263878,0.021070,0.022622,278,57,47,101,395,79,79,201,86296,158,158,56526,3.334767,0.019992,1.279759,4.257245
blackout_only,750.0,600.0,1800.0,4000.0,120.0,500.0,1,56,4196,4196,4674,4674,32,32,15,15,32,32,1875.000000,3750.000000,3895.000000,1,98.848499,0.182754,0.250959,0.263801,0.021058,0.022661,296,59,50,62,395,79,79,135,86290,158,158,56436,3.085201,0.020222,1.279886,3.596167
with_repeater,750.0,600.0,1800.0,4000.0,120.0,500.0,1,56,4196,4196,4674,4674,32,32,15,15,32,32,1875.000000,3750.000000,3895.000000,1,98.812182,0.183063,0.251256,0.264265,0.021064,0.022634,286,58,46,104,395,79,79,201,86290,158,158,56526,3.333295,0.020131,1.279801,4.256954
blackout_only,750.0,600.0,1800.0,4000.0,120.0,500.0,1,57,4196,4196,4674,4674,32,32,15,15,32,32,1875.000000,3750.000000,3895.000000,1,98.765142,0.182729,0.250958,0.264033,0.021081,0.022667,284,51,52,67,395,79,79,136,86290,158,158,56436,3.086514,0.020017,1.279652,3.608758
with_repeater,750.0,600.0,1800.0,4000.0,120.0,500.0,1,57,4197,4197,4674,4674,32,32,15,15,32,32,1875.000000,3750.000000,3895.000000,1,98.803201,0.183471,0.250849,0.263742,0.021071,0.022613,289,57,47,101,395,79,79,201,86310,158,158,56526,3.333037,0.019868,1.280344,4.265942
blackout_only,750.0,600.0,1800.0,4000.0,120.0,500.0,1,58,4196,4196,4674,4674,32,32,15,15,32,32,1875.000000,3750.000000,3895.000000,1,98.844896,0.183693,0.250997,0.263804,0.021087,0.022706,290,56,51,67,395,79,79,135,86290,158,158,56436,3.086735,0.020170,1.280018,3.597051
with_repeater,750.0,600.0,1800.0,4000.0,120.0,500.0,1,58,4196,4196,4674,4674,32,32,15,15,32,32,1875.000000,3750.000000,3895.000000,1,98.968376,0.184701,0.251143,0.263998,0.021058,0.022695,276,55,52,106,395,79,79,201,86290,158,158,56526,3.335274,0.019942,1.279615,4.259124
blackout_only,750.0,600.0,1800.0,4000.0,120.0,500.0,1,59,4196,4196,4674,4674,32,32,15,15,32,32,1875.000000,3750.000000,3895.000000,1,98.771869,0.182337,0.251151,0.263853,0.021057,0.022652,269,62,46,66,395,79,79,136,86290,158,158,56436,3.085877,0.020017,1.280447,3.609902
with_repeater,750.0,600.0,1800.0,4000.0,120.0,500.0,1,59,4196,4196,4674,4674,32,32,15,15,32,32,1875.000000,3750.000000,3895.000000,1,98.809476,0.183510,0.251105,0.264133,0.021062,0.022650,278,57,49,103,395,79,79,201,86290,158,158,56526,3.334237,0.019906,1.280728,4.263649
blackout_only,750.0,600.0,1800.0,4000.0,120.0,500.0,1,60,4196,4196,4674,4674,32,32,15,15,32,32,1875.000000,3750.000000,3895.000000,1,98.793403,0.183625,0.250921,0.263964,0.021058,0.022641,286,55,44,64,395,79,79,135,86300,158,158,56436,3.085823,0.019888,1.280203,3.596479
with_repeater,750.0,600.0,1800.0,4000.0,120.0,500.0,1,60,4197,4197,4674,4674,32,32,15,15,32,32,1875.000000,3750.000000,3895.000000,1,98.834206,0.184102,0.250789,0.263528,0.021057,0.022639,279,60,49,105,395,79,79,201,86310,158,158,56526,3.333740,0.020105,1.279709,4.257022
blackout_only,750.0,600.0,1800.0,4000.0,120.0,500.0,1,61,4196,4196,4674,4674,32,32,15,15,32,32,1875.000000,3750.000000,3895.000000,1,98.802883,0.183101,0.251166,0.263499,0.021068,0.022642,281,60,41,73,395,79,79,135,86290,158,158,56436,3.086439,0.020114,1.280092,3.596348
with_repeater,750.0,600.0,1800.0,4000.0,120.0,500.0,1,61,4196,4196,4674,4674,32,32,15,15,32,32,1875.000000,3750.000000,3895.000000,1,98.860337,0.184191,0.251175,0.263768,0.021049,0.022585,289,60,45,95,395,79,79,201,86290,158,158,56526,3.333191,0.020231,1.279704,4.256476
blackout_only,750.0,600.0,1800.0,4000.0,120.0,500.0,1,62,4196,4196,4674,4674,32,32,15,15,32,32,1875.000000,3750.000000,3895.000000,1,98.932313,0.183916,0.251051,0.263719,0.021074,0.022607,274,53,57,74,395,79,79,135,86290,158,158,56436,3.085789,0.020193,1.279796,3.597470
with_repeater,750.0,600.0,1800.0,4000.0,120.0,500.0,1,62,4196,4196,4674,4674,32,32,15,15,32,32,1875.000000,3750.000000,3895.000000,1,98.957760,0.185066,0.251065,0.263880,0.021081,0.022622,284,55,49,109,395,79,79,201,86290,158,158,56526,3.332472,0.019988,1.279564,4.257801
blackout_only,750.0,600.0,1800.0,4000.0,120.0,500.0,1,63,4196,4196,4674,4674,32,32,15,15,32,32,1875.000000,3750.000000,3895.000000,1,98.733828,0.181973,0.250905,0.263953,0.021065,0.022637,295,51,49,73,395,79,79,135,86307,158,158,56436,3.086424,0.019868,1.280609,3.595470
with_repeater,750.0,600.0,1800.0,4000.0,120.0,500.0,1,63,4197,4197,4674,4674,32,32,15,15,32,32,1875.000000,3750.000000,3895.000000,1,98.685871,0.182284,0.250825,0.263740,0.021060,0.022683,304,55,46,105,395,79,79,201,86310,158,158,56526,3.332098,0.019988,1.280441,4.256583
blackout_only,750.0,600.0,1800.0,4000.0,120.0,500.0,1,64,4196,4196,4674,4674,32,32,15,15,32,32,1875.000000,3750.000000,3895.000000,1,98.769593,0.183803,0.251012,0.263525,0.021089,0.022660,292,56,43,53,395,79,79,135,86290,158,158,56436,3.087152,0.019673,1.279924,3.597275
with_repeater,750.0,600.0,1800.0,4000.0,120.0,500.0,1,64,4196,4196,4674,4674,32,32,15,15,32,32,1875.000000,3750.000000,3895.000000,1,98.801685,0.183476,0.251036,0.263527,0.021099,0.022665,297,61,43,103,395,79,79,201,86290,158,158,56526,3.333196,0.019630,1.280144,4.260479
blackout_only,750.0,600.0,1800.0,4000.0,120.0,500.0,1,65,4196,4196,4674,4674,32,32,15,15,32,32,1875.000000,3750.000000,3895.000000,1,98.756367,0.183266,0.251027,0.263821,0.021084,0.022648,292,62,52,65,395,79,79,135,86290,158,158,56436,3.085609,0.019904,1.280188,3.609793
with_repeater,750.0,600.0,1800.0,4000.0,120.0,500.0,1,65,4196,4196,4674,4674,32,32,15,15,32,32,1875.000000,3750.000000,3895.000000,1,98.800540,0.183611,0.251006,0.263822,0.021094,0.022653,290,59,53,95,395,79,79,201,86290,158,158,56526,3.333922,0.020198,1.279346,4.266898
blackout_only,750.0,600.0,1800.0,4000.0,120.0,500.0,1,66,4196,4196,4674,4674,32,32,15,15,32,32,1875.000000,3750.000000,3895.000000,1,98.853393,0.184411,0.250999,0.263780,0.021062,0.022642,294,45,57,65,395,79,79,135,86290,158,158,56436,3.086634,0.020005,1.280605,3.596410
with_repeater,750.0,600.0,1800.0,4000.0,120.0,500.0,1,66,4196,4196,4674,4674,32,32,15,15,32,32,1875.000000,3750.000000,3895.000000,1,98.755562,0.182976,0.251101,0.263650,0.021063,0.022667,298,53,51,105,395,79,79,201,86290,158,158,56526,3.333682,0.019951,1.280394,4.256918
blackout_only,750.0,600.0,1800.0,4000.0,120.0,500.0,1,67,4196,4196,4674,4674,32,32,15,15,32,32,1875.000000,3750.000000,3895.000000,1,98.727639,0.182305,0.251099,0.263755,0.021061,0.022667,295,59,48,64,395,79,79,135,86290,158,158,56436,3.086813,0.019689,1.279762,3.596443
with_repeater,750.0,600.0,1800.0,4000.0,120.0,500.0,1,67,4197,4197,4674,4674,32,32,15,15,32,32,1875.000000,3750.000000,3895.000000,1,98.707871,0.182484,0.250858,0.263565,0.021073,0.022696,299,54,46,99,395,79,79,201,86310,158,158,56526,3.332541,0.019573,1.280731,4.258061
blackout_only,750.0,600.0,1800.0,4000.0,120.0,500.0,1,68,4196,4196,4674,4674,32,32,15,15,32,32,1875.000000,3750.000000,3895.000000,1,98.864750,0.183503,0.251042,0.263658,0.021064,0.022667,311,56,52,72,395,79,79,135,86290,158,158,56436,3.086788,0.019937,1.279886,3.609698
with_repeater,750.0,600.0,1800.0,4000.0,120.0,500.0,1,68,4196,4196,4674,4674,32,32,15,15,32,32,1875.000000,3750.000000,3895.000000,1,98.872340,0.183769,0.251026,0.263734,0.021079,0.022722,298,57,45,112,395,79,79,201,86290,158,158,56526,3.335009,0.020049,1.279720,4.266410
blackout_only,750.0,600.0,1800.0,4000.0,120.0,500.0,1,69,4196,4196,4674,4674,32,32,15,15,32,32,1875.000000,3750.000000,3895.000000,1,98.741824,0.182875,0.250925,0.263588,0.021068,0.022644,297,58,44,84,395,79,79,135,86300,158,158,56436,3.085710,0.020309,1.279545,3.597378
with_repeater,750.0,600.0,1800.0,4000.0,120.0,500.0,1,69,4196,4196,4674,4674,32,32,15,15,32,32,1875.000000,3750.000000,3895.000000,1,98.742391,0.182438,0.250904,0.263566,0.021060,0.022665,284,52,44,116,395,79,79,201,86307,158,158,56526,3.331818,0.020420,1.279966,4.258098
blackout_only,750.0,600.0,1800.0,4000.0,120.0,500.0,1,70,4197,4197,4674,4674,32,32,15,15,32,32,1875.000000,3750.000000,3895.000000,1,98.868754,0.184556,0.250859,0.263587,0.021057,0.022673,294,56,53,67,395,79,79,135,86310,158,158,56436,3.084929,0.019778,1.280011,3.597791
with_repeater,750.0,600.0,1800.0,4000.0,120.0,500.0,1,70,4196,4196,4674,4674,32,32,15,15,32,32,1875.000000,3750.000000,3895.000000,1,98.809992,0.183702,0.250905,0.263247,0.021051,0.022702,289,64,50,100,395,79,79,201,86307,158,158,56526,3.331235,0.019894,1.279551,4.256849
blackout_only,750.0,600.0,1800.0,4000.0,120.0,500.0,1,71,4196,4196,4674,4674,32,32,15,15,32,32,1875.000000,3750.000000,3895.000000,1,98.765403,0.182407,0.251040,0.263729,0.021052,0.022610,283,52,47,69,395,79,79,135,86290,158,158,56436,3.085826,0.019954,1.279885,3.596460
with_repeater,750.0,600.0,1800.0,4000.0,120.0,500.0,1,71,4197,4197,4674,4674,32,32,15,15,32,32,1875.000000,3750.000000,3895.000000,1,98.799499,0.183803,0.250857,0.263479,0.021046,0.022661,287,53,49,105,395,79,79,201,86310,158,158,56526,3.330887,0.019918,1.279535,4.256100
blackout_only,750.0,600.0,1800.0,4000.0,120.0,500.0,1,72,4196,4196,4674,4674,32,32,15,15,32,32,1875.000000,3750.000000,3895.000000,1,98.773149,0.183330,0.251012,0.263794,0.021071,0.022689,295,65,48,61,395,79,79,135,86290,158,158,56436,3.087197,0.020167,1.279693,3.595974
with_repeater,750.0,600.0,1800.0,4000.0,120.0,500.0,1,72,4196,4196,4674,4674,32,32,15,15,32,32,1875.000000,3750.000000,3895.000000,1,98.750857,0.182772,0.251133,0.263979,0.021061,0.022657,278,62,50,95,395,79,79,201,86290,158,158,56526,3.333556,0.020106,1.279720,4.257063
blackout_only,750.0,600.0,1800.0,4000.0,120.0,500.0,1,73,4196,4196,4674,4674,32,32,15,15,32,32,1875.000000,3750.000000,3895.000000,1,98.887360,0.183704,0.251017,0.264156,0.021053,0.022645,303,53,50,71,395,79,79,135,86290,158,158,56436,3.087343,0.019990,1.279666,3.597256
with_repeater,750.0,600.0,1800.0,4000.0,120.0,500.0,1,73,4197,4197,4674,4674,32,32,15,15,32,32,1875.000000,3750.000000,3895.000000,1,98.925706,0.185034,0.250879,0.263717,0.021067,0.022661,299,48,39,102,395,79,79,201,86310,158,158,56526,3.333988,0.020029,1.280189,4.259780
blackout_only,750.0,600.0,1800.0,4000.0,120.0,500.0,1,74,4197,4197,4674,4674,32,32,15,15,32,32,1875.000000,3750.000000,3895.000000,1,98.764618,0.182458,0.250767,0.263243,0.021070,0.022639,294,54,53,65,395,79,79,135,86310,158,158,56436,3.086236,0.020099,1.280348,3.595981
with_repeater,750.0,600.0,1800.0,4000.0,120.0,500.0,1,74,4197,4197,4674,4674,32,32,15,15,32,32,1875.000000,3750.000000,3895.000000,1,98.811098,0.183297,0.250885,0.263512,0.021052,0.022619,307,55,47,105,395,79,79,201,86310,158,158,56526,3.334544,0.019810,1.280118,4.259974
blackout_only,750.0,600.0,1800.0,4000.0,120.0,500.0,1,75,4196,4196,4674,4674,32,32,15,15,32,32,1875.000000,3750.000000,3895.000000,1,98.766915,0.182409,0.250994,0.263694,0.021084,0.022695,288,57,47,81,395,79,79,135,86290,158,158,56436,3.086634,0.020399,1.279745,3.597846
with_repeater,750.0,600.0,1800.0,4000.0,120.0,500.0,1,75,4197,4197,4674,4674,32,32,15,15,32,32,1875.000000,3750.000000,3895.000000,1,98.700744,0.181904,0.250860,0.263494,0.021073,0.022671,280,51,53,111,395,79,79,201,86310,158,158,56526,3.332375,0.020425,1.279039,4.257508
blackout_only,750.0,600.0,1800.0,4000.0,120.0,500.0,1,76,4196,4196,4674,4674,32,32,15,15,32,32,1875.000000,3750.000000,3895.000000,1,98.824776,0.182903,0.251100,0.263908,0.021064,0.022656,289,61,51,67,395,79,79,135,86290,158,158,56436,3.086691,0.019677,1.279460,3.611353
with_repeater,750.0,600.0,1800.0,4000.0,120.0,500.0,1,76,4196,4196,4674,4674,32,32,15,15,32,32,1875.000000,3750.000000,3895.000000,1,98.698209,0.182921,0.251158,0.263981,0.021084,0.022680,290,56,49,96,395,79,79,201,86290,158,158,56526,3.333797,0.019329,1.279823,4.267045
blackout_only,750.0,600.0,1800.0,4000.0,120.0,500.0,1,77,4196,4196,4674,4674,32,32,15,15,32,32,1875.000000,3750.000000,3895.000000,1,98.720230,0.183175,0.251089,0.263667,0.021064,0.022668,294,63,48,65,395,79,79,135,86290,158,158,56436,3.086919,0.019926,1.280438,3.596984
with_repeater,750.0,600.0,1800.0,4000.0,120.0,500.0,1,77,4196,4196,4674,4674,32,32,15,15,32,32,1875.000000,3750.000000,3895.000000,1,98.750280,0.182761,0.251115,0.263778,0.021081,0.022705,299,57,49,93,395,79,79,201,86290,158,158,56526,3.335180,0.019884,1.280355,4.255309
blackout_only,750.0,600.0,1800.0,4000.0,120.0,500.0,1,78,4196,4196,4674,4674,32,32,15,15,32,32,1875.000000,3750.000000,3895.000000,1,98.808894,0.183022,0.251055,0.263819,0.021063,0.022658,284,58,40,74,395,79,79,136,86290,158,158,56436,3.084904,0.020181,1.279943,3.610978
with_repeater,750.0,600.0,1800.0,4000.0,120.0,500.0,1,78,4196,4196,4674,4674,32,32,15,15,32,32,1875.000000,3750.000000,3895.000000,1,98.763701,0.182648,0.251161,0.264052,0.021068,0.022634,294,64,45,92,395,79,79,201,86290,158,158,56526,3.332354,0.019864,1.280594,4.265272
blackout_only,750.0,600.0,1800.0,4000.0,120.0,500.0,1,79,4196,4196,4674,4674,32,32,15,15,32,32,1875.000000,3750.000000,3895.000000,1,98.764531,0.182941,0.251094,0.263667,0.021067,0.022621,272,54,50,66,395,79,79,135,86290,158,158,56436,3.086289,0.020116,1.280145,3.596350
with_repeater,750.0,600.0,1800.0,4000.0,120.0,500.0,1,79,4196,4196,4674,4674,32,32,15,15,32,32,1875.000000,3750.000000,3895.000000,1,98.788362,0.182763,0.251329,0.264089,0.021064,0.022628,281,53,49,99,395,79,79,201,86290,158,158,56526,3.334013,0.020134,1.279483,4.257800
blackout_only,750.0,600.0,1800.0,4000.0,120.0,500.0,1,80,4197,4197,4674,4674,32,32,15,15,32,32,1875.000000,3750.000000,3895.000000,1,98.712112,0.181589,0.250816,0.263476,0.021077,0.022675,273,56,53,67,395,79,79,136,86310,158,158,56436,3.084732,0.020430,1.281306,3.609303
with_repeater,750.0,600.0,1800.0,4000.0,120.0,500.0,1,80,4197,4197,4674,4674,32,32,15,15,32,32,1875.000000,3750.000000,3895.000000,1,98.692646,0.182265,0.250875,0.263364,0.021081,0.022696,286,63,54,96,395,79,79,201,86310,158,158,56526,3.333290,0.020188,1.281123,4.268369
blackout_only,750.0,600.0,1800.0,4000.0,120.0,500.0,1,81,4196,4196,4674,4674,32,32,15,15,32,32,1875.000000,3750.000000,3895.000000,1,98.738431,0.181788,0.251069,0.263853,0.021061,0.022636,287,58,44,68,395,79,79,135,86290,158,158,56436,3.086056,0.020219,1.279761,3.597276
with_repeater,750.0,600.0,1800.0,4000.0,120.0,500.0,1,81,4196,4196,4674,4674,32,32,15,15,32,32,1875.000000,3750.000000,3895.000000,1,98.781809,0.183519,0.251073,0.263628,0.021071,0.022649,276,54,42,101,395,79,79,201,86290,158,158,56526,3.332581,0.020204,1.279254,4.256980
blackout_only,750.0,600.0,1800.0,4000.0,120.0,500.0,1,82,4197,4197,4674,4674,32,32,15,15,32,32,1875.000000,3750.000000,3895.000000,1,98.787912,0.182531,0.250843,0.263420,0.021049,0.022613,291,52,49,79,395,79,79,135,86310,158,158,56436,3.085493,0.020053,1.280099,3.597538
with_repeater,750.0,600.0,1800.0,4000.0,120.0,500.0,1,82,4196,4196,4674,4674,32,32,15,15,32,32,1875.000000,3750.000000,3895.000000,1,98.884502,0.184561,0.250963,0.263766,0.021072,0.022637,286,50,49,106,395,79,79,201,86290,158,158,56526,3.333725,0.019928,1.279910,4.256844
blackout_only,750.0,600.0,1800.0,4000.0,120.0,500.0,1,83,4196,4196,4674,4674,32,32,15,15,32,32,1875.000000,3750.000000,3895.000000,1,98.787786,0.183618,0.251096,0.263610,0.021063,0.022647,289,57,49,66,395,79,79,135,86290,158,158,56436,3.086796,0.019568,1.279542,3.596251
with_repeater,750.0,600.0,1800.0,4000.0,120.0,500.0,1,83,4196,4196,4674,4674,32,32,15,15,32,32,1875.000000,3750.000000,3895.000000,1,98.825119,0.182537,0.251120,0.263741,0.021084,0.022658,285,56,45,106,395,79,79,201,86290,158,158,56526,3.333497,0.019595,1.279993,4.254332
blackout_only,750.0,600.0,1800.0,4000.0,120.0,500.0,1,84,4197,4197,4674,4674,32,32,15,15,32,32,1875.000000,3750.000000,3895.000000,1,98.808175,0.183068,0.250882,0.263441,0.021049,0.022669,305,60,51,62,395,79,79,136,86310,158,158,56436,3.085416,0.020327,1.279680,3.624308
with_repeater,750.0,600.0,1800.0,4000.0,120.0,500.0,1,84,4196,4196,4674,4674,32,32,15,15,32,32,1875.000000,3750.000000,3895.000000,1,98.869370,0.184991,0.251117,0.263703,0.021053,0.022661,294,50,47,93,395,79,79,201,86290,158,158,56526,3.334890,0.020369,1.280253,4.277695
blackout_only,750.0,600.0,1800.0,4000.0,120.0,500.0,1,85,4196,4196,4674,4674,32,32,15,15,32,32,1875.000000,3750.000000,3895.000000,1,98.679846,0.180566,0.251070,0.263987,0.021075,0.022669,278,50,46,63,395,79,79,136,86290,158,158,56436,3.086486,0.019959,1.279732,3.608734
with_repeater,750.0,600.0,1800.0,4000.0,120.0,500.0,1,85,4197,4197,4674,4674,32,32,15,15,32,32,1875.000000,3750.000000,3895.000000,1,98.760684,0.182760,0.250819,0.263740,0.021074,0.022657,283,53,41,93,395,79,79,201,86310,158,158,56526,3.332984,0.020180,1.279954,4.266410
blackout_only,750.0,600.0,1800.0,4000.0,120.0,500.0,1,86,4196,4196,4674,4674,32,32,15,15,32,32,1875.000000,3750.000000,3895.000000,1,98.807809,0.182878,0.251239,0.264027,0.021091,0.022699,295,58,46,61,395,79,79,135,86290,158,158,56436,3.085669,0.020295,1.280122,3.595905
with_repeater,750.0,600.0,1800.0,4000.0,120.0,500.0,1,86,4196,4196,4674,4674,32,32,15,15,32,32,1875.000000,3750.000000,3895.000000,1,98.785207,0.183602,0.251151,0.263943,0.021063,0.022657,290,61,40,101,395,79,79,201,86290,158,158,56526,3.334413,0.020211,1.279195,4.256963
blackout_only,750.0,600.0,1800.0,4000.0,120.0,500.0,1,87,4196,4196,4674,4674,32,32,15,15,32,32,1875.000000,3750.000000,3895.000000,1,98.863253,0.183917,0.250922,0.263567,0.021042,0.022637,288,59,49,75,395,79,79,135,86300,158,158,56436,3.085356,0.019983,1.279310,3.595587
with_repeater,750.0,600.0,1800.0,4000.0,120.0,500.0,1,87,4196,4196,4674,4674,32,32,15,15,32,32,1875.000000,3750.000000,3895.000000,1,98.789471,0.183060,0.250968,0.263665,0.021077,0.022654,294,62,48,105,395,79,79,201,86290,158,158,56526,3.333487,0.019847,1.279465,4.256808
blackout_only,750.0,600.0,1800.0,4000.0,120.0,500.0,1,88,4196,4196,4674,4674,32,32,15,15,32,32,1875.000000,3750.000000,3895.000000,1,98.882486,0.184683,0.251047,0.263653,0.021037,0.022587,303,50,47,70,395,79,79,135,86290,158,158,56436,3.086268,0.020035,1.279598,3.608810
with_repeater,750.0,600.0,1800.0,4000.0,120.0,500.0,1,88,4196,4196,4674,4674,32,32,15,15,32,32,1875.000000,3750.000000,3895.000000,1,98.841634,0.183767,0.250902,0.263443,0.021046,0.022587,296,53,48,105,395,79,79,201,86308,158,158,56526,3.333825,0.020058,1.279607,4.266516
blackout_only,750.0,600.0,1800.0,4000.0,120.0,500.0,1,89,4196,4196,4674,4674,32,32,15,15,32,32,1875.000000,3750.000000,3895.000000,1,98.798076,0.183071,0.251066,0.263879,0.021076,0.022665,292,67,49,71,395,79,79,135,86290,158,158,56436,3.086924,0.019798,1.279387,3.596549
with_repeater,750.0,600.0,1800.0,4000.0,120.0,500.0,1,89,4196,4196,4674,4674,32,32,15,15,32,32,1875.000000,3750.000000,3895.000000,1,98.856150,0.183859,0.250907,0.263993,0.021074,0.022652,292,61,46,102,395,79,79,201,86307,158,158,56526,3.332739,0.019970,1.279686,4.257832
blackout_only,1342.0,600.0,300.0,4000.0,120.0,500.0,1,40,6160,6160,6861,6861,56,56,3,3,57,57,3355.000000,6710.000000,6855.000000,1,80.912520,0.181369,0.250964,0.263814,0.021074,0.022662,437,87,72,135,580,116,116,263,126680,232,232,82944,6.545448,0.019930,1.280355,8.539003
with_repeater,1342.0,600.0,300.0,4000.0,120.0,500.0,1,40,6160,6160,6861,6861,56,56,3,3,57,57,3355.000000,6710.000000,6855.000000,1,80.931069,0.181679,0.251022,0.263679,0.021068,0.022690,409,80,76,130,580,116,116,282,126680,232,232,82962,6.578615,0.019823,1.280115,8.797992
blackout_only,1342.0,600.0,300.0,4000.0,120.0,500.0,1,41,6160,6160,6861,6861,56,56,3,3,57,57,3355.000000,6710.000000,6855.000000,1,80.939319,0.181208,0.250990,0.263689,0.021058,0.022637,416,78,66,139,580,116,116,263,126680,232,232,82944,6.544965,0.020105,1.279960,8.522840
with_repeater,1342.0,600.0,300.0,4000.0,120.0,500.0,1,41,6160,6160,6861,6861,56,56,3,3,57,57,3355.000000,6710.000000,6855.000000,1,80.966977,0.182736,0.250955,0.263876,0.021038,0.022625,408,87,65,134,580,116,116,282,126680,232,232,82962,6.577957,0.020114,1.279585,8.814463
blackout_only,1342.0,600.0,300.0,4000.0,120.0,500.0,1,42,6160,6160,6861,6861,56,56,3,3,57,57,3355.000000,6710.000000,6855.000000,1,80.989217,0.183134,0.251112,0.263383,0.021074,0.022653,415,84,73,131,580,116,116,264,126680,232,232,82944,6.544738,0.019834,1.279842,8.539499
with_repeater,1342.0,600.0,300.0,4000.0,120.0,500.0,1,42,6160,6160,6861,6861,56,56,3,3,57,57,3355.000000,6710.000000,6855.000000,1,81.015396,0.182442,0.251054,0.263529,0.021058,0.022655,419,89,70,136,580,116,116,282,126680,232,232,82962,6.577051,0.019710,1.280456,8.814991
blackout_only,1342.0,600.0,300.0,4000.0,120.0,500.0,1,43,6160,6160,6861,6861,56,56,3,3,57,57,3355.000000,6710.000000,6855.000000,1,80.987749,0.183245,0.251086,0.263895,0.021062,0.022669,434,87,60,132,580,116,116,264,126680,232,232,82944,6.545329,0.019798,1.280158,8.537950
with_repeater,1342.0,600.0,300.0,4000.0,120.0,500.0,1,43,6160,6160,6861,6861,56,56,3,3,57,57,3355.000000,6710.000000,6855.000000,1,81.008253,0.182470,0.251072,0.264268,0.021066,0.022668,433,87,71,145,580,116,116,282,126680,232,232,82962,6.577116,0.019815,1.280203,8.797499
blackout_only,1342.0,600.0,300.0,4000.0,120.0,500.0,1,44,6160,6160,6861,6861,56,56,3,3,57,57,3355.000000,6710.000000,6855.000000,1,80.890458,0.183532,0.251104,0.263702,0.021083,0.022656,444,94,71,118,580,116,116,264,126680,232,232,82944,6.546058,0.019789,1.279334,8.553972
with_repeater,1342.0,600.0,300.0,4000.0,120.0,500.0,1,44,6160,6160,6861,6861,56,56,3,3,57,57,3355.000000,6710.000000,6855.000000,1,80.888651,0.182075,0.250989,0.263836,0.021088,0.022658,433,91,71,123,580,116,116,282,126680,232,232,82962,6.579700,0.019936,1.279925,8.813651
blackout_only,1342.0,600.0,300.0,4000.0,120.0,500.0,1,45,6160,6160,6861,6861,56,56,3,3,57,57,3355.000000,6710.000000,6855.000000,1,81.072504,0.183779,0.250972,0.263773,0.021067,0.022592,443,79,67,125,580,116,116,263,126680,232,232,82944,6.545134,0.019898,1.280159,8.523236
with_repeater,1342.0,600.0,300.0,4000.0,120.0,500.0,1,45,6160,6160,6861,6861,56,56,3,3,57,57,3355.000000,6710.000000,6855.000000,1,81.051832,0.183697,0.250977,0.264076,0.021060,0.022619,448,76,64,135,580,116,116,281,126680,232,232,82962,6.577474,0.020013,1.280093,8.799201
blackout_only,1342.0,600.0,300.0,4000.0,120.0,500.0,1,46,6160,6160,6861,6861,56,56,3,3,57,57,3355.000000,6710.000000,6855.000000,1,81.071555,0.184194,0.251049,0.263949,0.021073,0.022643,413,83,67,118,580,116,116,263,126680,232,232,82944,6.545473,0.019869,1.279330,8.538954
with_repeater,1342.0,600.0,300.0,4000.0,120.0,500.0,1,46,6160,6160,6861,6861,56,56,3,3,57,57,3355.000000,6710.000000,6855.000000,1,81.056076,0.182580,0.250949,0.263417,0.021064,0.022621,418,88,65,142,580,116,116,281,126680,232,232,82962,6.578573,0.019946,1.279218,8.800509
blackout_only,1342.0,600.0,300.0,4000.0,120.0,500.0,1,47,6160,6160,6861,6861,56,56,3,3,57,57,3355.000000,6710.000000,6855.000000,1,81.011844,0.183496,0.250920,0.263669,0.021064,0.022648,435,81,67,121,580,116,116,264,126680,232,232,82944,6.544445,0.019871,1.280385,8.555487
with_repeater,1342.0,600.0,300.0,4000.0,120.0,500.0,1,47,6160,6160,6861,6861,56,56,3,3,57,57,3355.000000,6710.000000,6855.000000,1,80.986811,0.183305,0.250885,0.263560,0.021073,0.022656,416,86,73,141,580,116,116,282,126680,232,232,82962,6.577788,0.019945,1.280046,8.783252
blackout_only,1342.0,600.0,300.0,4000.0,120.0,500.0,1,48,6160,6160,6861,6861,56,56,3,3,57,57,3355.000000,6710.000000,6855.000000,1,80.927182,0.182151,0.251013,0.263486,0.021062,0.022664,431,82,73,132,580,116,116,263,126680,232,232,82944,6.544060,0.019945,1.280711,8.523238
with_repeater,1342.0,600.0,300.0,4000.0,120.0,500.0,1,48,6160,6160,6861,6861,56,56,3,3,57,57,3355.000000,6710.000000,6855.000000,1,80.914514,0.182875,0.251104,0.263737,0.021066,0.022666,441,80,73,143,580,116,116,281,126680,232,232,82962,6.577190,0.019970,1.280567,8.799192
blackout_only,1342.0,600.0,300.0,4000.0,120.0,500.0,1,49,6160,6160,6861,6861,56,56,3,3,57,57,3355.000000,6710.000000,6855.000000,1,81.059873,0.183714,0.250992,0.263496,0.021067,0.022645,436,81,67,129,580,116,116,262,126680,232,232,82944,6.544295,0.019891,1.280742,8.505920
with_repeater,1342.0,600.0,300.0,4000.0,120.0,500.0,1,49,6160,6160,6861,6861,56,56,3,3,57,57,3355.000000,6710.000000,6855.000000,1,81.028096,0.182766,0.250957,0.263429,0.021059,0.022639,441,77,73,140,580,116,116,282,126680,232,232,82962,6.577497,0.019880,1.280149,8.815273
blackout_only,1342.0,600.0,300.0,4000.0,120.0,500.0,1,50,6159,6159,6861,6861,56,56,3,3,57,57,3355.000000,6710.000000,6855.000000,1,81.081196,0.182814,0.251236,0.263783,0.021085,0.022700,424,85,78,146,580,116,116,263,126660,232,232,82944,6.546812,0.019725,1.280069,8.507355
with_repeater,1342.0,600.0,300.0,4000.0,120.0,500.0,1,50,6160,6160,6861,6861,56,56,3,3,57,57,3355.000000,6710.000000,6855.000000,1,81.121452,0.183572,0.251131,0.263762,0.021078,0.022719,413,88,77,140,580,116,116,281,126680,232,232,82962,6.578947,0.019761,1.280640,8.800116
blackout_only,1342.0,600.0,300.0,4000.0,120.0,500.0,1,51,6160,6160,6861,6861,56,56,3,3,57,57,3355.000000,6710.000000,6855.000000,1,80.960101,0.182498,0.251122,0.263758,0.021057,0.022671,412,85,71,117,580,116,116,263,126680,232,232,82944,6.544920,0.020116,1.280652,8.522664
with_repeater,1342.0,600.0,300.0,4000.0,120.0,500.0,1,51,6160,6160,6861,6861,56,56,3,3,57,57,3355.000000,6710.000000,6855.000000,1,80.898503,0.182726,0.250811,0.263492,0.021060,0.022660,416,82,72,133,580,116,116,282,126686,232,232,82962,6.578806,0.020188,1.280586,8.814409
blackout_only,1342.0,600.0,300.0,4000.0,120.0,500.0,1,52,6160,6160,6861,6861,56,56,3,3,57,57,3355.000000,6710.000000,6855.000000,1,81.042149,0.183493,0.250966,0.263694,0.021066,0.022638,441,78,83,140,580,116,116,264,126680,232,232,82944,6.544503,0.019913,1.279641,8.539988
with_repeater,1342.0,600.0,300.0,4000.0,120.0,500.0,1,52,6160,6160,6861,6861,56,56,3,3,57,57,3355.000000,6710.000000,6855.000000,1,81.030447,0.183268,0.250847,0.263563,0.021081,0.022666,450,82,84,144,580,116,116,282,126680,232,232,82962,6.578604,0.019855,1.279918,8.782802
blackout_only,1342.0,600.0,300.0,4000.0,120.0,500.0,1,53,6160,6160,6861,6861,56,56,3,3,57,57,3355.000000,6710.000000,6855.000000,1,81.003124,0.182824,0.251123,0.263672,0.021059,0.022660,400,85,69,130,580,116,116,264,126680,232,232,82944,6.544505,0.019933,1.279767,8.539148
with_repeater,1342.0,600.0,300.0,4000.0,120.0,500.0,1,53,6160,6160,6861,6861,56,56,3,3,57,57,3355.000000,6710.000000,6855.000000,1,80.999683,0.182462,0.250946,0.263709,0.021076,0.022675,405,85,65,135,580,116,116,281,126680,232,232,82962,6.577722,0.020069,1.279408,8.798505
blackout_only,1342.0,600.0,300.0,4000.0,120.0,500.0,1,54,6160,6160,6861,6861,56,56,3,3,57,57,3355.000000,6710.000000,6855.000000,1,80.957782,0.181833,0.251050,0.264091,0.021070,0.022668,433,91,71,134,580,116,116,263,126680,232,232,82944,6.545359,0.020067,1.280019,8.538362
with_repeater,1342.0,600.0,300.0,4000.0,120.0,500.0,1,54,6160,6160,6861,6861,56,56,3,3,57,57,3355.000000,6710.000000,6855.000000,1,80.980452,0.182692,0.250956,0.263682,0.021079,0.022642,415,91,77,130,580,116,116,280,126680,232,232,82962,6.578805,0.019817,1.280187,8.781999
blackout_only,1342.0,600.0,300.0,4000.0,120.0,500.0,1,55,6160,6160,6861,6861,56,56,3,3,57,57,3355.000000,6710.000000,6855.000000,1,80.960372,0.183121,0.250973,0.263424,0.021081,0.022664,420,86,63,122,580,116,116,263,126680,232,232,82944,6.544542,0.020019,1.280008,8.523610
with_repeater,1342.0,600.0,300.0,4000.0,120.0,500.0,1,55,6160,6160,6861,6861,56,56,3,3,57,57,3355.000000,6710.000000,6855.000000,1,80.948735,0.183423,0.251038,0.263707,0.021089,0.022687,425,89,62,129,580,116,116,280,126680,232,232,82962,6.577781,0.019990,1.280482,8.766697
blackout_only,1342.0,600.0,300.0,4000.0,120.0,500.0,1,56,6160,6160,6861,6861,56,56,3,3,57,57,3355.000000,6710.000000,6855.000000,1,81.054522,0.182428,0.251042,0.263584,0.021074,0.022657,425,84,77,110,580,116,116,263,126680,232,232,82944,6.544383,0.019904,1.279815,8.539292
with_repeater,1342.0,600.0,300.0,4000.0,120.0,500.0,1,56,6160,6160,6861,6861,56,56,3,3,57,57,3355.000000,6710.000000,6855.000000,1,81.075340,0.183279,0.250957,0.264024,0.021076,0.022633,435,86,63,121,580,116,116,282,126680,232,232,82962,6.577663,0.020086,1.279552,8.799417
blackout_only,1342.0,600.0,300.0,4000.0,120.0,500.0,1,57,6160,6160,6861,6861,56,56,3,3,57,57,3355.000000,6710.000000,6855.000000,1,81.017100,0.183083,0.251006,0.263514,0.021078,0.022686,420,79,68,117,580,116,116,262,126680,232,232,82944,6.544309,0.019699,1.279514,8.524207
with_repeater,1342.0,600.0,300.0,4000.0,120.0,500.0,1,57,6159,6159,6861,6861,56,56,3,3,57,57,3355.000000,6710.000000,6855.000000,1,81.045644,0.183648,0.251181,0.263820,0.021073,0.022668,423,77,73,134,580,116,116,282,126660,232,232,82962,6.578076,0.019891,1.280331,8.816572
blackout_only,1342.0,600.0,300.0,4000.0,120.0,500.0,1,58,6160,6160,6861,6861,56,56,3,3,57,57,3355.000000,6710.000000,6855.000000,1,80.964472,0.182810,0.251064,0.263963,0.021065,0.022659,420,80,74,136,580,116,116,262,126680,232,232,82944,6.546230,0.019821,1.279530,8.521827
with_repeater,1342.0,600.0,300.0,4000.0,120.0,500.0,1,58,6160,6160,6861,6861,56,56,3,3,57,57,3355.000000,6710.000000,6855.000000,1,80.951187,0.183005,0.251120,0.263830,0.021073,0.022678,406,87,80,146,580,116,116,282,126680,232,232,82962,6.578983,0.019682,1.279674,8.814333
blackout_only,1342.0,600.0,300.0,4000.0,120.0,500.0,1,59,6160,6160,6861,6861,56,56,3,3,57,57,3355.000000,6710.000000,6855.000000,1,81.070771,0.184483,0.251022,0.263726,0.021078,0.022672,417,81,78,136,580,116,116,264,126680,232,232,82944,6.544547,0.019909,1.280216,8.540381
with_repeater,1342.0,600.0,300.0,4000.0,120.0,500.0,1,59,6159,6159,6861,6861,56,56,3,3,57,57,3355.000000,6710.000000,6855.000000,1,81.050534,0.183627,0.251158,0.263763,0.021062,0.022672,407,77,78,140,580,116,116,281,126670,232,232,82962,6.578329,0.019813,1.280212,8.800939
blackout_only,1342.0,600.0,300.0,4000.0,120.0,500.0,1,60,6160,6160,6861,6861,56,56,3,3,57,57,3355.000000,6710.000000,6855.000000,1,81.104289,0.184096,0.250966,0.263625,0.021069,0.022640,419,71,78,117,580,116,116,263,126680,232,232,82944,6.545099,0.020355,1.279561,8.539961
with_repeater,1342.0,600.0,300.0,4000.0,120.0,500.0,1,60,6160,6160,6861,6861,56,56,3,3,57,57,3355.000000,6710.000000,6855.000000,1,81.132357,0.184699,0.251037,0.263709,0.021066,0.022622,411,74,66,128,580,116,116,281,126680,232,232,82962,6.578899,0.020266,1.279592,8.767444
blackout_only,1342.0,600.0,300.0,4000.0,120.0,500.0,1,61,6160,6160,6861,6861,56,56,3,3,57,57,3355.000000,6710.000000,6855.000000,1,81.025470,0.183068,0.251015,0.263713,0.021070,0.022653,419,83,70,132,580,116,116,262,126680,232,232,82944,6.544300,0.019686,1.280532,8.508375
with_repeater,1342.0,600.0,300.0,4000.0,120.0,500.0,1,61,6160,6160,6861,6861,56,56,3,3,57,57,3355.000000,6710.000000,6855.000000,1,81.032846,0.183358,0.251026,0.264050,0.021082,0.022677,411,88,67,150,580,116,116,281,126680,232,232,82962,6.578185,0.020028,1.280093,8.783418
blackout_only,1342.0,600.0,300.0,4000.0,120.0,500.0,1,62,6160,6160,6861,6861,56,56,3,3,57,57,3355.000000,6710.000000,6855.000000,1,81.009771,0.182472,0.251012,0.264050,0.021086,0.022646,424,89,68,137,580,116,116,264,126680,232,232,82944,6.544568,0.020212,1.280151,8.553914
with_repeater,1342.0,600.0,300.0,4000.0,120.0,500.0,1,62,6160,6160,6861,6861,56,56,3,3,57,57,3355.000000,6710.000000,6855.000000,1,80.989759,0.182294,0.250979,0.263795,0.021076,0.022640,398,93,71,144,580,116,116,282,126680,232,232,82962,6.577628,0.020282,1.279562,8.797855
blackout_only,1342.0,600.0,300.0,4000.0,120.0,500.0,1,63,6160,6160,6861,6861,56,56,3,3,57,57,3355.000000,6710.000000,6855.000000,1,80.956957,0.182206,0.251079,0.263977,0.021045,0.022627,419,87,69,132,580,116,116,263,126680,232,232,82944,6.544034,0.019904,1.279644,8.522309
with_repeater,1342.0,600.0,300.0,4000.0,120.0,500.0,1,63,6160,6160,6861,6861,56,56,3,3,57,57,3355.000000,6710.000000,6855.000000,1,80.926955,0.182347,0.250962,0.263830,0.021048,0.022640,415,84,73,135,580,116,116,281,126680,232,232,82962,6.576998,0.019944,1.279723,8.799028
blackout_only,1342.0,600.0,300.0,4000.0,120.0,500.0,1,64,6160,6160,6861,6861,56,56,3,3,57,57,3355.000000,6710.000000,6855.000000,1,81.050261,0.183674,0.250982,0.263817,0.021066,0.022674,428,85,69,131,580,116,116,264,126680,232,232,82944,6.544504,0.020065,1.280270,8.554473
with_repeater,1342.0,600.0,300.0,4000.0,120.0,500.0,1,64,6160,6160,6861,6861,56,56,3,3,57,57,3355.000000,6710.000000,6855.000000,1,81.057639,0.183938,0.250927,0.263563,0.021069,0.022629,439,79,62,133,580,116,116,281,126680,232,232,82962,6.577800,0.020314,1.280175,8.799039
blackout_only,1342.0,600.0,300.0,4000.0,120.0,500.0,1,65,6160,6160,6861,6861,56,56,3,3,57,57,3355.000000,6710.000000,6855.000000,1,81.021698,0.183517,0.250839,0.263789,0.021069,0.022643,417,81,78,122,580,116,116,264,126680,232,232,82944,6.544178,0.020096,1.279939,8.522850
with_repeater,1342.0,600.0,300.0,4000.0,120.0,500.0,1,65,6160,6160,6861,6861,56,56,3,3,57,57,3355.000000,6710.000000,6855.000000,1,81.027790,0.183430,0.250890,0.263712,0.021079,0.022660,433,79,81,138,580,116,116,282,126680,232,232,82962,6.578733,0.019991,1.280060,8.815311
blackout_only,1342.0,600.0,300.0,4000.0,120.0,500.0,1,66,6160,6160,6861,6861,56,56,3,3,57,57,3355.000000,6710.000000,6855.000000,1,80.952351,0.183012,0.251061,0.264081,0.021069,0.022646,421,70,71,125,580,116,116,264,126680,232,232,82944,6.545011,0.020171,1.280412,8.556661
with_repeater,1342.0,600.0,300.0,4000.0,120.0,500.0,1,66,6160,6160,6861,6861,56,56,3,3,57,57,3355.000000,6710.000000,6855.000000,1,80.944296,0.182511,0.251051,0.264035,0.021058,0.022658,420,66,71,138,580,116,116,282,126680,232,232,82962,6.578456,0.019694,1.280195,8.816399
blackout_only,1342.0,600.0,300.0,4000.0,120.0,500.0,1,67,6160,6160,6861,6861,56,56,3,3,57,57,3355.000000,6710.000000,6855.000000,1,80.966768,0.182595,0.250968,0.263750,0.021085,0.022707,433,94,69,133,580,116,116,263,126680,232,232,82944,6.545399,0.019963,1.280232,8.539233
with_repeater,1342.0,600.0,300.0,4000.0,120.0,500.0,1,67,6160,6160,6861,6861,56,56,3,3,57,57,3355.000000,6710.000000,6855.000000,1,80.975448,0.182652,0.250870,0.263690,0.021076,0.022675,441,90,68,137,580,116,116,280,126680,232,232,82962,6.579227,0.020079,1.279637,8.767267
blackout_only,1342.0,600.0,300.0,4000.0,120.0,500.0,1,68,6160,6160,6861,6861,56,56,3,3,57,57,3355.000000,6710.000000,6855.000000,1,80.962545,0.183073,0.250960,0.263577,0.021066,0.022629,440,88,76,143,580,116,116,263,126680,232,232,82944,6.545107,0.020030,1.279585,8.538119
with_repeater,1342.0,600.0,300.0,4000.0,120.0,500.0,1,68,6160,6160,6861,6861,56,56,3,3,57,57,3355.000000,6710.000000,6855.000000,1,80.941574,0.182511,0.250885,0.263543,0.021076,0.022668,441,82,77,146,580,116,116,281,126680,232,232,82962,6.577829,0.020091,1.279788,8.782431
blackout_only,1342.0,600.0,300.0,4000.0,120.0,500.0,1,69,6160,6160,6861,6861,56,56,3,3,57,57,3355.000000,6710.000000,6855.000000,1,80.967756,0.182053,0.250969,0.263585,0.021061,0.022668,409,77,71,137,580,116,116,263,126680,232,232,82944,6.544266,0.019559,1.280155,8.540213
with_repeater,1342.0,600.0,300.0,4000.0,120.0,500.0,1,69,6160,6160,6861,6861,56,56,3,3,57,57,3355.000000,6710.000000,6855.000000,1,80.988633,0.183349,0.250972,0.263688,0.021060,0.022638,418,81,69,142,580,116,116,281,126680,232,232,82962,6.578001,0.019785,1.279996,8.782678
blackout_only,1342.0,600.0,300.0,4000.0,120.0,500.0,1,70,6160,6160,6861,6861,56,56,3,3,57,57,3355.000000,6710.000000,6855.000000,1,81.080649,0.184467,0.251011,0.263758,0.021067,0.022658,422,91,71,124,580,116,116,263,126680,232,232,82944,6.544556,0.019655,1.280432,8.539394
with_repeater,1342.0,600.0,300.0,4000.0,120.0,500.0,1,70,6160,6160,6861,6861,56,56,3,3,57,57,3355.000000,6710.000000,6855.000000,1,81.076722,0.182654,0.250996,0.263601,0.021072,0.022662,429,86,72,148,580,116,116,281,126680,232,232,82962,6.577688,0.019812,1.280028,8.799760
blackout_only,1342.0,600.0,300.0,4000.0,120.0,500.0,1,71,6160,6160,6861,6861,56,56,3,3,57,57,3355.000000,6710.000000,6855.000000,1,80.959172,0.181967,0.250901,0.263614,0.021063,0.022635,413,77,81,127,580,116,116,263,126680,232,232,82944,6.545490,0.019781,1.279682,8.538008
with_repeater,1342.0,600.0,300.0,4000.0,120.0,500.0,1,71,6160,6160,6861,6861,56,56,3,3,57,57,3355.000000,6710.000000,6855.000000,1,80.977032,0.183597,0.251080,0.263810,0.021064,0.022639,418,81,77,138,580,116,116,282,126680,232,232,82962,6.578830,0.019793,1.279807,8.765887
blackout_only,1342.0,600.0,300.0,4000.0,120.0,500.0,1,72,6160,6160,6861,6861,56,56,3,3,57,57,3355.000000,6710.000000,6855.000000,1,80.979019,0.182631,0.251072,0.263824,0.021065,0.022673,424,72,67,136,580,116,116,263,126680,232,232,82944,6.544806,0.020151,1.280156,8.522450
with_repeater,1342.0,600.0,300.0,4000.0,120.0,500.0,1,72,6160,6160,6861,6861,56,56,3,3,57,57,3355.000000,6710.000000,6855.000000,1,81.003831,0.183975,0.251094,0.263725,0.021070,0.022678,437,81,72,157,580,116,116,282,126680,232,232,82962,6.578507,0.019963,1.279728,8.815090
blackout_only,1342.0,600.0,300.0,4000.0,120.0,500.0,1,73,6160,6160,6861,6861,56,56,3,3,57,57,3355.000000,6710.000000,6855.000000,1,81.120343,0.184354,0.250940,0.263624,0.021081,0.022674,426,85,69,126,580,116,116,264,126680,232,232,82944,6.544528,0.019721,1.279235,8.540137
with_repeater,1342.0,600.0,300.0,4000.0,120.0,500.0,1,73,6160,6160,6861,6861,56,56,3,3,57,57,3355.000000,6710.000000,6855.000000,1,81.126613,0.184159,0.250960,0.263885,0.021058,0.022656,433,87,69,138,580,116,116,281,126680,232,232,82962,6.577721,0.019648,1.279197,8.799819
blackout_only,1342.0,600.0,300.0,4000.0,120.0,500.0,1,74,6160,6160,6861,6861,56,56,3,3,57,57,3355.000000,6710.000000,6855.000000,1,80.934370,0.182373,0.251077,0.263751,0.021051,0.022598,422,90,55,129,580,116,116,264,126680,232,232,82944,6.544551,0.020159,1.280464,8.555632
with_repeater,1342.0,600.0,300.0,4000.0,120.0,500.0,1,74,6160,6160,6861,6861,56,56,3,3,57,57,3355.000000,6710.000000,6855.000000,1,80.951170,0.182403,0.250830,0.263610,0.021069,0.022597,424,85,70,141,580,116,116,282,126680,232,232,82962,6.577998,0.020212,1.279907,8.798325
blackout_only,1342.0,600.0,300.0,4000.0,120.0,500.0,1,75,6160,6160,6861,6861,56,56,3,3,57,57,3355.000000,6710.000000,6855.000000,1,80.951601,0.182511,0.250943,0.263714,0.021058,0.022651,429,77,76,140,580,116,116,263,126680,232,232,82944,6.545466,0.020166,1.279909,8.540265
with_repeater,1342.0,600.0,300.0,4000.0,120.0,500.0,1,75,6160,6160,6861,6861,56,56,3,3,57,57,3355.000000,6710.000000,6855.000000,1,80.955389,0.182282,0.251009,0.263635,0.021067,0.022664,409,79,74,154,580,116,116,282,126680,232,232,82962,6.578856,0.020138,1.280291,8.783631
blackout_only,1342.0,600.0,300.0,4000.0,120.0,500.0,1,76,6160,6160,6861,6861,56,56,3,3,57,57,3355.000000,6710.000000,6855.000000,1,80.942249,0.182597,0.251058,0.263710,0.021068,0.022639,438,88,59,138,580,116,116,263,126680,232,232,82944,6.544235,0.020106,1.279502,8.523675
with_repeater,1342.0,600.0,300.0,4000.0,120.0,500.0,1,76,6160,6160,6861,6861,56,56,3,3,57,57,3355.000000,6710.000000,6855.000000,1,80.942521,0.182441,0.251049,0.263745,0.021072,0.022672,421,90,65,151,580,116,116,279,126680,232,232,82962,6.577105,0.020219,1.280170,8.767011
blackout_only,1342.0,600.0,300.0,4000.0,120.0,500.0,1,77,6160,6160,6861,6861,56,56,3,3,57,57,3355.000000,6710.000000,6855.000000,1,81.080207,0.183004,0.251052,0.263936,0.021062,0.022679,417,78,74,126,580,116,116,263,126680,232,232,82944,6.545619,0.019854,1.279995,8.523124
with_repeater,1342.0,600.0,300.0,4000.0,120.0,500.0,1,77,6160,6160,6861,6861,56,56,3,3,57,57,3355.000000,6710.000000,6855.000000,1,81.097997,0.184263,0.251134,0.264022,0.021063,0.022653,421,87,70,144,580,116,116,281,126680,232,232,82962,6.579041,0.019985,1.279639,8.798314
blackout_only,1342.0,600.0,300.0,4000.0,120.0,500.0,1,78,6160,6160,6861,6861,56,56,3,3,57,57,3355.000000,6710.000000,6855.000000,1,80.926750,0.183530,0.251000,0.263919,0.021072,0.022652,427,72,64,142,580,116,116,263,126680,232,232,82944,6.544421,0.019928,1.280077,8.537762
with_repeater,1342.0,600.0,300.0,4000.0,120.0,500.0,1,78,6160,6160,6861,6861,56,56,3,3,57,57,3355.000000,6710.000000,6855.000000,1,80.947263,0.181692,0.251027,0.263818,0.021067,0.022668,420,81,74,157,580,116,116,282,126680,232,232,82962,6.578860,0.020037,1.279986,8.814843
blackout_only,1342.0,600.0,300.0,4000.0,120.0,500.0,1,79,6160,6160,6861,6861,56,56,3,3,57,57,3355.000000,6710.000000,6855.000000,1,80.957563,0.183456,0.251122,0.263803,0.021089,0.022708,444,84,67,152,580,116,116,263,126680,232,232,82944,6.544432,0.020021,1.279383,8.506661
with_repeater,1342.0,600.0,300.0,4000.0,120.0,500.0,1,79,6160,6160,6861,6861,56,56,3,3,57,57,3355.000000,6710.000000,6855.000000,1,80.944629,0.182428,0.251080,0.263718,0.021087,0.022676,439,82,73,147,580,116,116,281,126680,232,232,82962,6.577568,0.020029,1.279788,8.798482
blackout_only,1342.0,600.0,300.0,4000.0,120.0,500.0,1,80,6160,6160,6861,6861,56,56,3,3,57,57,3355.000000,6710.000000,6855.000000,1,80.909074,0.182228,0.251125,0.263993,0.021078,0.022665,413,87,70,131,580,116,116,264,126680,232,232,82944,6.543942,0.019943,1.280084,8.555529
with_repeater,1342.0,600.0,300.0,4000.0,120.0,500.0,1,80,6160,6160,6861,6861,56,56,3,3,57,57,3355.000000,6710.000000,6855.000000,1,80.932157,0.182897,0.251088,0.263818,0.021086,0.022687,427,86,71,132,580,116,116,281,126680,232,232,82962,6.577325,0.020351,1.280012,8.799310
blackout_only,1342.0,600.0,300.0,4000.0,120.0,500.0,1,81,6160,6160,6861,6861,56,56,3,3,57,57,3355.000000,6710.000000,6855.000000,1,80.886659,0.182027,0.250842,0.263542,0.021082,0.022669,400,79,75,140,580,116,116,263,126680,232,232,82944,6.545418,0.020406,1.279893,8.537710
with_repeater,1342.0,600.0,300.0,4000.0,120.0,500.0,1,81,6160,6160,6861,6861,56,56,3,3,57,57,3355.000000,6710.000000,6855.000000,1,80.860478,0.183052,0.250882,0.263632,0.021071,0.022657,411,78,69,151,580,116,116,281,126680,232,232,82962,6.579527,0.020177,1.280080,8.797935
blackout_only,1342.0,600.0,300.0,4000.0,120.0,500.0,1,82,6160,6160,6861,6861,56,56,3,3,57,57,3355.000000,6710.000000,6855.000000,1,80.938392,0.182686,0.251004,0.263793,0.021068,0.022645,406,74,67,138,580,116,116,263,126680,232,232,82944,6.545026,0.020100,1.279573,8.538938
with_repeater,1342.0,600.0,300.0,4000.0,120.0,500.0,1,82,6160,6160,6861,6861,56,56,3,3,57,57,3355.000000,6710.000000,6855.000000,1,80.891316,0.182713,0.250994,0.263807,0.021073,0.022685,411,72,67,151,580,116,116,282,126680,232,232,82962,6.578097,0.019817,1.280309,8.814616
blackout_only,1342.0,600.0,300.0,4000.0,120.0,500.0,1,83,6159,6159,6861,6861,56,56,3,3,57,57,3355.000000,6710.000000,6855.000000,1,80.938121,0.183039,0.251184,0.263670,0.021071,0.022671,417,85,69,123,580,116,116,264,126660,232,232,82944,6.545794,0.019967,1.279824,8.556019
with_repeater,1342.0,600.0,300.0,4000.0,120.0,500.0,1,83,6159,6159,6861,6861,56,56,3,3,57,57,3355.000000,6710.000000,6855.000000,1,80.912878,0.183231,0.251164,0.263722,0.021074,0.022680,417,89,66,139,580,116,116,281,126668,232,232,82962,6.579761,0.019639,1.279627,8.797827
blackout_only,1342.0,600.0,300.0,4000.0,120.0,500.0,1,84,6160,6160,6861,6861,56,56,3,3,57,57,3355.000000,6710.000000,6855.000000,1,80.950011,0.181485,0.251062,0.263779,0.021068,0.022647,427,86,76,135,580,116,116,264,126680,232,232,82944,6.544239,0.020296,1.279969,8.538143
with_repeater,1342.0,600.0,300.0,4000.0,120.0,500.0,1,84,6159,6159,6861,6861,56,56,3,3,57,57,3355.000000,6710.000000,6855.000000,1,80.971441,0.183804,0.251159,0.263757,0.021074,0.022649,439,84,66,142,580,116,116,280,126670,232,232,82962,6.578939,0.020029,1.280159,8.782873
blackout_only,1342.0,600.0,300.0,4000.0,120.0,500.0,1,85,6160,6160,6861,6861,56,56,3,3,57,57,3355.000000,6710.000000,6855.000000,1,80.918904,0.183784,0.250797,0.263443,0.021070,0.022682,441,85,70,126,580,116,116,264,126689,232,232,82944,6.544667,0.019973,1.279851,8.554561
with_repeater,1342.0,600.0,300.0,4000.0,120.0,500.0,1,85,6160,6160,6861,6861,56,56,3,3,57,57,3355.000000,6710.000000,6855.000000,1,80.919471,0.182293,0.250954,0.263504,0.021067,0.022686,431,84,74,135,580,116,116,281,126680,232,232,82962,6.577474,0.019711,1.280064,8.797919
blackout_only,1342.0,600.0,300.0,4000.0,120.0,500.0,1,86,6160,6160,6861,6861,56,56,3,3,57,57,3355.000000,6710.000000,6855.000000,1,81.007518,0.183241,0.251040,0.263716,0.021072,0.022647,425,73,65,122,580,116,116,264,126680,232,232,82944,6.544318,0.020163,1.279673,8.523983
with_repeater,1342.0,600.0,300.0,4000.0,120.0,500.0,1,86,6160,6160,6861,6861,56,56,3,3,57,57,3355.000000,6710.000000,6855.000000,1,81.004110,0.183377,0.251094,0.263850,0.021080,0.022678,418,82,72,128,580,116,116,282,126680,232,232,82962,6.577646,0.020078,1.280029,8.800760
blackout_only,1342.0,600.0,300.0,4000.0,120.0,500.0,1,87,6160,6160,6861,6861,56,56,3,3,57,57,3355.000000,6710.000000,6855.000000,1,81.024011,0.183812,0.251001,0.264060,0.021069,0.022663,401,79,72,137,580,116,116,263,126680,232,232,82944,6.544061,0.019865,1.279691,8.537979
with_repeater,1342.0,600.0,300.0,4000.0,120.0,500.0,1,87,6160,6160,6861,6861,56,56,3,3,57,57,3355.000000,6710.000000,6855.000000,1,81.007163,0.183150,0.251015,0.264025,0.021060,0.022662,432,83,79,141,580,116,116,281,126680,232,232,82962,6.577644,0.020389,1.279493,8.781420
blackout_only,1342.0,600.0,300.0,4000.0,120.0,500.0,1,88,6160,6160,6861,6861,56,56,3,3,57,57,3355.000000,6710.000000,6855.000000,1,81.001861,0.182993,0.250821,0.263682,0.021074,0.022648,417,92,73,117,580,116,116,262,126680,232,232,82944,6.544308,0.020557,1.280281,8.506058
with_repeater,1342.0,600.0,300.0,4000.0,120.0,500.0,1,88,6160,6160,6861,6861,56,56,3,3,57,57,3355.000000,6710.000000,6855.000000,1,80.998839,0.182657,0.250798,0.263418,0.021068,0.022625,425,92,76,128,580,116,116,282,126689,232,232,82962,6.576649,0.020522,1.279712,8.815336
blackout_only,1342.0,600.0,300.0,4000.0,120.0,500.0,1,89,6160,6160,6861,6861,56,56,3,3,57,57,3355.000000,6710.000000,6855.000000,1,80.928625,0.180757,0.250963,0.263719,0.021079,0.022640,403,85,77,143,580,116,116,263,126680,232,232,82944,6.544742,0.020049,1.279755,8.523311
with_repeater,1342.0,600.0,300.0,4000.0,120.0,500.0,1,89,6160,6160,6861,6861,56,56,3,3,57,57,3355.000000,6710.000000,6855.000000,1,80.893139,0.182159,0.250988,0.263570,0.021067,0.022652,412,83,70,150,580,116,116,282,126680,232,232,82962,6.577736,0.020133,1.279721,8.799378
blackout_only,1342.0,600.0,900.0,4000.0,120.0,500.0,1,40,6426,6426,7158,7158,56,56,8,8,57,57,3355.000000,6710.000000,6855.000000,1,81.824387,0.182712,0.251025,0.263763,0.021083,0.022695,455,85,77,115,605,121,121,248,132150,242,242,86508,6.277394,0.019921,1.280417,7.724468
with_repeater,1342.0,600.0,900.0,4000.0,120.0,500.0,1,40,6427,6427,7158,7158,56,56,8,8,57,57,3355.000000,6710.000000,6855.000000,1,81.832263,0.182193,0.250968,0.263749,0.021078,0.022682,434,87,77,142,605,121,121,296,132170,242,242,86556,6.361914,0.019999,1.280027,8.117931
blackout_only,1342.0,600.0,900.0,4000.0,120.0,500.0,1,41,6427,6427,7158,7158,56,56,8,8,57,57,3355.000000,6710.000000,6855.000000,1,81.869721,0.182876,0.250932,0.263751,0.021067,0.022651,432,86,71,116,605,121,121,249,132170,242,242,86508,6.276487,0.020100,1.280041,7.708769
with_repeater,1342.0,600.0,900.0,4000.0,120.0,500.0,1,41,6427,6427,7158,7158,56,56,8,8,57,57,3355.000000,6710.000000,6855.000000,1,81.853358,0.182279,0.250968,0.263777,0.021035,0.022632,428,87,70,150,605,121,121,296,132170,242,242,86556,6.362350,0.020151,1.279934,8.118985
blackout_only,1342.0,600.0,900.0,4000.0,120.0,500.0,1,42,6426,6426,7158,7158,56,56,8,8,57,57,3355.000000,6710.000000,6855.000000,1,81.932976,0.184117,0.251114,0.263695,0.021066,0.022651,432,87,74,125,605,121,121,247,132150,242,242,86508,6.276965,0.019973,1.280099,7.708490
with_repeater,1342.0,600.0,900.0,4000.0,120.0,500.0,1,42,6426,6426,7158,7158,56,56,8,8,57,57,3355.000000,6710.000000,6855.000000,1,81.914077,0.181726,0.251015,0.263553,0.021062,0.022682,440,91,70,147,605,121,121,297,132150,242,242,86556,6.361919,0.019703,1.280219,8.150988
blackout_only,1342.0,600.0,900.0,4000.0,120.0,500.0,1,43,6426,6426,7158,7158,56,56,8,8,57,57,3355.000000,6710.000000,6855.000000,1,81.919521,0.183196,0.251187,0.264186,0.021068,0.022656,465,88,76,123,605,121,121,248,132150,242,242,86508,6.277506,0.019831,1.280267,7.724008
with_repeater,1342.0,600.0,900.0,4000.0,120.0,500.0,1,43,6426,6426,7158,7158,56,56,8,8,57,57,3355.000000,6710.000000,6855.000000,1,81.909387,0.182207,0.251052,0.264174,0.021074,0.022692,451,93,70,159,605,121,121,297,132150,242,242,86556,6.361886,0.019851,1.279741,8.117937
blackout_only,1342.0,600.0,900.0,4000.0,120.0,500.0,1,44,6426,6426,7158,7158,56,56,8,8,57,57,3355.000000,6710.000000,6855.000000,1,81.792243,0.182197,0.251087,0.263918,0.021090,0.022653,467,88,77,125,605,121,121,248,132150,242,242,86508,6.278284,0.019759,1.279893,7.692611
with_repeater,1342.0,600.0,900.0,4000.0,120.0,500.0,1,44,6426,6426,7158,7158,56,56,8,8,57,57,3355.000000,6710.000000,6855.000000,1,81.788209,0.182285,0.250987,0.263809,0.021083,0.022633,449,97,74,132,605,121,121,296,132166,242,242,86556,6.363049,0.019806,1.279719,8.103820
blackout_only,1342.0,600.0,900.0,4000.0,120.0,500.0,1,45,6427,6427,7158,7158,56,56,8,8,57,57,3355.000000,6710.000000,6855.000000,1,81.988902,0.183208,0.250870,0.264031,0.021072,0.022592,449,80,68,119,605,121,121,247,132170,242,242,86508,6.276136,0.019975,1.280063,7.709142
with_repeater,1342.0,600.0,900.0,4000.0,120.0,500.0,1,45,6426,6426,7158,7158,56,56,8,8,57,57,3355.000000,6710.000000,6855.000000,1,81.963061,0.184023,0.251050,0.264051,0.021064,0.022633,465,78,65,142,605,121,121,296,132150,242,242,86556,6.361665,0.020094,1.279873,8.118523
blackout_only,1342.0,600.0,900.0,4000.0,120.0,500.0,1,46,6426,6426,7158,7158,56,56,8,8,57,57,3355.000000,6710.000000,6855.000000,1,81.995696,0.184439,0.251086,0.263480,0.021075,0.022636,442,92,78,121,605,121,121,246,132150,242,242,86508,6.277582,0.019696,1.279285,7.677769
with_repeater,1342.0,600.0,900.0,4000.0,120.0,500.0,1,46,6427,6427,7158,7158,56,56,8,8,57,57,3355.000000,6710.000000,6855.000000,1,81.957234,0.182628,0.250963,0.263483,0.021056,0.022628,431,88,69,144,605,121,121,297,132170,242,242,86556,6.362256,0.019927,1.279705,8.150634
blackout_only,1342.0,600.0,900.0,4000.0,120.0,500.0,1,47,6427,6427,7158,7158,56,56,8,8,57,57,3355.000000,6710.000000,6855.000000,1,81.944167,0.184017,0.250929,0.263714,0.021070,0.022643,445,85,75,113,605,121,121,247,132170,242,242,86508,6.275412,0.020106,1.279778,7.709223
with_repeater,1342.0,600.0,900.0,4000.0,120.0,500.0,1,47,6427,6427,7158,7158,56,56,8,8,57,57,3355.000000,6710.000000,6855.000000,1,81.907251,0.183212,0.250883,0.263781,0.021068,0.022651,441,87,69,140,605,121,121,296,132170,242,242,86556,6.361618,0.019906,1.280065,8.119508
blackout_only,1342.0,600.0,900.0,4000.0,120.0,500.0,1,48,6426,6426,7158,7158,56,56,8,8,57,57,3355.000000,6710.000000,6855.000000,1,81.834848,0.183396,0.251141,0.263457,0.021075,0.022652,456,84,76,128,605,121,121,249,132150,242,242,86508,6.276684,0.019940,1.280324,7.724908
with_repeater,1342.0,600.0,900.0,4000.0,120.0,500.0,1,48,6426,6426,7158,7158,56,56,8,8,57,57,3355.000000,6710.000000,6855.000000,1,81.812027,0.182196,0.251087,0.263725,0.021067,0.022671,452,86,74,151,605,121,121,296,132150,242,242,86556,6.362115,0.019966,1.280830,8.119653
blackout_only,1342.0,600.0,900.0,4000.0,120.0,500.0,1,49,6427,6427,7158,7158,56,56,8,8,57,57,3355.000000,6710.000000,6855.000000,1,82.011965,0.184489,0.250820,0.263298,0.021071,0.022639,465,81,82,119,605,121,121,249,132170,242,242,86508,6.276001,0.019942,1.280374,7.723465
with_repeater,1342.0,600.0,900.0,4000.0,120.0,500.0,1,49,6426,6426,7158,7158,56,56,8,8,57,57,3355.000000,6710.000000,6855.000000,1,81.953249,0.183654,0.250980,0.263483,0.021069,0.022658,457,81,81,146,605,121,121,295,132166,242,242,86556,6.361318,0.019842,1.280090,8.103635
blackout_only,1342.0,600.0,900.0,4000.0,120.0,500.0,1,50,6426,6426,7158,7158,56,56,8,8,57,57,3355.000000,6710.000000,6855.000000,1,81.970883,0.183062,0.251174,0.263826,0.021080,0.022690,447,87,82,136,605,121,121,248,132150,242,242,86508,6.278351,0.019716,1.280096,7.724995
with_repeater,1342.0,600.0,900.0,4000.0,120.0,500.0,1,50,6426,6426,7158,7158,56,56,8,8,57,57,3355.000000,6710.000000,6855.000000,1,82.048222,0.183683,0.251089,0.263728,0.021084,0.022708,427,90,81,157,605,121,121,296,132150,242,242,86556,6.363489,0.019823,1.280401,8.090179
blackout_only,1342.0,600.0,900.0,4000.0,120.0,500.0,1,51,6426,6426,7158,7158,56,56,8,8,57,57,3355.000000,6710.000000,6855.000000,1,81.853873,0.182579,0.250994,0.263517,0.021068,0.022707,430,93,81,126,605,121,121,248,132160,242,242,86508,6.277197,0.020212,1.280629,7.724190
with_repeater,1342.0,600.0,900.0,4000.0,120.0,500.0,1,51,6427,6427,7158,7158,56,56,8,8,57,57,3355.000000,6710.000000,6855.000000,1,81.803412,0.182810,0.250793,0.263384,0.021066,0.022673,438,89,79,140,605,121,121,297,132170,242,242,86556,6.362384,0.019983,1.280512,8.148743
blackout_only,1342.0,600.0,900.0,4000.0,120.0,500.0,1,52,6427,6427,7158,7158,56,56,8,8,57,57,3355.000000,6710.000000,6855.000000,1,81.963367,0.183415,0.250872,0.263363,0.021053,0.022664,461,83,83,126,605,121,121,249,132170,242,242,86508,6.276553,0.019811,1.279922,7.709161
with_repeater,1342.0,600.0,900.0,4000.0,120.0,500.0,1,52,6427,6427,7158,7158,56,56,8,8,57,57,3355.000000,6710.000000,6855.000000,1,81.954377,0.183183,0.250850,0.263518,0.021081,0.022668,454,85,89,154,605,121,121,296,132170,242,242,86556,6.361462,0.019841,1.280040,8.120025
blackout_only,1342.0,600.0,900.0,4000.0,120.0,500.0,1,53,6426,6426,7158,7158,56,56,8,8,57,57,3355.000000,6710.000000,6855.000000,1,81.889316,0.182786,0.251003,0.263640,0.021077,0.022694,431,94,73,119,605,121,121,249,132157,242,242,86508,6.276657,0.019807,1.279894,7.722861
with_repeater,1342.0,600.0,900.0,4000.0,120.0,500.0,1,53,6426,6426,7158,7158,56,56,8,8,57,57,3355.000000,6710.000000,6855.000000,1,81.917997,0.182243,0.250979,0.263709,0.021062,0.022664,421,83,74,148,605,121,121,296,132168,242,242,86556,6.361763,0.020013,1.279191,8.134370
blackout_only,1342.0,600.0,900.0,4000.0,120.0,500.0,1,54,6426,6426,7158,7158,56,56,8,8,57,57,3355.000000,6710.000000,6855.000000,1,81.904302,0.183414,0.251028,0.264048,0.021063,0.022619,454,91,71,125,605,121,121,249,132150,242,242,86508,6.277911,0.020088,1.280216,7.739652
with_repeater,1342.0,600.0,900.0,4000.0,120.0,500.0,1,54,6427,6427,7158,7158,56,56,8,8,57,57,3355.000000,6710.000000,6855.000000,1,81.906161,0.183361,0.250927,0.263680,0.021084,0.022662,434,95,79,144,605,121,121,297,132170,242,242,86556,6.361921,0.019976,1.279635,8.135051
blackout_only,1342.0,600.0,900.0,4000.0,120.0,500.0,1,55,6426,6426,7158,7158,56,56,8,8,57,57,3355.000000,6710.000000,6855.000000,1,81.881662,0.182651,0.251145,0.263867,0.021085,0.022664,441,85,66,123,605,121,121,248,132150,242,242,86508,6.277842,0.019749,1.279644,7.723540
with_repeater,1342.0,600.0,900.0,4000.0,120.0,500.0,1,55,6426,6426,7158,7158,56,56,8,8,57,57,3355.000000,6710.000000,6855.000000,1,81.889286,0.183577,0.251064,0.263674,0.021087,0.022679,443,97,67,137,605,121,121,296,132150,242,242,86556,6.362784,0.019866,1.280292,8.103330
blackout_only,1342.0,600.0,900.0,4000.0,120.0,500.0,1,56,6426,6426,7158,7158,56,56,8,8,57,57,3355.000000,6710.000000,6855.000000,1,81.951217,0.184189,0.251028,0.263889,0.021078,0.022661,456,92,76,118,605,121,121,249,132150,242,242,86508,6.276774,0.019817,1.279827,7.708703
with_repeater,1342.0,600.0,900.0,4000.0,120.0,500.0,1,56,6427,6427,7158,7158,56,56,8,8,57,57,3355.000000,6710.000000,6855.000000,1,81.977567,0.184039,0.250912,0.263729,0.021072,0.022666,460,91,67,141,605,121,121,297,132170,242,242,86556,6.361621,0.019831,1.279645,8.135096
blackout_only,1342.0,600.0,900.0,4000.0,120.0,500.0,1,57,6426,6426,7158,7158,56,56,8,8,57,57,3355.000000,6710.000000,6855.000000,1,81.948224,0.183665,0.250989,0.263783,0.021071,0.022668,440,79,74,117,605,121,121,249,132160,242,242,86508,6.277001,0.019649,1.280302,7.739514
with_repeater,1342.0,600.0,900.0,4000.0,120.0,500.0,1,57,6427,6427,7158,7158,56,56,8,8,57,57,3355.000000,6710.000000,6855.000000,1,81.956695,0.183613,0.250949,0.263638,0.021061,0.022648,445,86,71,138,605,121,121,297,132170,242,242,86556,6.361384,0.019890,1.280215,8.119264
blackout_only,1342.0,600.0,900.0,4000.0,120.0,500.0,1,58,6426,6426,7158,7158,56,56,8,8,57,57,3355.000000,6710.000000,6855.000000,1,81.905039,0.182816,0.251134,0.263839,0.021073,0.022643,426,89,86,119,605,121,121,248,132150,242,242,86508,6.278445,0.020078,1.279069,7.722342
with_repeater,1342.0,600.0,900.0,4000.0,120.0,500.0,1,58,6426,6426,7158,7158,56,56,8,8,57,57,3355.000000,6710.000000,6855.000000,1,81.892885,0.182863,0.251112,0.263764,0.021076,0.022659,429,89,84,151,605,121,121,297,132150,242,242,86556,6.362705,0.019784,1.279364,8.148846
blackout_only,1342.0,600.0,900.0,4000.0,120.0,500.0,1,59,6427,6427,7158,7158,56,56,8,8,57,57,3355.000000,6710.000000,6855.000000,1,81.962398,0.183403,0.250942,0.263849,0.021067,0.022684,421,85,80,122,605,121,121,247,132170,242,242,86508,6.276213,0.019729,1.280675,7.707954
with_repeater,1342.0,600.0,900.0,4000.0,120.0,500.0,1,59,6426,6426,7158,7158,56,56,8,8,57,57,3355.000000,6710.000000,6855.000000,1,81.992109,0.183043,0.250991,0.263849,0.021059,0.022664,429,81,78,145,605,121,121,295,132160,242,242,86556,6.361431,0.019843,1.280625,8.103967
blackout_only,1342.0,600.0,900.0,4000.0,120.0,500.0,1,60,6426,6426,7158,7158,56,56,8,8,57,57,3355.000000,6710.000000,6855.000000,1,82.031003,0.183587,0.251026,0.263931,0.021077,0.022620,442,88,73,107,605,121,121,249,132150,242,242,86508,6.277320,0.020288,1.279899,7.724923
with_repeater,1342.0,600.0,900.0,4000.0,120.0,500.0,1,60,6426,6426,7158,7158,56,56,8,8,57,57,3355.000000,6710.000000,6855.000000,1,82.046786,0.183454,0.251068,0.263958,0.021069,0.022646,438,84,70,128,605,121,121,297,132150,242,242,86556,6.363140,0.020137,1.279624,8.134714
blackout_only,1342.0,600.0,900.0,4000.0,120.0,500.0,1,61,6426,6426,7158,7158,56,56,8,8,57,57,3355.000000,6710.000000,6855.000000,1,81.924488,0.183696,0.251057,0.263924,0.021067,0.022645,431,89,69,133,605,121,121,248,132150,242,242,86508,6.277315,0.019977,1.279732,7.724974
with_repeater,1342.0,600.0,900.0,4000.0,120.0,500.0,1,61,6426,6426,7158,7158,56,56,8,8,57,57,3355.000000,6710.000000,6855.000000,1,81.970682,0.183628,0.251028,0.264088,0.021075,0.022672,430,91,74,164,605,121,121,296,132150,242,242,86556,6.362863,0.019921,1.280112,8.134662
blackout_only,1342.0,600.0,900.0,4000.0,120.0,500.0,1,62,6427,6427,7158,7158,56,56,8,8,57,57,3355.000000,6710.000000,6855.000000,1,81.919792,0.183798,0.250942,0.263773,0.021088,0.022678,442,96,70,125,605,121,121,249,132170,242,242,86508,6.276209,0.020105,1.280089,7.706531
with_repeater,1342.0,600.0,900.0,4000.0,120.0,500.0,1,62,6426,6426,7158,7158,56,56,8,8,57,57,3355.000000,6710.000000,6855.000000,1,81.900424,0.182990,0.251025,0.263813,0.021077,0.022643,426,99,69,153,605,121,121,296,132150,242,242,86556,6.362131,0.020113,1.279994,8.133454
blackout_only,1342.0,600.0,900.0,4000.0,120.0,500.0,1,63,6426,6426,7158,7158,56,56,8,8,57,57,3355.000000,6710.000000,6855.000000,1,81.824798,0.182099,0.251010,0.263757,0.021060,0.022642,441,89,75,117,605,121,121,249,132156,242,242,86508,6.276463,0.019969,1.280163,7.738516
with_repeater,1342.0,600.0,900.0,4000.0,120.0,500.0,1,63,6427,6427,7158,7158,56,56,8,8,57,57,3355.000000,6710.000000,6855.000000,1,81.806333,0.182156,0.250950,0.263749,0.021044,0.022624,428,88,82,150,605,121,121,295,132170,242,242,86556,6.360359,0.019956,1.279282,8.118731
blackout_only,1342.0,600.0,900.0,4000.0,120.0,500.0,1,64,6426,6426,7158,7158,56,56,8,8,57,57,3355.000000,6710.000000,6855.000000,1,81.978569,0.183816,0.251036,0.263651,0.021070,0.022651,432,83,73,126,605,121,121,249,132150,242,242,86508,6.277065,0.020111,1.280190,7.722917
with_repeater,1342.0,600.0,900.0,4000.0,120.0,500.0,1,64,6426,6426,7158,7158,56,56,8,8,57,57,3355.000000,6710.000000,6855.000000,1,81.976548,0.183508,0.250996,0.263549,0.021069,0.022622,449,83,67,146,605,121,121,296,132160,242,242,86556,6.361836,0.020229,1.280051,8.102301
blackout_only,1342.0,600.0,900.0,4000.0,120.0,500.0,1,65,6426,6426,7158,7158,56,56,8,8,57,57,3355.000000,6710.000000,6855.000000,1,81.935433,0.183257,0.251000,0.263898,0.021064,0.022643,455,81,74,122,605,121,121,247,132159,242,242,86508,6.277372,0.020014,1.279883,7.707148
with_repeater,1342.0,600.0,900.0,4000.0,120.0,500.0,1,65,6426,6426,7158,7158,56,56,8,8,57,57,3355.000000,6710.000000,6855.000000,1,81.920727,0.182927,0.250978,0.263759,0.021063,0.022634,443,82,78,143,605,121,121,297,132167,242,242,86556,6.362751,0.019945,1.279771,8.148897
blackout_only,1342.0,600.0,900.0,4000.0,120.0,500.0,1,66,6427,6427,7158,7158,56,56,8,8,57,57,3355.000000,6710.000000,6855.000000,1,81.857406,0.182345,0.250919,0.263814,0.021087,0.022674,432,71,71,117,605,121,121,248,132170,242,242,86508,6.277263,0.019619,1.280098,7.709527
with_repeater,1342.0,600.0,900.0,4000.0,120.0,500.0,1,66,6426,6426,7158,7158,56,56,8,8,57,57,3355.000000,6710.000000,6855.000000,1,81.890459,0.182536,0.251064,0.264066,0.021066,0.022658,446,74,74,143,605,121,121,297,132150,242,242,86556,6.362674,0.019894,1.280608,8.134860
blackout_only,1342.0,600.0,900.0,4000.0,120.0,500.0,1,67,6426,6426,7158,7158,56,56,8,8,57,57,3355.000000,6710.000000,6855.000000,1,81.852372,0.182924,0.250980,0.263676,0.021083,0.022689,454,93,78,120,605,121,121,249,132167,242,242,86508,6.277290,0.020048,1.279309,7.738533
with_repeater,1342.0,600.0,900.0,4000.0,120.0,500.0,1,67,6427,6427,7158,7158,56,56,8,8,57,57,3355.000000,6710.000000,6855.000000,1,81.887739,0.183308,0.250954,0.263701,0.021079,0.022681,463,88,72,147,605,121,121,297,132170,242,242,86556,6.362166,0.019982,1.279688,8.135844
blackout_only,1342.0,600.0,900.0,4000.0,120.0,500.0,1,68,6427,6427,7158,7158,56,56,8,8,57,57,3355.000000,6710.000000,6855.000000,1,81.886746,0.182836,0.250941,0.263734,0.021068,0.022639,458,91,80,123,605,121,121,249,132170,242,242,86508,6.276239,0.020062,1.279753,7.737387
with_repeater,1342.0,600.0,900.0,4000.0,120.0,500.0,1,68,6427,6427,7158,7158,56,56,8,8,57,57,3355.000000,6710.000000,6855.000000,1,81.851069,0.182429,0.250824,0.263539,0.021082,0.022667,459,88,83,152,605,121,121,296,132170,242,242,86556,6.362319,0.020084,1.279493,8.133821
blackout_only,1342.0,600.0,900.0,4000.0,120.0,500.0,1,69,6426,6426,7158,7158,56,56,8,8,57,57,3355.000000,6710.000000,6855.000000,1,81.818386,0.182085,0.251022,0.263667,0.021052,0.022633,435,91,82,126,605,121,121,249,132150,242,242,86508,6.277390,0.019808,1.279762,7.722806
with_repeater,1342.0,600.0,900.0,4000.0,120.0,500.0,1,69,6427,6427,7158,7158,56,56,8,8,57,57,3355.000000,6710.000000,6855.000000,1,81.901020,0.183511,0.250871,0.263543,0.021065,0.022654,443,79,77,150,605,121,121,297,132170,242,242,86556,6.361261,0.019870,1.279896,8.133358
blackout_only,1342.0,600.0,900.0,4000.0,120.0,500.0,1,70,6426,6426,7158,7158,56,56,8,8,57,57,3355.000000,6710.000000,6855.000000,1,81.992814,0.184200,0.250987,0.263548,0.021073,0.022690,442,92,70,124,605,121,121,248,132166,242,242,86508,6.277009,0.019950,1.280671,7.708635
with_repeater,1342.0,600.0,900.0,4000.0,120.0,500.0,1,70,6426,6426,7158,7158,56,56,8,8,57,57,3355.000000,6710.000000,6855.000000,1,82.000824,0.183525,0.251027,0.263777,0.021073,0.022648,443,93,74,146,605,121,121,296,132150,242,242,86556,6.362504,0.019757,1.280009,8.135105
blackout_only,1342.0,600.0,900.0,4000.0,120.0,500.0,1,71,6427,6427,7158,7158,56,56,8,8,57,57,3355.000000,6710.000000,6855.000000,1,81.861689,0.183265,0.250923,0.263282,0.021062,0.022634,430,85,82,119,605,121,121,249,132170,242,242,86508,6.277289,0.019849,1.279867,7.722861
with_repeater,1342.0,600.0,900.0,4000.0,120.0,500.0,1,71,6426,6426,7158,7158,56,56,8,8,57,57,3355.000000,6710.000000,6855.000000,1,81.875854,0.183133,0.251125,0.263796,0.021062,0.022654,451,87,77,150,605,121,121,297,132150,242,242,86556,6.363142,0.019615,1.279742,8.148469
blackout_only,1342.0,600.0,900.0,4000.0,120.0,500.0,1,72,6426,6426,7158,7158,56,56,8,8,57,57,3355.000000,6710.000000,6855.000000,1,81.909697,0.182653,0.251034,0.263606,0.021067,0.022687,447,85,78,131,605,121,121,247,132150,242,242,86508,6.277357,0.020056,1.280041,7.693135
with_repeater,1342.0,600.0,900.0,4000.0,120.0,500.0,1,72,6426,6426,7158,7158,56,56,8,8,57,57,3355.000000,6710.000000,6855.000000,1,81.916029,0.182911,0.251010,0.263556,0.021077,0.022686,454,79,77,167,605,121,121,296,132156,242,242,86556,6.362922,0.020026,1.279860,8.103217
blackout_only,1342.0,600.0,900.0,4000.0,120.0,500.0,1,73,6427,6427,7158,7158,56,56,8,8,57,57,3355.000000,6710.000000,6855.000000,1,82.056909,0.185111,0.250916,0.263686,0.021072,0.022653,458,83,79,118,605,121,121,247,132170,242,242,86508,6.275738,0.019621,1.279420,7.708119
with_repeater,1342.0,600.0,900.0,4000.0,120.0,500.0,1,73,6426,6426,7158,7158,56,56,8,8,57,57,3355.000000,6710.000000,6855.000000,1,82.051080,0.184490,0.250989,0.263520,0.021047,0.022627,446,86,69,148,605,121,121,297,132160,242,242,86556,6.361873,0.019651,1.279434,8.151237
blackout_only,1342.0,600.0,900.0,4000.0,120.0,500.0,1,74,6427,6427,7158,7158,56,56,8,8,57,57,3355.000000,6710.000000,6855.000000,1,81.826275,0.182702,0.250846,0.263565,0.021062,0.022606,446,86,69,121,605,121,121,249,132170,242,242,86508,6.276364,0.020245,1.280324,7.709284
with_repeater,1342.0,600.0,900.0,4000.0,120.0,500.0,1,74,6427,6427,7158,7158,56,56,8,8,57,57,3355.000000,6710.000000,6855.000000,1,81.887352,0.182704,0.250840,0.263674,0.021064,0.022607,443,86,73,152,605,121,121,296,132170,242,242,86556,6.361184,0.020163,1.279846,8.118729
blackout_only,1342.0,600.0,900.0,4000.0,120.0,500.0,1,75,6427,6427,7158,7158,56,56,8,8,57,57,3355.000000,6710.000000,6855.000000,1,81.882037,0.183066,0.250929,0.263596,0.021049,0.022668,464,85,80,145,605,121,121,249,132170,242,242,86508,6.278334,0.020039,1.279383,7.723670
with_repeater,1342.0,600.0,900.0,4000.0,120.0,500.0,1,75,6426,6426,7158,7158,56,56,8,8,57,57,3355.000000,6710.000000,6855.000000,1,81.878824,0.182442,0.250983,0.263601,0.021056,0.022649,442,80,79,160,605,121,121,297,132166,242,242,86556,6.362191,0.020044,1.280406,8.150077
blackout_only,1342.0,600.0,900.0,4000.0,120.0,500.0,1,76,6426,6426,7158,7158,56,56,8,8,57,57,3355.000000,6710.000000,6855.000000,1,81.836962,0.182294,0.251133,0.263760,0.021079,0.022658,454,100,66,133,605,121,121,249,132150,242,242,86508,6.276726,0.020203,1.279972,7.724190
with_repeater,1342.0,600.0,900.0,4000.0,120.0,500.0,1,76,6426,6426,7158,7158,56,56,8,8,57,57,3355.000000,6710.000000,6855.000000,1,81.876310,0.182752,0.251037,0.263542,0.021075,0.022673,446,92,69,155,605,121,121,296,132150,242,242,86556,6.361296,0.019949,1.280368,8.134630
blackout_only,1342.0,600.0,900.0,4000.0,120.0,500.0,1,77,6426,6426,7158,7158,56,56,8,8,57,57,3355.000000,6710.000000,6855.000000,1,82.010821,0.183793,0.251073,0.263966,0.021050,0.022659,458,84,66,124,605,121,121,248,132150,242,242,86508,6.278789,0.020101,1.279651,7.693850
with_repeater,1342.0,600.0,900.0,4000.0,120.0,500.0,1,77,6426,6426,7158,7158,56,56,8,8,57,57,3355.000000,6710.000000,6855.000000,1,81.994328,0.184391,0.251173,0.264009,0.021057,0.022671,438,87,71,146,605,121,121,297,132150,242,242,86556,6.362914,0.019953,1.279670,8.150799
blackout_only,1342.0,600.0,900.0,4000.0,120.0,500.0,1,78,6427,6427,7158,7158,56,56,8,8,57,57,3355.000000,6710.000000,6855.000000,1,81.834320,0.182921,0.250927,0.263574,0.021079,0.022671,431,83,69,131,605,121,121,249,132170,242,242,86508,6.276314,0.020313,1.279560,7.738242
with_repeater,1342.0,600.0,900.0,4000.0,120.0,500.0,1,78,6427,6427,7158,7158,56,56,8,8,57,57,3355.000000,6710.000000,6855.000000,1,81.854712,0.182195,0.250921,0.263633,0.021070,0.022647,437,86,76,161,605,121,121,296,132170,242,242,86556,6.361740,0.019981,1.279722,8.102306
blackout_only,1342.0,600.0,900.0,4000.0,120.0,500.0,1,79,6426,6426,7158,7158,56,56,8,8,57,57,3355.000000,6710.000000,6855.000000,1,81.871128,0.183155,0.251079,0.263755,0.021072,0.022675,450,82,76,133,605,121,121,249,132150,242,242,86508,6.277854,0.020084,1.279839,7.708748
with_repeater,1342.0,600.0,900.0,4000.0,120.0,500.0,1,79,6426,6426,7158,7158,56,56,8,8,57,57,3355.000000,6710.000000,6855.000000,1,81.854585,0.181964,0.251140,0.263592,0.021089,0.022691,446,83,76,156,605,121,121,297,132150,242,242,86556,6.362650,0.020099,1.279547,8.118541
blackout_only,1342.0,600.0,900.0,4000.0,120.0,500.0,1,80,6426,6426,7158,7158,56,56,8,8,57,57,3355.000000,6710.000000,6855.000000,1,81.814451,0.182321,0.251054,0.263668,0.021071,0.022679,440,88,73,122,605,121,121,248,132150,242,242,86508,6.277087,0.020151,1.280319,7.709776
with_repeater,1342.0,600.0,900.0,4000.0,120.0,500.0,1,80,6426,6426,7158,7158,56,56,8,8,57,57,3355.000000,6710.000000,6855.000000,1,81.836072,0.182485,0.251014,0.263736,0.021080,0.022672,433,91,73,150,605,121,121,296,132150,242,242,86556,6.362039,0.020372,1.279739,8.120172
blackout_only,1342.0,600.0,900.0,4000.0,120.0,500.0,1,81,6427,6427,7158,7158,56,56,8,8,57,57,3355.000000,6710.000000,6855.000000,1,81.783616,0.181841,0.250824,0.263602,0.021080,0.022648,427,84,75,134,605,121,121,249,132170,242,242,86508,6.277343,0.020416,1.280206,7.723413
with_repeater,1342.0,600.0,900.0,4000.0,120.0,500.0,1,81,6427,6427,7158,7158,56,56,8,8,57,57,3355.000000,6710.000000,6855.000000,1,81.765188,0.182755,0.250892,0.263696,0.021080,0.022663,436,82,69,155,605,121,121,297,132170,242,242,86556,6.362947,0.020455,1.280157,8.133039
blackout_only,1342.0,600.0,900.0,4000.0,120.0,500.0,1,82,6426,6426,7158,7158,56,56,8,8,57,57,3355.000000,6710.000000,6855.000000,1,81.860034,0.183101,0.250989,0.263691,0.021060,0.022685,429,90,75,132,605,121,121,249,132166,242,242,86508,6.277311,0.020071,1.279750,7.738881
with_repeater,1342.0,600.0,900.0,4000.0,120.0,500.0,1,82,6426,6426,7158,7158,56,56,8,8,57,57,3355.000000,6710.000000,6855.000000,1,81.824322,0.183305,0.251014,0.263732,0.021072,0.022680,426,79,75,154,605,121,121,297,132150,242,242,86556,6.362382,0.019941,1.280097,8.118500
blackout_only,1342.0,600.0,900.0,4000.0,120.0,500.0,1,83,6426,6426,7158,7158,56,56,8,8,57,57,3355.000000,6710.000000,6855.000000,1,81.886382,0.182969,0.251155,0.263800,0.021072,0.022660,438,88,66,120,605,121,121,249,132150,242,242,86508,6.276977,0.019685,1.279501,7.739629
with_repeater,1342.0,600.0,900.0,4000.0,120.0,500.0,1,83,6426,6426,7158,7158,56,56,8,8,57,57,3355.000000,6710.000000,6855.000000,1,81.806593,0.182356,0.251099,0.263782,0.021070,0.022676,437,91,75,144,605,121,121,295,132150,242,242,86556,6.363156,0.019878,1.279676,8.102894
blackout_only,1342.0,600.0,900.0,4000.0,120.0,500.0,1,84,6427,6427,7158,7158,56,56,8,8,57,57,3355.000000,6710.000000,6855.000000,1,81.875511,0.181932,0.250970,0.263550,0.021064,0.022660,436,91,79,135,605,121,121,248,132170,242,242,86508,6.276346,0.019887,1.280063,7.708375
with_repeater,1342.0,600.0,900.0,4000.0,120.0,500.0,1,84,6426,6426,7158,7158,56,56,8,8,57,57,3355.000000,6710.000000,6855.000000,1,81.889475,0.183347,0.251152,0.263757,0.021081,0.022671,449,91,69,143,605,121,121,297,132150,242,242,86556,6.361816,0.020043,1.280356,8.149639
blackout_only,1342.0,600.0,900.0,4000.0,120.0,500.0,1,85,6427,6427,7158,7158,56,56,8,8,57,57,3355.000000,6710.000000,6855.000000,1,81.821967,0.182644,0.250947,0.263469,0.021055,0.022660,451,87,70,116,605,121,121,248,132170,242,242,86508,6.276155,0.019844,1.279854,7.723683
with_repeater,1342.0,600.0,900.0,4000.0,120.0,500.0,1,85,6427,6427,7158,7158,56,56,8,8,57,57,3355.000000,6710.000000,6855.000000,1,81.822556,0.182072,0.250957,0.263504,0.021066,0.022670,455,91,81,140,605,121,121,297,132170,242,242,86556,6.360960,0.019856,1.279888,8.134344
blackout_only,1342.0,600.0,900.0,4000.0,120.0,500.0,1,86,6426,6426,7158,7158,56,56,8,8,57,57,3355.000000,6710.000000,6855.000000,1,81.954610,0.182736,0.251083,0.263804,0.021072,0.022648,461,88,71,114,605,121,121,248,132150,242,242,86508,6.276811,0.020321,1.279805,7.709041
with_repeater,1342.0,600.0,900.0,4000.0,120.0,500.0,1,86,6426,6426,7158,7158,56,56,8,8,57,57,3355.000000,6710.000000,6855.000000,1,81.905735,0.183487,0.251106,0.263893,0.021067,0.022660,449,85,75,142,605,121,121,295,132150,242,242,86556,6.361991,0.020091,1.280142,8.119930
blackout_only,1342.0,600.0,900.0,4000.0,120.0,500.0,1,87,6427,6427,7158,7158,56,56,8,8,57,57,3355.000000,6710.000000,6855.000000,1,81.922013,0.183039,0.250962,0.263896,0.021065,0.022627,433,81,77,133,605,121,121,248,132170,242,242,86508,6.276521,0.020044,1.279060,7.723168
with_repeater,1342.0,600.0,900.0,4000.0,120.0,500.0,1,87,6426,6426,7158,7158,56,56,8,8,57,57,3355.000000,6710.000000,6855.000000,1,81.946808,0.183168,0.251019,0.263817,0.021058,0.022653,444,81,82,161,605,121,121,296,132150,242,242,86556,6.361913,0.020484,1.279571,8.117282
blackout_only,1342.0,600.0,900.0,4000.0,120.0,500.0,1,88,6427,6427,7158,7158,56,56,8,8,57,57,3355.000000,6710.000000,6855.000000,1,81.919058,0.183039,0.250878,0.263619,0.021083,0.022634,430,94,73,108,605,121,121,248,132170,242,242,86508,6.275877,0.020759,1.280109,7.709289
with_repeater,1342.0,600.0,900.0,4000.0,120.0,500.0,1,88,6427,6427,7158,7158,56,56,8,8,57,57,3355.000000,6710.000000,6855.000000,1,81.902402,0.182337,0.250819,0.263449,0.021067,0.022623,451,94,77,132,605,121,121,296,132170,242,242,86556,6.360227,0.020630,1.279804,8.133543
blackout_only,1342.0,600.0,900.0,4000.0,120.0,500.0,1,89,6427,6427,7158,7158,56,56,8,8,57,57,3355.000000,6710.000000,6855.000000,1,81.837271,0.183337,0.250906,0.263538,0.021059,0.022599,433,90,74,130,605,121,121,248,132170,242,242,86508,6.276127,0.020331,1.280027,7.708899
with_repeater,1342.0,600.0,900.0,4000.0,120.0,500.0,1,89,6427,6427,7158,7158,56,56,8,8,57,57,3355.000000,6710.000000,6855.000000,1,81.822865,0.182141,0.250958,0.263495,0.021067,0.022657,434,93,76,155,605,121,121,294,132170,242,242,86556,6.361792,0.020039,1.279808,8.089210
blackout_only,1342.0,600.0,1800.0,4000.0,120.0,500.0,1,40,6826,6826,7603,7603,56,56,15,15,57,57,3355.000000,6710.000000,6855.000000,1,23.136315,0.182753,0.250999,0.263640,0.021067,0.022651,479,89,87,112,640,128,128,240,140360,256,256,91848,5.915135,0.019800,1.280345,7.027256
with_repeater,1342.0,600.0,1800.0,4000.0,120.0,500.0,1,40,6826,6826,7603,7603,56,56,15,15,57,57,3355.000000,6710.000000,6855.000000,1,23.107342,0.181952,0.250979,0.263941,0.021070,0.022682,471,97,82,155,640,128,128,318,140360,256,256,91938,6.065798,0.019871,1.280131,7.565727
blackout_only,1342.0,600.0,1800.0,4000.0,120.0,500.0,1,41,6826,6826,7603,7603,56,56,15,15,57,57,3355.000000,6710.000000,6855.000000,1,23.116817,0.182420,0.251001,0.263810,0.021054,0.022614,452,87,70,112,640,128,128,240,140360,256,256,91848,5.915485,0.020041,1.279979,7.027594
with_repeater,1342.0,600.0,1800.0,4000.0,120.0,500.0,1,41,6826,6826,7603,7603,56,56,15,15,57,57,3355.000000,6710.000000,6855.000000,1,23.139136,0.182103,0.251033,0.263887,0.021025,0.022631,456,93,74,155,640,128,128,318,140360,256,256,91938,6.065987,0.020209,1.280164,7.565816
blackout_only,1342.0,600.0,1800.0,4000.0,120.0,500.0,1,42,6826,6826,7603,7603,56,56,15,15,57,57,3355.000000,6710.000000,6855.000000,1,23.247780,0.183584,0.251107,0.263603,0.021069,0.022642,453,94,77,126,640,128,128,240,140360,256,256,91848,5.914908,0.019952,1.279796,7.027024
with_repeater,1342.0,600.0,1800.0,4000.0,120.0,500.0,1,42,6826,6826,7603,7603,56,56,15,15,57,57,3355.000000,6710.000000,6855.000000,1,23.176973,0.182094,0.251003,0.263524,0.021058,0.022642,459,88,80,161,640,128,128,318,140360,256,256,91938,6.064461,0.019732,1.280263,7.566984
blackout_only,1342.0,600.0,1800.0,4000.0,120.0,500.0,1,43,6826,6826,7603,7603,56,56,15,15,57,57,3355.000000,6710.000000,6855.000000,1,23.187421,0.182610,0.251186,0.264071,0.021068,0.022688,481,93,74,106,640,128,128,240,140360,256,256,91848,5.915088,0.019793,1.280165,7.027151
with_repeater,1342.0,600.0,1800.0,4000.0,120.0,500.0,1,43,6826,6826,7603,7603,56,56,15,15,57,57,3355.000000,6710.000000,6855.000000,1,23.199630,0.182858,0.251188,0.264305,0.021062,0.022675,478,95,67,172,640,128,128,318,140360,256,256,91938,6.065119,0.019916,1.279903,7.566076
blackout_only,1342.0,600.0,1800.0,4000.0,120.0,500.0,1,44,6826,6826,7603,7603,56,56,15,15,57,57,3355.000000,6710.000000,6855.000000,1,23.037484,0.182341,0.250986,0.263620,0.021098,0.022659,491,97,79,110,640,128,128,240,140360,256,256,91848,5.915699,0.019936,1.279923,7.025884
with_repeater,1342.0,600.0,1800.0,4000.0,120.0,500.0,1,44,6826,6826,7603,7603,56,56,15,15,57,57,3355.000000,6710.000000,6855.000000,1,23.098189,0.182708,0.250994,0.263799,0.021096,0.022670,470,98,81,143,640,128,128,318,140360,256,256,91938,6.066710,0.019635,1.279596,7.566734
blackout_only,1342.0,600.0,1800.0,4000.0,120.0,500.0,1,45,6826,6826,7603,7603,56,56,15,15,57,57,3355.000000,6710.000000,6855.000000,1,23.273482,0.184344,0.250994,0.264018,0.021069,0.022619,482,79,71,112,640,128,128,240,140360,256,256,91848,5.915250,0.019711,1.279918,7.027346
with_repeater,1342.0,600.0,1800.0,4000.0,120.0,500.0,1,45,6826,6826,7603,7603,56,56,15,15,57,57,3355.000000,6710.000000,6855.000000,1,23.258277,0.183945,0.251001,0.264037,0.021063,0.022610,475,82,74,160,640,128,128,318,140360,256,256,91938,6.064789,0.020236,1.280002,7.565865
blackout_only,1342.0,600.0,1800.0,4000.0,120.0,500.0,1,46,6827,6827,7603,7603,56,56,15,15,57,57,3355.000000,6710.000000,6855.000000,1,23.260056,0.183916,0.250907,0.263545,0.021084,0.022637,461,92,79,109,640,128,128,240,140380,256,256,91848,5.915239,0.019945,1.279548,7.027318
with_repeater,1342.0,600.0,1800.0,4000.0,120.0,500.0,1,46,6826,6826,7603,7603,56,56,15,15,57,57,3355.000000,6710.000000,6855.000000,1,23.233766,0.183060,0.251057,0.263599,0.021055,0.022645,466,97,79,152,640,128,128,318,140360,256,256,91938,6.066079,0.019827,1.279728,7.566970
blackout_only,1342.0,600.0,1800.0,4000.0,120.0,500.0,1,47,6826,6826,7603,7603,56,56,15,15,57,57,3355.000000,6710.000000,6855.000000,1,23.200333,0.183180,0.250930,0.264177,0.021080,0.022670,469,94,67,112,640,128,128,240,140376,256,256,91848,5.913609,0.019867,1.280501,7.026644
with_repeater,1342.0,600.0,1800.0,4000.0,120.0,500.0,1,47,6827,6827,7603,7603,56,56,15,15,57,57,3355.000000,6710.000000,6855.000000,1,23.181380,0.183483,0.250897,0.263753,0.021067,0.022667,469,97,78,155,640,128,128,318,140380,256,256,91938,6.064504,0.019885,1.279938,7.565827
blackout_only,1342.0,600.0,1800.0,4000.0,120.0,500.0,1,48,6826,6826,7603,7603,56,56,15,15,57,57,3355.000000,6710.000000,6855.000000,1,23.089586,0.182405,0.251170,0.263792,0.021062,0.022654,472,92,85,120,640,128,128,240,140360,256,256,91848,5.914309,0.019947,1.280364,7.027192
with_repeater,1342.0,600.0,1800.0,4000.0,120.0,500.0,1,48,6826,6826,7603,7603,56,56,15,15,57,57,3355.000000,6710.000000,6855.000000,1,23.079607,0.182304,0.251037,0.263661,0.021075,0.022671,477,92,82,162,640,128,128,318,140360,256,256,91938,6.064467,0.019997,1.280667,7.567449
blackout_only,1342.0,600.0,1800.0,4000.0,120.0,500.0,1,49,6826,6826,7603,7603,56,56,15,15,57,57,3355.000000,6710.000000,6855.000000,1,23.275089,0.185025,0.250962,0.263443,0.021074,0.022634,491,87,79,114,640,128,128,240,140360,256,256,91848,5.915409,0.019933,1.280525,7.026354
with_repeater,1342.0,600.0,1800.0,4000.0,120.0,500.0,1,49,6826,6826,7603,7603,56,56,15,15,57,57,3355.000000,6710.000000,6855.000000,1,23.207641,0.182519,0.250975,0.263483,0.021059,0.022651,482,84,85,144,640,128,128,318,140360,256,256,91938,6.064841,0.019744,1.279933,7.567673
blackout_only,1342.0,600.0,1800.0,4000.0,120.0,500.0,1,50,6826,6826,7603,7603,56,56,15,15,57,57,3355.000000,6710.000000,6855.000000,1,23.226367,0.183604,0.251057,0.263728,0.021070,0.022677,469,93,89,125,640,128,128,240,140360,256,256,91848,5.915781,0.020087,1.280179,7.027818
with_repeater,1342.0,600.0,1800.0,4000.0,120.0,500.0,1,50,6826,6826,7603,7603,56,56,15,15,57,57,3355.000000,6710.000000,6855.000000,1,23.335521,0.184365,0.251076,0.263769,0.021086,0.022698,459,95,84,168,640,128,128,318,140360,256,256,91938,6.065301,0.019843,1.280516,7.569357
blackout_only,1342.0,600.0,1800.0,4000.0,120.0,500.0,1,51,6826,6826,7603,7603,56,56,15,15,57,57,3355.000000,6710.000000,6855.000000,1,23.152245,0.182748,0.251043,0.263710,0.021068,0.022699,466,99,84,114,640,128,128,240,140360,256,256,91848,5.915660,0.019826,1.280452,7.026889
with_repeater,1342.0,600.0,1800.0,4000.0,120.0,500.0,1,51,6827,6827,7603,7603,56,56,15,15,57,57,3355.000000,6710.000000,6855.000000,1,23.088792,0.183283,0.250825,0.263554,0.021066,0.022659,459,94,87,156,640,128,128,318,140380,256,256,91938,6.064546,0.020090,1.280688,7.564362
blackout_only,1342.0,600.0,1800.0,4000.0,120.0,500.0,1,52,6827,6827,7603,7603,56,56,15,15,57,57,3355.000000,6710.000000,6855.000000,1,23.236992,0.183820,0.250810,0.263521,0.021068,0.022656,500,99,78,120,640,128,128,240,140380,256,256,91848,5.914043,0.019896,1.280249,7.027301
with_repeater,1342.0,600.0,1800.0,4000.0,120.0,500.0,1,52,6827,6827,7603,7603,56,56,15,15,57,57,3355.000000,6710.000000,6855.000000,1,23.259747,0.183763,0.250886,0.263518,0.021075,0.022670,486,97,92,178,640,128,128,318,140380,256,256,91938,6.064153,0.019777,1.279914,7.567892
blackout_only,1342.0,600.0,1800.0,4000.0,120.0,500.0,1,53,6826,6826,7603,7603,56,56,15,15,57,57,3355.000000,6710.000000,6855.000000,1,23.144171,0.182726,0.251076,0.263527,0.021081,0.022649,461,92,74,112,640,128,128,240,140360,256,256,91848,5.915211,0.019835,1.280087,7.027186
with_repeater,1342.0,600.0,1800.0,4000.0,120.0,500.0,1,53,6826,6826,7603,7603,56,56,15,15,57,57,3355.000000,6710.000000,6855.000000,1,23.234498,0.183005,0.250918,0.263693,0.021065,0.022662,453,93,83,150,640,128,128,318,140379,256,256,91938,6.064211,0.020062,1.279475,7.565832
blackout_only,1342.0,600.0,1800.0,4000.0,120.0,500.0,1,54,6826,6826,7603,7603,56,56,15,15,57,57,3355.000000,6710.000000,6855.000000,1,23.219446,0.182893,0.251069,0.263966,0.021060,0.022624,475,100,80,114,640,128,128,240,140360,256,256,91848,5.915233,0.019930,1.280202,7.026743
with_repeater,1342.0,600.0,1800.0,4000.0,120.0,500.0,1,54,6827,6827,7603,7603,56,56,15,15,57,57,3355.000000,6710.000000,6855.000000,1,23.186973,0.183322,0.250833,0.263540,0.021072,0.022650,480,98,85,150,640,128,128,318,140380,256,256,91938,6.064323,0.020114,1.280342,7.567225
blackout_only,1342.0,600.0,1800.0,4000.0,120.0,500.0,1,55,6826,6826,7603,7603,56,56,15,15,57,57,3355.000000,6710.000000,6855.000000,1,23.129689,0.183274,0.250922,0.263521,0.021082,0.022677,468,100,64,127,640,128,128,240,140378,256,256,91848,5.914054,0.019880,1.279939,7.026141
with_repeater,1342.0,600.0,1800.0,4000.0,120.0,500.0,1,55,6826,6826,7603,7603,56,56,15,15,57,57,3355.000000,6710.000000,6855.000000,1,23.176457,0.183395,0.251120,0.263768,0.021087,0.022665,456,98,76,157,640,128,128,318,140360,256,256,91938,6.065565,0.019888,1.279946,7.566388
blackout_only,1342.0,600.0,1800.0,4000.0,120.0,500.0,1,56,6826,6826,7603,7603,56,56,15,15,57,57,3355.000000,6710.000000,6855.000000,1,23.227579,0.183097,0.251072,0.263803,0.021080,0.022670,468,97,80,114,640,128,128,240,140360,256,256,91848,5.914782,0.020028,1.279674,7.027415
with_repeater,1342.0,600.0,1800.0,4000.0,120.0,500.0,1,56,6826,6826,7603,7603,56,56,15,15,57,57,3355.000000,6710.000000,6855.000000,1,23.270513,0.183877,0.250960,0.263981,0.021085,0.022656,483,98,67,150,640,128,128,318,140360,256,256,91938,6.065660,0.019992,1.279412,7.567583
blackout_only,1342.0,600.0,1800.0,4000.0,120.0,500.0,1,57,6827,6827,7603,7603,56,56,15,15,57,57,3355.000000,6710.000000,6855.000000,1,23.185014,0.183497,0.250914,0.263782,0.021077,0.022672,458,84,76,103,640,128,128,240,140380,256,256,91848,5.913950,0.019893,1.280097,7.028338
with_repeater,1342.0,600.0,1800.0,4000.0,120.0,500.0,1,57,6826,6826,7603,7603,56,56,15,15,57,57,3355.000000,6710.000000,6855.000000,1,23.236778,0.183525,0.251074,0.263912,0.021062,0.022660,466,89,77,150,640,128,128,318,140360,256,256,91938,6.065156,0.019975,1.280126,7.566633
blackout_only,1342.0,600.0,1800.0,4000.0,120.0,500.0,1,58,6826,6826,7603,7603,56,56,15,15,57,57,3355.000000,6710.000000,6855.000000,1,23.199153,0.183288,0.251106,0.263935,0.021060,0.022643,465,91,82,128,640,128,128,240,140360,256,256,91848,5.916090,0.019828,1.279868,7.025829
with_repeater,1342.0,600.0,1800.0,4000.0,120.0,500.0,1,58,6826,6826,7603,7603,56,56,15,15,57,57,3355.000000,6710.000000,6855.000000,1,23.174776,0.182635,0.251128,0.263917,0.021071,0.022658,449,92,88,171,640,128,128,318,140360,256,256,91938,6.065579,0.019881,1.279504,7.564954
blackout_only,1342.0,600.0,1800.0,4000.0,120.0,500.0,1,59,6826,6826,7603,7603,56,56,15,15,57,57,3355.000000,6710.000000,6855.000000,1,23.204642,0.182988,0.251035,0.263904,0.021056,0.022635,439,87,81,124,640,128,128,240,140360,256,256,91848,5.914740,0.019718,1.280323,7.027172
with_repeater,1342.0,600.0,1800.0,4000.0,120.0,500.0,1,59,6826,6826,7603,7603,56,56,15,15,57,57,3355.000000,6710.000000,6855.000000,1,23.254787,0.183368,0.250978,0.263722,0.021069,0.022674,461,86,77,159,640,128,128,318,140360,256,256,91938,6.064702,0.019874,1.280207,7.567053
blackout_only,1342.0,600.0,1800.0,4000.0,120.0,500.0,1,60,6827,6827,7603,7603,56,56,15,15,57,57,3355.000000,6710.000000,6855.000000,1,23.312445,0.184527,0.250885,0.263559,0.021076,0.022635,473,85,82,105,640,128,128,240,140380,256,256,91848,5.914510,0.020380,1.279680,7.028490
with_repeater,1342.0,600.0,1800.0,4000.0,120.0,500.0,1,60,6826,6826,7603,7603,56,56,15,15,57,57,3355.000000,6710.000000,6855.000000,1,23.300954,0.183461,0.251033,0.263957,0.021071,0.022639,467,89,71,142,640,128,128,318,140360,256,256,91938,6.066016,0.020114,1.279611,7.567403
blackout_only,1342.0,600.0,1800.0,4000.0,120.0,500.0,1,61,6826,6826,7603,7603,56,56,15,15,57,57,3355.000000,6710.000000,6855.000000,1,23.228031,0.184223,0.251011,0.263805,0.021058,0.022618,463,86,72,120,640,128,128,240,140360,256,256,91848,5.914165,0.019659,1.279763,7.028603
with_repeater,1342.0,600.0,1800.0,4000.0,120.0,500.0,1,61,6826,6826,7603,7603,56,56,15,15,57,57,3355.000000,6710.000000,6855.000000,1,23.292273,0.183788,0.250983,0.263911,0.021066,0.022669,461,92,76,169,640,128,128,318,140360,256,256,91938,6.065625,0.020282,1.279859,7.566873
blackout_only,1342.0,600.0,1800.0,4000.0,120.0,500.0,1,62,6826,6826,7603,7603,56,56,15,15,57,57,3355.000000,6710.000000,6855.000000,1,23.204610,0.183862,0.251024,0.263715,0.021077,0.022656,461,95,73,123,640,128,128,240,140360,256,256,91848,5.915209,0.019880,1.279649,7.026618
with_repeater,1342.0,600.0,1800.0,4000.0,120.0,500.0,1,62,6826,6826,7603,7603,56,56,15,15,57,57,3355.000000,6710.000000,6855.000000,1,23.195603,0.183540,0.251008,0.263933,0.021072,0.022661,459,103,76,171,640,128,128,318,140360,256,256,91938,6.065021,0.020208,1.279865,7.566033
blackout_only,1342.0,600.0,1800.0,4000.0,120.0,500.0,1,63,6826,6826,7603,7603,56,56,15,15,57,57,3355.000000,6710.000000,6855.000000,1,23.163946,0.182793,0.251055,0.263961,0.021070,0.022657,469,94,75,118,640,128,128,240,140360,256,256,91848,5.914277,0.019889,1.279225,7.026832
with_repeater,1342.0,600.0,1800.0,4000.0,120.0,500.0,1,63,6826,6826,7603,7603,56,56,15,15,57,57,3355.000000,6710.000000,6855.000000,1,23.048784,0.182478,0.250980,0.263797,0.021052,0.022634,455,92,84,160,640,128,128,318,140360,256,256,91938,6.063779,0.019955,1.279599,7.566750
blackout_only,1342.0,600.0,1800.0,4000.0,120.0,500.0,1,64,6826,6826,7603,7603,56,56,15,15,57,57,3355.000000,6710.000000,6855.000000,1,23.239483,0.184100,0.251045,0.263587,0.021073,0.022662,479,88,75,119,640,128,128,240,140360,256,256,91848,5.914047,0.020219,1.280096,7.026138
with_repeater,1342.0,600.0,1800.0,4000.0,120.0,500.0,1,64,6826,6826,7603,7603,56,56,15,15,57,57,3355.000000,6710.000000,6855.000000,1,23.244989,0.184156,0.250988,0.263661,0.021082,0.022642,466,94,72,152,640,128,128,318,140360,256,256,91938,6.064916,0.020205,1.279871,7.565709
blackout_only,1342.0,600.0,1800.0,4000.0,120.0,500.0,1,65,6826,6826,7603,7603,56,56,15,15,57,57,3355.000000,6710.000000,6855.000000,1,23.216861,0.183047,0.250948,0.263746,0.021062,0.022632,465,88,81,101,640,128,128,240,140366,256,256,91848,5.914527,0.020002,1.280017,7.026176
with_repeater,1342.0,600.0,1800.0,4000.0,120.0,500.0,1,65,6826,6826,7603,7603,56,56,15,15,57,57,3355.000000,6710.000000,6855.000000,1,23.205902,0.183043,0.250938,0.263773,0.021066,0.022646,466,93,83,146,640,128,128,318,140370,256,256,91938,6.066193,0.020138,1.279945,7.565863
blackout_only,1342.0,600.0,1800.0,4000.0,120.0,500.0,1,66,6826,6826,7603,7603,56,56,15,15,57,57,3355.000000,6710.000000,6855.000000,1,23.107511,0.183085,0.251023,0.263784,0.021076,0.022668,462,78,79,114,640,128,128,240,140360,256,256,91848,5.915773,0.019988,1.280229,7.027126
with_repeater,1342.0,600.0,1800.0,4000.0,120.0,500.0,1,66,6826,6826,7603,7603,56,56,15,15,57,57,3355.000000,6710.000000,6855.000000,1,23.177660,0.183823,0.251001,0.264106,0.021064,0.022661,467,80,75,148,640,128,128,318,140360,256,256,91938,6.065492,0.019872,1.280456,7.566568
blackout_only,1342.0,600.0,1800.0,4000.0,120.0,500.0,1,67,6826,6826,7603,7603,56,56,15,15,57,57,3355.000000,6710.000000,6855.000000,1,23.131918,0.183371,0.250935,0.263532,0.021074,0.022657,487,90,75,124,640,128,128,240,140370,256,256,91848,5.915037,0.019853,1.279660,7.027821
with_repeater,1342.0,600.0,1800.0,4000.0,120.0,500.0,1,67,6826,6826,7603,7603,56,56,15,15,57,57,3355.000000,6710.000000,6855.000000,1,23.168721,0.182466,0.250959,0.263638,0.021081,0.022688,477,91,76,161,640,128,128,318,140360,256,256,91938,6.065988,0.019853,1.279888,7.567005
blackout_only,1342.0,600.0,1800.0,4000.0,120.0,500.0,1,68,6826,6826,7603,7603,56,56,15,15,57,57,3355.000000,6710.000000,6855.000000,1,23.165143,0.182797,0.250961,0.263608,0.021068,0.022619,480,93,90,131,640,128,128,240,140360,256,256,91848,5.915589,0.020094,1.279738,7.026786
with_repeater,1342.0,600.0,1800.0,4000.0,120.0,500.0,1,68,6827,6827,7603,7603,56,56,15,15,57,57,3355.000000,6710.000000,6855.000000,1,23.119204,0.182519,0.250812,0.263375,0.021090,0.022668,480,96,81,176,640,128,128,318,140380,256,256,91938,6.064741,0.020208,1.279551,7.565480
blackout_only,1342.0,600.0,1800.0,4000.0,120.0,500.0,1,69,6827,6827,7603,7603,56,56,15,15,57,57,3355.000000,6710.000000,6855.000000,1,23.072843,0.182041,0.250841,0.263481,0.021069,0.022664,453,91,76,125,640,128,128,240,140380,256,256,91848,5.914861,0.019765,1.279763,7.027841
with_repeater,1342.0,600.0,1800.0,4000.0,120.0,500.0,1,69,6827,6827,7603,7603,56,56,15,15,57,57,3355.000000,6710.000000,6855.000000,1,23.177126,0.183488,0.250910,0.263657,0.021057,0.022617,467,83,83,167,640,128,128,318,140380,256,256,91938,6.064012,0.019932,1.280089,7.564094
blackout_only,1342.0,600.0,1800.0,4000.0,120.0,500.0,1,70,6826,6826,7603,7603,56,56,15,15,57,57,3355.000000,6710.000000,6855.000000,1,23.305378,0.183395,0.250977,0.263593,0.021056,0.022648,469,94,84,120,640,128,128,240,140360,256,256,91848,5.914933,0.019869,1.280333,7.027047
with_repeater,1342.0,600.0,1800.0,4000.0,120.0,500.0,1,70,6826,6826,7603,7603,56,56,15,15,57,57,3355.000000,6710.000000,6855.000000,1,23.264535,0.183652,0.251032,0.263738,0.021068,0.022672,466,98,76,158,640,128,128,318,140360,256,256,91938,6.065821,0.019806,1.280029,7.567195
blackout_only,1342.0,600.0,1800.0,4000.0,120.0,500.0,1,71,6826,6826,7603,7603,56,56,15,15,57,57,3355.000000,6710.000000,6855.000000,1,23.166572,0.183101,0.251031,0.263625,0.021062,0.022652,470,95,82,129,640,128,128,240,140360,256,256,91848,5.915096,0.019897,1.280187,7.026503
with_repeater,1342.0,600.0,1800.0,4000.0,120.0,500.0,1,71,6827,6827,7603,7603,56,56,15,15,57,57,3355.000000,6710.000000,6855.000000,1,23.147064,0.183333,0.250904,0.263585,0.021056,0.022627,478,92,81,161,640,128,128,318,140380,256,256,91938,6.065467,0.019756,1.279893,7.565329
blackout_only,1342.0,600.0,1800.0,4000.0,120.0,500.0,1,72,6826,6826,7603,7603,56,56,15,15,57,57,3355.000000,6710.000000,6855.000000,1,23.156084,0.183492,0.251116,0.264039,0.021066,0.022676,472,92,81,129,640,128,128,240,140360,256,256,91848,5.914420,0.020005,1.279901,7.027143
with_repeater,1342.0,600.0,1800.0,4000.0,120.0,500.0,1,72,6826,6826,7603,7603,56,56,15,15,57,57,3355.000000,6710.000000,6855.000000,1,23.215199,0.183183,0.251040,0.263653,0.021076,0.022673,479,89,79,164,640,128,128,318,140360,256,256,91938,6.065943,0.020089,1.279802,7.565898
blackout_only,1342.0,600.0,1800.0,4000.0,120.0,500.0,1,73,6827,6827,7603,7603,56,56,15,15,57,57,3355.000000,6710.000000,6855.000000,1,23.287542,0.184194,0.250871,0.263647,0.021075,0.022662,470,90,77,113,640,128,128,240,140380,256,256,91848,5.913851,0.019624,1.279580,7.027033
with_repeater,1342.0,600.0,1800.0,4000.0,120.0,500.0,1,73,6826,6826,7603,7603,56,56,15,15,57,57,3355.000000,6710.000000,6855.000000,1,23.302625,0.183779,0.251013,0.263689,0.021059,0.022654,466,92,78,156,640,128,128,318,140360,256,256,91938,6.065133,0.019775,1.279608,7.567374
blackout_only,1342.0,600.0,1800.0,4000.0,120.0,500.0,1,74,6827,6827,7603,7603,56,56,15,15,57,57,3355.000000,6710.000000,6855.000000,1,23.101154,0.182373,0.250888,0.263614,0.021070,0.022622,460,97,66,135,640,128,128,240,140380,256,256,91848,5.914819,0.019978,1.280281,7.028077
with_repeater,1342.0,600.0,1800.0,4000.0,120.0,500.0,1,74,6826,6826,7603,7603,56,56,15,15,57,57,3355.000000,6710.000000,6855.000000,1,23.193355,0.182708,0.250944,0.263848,0.021060,0.022610,477,94,73,160,640,128,128,318,140368,256,256,91938,6.064969,0.020283,1.279798,7.566196
blackout_only,1342.0,600.0,1800.0,4000.0,120.0,500.0,1,75,6826,6826,7603,7603,56,56,15,15,57,57,3355.000000,6710.000000,6855.000000,1,23.159446,0.182140,0.250930,0.263777,0.021047,0.022669,488,89,85,129,640,128,128,240,140376,256,256,91848,5.914942,0.019841,1.279558,7.027021
with_repeater,1342.0,600.0,1800.0,4000.0,120.0,500.0,1,75,6826,6826,7603,7603,56,56,15,15,57,57,3355.000000,6710.000000,6855.000000,1,23.158641,0.182871,0.250931,0.263596,0.021051,0.022646,468,83,82,170,640,128,128,318,140370,256,256,91938,6.065531,0.020075,1.280024,7.567374
blackout_only,1342.0,600.0,1800.0,4000.0,120.0,500.0,1,76,6826,6826,7603,7603,56,56,15,15,57,57,3355.000000,6710.000000,6855.000000,1,23.143397,0.182948,0.251088,0.263751,0.021079,0.022637,475,95,67,124,640,128,128,240,140360,256,256,91848,5.914493,0.019941,1.279455,7.027310
with_repeater,1342.0,600.0,1800.0,4000.0,120.0,500.0,1,76,6826,6826,7603,7603,56,56,15,15,57,57,3355.000000,6710.000000,6855.000000,1,23.183232,0.182339,0.251030,0.263620,0.021068,0.022667,466,96,76,169,640,128,128,318,140360,256,256,91938,6.064763,0.019743,1.280119,7.565605
blackout_only,1342.0,600.0,1800.0,4000.0,120.0,500.0,1,77,6826,6826,7603,7603,56,56,15,15,57,57,3355.000000,6710.000000,6855.000000,1,23.276963,0.184620,0.251086,0.263908,0.021062,0.022676,462,92,74,119,640,128,128,240,140360,256,256,91848,5.916466,0.020001,1.279345,7.027623
with_repeater,1342.0,600.0,1800.0,4000.0,120.0,500.0,1,77,6826,6826,7603,7603,56,56,15,15,57,57,3355.000000,6710.000000,6855.000000,1,23.270662,0.184561,0.251109,0.263656,0.021074,0.022671,474,91,76,166,640,128,128,318,140360,256,256,91938,6.065490,0.020096,1.279697,7.567936
blackout_only,1342.0,600.0,1800.0,4000.0,120.0,500.0,1,78,6826,6826,7603,7603,56,56,15,15,57,57,3355.000000,6710.000000,6855.000000,1,23.061053,0.182946,0.250937,0.263705,0.021063,0.022634,468,88,73,132,640,128,128,240,140370,256,256,91848,5.914824,0.020119,1.279825,7.026181
with_repeater,1342.0,600.0,1800.0,4000.0,120.0,500.0,1,78,6826,6826,7603,7603,56,56,15,15,57,57,3355.000000,6710.000000,6855.000000,1,23.156757,0.182650,0.250929,0.263553,0.021063,0.022650,467,94,80,165,640,128,128,318,140376,256,256,91938,6.064596,0.019996,1.279946,7.566570
blackout_only,1342.0,600.0,1800.0,4000.0,120.0,500.0,1,79,6826,6826,7603,7603,56,56,15,15,57,57,3355.000000,6710.000000,6855.000000,1,23.171573,0.182693,0.251228,0.263948,0.021091,0.022691,472,92,78,129,640,128,128,240,140360,256,256,91848,5.914482,0.020078,1.279877,7.026993
with_repeater,1342.0,600.0,1800.0,4000.0,120.0,500.0,1,79,6826,6826,7603,7603,56,56,15,15,57,57,3355.000000,6710.000000,6855.000000,1,23.118093,0.182284,0.251128,0.263749,0.021082,0.022685,465,90,74,172,640,128,128,318,140360,256,256,91938,6.065641,0.020156,1.279850,7.566635
blackout_only,1342.0,600.0,1800.0,4000.0,120.0,500.0,1,80,6826,6826,7603,7603,56,56,15,15,57,57,3355.000000,6710.000000,6855.000000,1,23.139412,0.181452,0.251040,0.263759,0.021080,0.022662,460,99,82,123,640,128,128,240,140360,256,256,91848,5.914699,0.020140,1.280161,7.028527
with_repeater,1342.0,600.0,1800.0,4000.0,120.0,500.0,1,80,6826,6826,7603,7603,56,56,15,15,57,57,3355.000000,6710.000000,6855.000000,1,23.086763,0.182846,0.251045,0.263761,0.021068,0.022656,474,99,82,155,640,128,128,318,140360,256,256,91938,6.064407,0.020194,1.279844,7.567940
blackout_only,1342.0,600.0,1800.0,4000.0,120.0,500.0,1,81,6827,6827,7603,7603,56,56,15,15,57,57,3355.000000,6710.000000,6855.000000,1,23.075124,0.182496,0.250888,0.263849,0.021076,0.022681,455,91,78,126,640,128,128,240,140380,256,256,91848,5.915164,0.020140,1.280297,7.026814
with_repeater,1342.0,600.0,1800.0,4000.0,120.0,500.0,1,81,6826,6826,7603,7603,56,56,15,15,57,57,3355.000000,6710.000000,6855.000000,1,23.012993,0.182071,0.250959,0.263537,0.021084,0.022669,459,97,76,161,640,128,128,318,140360,256,256,91938,6.066568,0.020375,1.279995,7.565377
blackout_only,1342.0,600.0,1800.0,4000.0,120.0,500.0,1,82,6826,6826,7603,7603,56,56,15,15,57,57,3355.000000,6710.000000,6855.000000,1,23.120306,0.182289,0.250964,0.263723,0.021078,0.022700,444,93,75,123,640,128,128,240,140360,256,256,91848,5.915606,0.020073,1.279416,7.026343
with_repeater,1342.0,600.0,1800.0,4000.0,120.0,500.0,1,82,6826,6826,7603,7603,56,56,15,15,57,57,3355.000000,6710.000000,6855.000000,1,23.124307,0.183516,0.250992,0.263718,0.021078,0.022667,460,89,80,164,640,128,128,318,140360,256,256,91938,6.065298,0.020017,1.280264,7.566470
blackout_only,1342.0,600.0,1800.0,4000.0,120.0,500.0,1,83,6826,6826,7603,7603,56,56,15,15,57,57,3355.000000,6710.000000,6855.000000,1,23.177440,0.182704,0.251049,0.263667,0.021077,0.022648,445,91,79,114,640,128,128,240,140360,256,256,91848,5.914831,0.019726,1.279730,7.027352
with_repeater,1342.0,600.0,1800.0,4000.0,120.0,500.0,1,83,6826,6826,7603,7603,56,56,15,15,57,57,3355.000000,6710.000000,6855.000000,1,23.092512,0.182544,0.251107,0.263679,0.021069,0.022679,455,96,82,159,640,128,128,318,140360,256,256,91938,6.065337,0.019987,1.279473,7.565838
blackout_only,1342.0,600.0,1800.0,4000.0,120.0,500.0,1,84,6826,6826,7603,7603,56,56,15,15,57,57,3355.000000,6710.000000,6855.000000,1,23.164088,0.182613,0.251008,0.263685,0.021078,0.022647,474,91,84,132,640,128,128,240,140360,256,256,91848,5.915638,0.020242,1.280321,7.027793
with_repeater,1342.0,600.0,1800.0,4000.0,120.0,500.0,1,84,6826,6826,7603,7603,56,56,15,15,57,57,3355.000000,6710.000000,6855.000000,1,23.155037,0.183579,0.251179,0.263761,0.021074,0.022652,470,93,73,162,640,128,128,318,140360,256,256,91938,6.065173,0.020244,1.280074,7.565533
blackout_only,1342.0,600.0,1800.0,4000.0,120.0,500.0,1,85,6827,6827,7603,7603,56,56,15,15,57,57,3355.000000,6710.000000,6855.000000,1,23.076888,0.182059,0.250895,0.263620,0.021057,0.022630,472,100,78,112,640,128,128,240,140380,256,256,91848,5.914192,0.020202,1.279636,7.027059
with_repeater,1342.0,600.0,1800.0,4000.0,120.0,500.0,1,85,6826,6826,7603,7603,56,56,15,15,57,57,3355.000000,6710.000000,6855.000000,1,23.101594,0.182033,0.250943,0.263456,0.021068,0.022672,478,92,82,154,640,128,128,318,140368,256,256,91938,6.064574,0.019714,1.279832,7.566686
blackout_only,1342.0,600.0,1800.0,4000.0,120.0,500.0,1,86,6826,6826,7603,7603,56,56,15,15,57,57,3355.000000,6710.000000,6855.000000,1,23.193230,0.182612,0.251006,0.263778,0.021070,0.022631,494,93,92,117,640,128,128,240,140360,256,256,91848,5.914950,0.020366,1.279507,7.027022
with_repeater,1342.0,600.0,1800.0,4000.0,120.0,500.0,1,86,6826,6826,7603,7603,56,56,15,15,57,57,3355.000000,6710.000000,6855.000000,1,23.212340,0.183536,0.251106,0.263832,0.021073,0.022672,467,93,80,148,640,128,128,318,140360,256,256,91938,6.065269,0.020006,1.280088,7.567802
blackout_only,1342.0,600.0,1800.0,4000.0,120.0,500.0,1,87,6827,6827,7603,7603,56,56,15,15,57,57,3355.000000,6710.000000,6855.000000,1,23.195554,0.182874,0.250875,0.263839,0.021080,0.022668,469,82,82,133,640,128,128,240,140380,256,256,91848,5.914603,0.020020,1.279394,7.026645
with_repeater,1342.0,600.0,1800.0,4000.0,120.0,500.0,1,87,6826,6826,7603,7603,56,56,15,15,57,57,3355.000000,6710.000000,6855.000000,1,23.187789,0.182659,0.250992,0.263916,0.021049,0.022653,472,86,87,170,640,128,128,318,140360,256,256,91938,6.064293,0.020230,1.279544,7.565008
blackout_only,1342.0,600.0,1800.0,4000.0,120.0,500.0,1,88,6827,6827,7603,7603,56,56,15,15,57,57,3355.000000,6710.000000,6855.000000,1,23.237033,0.183226,0.250777,0.263432,0.021077,0.022647,456,97,87,110,640,128,128,240,140380,256,256,91848,5.913477,0.020339,1.279599,7.027877
with_repeater,1342.0,600.0,1800.0,4000.0,120.0,500.0,1,88,6827,6827,7603,7603,56,56,15,15,57,57,3355.000000,6710.000000,6855.000000,1,23.188614,0.183052,0.250828,0.263563,0.021061,0.022638,465,103,82,145,640,128,128,318,140380,256,256,91938,6.063402,0.020555,1.280570,7.567040
blackout_only,1342.0,600.0,1800.0,4000.0,120.0,500.0,1,89,6827,6827,7603,7603,56,56,15,15,57,57,3355.000000,6710.000000,6855.000000,1,23.090524,0.182378,0.250900,0.263570,0.021064,0.022632,456,98,79,126,640,128,128,240,140380,256,256,91848,5.914041,0.020162,1.279618,7.027591
with_repeater,1342.0,600.0,1800.0,4000.0,120.0,500.0,1,89,6826,6826,7603,7603,56,56,15,15,57,57,3355.000000,6710.000000,6855.000000,1,23.106047,0.182431,0.250966,0.263609,0.021063,0.022637,465,94,82,164,640,128,128,318,140360,256,256,91938,6.066079,0.020030,1.280087,7.567834
